id,name,state,city,roof_area_sqft,latitude,longitude,company_id,building_type,land_use_type,footprint_wkt,data_source
ms-ak-000000,Microsoft footprint AK #1,AK,,215223.53,61.2676138,-149.7030006,,commercial_industrial_unknown,unknown,"MULTIPOLYGON (((-149.70323 61.266255, -149.701913 61.266342, -149.701956 61.266491, -149.701987 61.266489, -149.702142 61.267031, -149.702208 61.267027, -149.702247 61.267163, -149.70222 61.267165, -149.702336 61.26757, -149.702407 61.267565, -149.702447 61.267706, -149.70242 61.267708, -149.702535 61.268111, -149.702598 61.268107, -149.702636 61.268241, -149.702614 61.268243, -149.70273 61.268651, -149.702803 61.268646, -149.702842 61.268783, -149.702808 61.268786, -149.702882 61.269045, -149.704006 61.268971, -149.70323 61.266255)))",microsoft_us_building_footprints
ms-ak-000001,Microsoft footprint AK #2,AK,,133237.04,58.3590232,-134.4788621,,commercial_industrial_unknown,unknown,"MULTIPOLYGON (((-134.478223 58.359763, -134.47938 58.359761, -134.47938 58.359654, -134.47946 58.359654, -134.479459 58.359498, -134.479732 58.359497, -134.479731 58.359299, -134.479467 58.3593, -134.479459 58.35826, -134.478471 58.358262, -134.478471 58.358302, -134.478275 58.358302, -134.478276 58.35834, -134.478213 58.35834, -134.478223 58.359763)))",microsoft_us_building_footprints
ms-ak-000002,Microsoft footprint AK #3,AK,,175720.74,61.1820211,-149.8783515,,commercial_industrial_unknown,unknown,"MULTIPOLYGON (((-149.876633 61.182451, -149.877008 61.182451, -149.877008 61.182464, -149.879823 61.182471, -149.879833 61.181574, -149.879553 61.181574, -149.879553 61.181543, -149.879426 61.181543, -149.879426 61.1815, -149.879259 61.181499, -149.879258 61.181548, -149.878999 61.181548, -149.879 61.1815, -149.878705 61.181499, -149.878704 61.181542, -149.877881 61.18154, -149.877881 61.181576, -149.877023 61.181574, -149.877018 61.182079, -149.876637 61.182078, -149.876633 61.182451)))",microsoft_us_building_footprints
ms-ak-000003,Microsoft footprint AK #4,AK,,169728.59,61.1963795,-149.7599302,,commercial_industrial_unknown,unknown,"MULTIPOLYGON (((-149.757921 61.196286, -149.757925 61.196967, -149.758895 61.196966, -149.758894 61.196779, -149.759969 61.196777, -149.760195 61.196891, -149.760213 61.196891, -149.76061 61.196707, -149.760558 61.196681, -149.761456 61.196267, -149.761455 61.196213, -149.761839 61.196212, -149.762189 61.196051, -149.762188 61.195868, -149.761961 61.195754, -149.761865 61.195798, -149.761781 61.195756, -149.761574 61.195756, -149.761347 61.195861, -149.761244 61.19581, -149.760774 61.19581, -149.76076 61.195803, -149.760681 61.195803, -149.760452 61.195909, -149.760306 61.195909, -149.760302 61.195911, -149.760302 61.195975, -149.759795 61.196209, -149.759795 61.196227, -149.759209 61.196227, -149.75921 61.196271, -149.75795 61.196273, -149.757921 61.196286)))",microsoft_us_building_footprints
ms-ak-000004,Microsoft footprint AK #5,AK,,160890.21,71.2532884,-156.1587462,,commercial_industrial_unknown,unknown,"MULTIPOLYGON (((-156.156643 71.253543, -156.15708 71.253728, -156.157276 71.253932, -156.158037 71.253985, -156.158116 71.254067, -156.158515 71.254154, -156.158701 71.254136, -156.158802 71.253986, -156.158954 71.253948, -156.158871 71.253931, -156.158896 71.253893, -156.15887 71.253875, -156.158789 71.25379, -156.159398 71.253641, -156.159489 71.253735, -156.159627 71.253745, -156.159692 71.253649, -156.160751 71.253544, -156.160055 71.253251, -156.160423 71.253161, -156.160514 71.253026, -156.160075 71.252841, -156.160415 71.252758, -156.160289 71.252626, -156.159002 71.252537, -156.158675 71.252399, -156.158216 71.252444, -156.158443 71.252682, -156.15868 71.252733, -156.157995 71.252901, -156.156643 71.253543)))",microsoft_us_building_footprints
ms-ak-000005,Microsoft footprint AK #6,AK,,277795.08,61.3694001,-149.5354604,,commercial_industrial_unknown,unknown,"MULTIPOLYGON (((-149.533348 61.36958, -149.534386 61.369869, -149.534265 61.369969, -149.534471 61.370026, -149.534545 61.369966, -149.534906 61.370066, -149.534926 61.370222, -149.535445 61.370367, -149.535575 61.37026, -149.535721 61.3703, -149.535815 61.370223, -149.536424 61.370393, -149.537224 61.369734, -149.536829 61.369624, -149.53692 61.369549, -149.535928 61.369273, -149.536757 61.368589, -149.536529 61.368526, -149.536494 61.368249, -149.536237 61.368178, -149.535761 61.368192, -149.534915 61.368889, -149.534922 61.368941, -149.534872 61.368928, -149.534877 61.368966, -149.53459 61.368886, -149.534475 61.368981, -149.534276 61.368926, -149.534213 61.368977, -149.53428 61.368996, -149.534066 61.369172, -149.533899 61.369125, -149.533348 61.36958)))",microsoft_us_building_footprints
ms-ak-000006,Microsoft footprint AK #7,AK,,133109.01,61.2171324,-149.8194150,,commercial_industrial_unknown,unknown,"MULTIPOLYGON (((-149.82055 61.21659, -149.820053 61.216704, -149.819433 61.21657, -149.819361 61.216647, -149.819208 61.216614, -149.81903 61.216654, -149.818896 61.216798, -149.818898 61.21689, -149.818785 61.216916, -149.81864 61.216884, -149.818636 61.21674, -149.8185 61.216741, -149.818353 61.216898, -149.818116 61.216953, -149.818165 61.21738, -149.817937 61.217381, -149.817939 61.217468, -149.818098 61.217432, -149.818318 61.21748, -149.818322 61.217635, -149.81974 61.217627, -149.819734 61.21738, -149.819865 61.217379, -149.81986 61.217159, -149.8202 61.217157, -149.820209 61.21748, -149.820463 61.217479, -149.820461 61.217401, -149.821017 61.217397, -149.82101 61.217139, -149.820564 61.217142, -149.82055 61.21659)))",microsoft_us_building_footprints
ms-ak-000007,Microsoft footprint AK #8,AK,,104139.79,61.3090574,-149.5347371,,commercial_industrial_unknown,unknown,"MULTIPOLYGON (((-149.536312 61.308657, -149.533213 61.308648, -149.533211 61.308771, -149.533554 61.308772, -149.53364 61.308784, -149.533622 61.308815, -149.533718 61.308815, -149.533745 61.308772, -149.533804 61.308772, -149.533795 61.309492, -149.533938 61.309492, -149.533939 61.309457, -149.534101 61.309398, -149.534099 61.309541, -149.534981 61.309544, -149.534981 61.30955, -149.535973 61.309553, -149.535975 61.30945, -149.5358 61.30945, -149.5358 61.309449, -149.535336 61.309154, -149.534917 61.309095, -149.534915 61.309292, -149.534442 61.309226, -149.534444 61.309035, -149.53445 61.309026, -149.535403 61.309029, -149.536311 61.3087, -149.536312 61.308657)))",microsoft_us_building_footprints
ms-ak-000008,Microsoft footprint AK #9,AK,,106051.16,61.1911405,-149.9002333,,commercial_industrial_unknown,unknown,"MULTIPOLYGON (((-149.901586 61.191444, -149.901585 61.190836, -149.898878 61.190837, -149.898878 61.190918, -149.898881 61.190918, -149.898882 61.191445, -149.901586 61.191444)))",microsoft_us_building_footprints
ms-ak-000009,Microsoft footprint AK #10,AK,,164252.79,61.2331685,-149.8422835,,commercial_industrial_unknown,unknown,"MULTIPOLYGON (((-149.840001 61.232892, -149.840004 61.233451, -149.844566 61.233445, -149.844563 61.232886, -149.840001 61.232892)))",microsoft_us_building_footprints
ms-ak-000010,Microsoft footprint AK #11,AK,,376160.45,61.1430851,-149.8683480,,commercial_industrial_unknown,unknown,"MULTIPOLYGON (((-149.867371 61.143162, -149.867366 61.142866, -149.867639 61.142866, -149.867402 61.14265, -149.867701 61.142649, -149.867699 61.142534, -149.868033 61.142449, -149.868028 61.142131, -149.866172 61.142138, -149.866181 61.142705, -149.866846 61.142703, -149.866848 61.142833, -149.867138 61.142899, -149.867 61.142934, -149.867001 61.143026, -149.866642 61.143027, -149.86664 61.14292, -149.866342 61.142921, -149.866344 61.143028, -149.865108 61.143032, -149.865115 61.143528, -149.868032 61.143518, -149.867785 61.143771, -149.869311 61.143766, -149.86945 61.143775, -149.871019 61.143769, -149.87101 61.14316, -149.870593 61.143266, -149.871277 61.142565, -149.869357 61.142572, -149.869358 61.142654, -149.867371 61.143162)))",microsoft_us_building_footprints
ms-ak-000011,Microsoft footprint AK #12,AK,,309257.97,61.1851862,-149.8650258,,commercial_industrial_unknown,unknown,"MULTIPOLYGON (((-149.866284 61.184499, -149.865648 61.184121, -149.864888 61.184248, -149.864885 61.184298, -149.865277 61.184304, -149.865128 61.184362, -149.864503 61.184353, -149.864523 61.184037, -149.863077 61.184017, -149.863046 61.184523, -149.864023 61.184537, -149.863964 61.185514, -149.8636 61.185509, -149.863596 61.18557, -149.863702 61.185718, -149.86427 61.185726, -149.864251 61.186028, -149.86449 61.186032, -149.864514 61.185627, -149.864245 61.185624, -149.864247 61.185578, -149.865017 61.185449, -149.865031 61.185207, -149.86528 61.185354, -149.865264 61.18562, -149.865747 61.185627, -149.864973 61.186377, -149.864788 61.186374, -149.865166 61.1869, -149.865646 61.186906, -149.866169 61.186399, -149.866284 61.184499)))",microsoft_us_building_footprints
ms-ak-000012,Microsoft footprint AK #13,AK,,134909.79,58.3622727,-134.5767906,,commercial_industrial_unknown,unknown,"MULTIPOLYGON (((-134.578682 58.362524, -134.578682 58.362028, -134.578537 58.362028, -134.578537 58.361999, -134.578419 58.361999, -134.578419 58.361975, -134.578255 58.361975, -134.578255 58.362028, -134.576833 58.362028, -134.576833 58.361995, -134.575913 58.361995, -134.575913 58.361957, -134.575575 58.361957, -134.575575 58.36207, -134.575539 58.36207, -134.575539 58.362104, -134.574824 58.362104, -134.574824 58.362506, -134.574929 58.362506, -134.574929 58.362526, -134.575717 58.362526, -134.575717 58.362524, -134.578682 58.362524)))",microsoft_us_building_footprints
ms-ak-000013,Microsoft footprint AK #14,AK,,137274.52,61.2981319,-149.5725647,,commercial_industrial_unknown,unknown,"MULTIPOLYGON (((-149.573186 61.298027, -149.573751 61.297651, -149.573251 61.297477, -149.572918 61.297572, -149.572261 61.297344, -149.571907 61.297579, -149.571779 61.297535, -149.571724 61.29755, -149.571733 61.297641, -149.57156 61.297755, -149.571516 61.29775, -149.571522 61.297813, -149.571467 61.297794, -149.571419 61.297826, -149.571476 61.297872, -149.571554 61.29785, -149.571477 61.298005, -149.57159 61.298097, -149.571838 61.298091, -149.571843 61.298141, -149.572008 61.298275, -149.572113 61.298273, -149.572187 61.299035, -149.57245 61.299126, -149.572454 61.299174, -149.57292 61.299041, -149.572887 61.298695, -149.573112 61.29869, -149.573352 61.298205, -149.573243 61.298167, -149.57323 61.298032, -149.573186 61.298027)))",microsoft_us_building_footprints
ms-ak-000014,Microsoft footprint AK #15,AK,,349095.67,61.2268778,-149.7467771,,commercial_industrial_unknown,unknown,"MULTIPOLYGON (((-149.745709 61.226792, -149.746702 61.227704, -149.745907 61.227686, -149.745881 61.22795, -149.746433 61.227963, -149.746694 61.227841, -149.746827 61.227963, -149.746617 61.227958, -149.746111 61.228195, -149.745975 61.228192, -149.745922 61.228733, -149.747171 61.228762, -149.747234 61.228125, -149.747459 61.228131, -149.747568 61.227029, -149.747441 61.227061, -149.747449 61.226982, -149.747255 61.226978, -149.74726 61.226927, -149.747655 61.226936, -149.747674 61.226738, -149.748101 61.226748, -149.748137 61.226383, -149.747798 61.226215, -149.748108 61.22607, -149.748136 61.225792, -149.746842 61.225763, -149.746875 61.22542, -149.747115 61.225359, -149.74693 61.225268, -149.745861 61.225244, -149.745709 61.226792)))",microsoft_us_building_footprints
ms-ak-000015,Microsoft footprint AK #16,AK,,205707.02,61.1609521,-149.9043566,,commercial_industrial_unknown,unknown,"MULTIPOLYGON (((-149.902438 61.161055, -149.903304 61.161312, -149.903308 61.16133, -149.903361 61.161345, -149.903343 61.16136, -149.90427 61.16131, -149.904523 61.161478, -149.904581 61.16173, -149.904617 61.161755, -149.904565 61.161772, -149.904659 61.1618, -149.904669 61.161846, -149.905171 61.161819, -149.905242 61.161794, -149.905168 61.161744, -149.905141 61.161628, -149.905305 61.161499, -149.905472 61.161548, -149.905718 61.161463, -149.905665 61.161234, -149.905808 61.161227, -149.905866 61.161206, -149.905856 61.161161, -149.905993 61.161153, -149.906036 61.161119, -149.905891 61.161022, -149.90612 61.160843, -149.903523 61.160074, -149.903326 61.160229, -149.903567 61.1603, -149.903136 61.16064, -149.903013 61.160603, -149.902438 61.161055)))",microsoft_us_building_footprints
ms-ak-000016,Microsoft footprint AK #17,AK,,107942.86,61.1302908,-149.8303366,,commercial_industrial_unknown,unknown,"MULTIPOLYGON (((-149.830119 61.129742, -149.829555 61.129834, -149.829556 61.129819, -149.82836 61.129794, -149.828354 61.12987, -149.828232 61.129868, -149.828226 61.129937, -149.828326 61.129939, -149.828316 61.130051, -149.829856 61.130082, -149.829529 61.1302, -149.829759 61.13035, -149.829901 61.130327, -149.830065 61.130434, -149.829858 61.130508, -149.830031 61.130511, -149.830738 61.130971, -149.831179 61.130813, -149.830997 61.130694, -149.831138 61.130644, -149.831549 61.130652, -149.831543 61.130727, -149.831733 61.130731, -149.831738 61.130673, -149.831996 61.130678, -149.832025 61.13035, -149.83182 61.130346, -149.831827 61.130272, -149.831329 61.130261, -149.830893 61.130332, -149.830223 61.129895, -149.830308 61.129865, -149.830119 61.129742)))",microsoft_us_building_footprints
ms-ak-000017,Microsoft footprint AK #18,AK,,138021.59,61.3412354,-149.5555548,,commercial_industrial_unknown,unknown,"MULTIPOLYGON (((-149.55475 61.342124, -149.55647 61.342133, -149.556478 61.34183, -149.556545 61.341807, -149.556549 61.341642, -149.556453 61.341615, -149.556457 61.341422, -149.556519 61.341423, -149.556521 61.341324, -149.55635 61.341209, -149.556173 61.34127, -149.556163 61.341668, -149.555863 61.341908, -149.5553 61.341905, -149.555092 61.341767, -149.555098 61.341529, -149.555634 61.341101, -149.555877 61.341017, -149.555878 61.340975, -149.556341 61.341108, -149.55641 61.341155, -149.556459 61.341115, -149.556478 61.341116, -149.556493 61.340481, -149.554776 61.340472, -149.554765 61.340971, -149.554606 61.34097, -149.554603 61.341139, -149.554466 61.341138, -149.554462 61.341307, -149.554769 61.341308, -149.55475 61.342124)))",microsoft_us_building_footprints
ms-ak-000018,Microsoft footprint AK #19,AK,,113288.81,61.1289553,-149.9315705,,commercial_industrial_unknown,unknown,"MULTIPOLYGON (((-149.931141 61.128283, -149.931148 61.128727, -149.930682 61.128729, -149.930689 61.129203, -149.930915 61.129202, -149.930916 61.129275, -149.930744 61.129276, -149.930745 61.129318, -149.930839 61.129318, -149.930843 61.129571, -149.931406 61.129569, -149.931405 61.129486, -149.931539 61.129485, -149.931539 61.12953, -149.931636 61.129529, -149.931635 61.129488, -149.931684 61.129488, -149.931685 61.12957, -149.932255 61.129568, -149.932251 61.12931, -149.932032 61.129311, -149.932031 61.129202, -149.932413 61.129201, -149.932406 61.128739, -149.932019 61.12874, -149.932018 61.128628, -149.93224 61.128627, -149.932235 61.12828, -149.931141 61.128283)))",microsoft_us_building_footprints
ms-ak-000019,Microsoft footprint AK #20,AK,,169224.78,61.1430331,-149.9350892,,commercial_industrial_unknown,unknown,"MULTIPOLYGON (((-149.935409 61.143246, -149.935784 61.14322, -149.935964 61.143357, -149.936429 61.143325, -149.936518 61.143157, -149.93602 61.142777, -149.936233 61.142669, -149.936496 61.142464, -149.936445 61.142292, -149.936096 61.142249, -149.935306 61.142489, -149.934738 61.142529, -149.934444 61.142758, -149.93356 61.14282, -149.933423 61.143077, -149.934449 61.143205, -149.934545 61.14313, -149.934565 61.143196, -149.933878 61.14328, -149.933894 61.143332, -149.933627 61.143351, -149.933657 61.143453, -149.933946 61.143432, -149.933999 61.143607, -149.934563 61.143677, -149.934599 61.143794, -149.93533 61.143743, -149.935289 61.143608, -149.935512 61.143592, -149.935409 61.143246)))",microsoft_us_building_footprints
ms-ak-000020,Microsoft footprint AK #21,AK,,130686.62,64.8574817,-147.6823151,,commercial_industrial_unknown,unknown,"MULTIPOLYGON (((-147.680681 64.85777, -147.682101 64.858184, -147.682232 64.858103, -147.682533 64.858191, -147.682814 64.858017, -147.682573 64.857947, -147.682671 64.857859, -147.682668 64.857858, -147.682761 64.857801, -147.682787 64.857823, -147.68286 64.857778, -147.682846 64.857765, -147.684045 64.85703, -147.683666 64.856919, -147.683489 64.857029, -147.683405 64.857005, -147.683064 64.856988, -147.682753 64.856897, -147.682763 64.856857, -147.682513 64.856784, -147.682379 64.856778, -147.681392 64.857379, -147.68127 64.857405, -147.680681 64.85777)))",microsoft_us_building_footprints
ms-ak-000021,Microsoft footprint AK #22,AK,,300466.96,61.2346142,-149.7665195,,commercial_industrial_unknown,unknown,"MULTIPOLYGON (((-149.767242 61.233143, -149.765968 61.23314, -149.76596 61.23384, -149.765763 61.23384, -149.765643 61.233948, -149.765637 61.233948, -149.76562 61.23559, -149.765191 61.235589, -149.765188 61.235867, -149.767407 61.235872, -149.767424 61.234269, -149.767241 61.234269, -149.767242 61.234175, -149.767282 61.234185, -149.767802 61.234187, -149.767804 61.234009, -149.767359 61.234008, -149.767359 61.233983, -149.76728 61.233963, -149.767242 61.233963, -149.767242 61.233938, -149.767295 61.233938, -149.767296 61.233861, -149.767234 61.233845, -149.767242 61.233143)))",microsoft_us_building_footprints
ms-ak-000022,Microsoft footprint AK #23,AK,,199226.87,61.1389888,-149.7814926,,commercial_industrial_unknown,unknown,"MULTIPOLYGON (((-149.779493 61.139238, -149.781137 61.139119, -149.781768 61.139216, -149.781723 61.139285, -149.780531 61.139371, -149.780634 61.139702, -149.781123 61.139777, -149.782061 61.139709, -149.781892 61.139168, -149.781972 61.139123, -149.782883 61.139264, -149.782979 61.139211, -149.783272 61.139256, -149.783678 61.138642, -149.783313 61.138488, -149.782794 61.138774, -149.782653 61.138752, -149.782608 61.138608, -149.781765 61.138478, -149.781633 61.138677, -149.781973 61.13873, -149.781959 61.138751, -149.780999 61.138603, -149.780908 61.138517, -149.781468 61.138477, -149.781621 61.138246, -149.781137 61.138171, -149.780894 61.138231, -149.781115 61.138441, -149.780872 61.1385, -149.78085 61.13848, -149.77937 61.138843, -149.779493 61.139238)))",microsoft_us_building_footprints
ms-ak-000023,Microsoft footprint AK #24,AK,,130505.84,61.2184337,-149.8139700,,commercial_industrial_unknown,unknown,"MULTIPOLYGON (((-149.813456 61.218892, -149.814824 61.218888, -149.815118 61.218839, -149.815117 61.218718, -149.815402 61.218718, -149.815395 61.218117, -149.815174 61.218118, -149.815175 61.218182, -149.815006 61.218282, -149.814538 61.218283, -149.814598 61.218247, -149.814585 61.218242, -149.814435 61.218267, -149.814243 61.218192, -149.814242 61.218067, -149.814875 61.218066, -149.814874 61.218013, -149.813807 61.218015, -149.813806 61.217982, -149.813843 61.217981, -149.813824 61.217956, -149.813714 61.217956, -149.813713 61.217908, -149.813296 61.217909, -149.813297 61.218014, -149.813093 61.218014, -149.813094 61.218059, -149.812508 61.218061, -149.812511 61.218346, -149.812631 61.218513, -149.812711 61.218512, -149.813368 61.218771, -149.813456 61.218892)))",microsoft_us_building_footprints
ms-ak-000024,Microsoft footprint AK #25,AK,,114290.13,61.1259483,-149.8740649,,commercial_industrial_unknown,unknown,"MULTIPOLYGON (((-149.872437 61.125674, -149.872437 61.126028, -149.872493 61.126028, -149.872493 61.1261, -149.87252 61.1261, -149.87252 61.126226, -149.875672 61.126225, -149.875672 61.125862, -149.875657 61.125862, -149.875657 61.125673, -149.872437 61.125674)))",microsoft_us_building_footprints
ms-ak-000025,Microsoft footprint AK #26,AK,,205172.78,61.2341358,-149.8417351,,commercial_industrial_unknown,unknown,"MULTIPOLYGON (((-149.838868 61.233859, -149.838871 61.234413, -149.843423 61.234408, -149.843423 61.234606, -149.843544 61.234606, -149.843543 61.234411, -149.844569 61.23441, -149.844566 61.233852, -149.842527 61.233854, -149.842527 61.233855, -149.838868 61.233859)))",microsoft_us_building_footprints
ms-ak-000026,Microsoft footprint AK #27,AK,,101891.99,61.2003835,-149.9177495,,commercial_industrial_unknown,unknown,"MULTIPOLYGON (((-149.917147 61.200272, -149.916618 61.200242, -149.916511 61.200292, -149.916595 61.200414, -149.916514 61.200452, -149.916596 61.200493, -149.916497 61.200487, -149.916462 61.200632, -149.916548 61.200756, -149.916667 61.200816, -149.917539 61.200675, -149.917751 61.200781, -149.917896 61.200789, -149.918482 61.200516, -149.918785 61.200667, -149.919108 61.200615, -149.919161 61.200691, -149.919413 61.200705, -149.91945 61.200554, -149.91908 61.20037, -149.91878 61.200419, -149.918671 61.200262, -149.918407 61.20013, -149.918147 61.200172, -149.91819 61.199997, -149.917831 61.199818, -149.917515 61.1998, -149.917222 61.199936, -149.917196 61.200043, -149.917291 61.20009, -149.917133 61.200115, -149.917219 61.200239, -149.917147 61.200272)))",microsoft_us_building_footprints
ms-ak-000027,Microsoft footprint AK #28,AK,,111208.82,64.8545811,-147.6903652,,commercial_industrial_unknown,unknown,"MULTIPOLYGON (((-147.692308 64.854311, -147.691617 64.854303, -147.691576 64.85425, -147.691165 64.854245, -147.691117 64.854293, -147.690672 64.854287, -147.69062 64.854219, -147.690348 64.854257, -147.688426 64.854235, -147.688364 64.854858, -147.688738 64.854926, -147.688836 64.855054, -147.689196 64.855058, -147.689224 64.854624, -147.689552 64.854628, -147.689658 64.854523, -147.690163 64.854529, -147.690247 64.854571, -147.690277 64.854542, -147.690324 64.854603, -147.69099 64.85451, -147.691836 64.854665, -147.691856 64.854691, -147.691384 64.854859, -147.691373 64.855034, -147.690992 64.85503, -147.690905 64.855061, -147.690906 64.855045, -147.69082 64.855044, -147.690817 64.855093, -147.692256 64.85511, -147.692308 64.854311)))",microsoft_us_building_footprints
ms-ak-000028,Microsoft footprint AK #29,AK,,171094.08,61.1943295,-149.8641576,,commercial_industrial_unknown,unknown,"MULTIPOLYGON (((-149.865544 61.193698, -149.864025 61.193706, -149.864027 61.193789, -149.863236 61.193793, -149.863245 61.194203, -149.863021 61.194204, -149.863024 61.194317, -149.862872 61.194317, -149.862875 61.194429, -149.862994 61.194429, -149.863008 61.195056, -149.864486 61.195048, -149.864229 61.194967, -149.864229 61.194931, -149.864149 61.194906, -149.864228 61.194881, -149.864227 61.194839, -149.864254 61.194831, -149.864312 61.194874, -149.864313 61.194916, -149.86436 61.19495, -149.864414 61.19495, -149.864503 61.194885, -149.864507 61.195053, -149.864662 61.195052, -149.86465 61.194523, -149.864646 61.194522, -149.864643 61.194407, -149.86556 61.194402, -149.865544 61.193698)))",microsoft_us_building_footprints
ms-ak-000029,Microsoft footprint AK #30,AK,,157691.08,61.1861308,-149.8725598,,commercial_industrial_unknown,unknown,"MULTIPOLYGON (((-149.874235 61.185763, -149.870315 61.185767, -149.870316 61.186123, -149.87075 61.186122, -149.870753 61.186663, -149.871115 61.186663, -149.871112 61.186115, -149.872529 61.186113, -149.872532 61.186618, -149.873213 61.186617, -149.873213 61.186656, -149.874069 61.186655, -149.874068 61.18651, -149.874239 61.18651, -149.874235 61.185763)))",microsoft_us_building_footprints
ms-ak-000030,Microsoft footprint AK #31,AK,,172752.02,61.2668429,-149.7090092,,commercial_industrial_unknown,unknown,"MULTIPOLYGON (((-149.709303 61.26574, -149.708027 61.265826, -149.708386 61.267049, -149.708519 61.26711, -149.708541 61.267109, -149.708582 61.267127, -149.708595 61.267173, -149.708741 61.26724, -149.708749 61.267267, -149.708714 61.267285, -149.708723 61.267317, -149.708803 61.267353, -149.708832 61.267452, -149.708696 61.267521, -149.70871 61.267569, -149.708649 61.2676, -149.70877 61.268012, -149.709945 61.267932, -149.709303 61.26574)))",microsoft_us_building_footprints
ms-ak-000031,Microsoft footprint AK #32,AK,,127908.27,61.1939467,-149.7757633,,commercial_industrial_unknown,unknown,"MULTIPOLYGON (((-149.777748 61.193607, -149.777448 61.193607, -149.777447 61.193723, -149.775463 61.193719, -149.775464 61.193688, -149.774676 61.193687, -149.774677 61.193613, -149.774566 61.193613, -149.774565 61.193687, -149.773915 61.193686, -149.773914 61.193773, -149.773758 61.193773, -149.773755 61.194157, -149.773974 61.194158, -149.773973 61.194197, -149.777585 61.194204, -149.777585 61.19416, -149.777743 61.19416, -149.777748 61.193607)))",microsoft_us_building_footprints
ms-ak-000032,Microsoft footprint AK #33,AK,,160774.81,61.1001757,-149.8086196,,commercial_industrial_unknown,unknown,"MULTIPOLYGON (((-149.80628 61.100286, -149.808474 61.100569, -149.808466 61.100537, -149.809573 61.100467, -149.809615 61.100542, -149.810737 61.100471, -149.810639 61.100108, -149.810737 61.100102, -149.81073 61.100076, -149.810304 61.100103, -149.810133 61.100013, -149.810317 61.099931, -149.809967 61.099747, -149.809575 61.099921, -149.809559 61.09986, -149.809466 61.099901, -149.809338 61.099834, -149.809112 61.099848, -149.808932 61.099753, -149.808388 61.099994, -149.807924 61.099749, -149.807484 61.099944, -149.80741 61.099905, -149.807213 61.099917, -149.806969 61.099788, -149.806806 61.099798, -149.806473 61.099946, -149.806807 61.100122, -149.806741 61.100127, -149.806708 61.100185, -149.80636 61.10014, -149.80628 61.100286)))",microsoft_us_building_footprints
ms-ak-000033,Microsoft footprint AK #34,AK,,343931.21,61.1417251,-149.8590120,,commercial_industrial_unknown,unknown,"MULTIPOLYGON (((-149.85991 61.140295, -149.857936 61.140291, -149.857932 61.14076, -149.857847 61.140759, -149.857846 61.14092, -149.857939 61.14092, -149.857934 61.141543, -149.858647 61.141544, -149.858647 61.141585, -149.858612 61.141585, -149.858611 61.141676, -149.858766 61.141677, -149.858765 61.141847, -149.858722 61.141847, -149.858722 61.141867, -149.858164 61.141866, -149.858156 61.142672, -149.858074 61.142672, -149.858073 61.142778, -149.858161 61.142778, -149.858157 61.143143, -149.858667 61.143145, -149.858666 61.14328, -149.85991 61.143283, -149.859923 61.141875, -149.859953 61.141875, -149.859954 61.141788, -149.85998 61.141788, -149.859984 61.141401, -149.8599 61.141401, -149.85991 61.140295)))",microsoft_us_building_footprints
ms-ak-000034,Microsoft footprint AK #35,AK,,164249.05,61.2167840,-149.8886917,,commercial_industrial_unknown,unknown,"MULTIPOLYGON (((-149.890704 61.216722, -149.888935 61.216696, -149.888938 61.216638, -149.888652 61.216634, -149.889203 61.216448, -149.889225 61.216097, -149.887545 61.216072, -149.88752 61.216464, -149.888088 61.216472, -149.888083 61.216545, -149.888136 61.216581, -149.887971 61.216637, -149.887532 61.21663, -149.887502 61.217102, -149.887678 61.217104, -149.887669 61.217245, -149.887653 61.217245, -149.887755 61.217315, -149.88775 61.217392, -149.889128 61.217412, -149.889129 61.217394, -149.889102 61.217376, -149.889554 61.217382, -149.889582 61.216947, -149.889604 61.216962, -149.890251 61.216972, -149.890299 61.217005, -149.890686 61.21701, -149.890704 61.216722)))",microsoft_us_building_footprints
ms-ak-000035,Microsoft footprint AK #36,AK,,232643.55,61.1733875,-149.9812813,,commercial_industrial_unknown,unknown,"MULTIPOLYGON (((-149.982879 61.173138, -149.982591 61.173027, -149.982393 61.173042, -149.982318 61.172983, -149.981356 61.173056, -149.980664 61.172789, -149.980668 61.172782, -149.97921 61.172603, -149.979219 61.172631, -149.978783 61.172664, -149.978201 61.17244, -149.978153 61.17253, -149.978318 61.173036, -149.978887 61.172992, -149.978815 61.172965, -149.978886 61.172944, -149.978906 61.173005, -149.980592 61.173211, -149.980904 61.173459, -149.980711 61.173474, -149.980735 61.173547, -149.980883 61.173604, -149.981232 61.173899, -149.981587 61.174036, -149.982314 61.174125, -149.982399 61.174388, -149.982808 61.174312, -149.983146 61.174581, -149.983344 61.174566, -149.982879 61.173138)))",microsoft_us_building_footprints
ms-ak-000036,Microsoft footprint AK #37,AK,,865001.39,71.2677131,-156.2646501,,commercial_industrial_unknown,unknown,"MULTIPOLYGON (((-156.270999 71.268159, -156.269822 71.268134, -156.269236 71.26868, -156.267737 71.268514, -156.270195 71.267926, -156.267271 71.267864, -156.267437 71.26705, -156.260539 71.266286, -156.259409 71.266556, -156.25499 71.266066, -156.254832 71.266837, -156.256899 71.266881, -156.2575 71.26714, -156.25812 71.267153, -156.258588 71.267041, -156.259052 71.267241, -156.259858 71.267048, -156.259778 71.267439, -156.261056 71.267466, -156.261512 71.267041, -156.262152 71.267112, -156.261057 71.268131, -156.261427 71.268291, -156.262413 71.267372, -156.267256 71.26946, -156.267936 71.269298, -156.267094 71.268934, -156.272079 71.269486, -156.27354 71.269137, -156.273597 71.269084, -156.27312 71.269074, -156.270999 71.268159)))",microsoft_us_building_footprints
ms-ak-000037,Microsoft footprint AK #38,AK,,142493.2,61.1870725,-149.8321605,,commercial_industrial_unknown,unknown,"MULTIPOLYGON (((-149.832554 61.187016, -149.834329 61.187477, -149.833605 61.186752, -149.832889 61.186918, -149.831947 61.18682, -149.833035 61.186567, -149.832879 61.186411, -149.831545 61.18672, -149.831432 61.186607, -149.831331 61.18663, -149.831009 61.186534, -149.830368 61.186682, -149.830498 61.186812, -149.830981 61.1867, -149.830761 61.186897, -149.831161 61.187001, -149.830983 61.187042, -149.830448 61.186903, -149.830856 61.187312, -149.831258 61.186953, -149.831479 61.187174, -149.830889 61.187311, -149.831085 61.187507, -149.831797 61.187342, -149.831578 61.187538, -149.832546 61.18779, -149.832831 61.187724, -149.832584 61.187476, -149.832746 61.187331, -149.832324 61.187221, -149.832554 61.187016)))",microsoft_us_building_footprints
ms-ak-000038,Microsoft footprint AK #39,AK,,146284.02,64.8529842,-147.7067750,,commercial_industrial_unknown,unknown,"MULTIPOLYGON (((-147.70528 64.853209, -147.707435 64.853692, -147.70781 64.853389, -147.707794 64.85337, -147.707535 64.853312, -147.707449 64.853211, -147.70725 64.853166, -147.707157 64.853057, -147.707436 64.853014, -147.707726 64.853079, -147.707673 64.853122, -147.708101 64.853217, -147.708183 64.853151, -147.708429 64.853149, -147.708617 64.852998, -147.708663 64.852998, -147.708757 64.853108, -147.70887 64.853017, -147.708727 64.853017, -147.708885 64.852963, -147.708588 64.852897, -147.708587 64.852868, -147.706822 64.852473, -147.706821 64.852444, -147.706661 64.852408, -147.706686 64.8524, -147.705873 64.852405, -147.705588 64.852636, -147.705406 64.852637, -147.705283 64.852736, -147.705408 64.852802, -147.705269 64.852914, -147.70528 64.853209)))",microsoft_us_building_footprints
ms-ak-000039,Microsoft footprint AK #40,AK,,124970.31,64.8502961,-147.8155631,,commercial_industrial_unknown,unknown,"MULTIPOLYGON (((-147.817204 64.850036, -147.816687 64.850036, -147.816687 64.850002, -147.816098 64.850002, -147.816098 64.849986, -147.815906 64.849986, -147.815905 64.849752, -147.815697 64.849752, -147.815697 64.849735, -147.814656 64.849735, -147.814656 64.84987, -147.814469 64.84987, -147.814472 64.850993, -147.815127 64.850993, -147.815127 64.850928, -147.815263 64.850928, -147.815263 64.850868, -147.815442 64.850868, -147.815442 64.850877, -147.815457 64.850877, -147.815457 64.850632, -147.815367 64.850632, -147.815366 64.850496, -147.815994 64.850496, -147.815994 64.850535, -147.816093 64.850535, -147.816093 64.850577, -147.816598 64.850577, -147.816598 64.850523, -147.817205 64.850523, -147.817204 64.850036)))",microsoft_us_building_footprints
ms-ak-000040,Microsoft footprint AK #41,AK,,168707.69,61.2111794,-149.8037491,,commercial_industrial_unknown,unknown,"MULTIPOLYGON (((-149.802425 61.211676, -149.805191 61.211672, -149.80519 61.211492, -149.805013 61.211492, -149.805008 61.210654, -149.803411 61.210656, -149.803411 61.210707, -149.80242 61.210709, -149.802425 61.211676)))",microsoft_us_building_footprints
ms-ak-000041,Microsoft footprint AK #42,AK,,125398.98,61.1438415,-149.8435851,,commercial_industrial_unknown,unknown,"MULTIPOLYGON (((-149.842857 61.144461, -149.844325 61.144451, -149.844322 61.14434, -149.84442 61.144339, -149.844404 61.143778, -149.844502 61.143777, -149.844501 61.143734, -149.844556 61.143734, -149.844552 61.143585, -149.8445 61.143575, -149.844499 61.143543, -149.8444 61.143543, -149.844392 61.143251, -149.844017 61.143253, -149.844006 61.143267, -149.844008 61.143339, -149.843657 61.143341, -149.843602 61.143406, -149.843603 61.143414, -149.843471 61.143415, -149.843466 61.143243, -149.84252 61.143249, -149.842528 61.143528, -149.842656 61.143527, -149.842748 61.143545, -149.842749 61.143575, -149.842832 61.143575, -149.842857 61.144461)))",microsoft_us_building_footprints
ms-ak-000042,Microsoft footprint AK #43,AK,,151270.2,71.3391941,-156.2102988,,commercial_industrial_unknown,unknown,"MULTIPOLYGON (((-156.207979 71.339506, -156.212536 71.339491, -156.212332 71.339556, -156.212337 71.33973, -156.213146 71.339727, -156.21345 71.339631, -156.213446 71.3395, -156.214171 71.339498, -156.213815 71.339244, -156.211644 71.33925, -156.211148 71.33919, -156.210877 71.338996, -156.210876 71.338964, -156.211142 71.338964, -156.211139 71.338874, -156.21081 71.338767, -156.210799 71.338535, -156.210678 71.33852, -156.210334 71.338569, -156.210182 71.338696, -156.210259 71.338751, -156.210502 71.338781, -156.21052 71.338793, -156.210543 71.338802, -156.210326 71.338871, -156.210235 71.338842, -156.209454 71.338844, -156.208562 71.338555, -156.208356 71.338555, -156.207568 71.339213, -156.207979 71.339506)))",microsoft_us_building_footprints
ms-ak-000043,Microsoft footprint AK #44,AK,,103744.13,71.2658923,-156.2447654,,commercial_industrial_unknown,unknown,"MULTIPOLYGON (((-156.245622 71.266116, -156.24584 71.265918, -156.246145 71.265997, -156.246171 71.266138, -156.24589 71.266251, -156.245921 71.266416, -156.246136 71.266412, -156.246295 71.266478, -156.246617 71.266472, -156.246693 71.266441, -156.246624 71.266075, -156.246895 71.265966, -156.246368 71.26583, -156.246324 71.265597, -156.245902 71.265549, -156.245891 71.265493, -156.244814 71.265371, -156.244733 71.265387, -156.244678 71.265533, -156.244112 71.265544, -156.24409 71.265429, -156.243725 71.265436, -156.243668 71.265487, -156.24356 71.265475, -156.243693 71.265541, -156.24396 71.265536, -156.244009 71.265795, -156.242402 71.265827, -156.242155 71.266051, -156.242411 71.266179, -156.245622 71.266116)))",microsoft_us_building_footprints
ms-ak-000044,Microsoft footprint AK #45,AK,,234445.4,61.2674774,-149.7048050,,commercial_industrial_unknown,unknown,"MULTIPOLYGON (((-149.705074 61.266099, -149.703701 61.266191, -149.703838 61.266666, -149.703694 61.266675, -149.703731 61.266804, -149.70381 61.266799, -149.703817 61.266823, -149.703958 61.266814, -149.704344 61.268147, -149.704225 61.268155, -149.704263 61.268285, -149.704384 61.268277, -149.704377 61.268254, -149.704461 61.268248, -149.704654 61.268913, -149.705867 61.268832, -149.705074 61.266099)))",microsoft_us_building_footprints
ms-ak-000045,Microsoft footprint AK #46,AK,,174096.1,61.1215030,-149.8671771,,commercial_industrial_unknown,unknown,"MULTIPOLYGON (((-149.868163 61.120702, -149.867353 61.120697, -149.867346 61.120942, -149.866523 61.120937, -149.866525 61.120885, -149.866865 61.120887, -149.866867 61.120824, -149.866462 61.120821, -149.866465 61.12071, -149.86629 61.120709, -149.866279 61.121148, -149.86619 61.121147, -149.866177 61.121667, -149.866289 61.121667, -149.866281 61.121979, -149.866072 61.121978, -149.866068 61.122135, -149.866293 61.122136, -149.86629 61.122244, -149.867795 61.122253, -149.867801 61.122025, -149.868155 61.122027, -149.868156 61.121959, -149.868057 61.121958, -149.868062 61.121773, -149.868135 61.121773, -149.868163 61.120702)))",microsoft_us_building_footprints
ms-ak-000046,Microsoft footprint AK #47,AK,,200690.82,61.1402149,-149.8699535,,commercial_industrial_unknown,unknown,"MULTIPOLYGON (((-149.870971 61.140899, -149.87097 61.140445, -149.871316 61.140445, -149.871315 61.140046, -149.870967 61.140046, -149.870966 61.139635, -149.871033 61.139635, -149.871033 61.139484, -149.87069 61.139484, -149.87069 61.139533, -149.868842 61.139533, -149.868842 61.139798, -149.868767 61.139798, -149.868767 61.139935, -149.868821 61.139935, -149.868822 61.140582, -149.869044 61.140582, -149.869044 61.140633, -149.868745 61.140633, -149.868746 61.1409, -149.870971 61.140899)))",microsoft_us_building_footprints
ms-ak-000047,Microsoft footprint AK #48,AK,,118407.45,64.8563903,-147.6954568,,commercial_industrial_unknown,unknown,"MULTIPOLYGON (((-147.693797 64.855934, -147.693729 64.856331, -147.693979 64.85631, -147.69419 64.856396, -147.694119 64.856819, -147.694251 64.856823, -147.694266 64.85673, -147.694615 64.856741, -147.694609 64.856772, -147.696904 64.856842, -147.69712 64.856746, -147.697123 64.856727, -147.696863 64.856719, -147.69691 64.856444, -147.696691 64.856354, -147.697139 64.856368, -147.696961 64.855988, -147.696887 64.855986, -147.696874 64.856063, -147.696458 64.85605, -147.696479 64.855927, -147.696682 64.85591, -147.696662 64.855868, -147.696229 64.855854, -147.696214 64.855947, -147.69593 64.856007, -147.696087 64.856343, -147.695582 64.85645, -147.69495 64.85643, -147.695029 64.855965, -147.694719 64.855955, -147.694613 64.855865, -147.693797 64.855934)))",microsoft_us_building_footprints
ms-ak-000048,Microsoft footprint AK #49,AK,,102500.37,61.0779887,-149.7783433,,commercial_industrial_unknown,unknown,"MULTIPOLYGON (((-149.779032 61.077335, -149.778699 61.077334, -149.77853 61.077362, -149.778189 61.077361, -149.778175 61.07734, -149.777756 61.077339, -149.777753 61.077509, -149.77791 61.077509, -149.777908 61.077668, -149.777949 61.077668, -149.777949 61.077721, -149.777985 61.077721, -149.778047 61.077809, -149.778046 61.077834, -149.778092 61.077834, -149.77809 61.077947, -149.777449 61.077945, -149.777441 61.078507, -149.778163 61.078509, -149.778162 61.078572, -149.778682 61.078574, -149.778684 61.078442, -149.778748 61.078442, -149.778748 61.078486, -149.779115 61.078488, -149.779122 61.077987, -149.778782 61.077986, -149.778784 61.077834, -149.779025 61.077835, -149.779032 61.077335)))",microsoft_us_building_footprints
ms-ak-000049,Microsoft footprint AK #50,AK,,118337.34,61.1858680,-149.8217514,,commercial_industrial_unknown,unknown,"MULTIPOLYGON (((-149.821465 61.186123, -149.821441 61.186035, -149.821502 61.186032, -149.821435 61.185782, -149.822492 61.185716, -149.822482 61.185683, -149.82258 61.185677, -149.8226 61.185752, -149.822897 61.185734, -149.822883 61.185684, -149.822984 61.185678, -149.822967 61.185614, -149.822684 61.185632, -149.8225 61.184948, -149.82175 61.184995, -149.821929 61.185661, -149.821738 61.185673, -149.821723 61.185618, -149.821472 61.185634, -149.821409 61.185399, -149.820805 61.185437, -149.82102 61.186235, -149.82054 61.186595, -149.82059 61.186781, -149.820849 61.186861, -149.821529 61.186351, -149.821858 61.18633, -149.821862 61.186345, -149.823107 61.186267, -149.823042 61.186025, -149.821465 61.186123)))",microsoft_us_building_footprints
ms-ak-000050,Microsoft footprint AK #51,AK,,119225.89,61.2228332,-149.8475632,,commercial_industrial_unknown,unknown,"MULTIPOLYGON (((-149.845867 61.222553, -149.845869 61.223106, -149.849288 61.223104, -149.849287 61.22255, -149.848419 61.22255, -149.848419 61.22267, -149.848086 61.22267, -149.848086 61.222614, -149.848059 61.222614, -149.848059 61.222582, -149.848016 61.222582, -149.848016 61.222551, -149.845867 61.222553)))",microsoft_us_building_footprints
ms-ak-000051,Microsoft footprint AK #52,AK,,152745.6,61.1944968,-149.9086508,,commercial_industrial_unknown,unknown,"MULTIPOLYGON (((-149.905695 61.19462, -149.910013 61.194735, -149.910075 61.194837, -149.91097 61.194861, -149.911347 61.194808, -149.911394 61.194395, -149.910395 61.194368, -149.910404 61.194292, -149.910102 61.194284, -149.91009 61.194388, -149.909666 61.194377, -149.909698 61.194099, -149.90958 61.194095, -149.909554 61.194053, -149.909106 61.194116, -149.909074 61.194391, -149.908417 61.194374, -149.908392 61.194332, -149.908043 61.194323, -149.908038 61.19436, -149.908156 61.194363, -149.90815 61.194415, -149.906978 61.194384, -149.907003 61.194164, -149.906435 61.194149, -149.906408 61.194385, -149.906279 61.19442, -149.906312 61.194129, -149.905753 61.194114, -149.905695 61.19462)))",microsoft_us_building_footprints
ms-ak-000052,Microsoft footprint AK #53,AK,,113588.35,61.1296065,-149.8804625,,commercial_industrial_unknown,unknown,"MULTIPOLYGON (((-149.881632 61.129926, -149.881615 61.129061, -149.881692 61.12906, -149.881691 61.128979, -149.881592 61.128979, -149.88159 61.128913, -149.881051 61.128916, -149.881059 61.129312, -149.881179 61.129396, -149.881181 61.129485, -149.880881 61.129585, -149.880598 61.129586, -149.880599 61.129651, -149.880439 61.129704, -149.880441 61.129777, -149.880107 61.129779, -149.879801 61.129564, -149.879792 61.129134, -149.880107 61.129029, -149.880104 61.128911, -149.879691 61.128913, -149.879695 61.129098, -149.879234 61.129101, -149.879254 61.130082, -149.881506 61.130072, -149.881503 61.129926, -149.881632 61.129926)))",microsoft_us_building_footprints
ms-ak-000053,Microsoft footprint AK #54,AK,,105705.9,61.2079665,-149.7430607,,commercial_industrial_unknown,unknown,"MULTIPOLYGON (((-149.744108 61.207816, -149.744108 61.207438, -149.743188 61.207438, -149.743188 61.207545, -149.742945 61.207545, -149.742946 61.207401, -149.74245 61.207401, -149.741996 61.20749, -149.741996 61.207742, -149.742634 61.207742, -149.742634 61.208113, -149.742299 61.208113, -149.742299 61.208306, -149.742383 61.208405, -149.742452 61.208405, -149.742452 61.208464, -149.742659 61.208708, -149.743652 61.208513, -149.743652 61.208588, -149.743747 61.208588, -149.743747 61.208545, -149.743737 61.208545, -149.743737 61.20811, -149.743273 61.20811, -149.743273 61.207944, -149.74341 61.207944, -149.74341 61.20789, -149.743651 61.20789, -149.743652 61.207816, -149.744108 61.207816)))",microsoft_us_building_footprints
ms-ak-000054,Microsoft footprint AK #55,AK,,141435.13,61.1615593,-149.8847167,,commercial_industrial_unknown,unknown,"MULTIPOLYGON (((-149.883609 61.160966, -149.883624 61.16181, -149.884495 61.161807, -149.884504 61.162266, -149.88487 61.162265, -149.884871 61.162317, -149.885034 61.162316, -149.885033 61.162268, -149.885493 61.162266, -149.885492 61.162218, -149.88573 61.162217, -149.885726 61.162007, -149.885799 61.162007, -149.885798 61.161978, -149.885743 61.161978, -149.885737 61.161652, -149.885694 61.161652, -149.885694 61.161623, -149.885491 61.161623, -149.885479 61.160958, -149.883609 61.160966)))",microsoft_us_building_footprints
ms-ak-000055,Microsoft footprint AK #56,AK,,305085.52,71.2511778,-156.1541819,,commercial_industrial_unknown,unknown,"MULTIPOLYGON (((-156.152173 71.252716, -156.152878 71.252805, -156.152917 71.252212, -156.153042 71.252244, -156.153808 71.252127, -156.153829 71.251804, -156.154373 71.25172, -156.154667 71.251482, -156.154392 71.251413, -156.156018 71.251424, -156.156241 71.251575, -156.157815 71.251586, -156.158482 71.251484, -156.158351 71.251451, -156.157626 71.250961, -156.157464 71.25094, -156.157554 71.250867, -156.157118 71.250933, -156.156389 71.250929, -156.156397 71.250803, -156.155218 71.250795, -156.155111 71.250722, -156.153134 71.250471, -156.153391 71.250397, -156.153401 71.250399, -156.153548 71.250338, -156.153164 71.250079, -156.153641 71.250006, -156.153794 71.249882, -156.15266 71.249598, -156.152375 71.249641, -156.152173 71.252716)))",microsoft_us_building_footprints
ms-ak-000056,Microsoft footprint AK #57,AK,,141785.07,64.8358285,-147.7329051,,commercial_industrial_unknown,unknown,"MULTIPOLYGON (((-147.732608 64.836555, -147.733335 64.836496, -147.733288 64.836391, -147.734423 64.836298, -147.734317 64.836063, -147.73411 64.83608, -147.734079 64.836013, -147.733815 64.836034, -147.733848 64.836107, -147.733449 64.836139, -147.733388 64.836006, -147.733918 64.835962, -147.733913 64.835951, -147.734055 64.835939, -147.734022 64.835865, -147.734256 64.835846, -147.734151 64.835613, -147.733385 64.835676, -147.733052 64.83494, -147.732028 64.835024, -147.732131 64.835252, -147.732118 64.835267, -147.731852 64.835288, -147.7322 64.836056, -147.732085 64.836181, -147.73215 64.836325, -147.731707 64.836361, -147.731789 64.836542, -147.732573 64.836478, -147.732608 64.836555)))",microsoft_us_building_footprints
ms-ak-000057,Microsoft footprint AK #58,AK,,112567.64,64.7464959,-147.3694268,,commercial_industrial_unknown,unknown,"MULTIPOLYGON (((-147.3706 64.746739, -147.37061 64.746432, -147.370925 64.746305, -147.371241 64.746448, -147.371324 64.746414, -147.37065 64.74611, -147.370711 64.746085, -147.370646 64.746056, -147.370398 64.746156, -147.370465 64.746186, -147.370387 64.746218, -147.370121 64.746097, -147.37007 64.746097, -147.369816 64.7462, -147.369589 64.746098, -147.369345 64.746196, -147.369104 64.746087, -147.368851 64.746189, -147.368511 64.746035, -147.367952 64.746261, -147.367951 64.74629, -147.368168 64.746388, -147.367836 64.746521, -147.367835 64.746565, -147.36852 64.746874, -147.36888 64.746729, -147.369144 64.74673, -147.369358 64.746827, -147.369354 64.746955, -147.369689 64.747106, -147.3706 64.746739)))",microsoft_us_building_footprints
ms-ak-000058,Microsoft footprint AK #59,AK,,146495.07,61.2325071,-149.7335454,,commercial_industrial_unknown,unknown,"MULTIPOLYGON (((-149.733608 61.232161, -149.733462 61.231709, -149.733405 61.2317, -149.733382 61.231627, -149.732719 61.231676, -149.732469 61.232046, -149.732487 61.232103, -149.732587 61.232047, -149.73276 61.232581, -149.732967 61.232614, -149.732903 61.23265, -149.733093 61.233236, -149.73281 61.233257, -149.732853 61.233391, -149.733487 61.233343, -149.733542 61.233513, -149.733977 61.233481, -149.734147 61.233231, -149.733761 61.23326, -149.733885 61.233077, -149.73416 61.233057, -149.734089 61.232837, -149.733864 61.232854, -149.733833 61.232758, -149.734028 61.232744, -149.733924 61.232423, -149.734288 61.232395, -149.734338 61.232552, -149.734862 61.232513, -149.734828 61.232409, -149.735064 61.232391, -149.734957 61.23206, -149.733608 61.232161)))",microsoft_us_building_footprints
ms-ak-000059,Microsoft footprint AK #60,AK,,317403.35,61.1884746,-149.8198056,,commercial_industrial_unknown,unknown,"MULTIPOLYGON (((-149.818889 61.187355, -149.818215 61.187874, -149.819405 61.187601, -149.819503 61.1877, -149.819253 61.187893, -149.819112 61.18775, -149.818334 61.187929, -149.818323 61.188139, -149.817784 61.188132, -149.817753 61.188702, -149.81822 61.188708, -149.818235 61.188423, -149.818932 61.188432, -149.818875 61.189487, -149.820576 61.189509, -149.821257 61.188984, -149.821003 61.188727, -149.820811 61.188771, -149.820821 61.188591, -149.821197 61.188596, -149.820821 61.188215, -149.821047 61.188218, -149.821264 61.188437, -149.822164 61.188448, -149.821799 61.188079, -149.821992 61.18793, -149.820788 61.187915, -149.820774 61.188176, -149.820445 61.188172, -149.820468 61.187763, -149.819989 61.187757, -149.8196 61.187364, -149.818889 61.187355)))",microsoft_us_building_footprints
ms-ak-000060,Microsoft footprint AK #61,AK,,200269.52,61.2352303,-149.7445473,,commercial_industrial_unknown,unknown,"MULTIPOLYGON (((-149.743598 61.235144, -149.743712 61.235291, -149.74352 61.235368, -149.743794 61.235719, -149.743545 61.235764, -149.743551 61.235839, -149.743929 61.236058, -149.743652 61.236062, -149.743659 61.236162, -149.744337 61.236151, -149.744331 61.236076, -149.745628 61.235928, -149.745612 61.235708, -149.745867 61.235704, -149.745501 61.235234, -149.745834 61.235229, -149.745821 61.235051, -149.745645 61.235054, -149.74563 61.23485, -149.744596 61.234692, -149.744543 61.233972, -149.743803 61.234269, -149.743674 61.234194, -149.743403 61.234605, -149.744089 61.234709, -149.744095 61.234781, -149.743508 61.234887, -149.743656 61.235076, -149.744276 61.235065, -149.744107 61.235133, -149.744315 61.235254, -149.743598 61.235144)))",microsoft_us_building_footprints
ms-ak-000061,Microsoft footprint AK #62,AK,,188370.78,61.1358821,-149.8385913,,commercial_industrial_unknown,unknown,"MULTIPOLYGON (((-149.840283 61.135507, -149.839261 61.135506, -149.839262 61.135357, -149.838155 61.135356, -149.838118 61.135362, -149.838118 61.135471, -149.83797 61.135471, -149.837923 61.135478, -149.837923 61.135505, -149.836902 61.135504, -149.836899 61.136302, -149.837466 61.136303, -149.837497 61.13635, -149.837833 61.13635, -149.837957 61.136332, -149.837957 61.136304, -149.838895 61.136305, -149.838921 61.136346, -149.839388 61.136346, -149.839388 61.136307, -149.840283 61.136307, -149.840283 61.136218, -149.840258 61.136178, -149.840258 61.136102, -149.840225 61.13605, -149.840281 61.136042, -149.840283 61.135507)))",microsoft_us_building_footprints
ms-ak-000062,Microsoft footprint AK #63,AK,,122358.63,61.1942060,-149.8365172,,commercial_industrial_unknown,unknown,"MULTIPOLYGON (((-149.835925 61.19485, -149.837222 61.194876, -149.837214 61.194974, -149.837255 61.195006, -149.837482 61.194939, -149.837484 61.19492, -149.837652 61.194871, -149.837671 61.194885, -149.837683 61.194745, -149.837675 61.194744, -149.837682 61.194663, -149.837355 61.194657, -149.837347 61.194747, -149.837165 61.194743, -149.837232 61.193985, -149.837355 61.193987, -149.837376 61.193749, -149.837184 61.193745, -149.837179 61.193805, -149.83703 61.193802, -149.837015 61.19379, -149.836426 61.193778, -149.836464 61.193344, -149.835793 61.193331, -149.835778 61.193503, -149.835804 61.193503, -149.836007 61.193664, -149.835846 61.193661, -149.835833 61.193812, -149.835237 61.1938, -149.835222 61.193981, -149.835999 61.193997, -149.835925 61.19485)))",microsoft_us_building_footprints
ms-ak-000063,Microsoft footprint AK #64,AK,,122492.82,61.1710402,-149.9109531,,commercial_industrial_unknown,unknown,"MULTIPOLYGON (((-149.912534 61.170749, -149.909114 61.17075, -149.909115 61.170814, -149.909714 61.171352, -149.912536 61.171351, -149.912534 61.170749)))",microsoft_us_building_footprints
ms-ak-000064,Microsoft footprint AK #65,AK,,101055.9,61.2082953,-149.8889462,,commercial_industrial_unknown,unknown,"MULTIPOLYGON (((-149.890548 61.207981, -149.890288 61.207981, -149.890288 61.207963, -149.88845 61.207964, -149.88845 61.207907, -149.887997 61.207907, -149.887997 61.208089, -149.88778 61.20809, -149.88778 61.208344, -149.887813 61.208344, -149.887813 61.208374, -149.887995 61.208374, -149.887995 61.208551, -149.887821 61.208551, -149.887821 61.208843, -149.88887 61.208842, -149.88887 61.208548, -149.888695 61.208548, -149.888695 61.208379, -149.890549 61.208378, -149.890548 61.207981)))",microsoft_us_building_footprints
ms-ak-000065,Microsoft footprint AK #66,AK,,108609.47,61.1764028,-149.8769140,,commercial_industrial_unknown,unknown,"MULTIPOLYGON (((-149.878449 61.175867, -149.876945 61.175882, -149.876957 61.176172, -149.876745 61.176174, -149.876737 61.176004, -149.876126 61.176011, -149.876138 61.176285, -149.876503 61.176282, -149.876507 61.176392, -149.875813 61.176399, -149.875845 61.177122, -149.876081 61.177119, -149.876071 61.1769, -149.876299 61.176897, -149.876302 61.176976, -149.877148 61.176967, -149.877139 61.176753, -149.876869 61.176756, -149.876865 61.176647, -149.877471 61.176751, -149.877535 61.176663, -149.877338 61.176629, -149.877332 61.176479, -149.877386 61.176488, -149.877384 61.176449, -149.877183 61.17639, -149.877181 61.176348, -149.87816 61.176338, -149.878145 61.175995, -149.878454 61.175992, -149.878449 61.175867)))",microsoft_us_building_footprints
ms-ak-000066,Microsoft footprint AK #67,AK,,201726.85,58.3713939,-134.5895573,,commercial_industrial_unknown,unknown,"MULTIPOLYGON (((-134.586695 58.371658, -134.59123 58.371642, -134.59123 58.371631, -134.592517 58.371626, -134.59251 58.371105, -134.590831 58.371111, -134.590833 58.371201, -134.589097 58.371207, -134.589098 58.371265, -134.588752 58.371266, -134.588751 58.371204, -134.588094 58.371207, -134.588093 58.371097, -134.587767 58.371098, -134.587767 58.371128, -134.587702 58.371128, -134.587702 58.37117, -134.587506 58.371171, -134.587505 58.371069, -134.586935 58.371072, -134.586934 58.370974, -134.586838 58.370974, -134.586839 58.371018, -134.586627 58.371019, -134.586628 58.37108, -134.586834 58.371079, -134.586835 58.371125, -134.586688 58.371126, -134.586695 58.371658)))",microsoft_us_building_footprints
ms-ak-000067,Microsoft footprint AK #68,AK,,174266.65,61.1359426,-149.9192914,,commercial_industrial_unknown,unknown,"MULTIPOLYGON (((-149.917762 61.135517, -149.917754 61.136347, -149.917976 61.136348, -149.918034 61.136389, -149.918228 61.13639, -149.918285 61.13643, -149.918895 61.136432, -149.918927 61.136455, -149.919433 61.136456, -149.919433 61.136456, -149.919658 61.136456, -149.921049 61.136001, -149.921054 61.135523, -149.91976 61.13552, -149.919681 61.135546, -149.919434 61.135546, -149.919434 61.135521, -149.917762 61.135517)))",microsoft_us_building_footprints
ms-ak-000068,Microsoft footprint AK #69,AK,,121350.58,61.1812461,-149.9911307,,commercial_industrial_unknown,unknown,"MULTIPOLYGON (((-149.991553 61.181335, -149.993121 61.181122, -149.992952 61.180833, -149.992233 61.180931, -149.992211 61.180894, -149.991859 61.180942, -149.991896 61.181006, -149.991288 61.181089, -149.991142 61.180838, -149.990625 61.180908, -149.990561 61.180799, -149.989652 61.180923, -149.990037 61.181581, -149.989939 61.181595, -149.989971 61.18165, -149.990141 61.181627, -149.990177 61.181686, -149.990981 61.181577, -149.991155 61.181874, -149.991816 61.181784, -149.991553 61.181335)))",microsoft_us_building_footprints
ms-ak-000069,Microsoft footprint AK #70,AK,,110207.13,58.3049224,-134.4294532,,commercial_industrial_unknown,unknown,"MULTIPOLYGON (((-134.428329 58.303925, -134.427901 58.304143, -134.428366 58.304394, -134.428543 58.304304, -134.428843 58.304467, -134.428793 58.304682, -134.429216 58.304912, -134.428901 58.305235, -134.42976 58.305701, -134.43002 58.305568, -134.430115 58.305593, -134.430491 58.305401, -134.430515 58.305301, -134.430493 58.305296, -134.430687 58.305095, -134.430329 58.304901, -134.430118 58.304888, -134.429963 58.304804, -134.429798 58.304888, -134.429807 58.304848, -134.429767 58.304845, -134.429624 58.304768, -134.429771 58.304616, -134.429652 58.304552, -134.429447 58.304657, -134.429466 58.304575, -134.42901 58.304328, -134.429017 58.304297, -134.42881 58.304184, -134.428694 58.304243, -134.428719 58.304137, -134.428329 58.303925)))",microsoft_us_building_footprints
ms-ak-000070,Microsoft footprint AK #71,AK,,104255.32,61.2702828,-149.6383120,,commercial_industrial_unknown,unknown,"MULTIPOLYGON (((-149.639326 61.271337, -149.638557 61.270635, -149.638403 61.270648, -149.638295 61.27055, -149.638139 61.270126, -149.638569 61.269483, -149.639185 61.269327, -149.638923 61.269087, -149.638018 61.269317, -149.637516 61.270065, -149.637778 61.270778, -149.637929 61.270765, -149.637982 61.270814, -149.638007 61.270818, -149.638043 61.270809, -149.63806 61.270784, -149.638095 61.270781, -149.638281 61.270951, -149.63829 61.270975, -149.638238 61.270988, -149.638271 61.271079, -149.638339 61.271089, -149.638266 61.271108, -149.638264 61.27111, -149.638689 61.271498, -149.639326 61.271337)))",microsoft_us_building_footprints
ms-ak-000071,Microsoft footprint AK #72,AK,,166400.94,61.2350357,-149.8411635,,commercial_industrial_unknown,unknown,"MULTIPOLYGON (((-149.838887 61.235304, -149.843462 61.235298, -149.843695 61.235666, -149.843749 61.235666, -149.843816 61.235656, -149.843553 61.235264, -149.843551 61.23485, -149.843542 61.234835, -149.843536 61.234835, -149.843374 61.234858, -149.843386 61.234861, -149.843275 61.234877, -149.843114 61.234841, -149.843057 61.234841, -149.842834 61.234801, -149.842666 61.234801, -149.84259 61.234812, -149.842567 61.234842, -149.842529 61.234843, -149.842529 61.234741, -149.838893 61.234745, -149.838874 61.234715, -149.838663 61.234716, -149.838655 61.234725, -149.838656 61.234828, -149.838863 61.234828, -149.838879 61.23483, -149.838881 61.235294, -149.838887 61.235304)))",microsoft_us_building_footprints
ms-ak-000072,Microsoft footprint AK #73,AK,,119243.06,61.1942664,-149.8712141,,commercial_industrial_unknown,unknown,"MULTIPOLYGON (((-149.870456 61.193557, -149.870459 61.194956, -149.871807 61.194956, -149.871941 61.194931, -149.871941 61.194843, -149.872218 61.194792, -149.872218 61.194499, -149.872346 61.194499, -149.872346 61.194467, -149.87219 61.194467, -149.872165 61.194435, -149.872033 61.194435, -149.871885 61.194463, -149.871885 61.194485, -149.871809 61.1945, -149.87177 61.194452, -149.871499 61.194452, -149.871375 61.194297, -149.871289 61.194297, -149.87129 61.194627, -149.871172 61.194649, -149.871171 61.194047, -149.871047 61.194047, -149.871047 61.193966, -149.871278 61.193923, -149.87147 61.193922, -149.871623 61.193894, -149.871649 61.193926, -149.872071 61.193926, -149.872187 61.193904, -149.872186 61.193556, -149.870456 61.193557)))",microsoft_us_building_footprints
ms-ak-000073,Microsoft footprint AK #74,AK,,139855.08,61.1625409,-149.9017513,,commercial_industrial_unknown,unknown,"MULTIPOLYGON (((-149.901084 61.161742, -149.901042 61.163402, -149.902112 61.163409, -149.902247 61.163388, -149.902212 61.163334, -149.902186 61.163334, -149.902069 61.163157, -149.902139 61.163146, -149.902141 61.163082, -149.902316 61.163056, -149.902398 61.163056, -149.902524 61.163246, -149.902862 61.163248, -149.902924 61.16327, -149.902926 61.163203, -149.902682 61.163201, -149.902687 61.163011, -149.902534 61.162957, -149.902262 61.162999, -149.90227 61.162676, -149.902223 61.162605, -149.902134 61.162573, -149.902168 61.162551, -149.902011 61.162495, -149.902015 61.162326, -149.901962 61.162307, -149.901927 61.162255, -149.901975 61.162223, -149.90247 61.162226, -149.902504 61.162277, -149.902684 61.162278, -149.902698 61.161751, -149.901084 61.161742)))",microsoft_us_building_footprints
ms-ak-000074,Microsoft footprint AK #75,AK,,153876.46,58.3594206,-134.5620034,,commercial_industrial_unknown,unknown,"MULTIPOLYGON (((-134.560153 58.35916, -134.560159 58.359283, -134.55973 58.359288, -134.559747 58.35968, -134.559962 58.359678, -134.559967 58.359787, -134.560554 58.35978, -134.560539 58.359457, -134.560949 58.359452, -134.560952 58.359514, -134.561258 58.359572, -134.561261 58.359644, -134.562008 58.359634, -134.562042 58.359585, -134.562659 58.359702, -134.56278 58.359701, -134.56282 58.359643, -134.562909 58.35966, -134.562913 58.359751, -134.562849 58.359739, -134.562811 58.359793, -134.563922 58.35978, -134.563895 58.359165, -134.563774 58.359167, -134.563771 58.35908, -134.562867 58.359091, -134.562798 58.359191, -134.562612 58.359194, -134.562609 58.359134, -134.562589 58.359131, -134.560153 58.35916)))",microsoft_us_building_footprints
ms-ak-000075,Microsoft footprint AK #76,AK,,160571.62,64.8518171,-147.7013506,,commercial_industrial_unknown,unknown,"MULTIPOLYGON (((-147.704142 64.852199, -147.703845 64.85213, -147.703846 64.852125, -147.701688 64.851627, -147.701625 64.851625, -147.701632 64.85158, -147.70151 64.851552, -147.701513 64.851533, -147.699488 64.851066, -147.698998 64.851234, -147.698922 64.851216, -147.698904 64.851331, -147.698824 64.851329, -147.698713 64.851416, -147.698778 64.85145, -147.69864 64.851558, -147.69884 64.851604, -147.69877 64.851659, -147.699032 64.851719, -147.699321 64.85162, -147.699992 64.851775, -147.700186 64.85178, -147.700201 64.851681, -147.70026 64.851695, -147.70025 64.851763, -147.700419 64.851802, -147.700409 64.851866, -147.701816 64.852191, -147.701891 64.852228, -147.7036 64.852623, -147.704142 64.852199)))",microsoft_us_building_footprints
ms-ak-000076,Microsoft footprint AK #77,AK,,119553.92,58.3794086,-134.5914888,,commercial_industrial_unknown,unknown,"MULTIPOLYGON (((-134.590737 58.378846, -134.590055 58.379163, -134.590299 58.379307, -134.590176 58.379364, -134.590929 58.37981, -134.591558 58.379793, -134.591574 58.37977, -134.591734 58.379765, -134.591779 58.379701, -134.59191 58.379697, -134.591944 58.379649, -134.592097 58.379645, -134.592262 58.379677, -134.592273 58.379785, -134.592721 58.379871, -134.592766 58.379808, -134.59302 58.3798, -134.593156 58.379608, -134.592751 58.37953, -134.592739 58.37941, -134.59249 58.379362, -134.592467 58.37914, -134.592074 58.379151, -134.592074 58.379149, -134.591786 58.379093, -134.591728 58.379176, -134.591715 58.379176, -134.591461 58.379127, -134.591282 58.379021, -134.591174 58.379024, -134.590931 58.378881, -134.590855 58.378916, -134.590737 58.378846)))",microsoft_us_building_footprints
ms-ak-000077,Microsoft footprint AK #78,AK,,150516.3,61.1830574,-149.8736110,,commercial_industrial_unknown,unknown,"MULTIPOLYGON (((-149.87482 61.183519, -149.874814 61.18291, -149.875176 61.18291, -149.875174 61.18267, -149.874501 61.182672, -149.874476 61.182629, -149.874476 61.182629, -149.874471 61.182619, -149.872945 61.182622, -149.872944 61.182553, -149.872934 61.182536, -149.872493 61.182537, -149.872495 61.182666, -149.87232 61.182667, -149.872321 61.182742, -149.872376 61.182837, -149.872376 61.182857, -149.872314 61.182865, -149.872366 61.182956, -149.872366 61.182986, -149.872315 61.182993, -149.872316 61.183008, -149.872376 61.183113, -149.872322 61.18312, -149.872323 61.183231, -149.872315 61.183232, -149.872315 61.183245, -149.872393 61.183379, -149.872327 61.183388, -149.872329 61.183525, -149.87482 61.183519)))",microsoft_us_building_footprints
ms-ak-000078,Microsoft footprint AK #79,AK,,160790.83,61.1363657,-149.9156599,,commercial_industrial_unknown,unknown,"MULTIPOLYGON (((-149.914913 61.135544, -149.914899 61.135964, -149.915002 61.135965, -149.914991 61.136286, -149.914927 61.136286, -149.914891 61.137332, -149.916133 61.137342, -149.916168 61.136303, -149.916257 61.136304, -149.916261 61.136186, -149.91614 61.136185, -149.91615 61.135902, -149.917024 61.135909, -149.917035 61.135588, -149.916241 61.135582, -149.916242 61.135555, -149.914913 61.135544)))",microsoft_us_building_footprints
ms-ak-000079,Microsoft footprint AK #80,AK,,126590.29,71.3401936,-156.1549203,,commercial_industrial_unknown,unknown,"MULTIPOLYGON (((-156.155467 71.339647, -156.155348 71.339648, -156.155344 71.339498, -156.155377 71.339498, -156.155365 71.338997, -156.155201 71.338955, -156.155195 71.338693, -156.154636 71.338549, -156.15463 71.338257, -156.154848 71.33817, -156.154875 71.338177, -156.154865 71.337771, -156.154695 71.337727, -156.154502 71.337727, -156.154607 71.342311, -156.154746 71.342347, -156.155173 71.342346, -156.155152 71.341403, -156.155391 71.341308, -156.155384 71.34099, -156.154988 71.340888, -156.155296 71.340766, -156.155288 71.340425, -156.155483 71.340347, -156.155467 71.339647)))",microsoft_us_building_footprints
ms-ak-000080,Microsoft footprint AK #81,AK,,149767.95,64.8514771,-147.8254939,,commercial_industrial_unknown,unknown,"MULTIPOLYGON (((-147.823717 64.851819, -147.824274 64.851843, -147.8243 64.851875, -147.825331 64.851919, -147.825366 64.851962, -147.825589 64.851971, -147.825603 64.851914, -147.825787 64.851886, -147.825843 64.851954, -147.826408 64.851978, -147.826433 64.851873, -147.826946 64.851895, -147.82702 64.851579, -147.827312 64.851591, -147.827358 64.851397, -147.826439 64.851358, -147.826527 64.850981, -147.826118 64.850964, -147.826 64.85082, -147.825341 64.850792, -147.825254 64.851161, -147.824156 64.851114, -147.824041 64.851186, -147.824029 64.851235, -147.824343 64.851249, -147.824305 64.851408, -147.824166 64.851368, -147.823823 64.851353, -147.82375 64.851666, -147.823807 64.851657, -147.823797 64.851699, -147.823748 64.851685, -147.823717 64.851819)))",microsoft_us_building_footprints
ms-ak-000081,Microsoft footprint AK #82,AK,,230754.72,61.2673022,-149.7072810,,commercial_industrial_unknown,unknown,"MULTIPOLYGON (((-149.707039 61.268713, -149.708325 61.268626, -149.707523 61.265891, -149.706237 61.265979, -149.707039 61.268713)))",microsoft_us_building_footprints
ms-ak-000082,Microsoft footprint AK #83,AK,,166728.41,61.2298320,-149.7467995,,commercial_industrial_unknown,unknown,"MULTIPOLYGON (((-149.747545 61.229114, -149.746059 61.229112, -149.746058 61.229142, -149.745752 61.229142, -149.74575 61.229316, -149.745725 61.229316, -149.745724 61.229366, -149.746042 61.229367, -149.746041 61.229505, -149.745868 61.229505, -149.745864 61.230206, -149.746043 61.230206, -149.746042 61.23036, -149.745975 61.23036, -149.745974 61.230599, -149.746561 61.2306, -149.746562 61.230487, -149.746924 61.230488, -149.746924 61.230546, -149.747546 61.230547, -149.747548 61.230268, -149.747878 61.230268, -149.747882 61.229604, -149.747541 61.229604, -149.747545 61.229114)))",microsoft_us_building_footprints
ms-ak-000083,Microsoft footprint AK #84,AK,,125233.75,58.3583240,-134.5138789,,commercial_industrial_unknown,unknown,"MULTIPOLYGON (((-134.513125 58.358806, -134.513295 58.358805, -134.513296 58.358856, -134.513368 58.358856, -134.51337 58.358994, -134.514086 58.358992, -134.514085 58.358853, -134.514549 58.358852, -134.514545 58.35857, -134.514697 58.35857, -134.514689 58.35792, -134.51464 58.35792, -134.514638 58.357742, -134.513112 58.357748, -134.513125 58.358806)))",microsoft_us_building_footprints
ms-ak-000084,Microsoft footprint AK #85,AK,,129447.6,61.2167140,-149.8225819,,commercial_industrial_unknown,unknown,"MULTIPOLYGON (((-149.824391 61.216332, -149.822274 61.216367, -149.822138 61.216426, -149.822144 61.216512, -149.822264 61.21651, -149.822329 61.216577, -149.821358 61.216593, -149.821391 61.216544, -149.821237 61.216462, -149.821235 61.216439, -149.821205 61.216435, -149.820907 61.216439, -149.820877 61.216483, -149.820782 61.216505, -149.820747 61.216556, -149.820842 61.216653, -149.820949 61.216651, -149.820971 61.216673, -149.820889 61.216794, -149.821049 61.216958, -149.821283 61.216994, -149.821301 61.217243, -149.821555 61.217239, -149.821548 61.217131, -149.822755 61.217111, -149.82275 61.217044, -149.823024 61.217039, -149.823012 61.216858, -149.824228 61.216838, -149.824329 61.216688, -149.824415 61.216669, -149.824391 61.216332)))",microsoft_us_building_footprints
ms-ak-000085,Microsoft footprint AK #86,AK,,102604.74,61.2236656,-149.8402623,,commercial_industrial_unknown,unknown,"MULTIPOLYGON (((-149.838538 61.223427, -149.838536 61.22371, -149.838756 61.22371, -149.838754 61.224092, -149.839154 61.224093, -149.839156 61.22385, -149.840837 61.223852, -149.840836 61.223931, -149.841391 61.223932, -149.841392 61.223882, -149.841964 61.223883, -149.841966 61.223575, -149.8421 61.223575, -149.842101 61.223435, -149.841971 61.223434, -149.841971 61.223432, -149.838538 61.223427)))",microsoft_us_building_footprints
ms-ak-000086,Microsoft footprint AK #87,AK,,113269.37,61.1982391,-149.9151674,,commercial_industrial_unknown,unknown,"MULTIPOLYGON (((-149.915768 61.197557, -149.915114 61.197556, -149.915114 61.197525, -149.915057 61.197525, -149.915059 61.197193, -149.914729 61.197193, -149.914729 61.197226, -149.914605 61.197226, -149.914601 61.198441, -149.914751 61.198441, -149.914749 61.199003, -149.914899 61.199003, -149.914899 61.19903, -149.914958 61.199031, -149.914957 61.199177, -149.915488 61.199177, -149.915489 61.199066, -149.915751 61.199066, -149.915752 61.198928, -149.916087 61.198928, -149.916088 61.198679, -149.91541 61.198678, -149.915411 61.19831, -149.915583 61.19831, -149.915584 61.197952, -149.915767 61.197952, -149.915768 61.197557)))",microsoft_us_building_footprints
ms-ak-000087,Microsoft footprint AK #88,AK,,116967.67,61.2114343,-149.7362810,,commercial_industrial_unknown,unknown,"MULTIPOLYGON (((-149.735755 61.210915, -149.735753 61.21116, -149.735267 61.211159, -149.735261 61.21177, -149.735302 61.211798, -149.7354 61.211798, -149.7354 61.211816, -149.73553 61.211902, -149.735516 61.211912, -149.735477 61.211912, -149.735477 61.211948, -149.736335 61.21195, -149.736334 61.212063, -149.73641 61.212089, -149.736746 61.21209, -149.73686 61.212013, -149.736881 61.212005, -149.736888 61.211417, -149.737018 61.211329, -149.737165 61.211277, -149.737166 61.211249, -149.737291 61.211249, -149.737408 61.211171, -149.737408 61.211192, -149.737671 61.211099, -149.737631 61.211073, -149.737697 61.211029, -149.737614 61.211, -149.737535 61.210948, -149.736804 61.210946, -149.736804 61.210918, -149.735755 61.210915)))",microsoft_us_building_footprints
ms-ak-000088,Microsoft footprint AK #89,AK,,192161.37,61.1922467,-149.8796212,,commercial_industrial_unknown,unknown,"MULTIPOLYGON (((-149.878641 61.191496, -149.878621 61.192917, -149.878821 61.192918, -149.878818 61.193122, -149.879313 61.193123, -149.879314 61.193006, -149.879459 61.193006, -149.879461 61.192916, -149.880552 61.192919, -149.880554 61.192776, -149.880717 61.192776, -149.880718 61.192706, -149.880738 61.192706, -149.880741 61.192462, -149.880682 61.192462, -149.880689 61.192003, -149.880705 61.192003, -149.880707 61.191878, -149.880674 61.191878, -149.880675 61.191855, -149.880621 61.191855, -149.880622 61.191822, -149.880541 61.191822, -149.880546 61.191502, -149.878641 61.191496)))",microsoft_us_building_footprints
ms-ak-000089,Microsoft footprint AK #90,AK,,170149.48,61.1430026,-149.8843292,,commercial_industrial_unknown,unknown,"MULTIPOLYGON (((-149.883246 61.143594, -149.885502 61.14359, -149.885493 61.142453, -149.882969 61.142458, -149.882974 61.143003, -149.883447 61.143002, -149.883449 61.143373, -149.883245 61.143374, -149.883246 61.143594)))",microsoft_us_building_footprints
ms-ak-000090,Microsoft footprint AK #91,AK,,150657.87,61.1898205,-149.9978440,,commercial_industrial_unknown,unknown,"MULTIPOLYGON (((-149.998833 61.190797, -149.998362 61.189754, -149.998587 61.189666, -149.997975 61.189301, -149.998031 61.18926, -149.997905 61.189273, -149.99814 61.189101, -149.998056 61.189051, -149.997776 61.189039, -149.99785 61.188808, -149.997711 61.188802, -149.997679 61.188814, -149.997445 61.188298, -149.997119 61.188284, -149.997113 61.188317, -149.996932 61.188336, -149.997197 61.188923, -149.997526 61.189027, -149.997503 61.18915, -149.997061 61.189197, -149.997117 61.18932, -149.997308 61.189329, -149.99734 61.1894, -149.997207 61.189414, -149.997293 61.189604, -149.997452 61.189654, -149.997435 61.189744, -149.997416 61.189815, -149.997529 61.190067, -149.997364 61.190952, -149.998833 61.190797)))",microsoft_us_building_footprints
ms-ak-000091,Microsoft footprint AK #92,AK,,142131.91,61.1827465,-149.8004156,,commercial_industrial_unknown,unknown,"MULTIPOLYGON (((-149.801566 61.18315, -149.801561 61.183141, -149.80083 61.183042, -149.801581 61.182947, -149.801185 61.182812, -149.801228 61.182737, -149.802434 61.182585, -149.802065 61.182458, -149.802378 61.182245, -149.802098 61.182149, -149.801911 61.182277, -149.801732 61.182216, -149.801838 61.182409, -149.801625 61.182436, -149.801499 61.182207, -149.801008 61.182269, -149.800703 61.182797, -149.800514 61.182451, -149.800118 61.182501, -149.800236 61.182718, -149.800135 61.18273, -149.799895 61.18229, -149.799516 61.182338, -149.799596 61.182484, -149.799439 61.182504, -149.799316 61.182278, -149.799155 61.182298, -149.798783 61.182941, -149.799833 61.183299, -149.80073 61.183186, -149.800765 61.183251, -149.801566 61.18315)))",microsoft_us_building_footprints
ms-al-000092,Microsoft footprint AL #1,AL,,151244.35,32.4352338,-84.9908926,,commercial_industrial_unknown,unknown,"MULTIPOLYGON (((-84.990489 32.434536, -84.990248 32.435788, -84.991296 32.435932, -84.991537 32.434679, -84.990489 32.434536)))",microsoft_us_building_footprints
ms-al-000093,Microsoft footprint AL #2,AL,,117774.5,32.4370533,-85.0014344,,commercial_industrial_unknown,unknown,"MULTIPOLYGON (((-85.001405 32.436366, -85.001001 32.436693, -85.001219 32.436885, -85.001229 32.43694, -85.001194 32.436944, -85.001148 32.436981, -85.000775 32.436654, -85.000593 32.436802, -85.000969 32.437133, -85.000818 32.437255, -85.000829 32.437315, -85.000963 32.437433, -85.001035 32.437424, -85.001177 32.437309, -85.001429 32.437531, -85.001381 32.437571, -85.001515 32.437689, -85.001494 32.437706, -85.001581 32.437843, -85.001875 32.437605, -85.001643 32.437401, -85.001692 32.437361, -85.001914 32.437333, -85.002073 32.437205, -85.002108 32.437261, -85.002086 32.437279, -85.002116 32.437305, -85.002156 32.437273, -85.002044 32.437095, -85.002106 32.437045, -85.002148 32.437082, -85.002186 32.437052, -85.001405 32.436366)))",microsoft_us_building_footprints
ms-al-000094,Microsoft footprint AL #3,AL,,199282.67,32.4959132,-85.0368685,,commercial_industrial_unknown,unknown,"MULTIPOLYGON (((-85.037858 32.495766, -85.037348 32.495482, -85.037358 32.495468, -85.037241 32.495403, -85.037278 32.495355, -85.037099 32.495255, -85.037083 32.495275, -85.036714 32.49507, -85.036621 32.495189, -85.036538 32.495142, -85.036499 32.495192, -85.036577 32.495235, -85.036496 32.495338, -85.036407 32.495289, -85.036309 32.495414, -85.036369 32.495447, -85.035892 32.496056, -85.036374 32.496325, -85.036292 32.496429, -85.036391 32.496485, -85.036424 32.496443, -85.036604 32.496543, -85.036626 32.496515, -85.037075 32.496765, -85.037858 32.495766)))",microsoft_us_building_footprints
ms-al-000095,Microsoft footprint AL #4,AL,,127682.16,33.1301694,-85.3502348,,commercial_industrial_unknown,unknown,"MULTIPOLYGON (((-85.34901 33.130003, -85.349705 33.130143, -85.349719 33.130218, -85.349777 33.13023, -85.349776 33.130232, -85.350552 33.130388, -85.350479 33.130644, -85.350532 33.130654, -85.350492 33.130794, -85.351019 33.130901, -85.351232 33.130159, -85.351222 33.130106, -85.351152 33.130092, -85.351141 33.130036, -85.351077 33.130045, -85.351058 33.130109, -85.350663 33.130029, -85.350642 33.130102, -85.35006 33.129982, -85.350088 33.129882, -85.350496 33.129964, -85.350524 33.129867, -85.349565 33.129648, -85.349555 33.129683, -85.349128 33.129593, -85.34901 33.130003)))",microsoft_us_building_footprints
ms-al-000096,Microsoft footprint AL #5,AL,,226737.28,31.1790023,-85.3970302,,commercial_industrial_unknown,unknown,"MULTIPOLYGON (((-85.39775 31.178347, -85.397038 31.178343, -85.39704 31.178184, -85.396707 31.178182, -85.396706 31.178258, -85.396558 31.178257, -85.396558 31.178205, -85.396472 31.178204, -85.396472 31.178256, -85.396382 31.178255, -85.396377 31.178887, -85.396309 31.178887, -85.396309 31.178985, -85.396362 31.178985, -85.39636 31.179256, -85.396306 31.179255, -85.396305 31.179454, -85.396348 31.179454, -85.396345 31.179782, -85.396672 31.179784, -85.396673 31.179659, -85.397141 31.179662, -85.39714 31.179764, -85.397449 31.179766, -85.397449 31.179677, -85.397739 31.179678, -85.39775 31.178347)))",microsoft_us_building_footprints
ms-al-000097,Microsoft footprint AL #6,AL,,114393.9,31.2598895,-85.4073785,,commercial_industrial_unknown,unknown,"MULTIPOLYGON (((-85.407775 31.260538, -85.407752 31.259231, -85.406982 31.259241, -85.407005 31.260548, -85.407775 31.260538)))",microsoft_us_building_footprints
ms-al-000098,Microsoft footprint AL #7,AL,,203936.58,31.2659253,-85.4463580,,commercial_industrial_unknown,unknown,"MULTIPOLYGON (((-85.447059 31.265447, -85.446075 31.2654, -85.446068 31.26551, -85.445989 31.265506, -85.445938 31.265543, -85.445755 31.265534, -85.445733 31.265872, -85.445543 31.265863, -85.445539 31.265933, -85.44552 31.265947, -85.445385 31.26594, -85.445387 31.26591, -85.445515 31.265817, -85.445191 31.265493, -85.444767 31.265802, -85.444842 31.265877, -85.444841 31.265889, -85.44508 31.266127, -85.44573 31.266158, -85.445724 31.266259, -85.446574 31.2663, -85.446634 31.26636, -85.44695 31.266375, -85.446953 31.266336, -85.447784 31.266376, -85.447807 31.266022, -85.447481 31.266006, -85.447491 31.265857, -85.447098 31.265839, -85.447078 31.266135, -85.447011 31.266184, -85.447059 31.265447)))",microsoft_us_building_footprints
ms-al-000099,Microsoft footprint AL #8,AL,,155542.76,32.8231821,-85.7222495,,commercial_industrial_unknown,unknown,"MULTIPOLYGON (((-85.723127 32.82286, -85.722298 32.822391, -85.721951 32.822826, -85.721856 32.822772, -85.721704 32.822963, -85.721772 32.823002, -85.721386 32.823484, -85.721912 32.823782, -85.721881 32.823821, -85.721956 32.823863, -85.72194 32.823884, -85.722062 32.823953, -85.722112 32.82389, -85.722243 32.823965, -85.723127 32.82286)))",microsoft_us_building_footprints
ms-al-000100,Microsoft footprint AL #9,AL,,219105.82,33.6093326,-85.7794142,,commercial_industrial_unknown,unknown,"MULTIPOLYGON (((-85.777737 33.609609, -85.779017 33.609612, -85.779017 33.609658, -85.779149 33.609659, -85.779159 33.609631, -85.780199 33.609633, -85.780202 33.609626, -85.781226 33.609628, -85.781228 33.609135, -85.781013 33.609135, -85.781013 33.609066, -85.780881 33.609065, -85.780841 33.609175, -85.780568 33.609174, -85.780568 33.609127, -85.780473 33.609127, -85.780473 33.609005, -85.779969 33.609004, -85.779969 33.608962, -85.779911 33.608962, -85.779896 33.609002, -85.779662 33.609001, -85.779661 33.609287, -85.779445 33.609287, -85.779446 33.609079, -85.778991 33.609078, -85.778991 33.609006, -85.77884 33.609006, -85.778839 33.609088, -85.778393 33.609087, -85.778393 33.608936, -85.777739 33.608935, -85.777737 33.609609)))",microsoft_us_building_footprints
ms-al-000101,Microsoft footprint AL #10,AL,,226473.8,33.6230565,-85.7925274,,commercial_industrial_unknown,unknown,"MULTIPOLYGON (((-85.79184 33.622273, -85.791826 33.623787, -85.791951 33.623788, -85.791951 33.623709, -85.79281 33.623714, -85.792807 33.62405, -85.79315 33.624052, -85.793153 33.623714, -85.79336 33.623715, -85.793361 33.623595, -85.793148 33.623593, -85.79316 33.622281, -85.79184 33.622273)))",microsoft_us_building_footprints
ms-al-000102,Microsoft footprint AL #11,AL,,136250.7,31.7408496,-85.8183215,,commercial_industrial_unknown,unknown,"MULTIPOLYGON (((-85.81871 31.740085, -85.817744 31.740068, -85.817737 31.740351, -85.817799 31.740352, -85.817796 31.740491, -85.818059 31.740496, -85.818035 31.741472, -85.817987 31.741471, -85.817985 31.741551, -85.81802 31.741551, -85.818016 31.741694, -85.818129 31.741696, -85.818127 31.741765, -85.818234 31.741767, -85.818236 31.74171, -85.818464 31.741714, -85.818461 31.741807, -85.818668 31.741811, -85.81871 31.740085)))",microsoft_us_building_footprints
ms-al-000103,Microsoft footprint AL #12,AL,,113514.5,33.5867976,-85.8662386,,commercial_industrial_unknown,unknown,"MULTIPOLYGON (((-85.865611 33.586128, -85.865869 33.586805, -85.865975 33.586849, -85.866001 33.586919, -85.865989 33.587161, -85.866355 33.587174, -85.866342 33.587423, -85.866334 33.587436, -85.86618 33.587477, -85.866164 33.587799, -85.8664 33.587736, -85.866404 33.587665, -85.866841 33.587681, -85.866717 33.587354, -85.866893 33.587361, -85.866902 33.587178, -85.866758 33.587173, -85.866738 33.587122, -85.866692 33.58712, -85.866666 33.587163, -85.866478 33.587156, -85.866315 33.586729, -85.866458 33.586691, -85.866452 33.586813, -85.86662 33.586819, -85.866527 33.586574, -85.866437 33.586598, -85.866394 33.586487, -85.86647 33.586467, -85.866246 33.58588, -85.86596 33.585956, -85.865956 33.586037, -85.865611 33.586128)))",microsoft_us_building_footprints
ms-al-000104,Microsoft footprint AL #13,AL,,132270.53,31.7773407,-85.9418887,,commercial_industrial_unknown,unknown,"MULTIPOLYGON (((-85.942715 31.777228, -85.94227 31.777108, -85.942322 31.776967, -85.941642 31.776783, -85.941604 31.776887, -85.941331 31.776813, -85.941214 31.777127, -85.941382 31.777172, -85.941342 31.777279, -85.941126 31.777221, -85.941109 31.777266, -85.941042 31.777248, -85.940957 31.777476, -85.941227 31.777549, -85.941248 31.777493, -85.941343 31.777519, -85.941313 31.777599, -85.942044 31.777797, -85.942063 31.777746, -85.942203 31.777784, -85.942149 31.777928, -85.942332 31.777977, -85.942382 31.777843, -85.942476 31.777869, -85.942715 31.777228)))",microsoft_us_building_footprints
ms-al-000105,Microsoft footprint AL #14,AL,,225997.94,32.9336621,-85.9688319,,commercial_industrial_unknown,unknown,"MULTIPOLYGON (((-85.969811 32.93319, -85.969553 32.933144, -85.969517 32.933287, -85.969389 32.933264, -85.96944 32.933058, -85.967932 32.933398, -85.967992 32.933157, -85.967665 32.9331, -85.967522 32.933673, -85.967751 32.933713, -85.96772 32.93384, -85.96784 32.934215, -85.968335 32.934103, -85.968383 32.933912, -85.969241 32.934062, -85.969272 32.933939, -85.969349 32.933953, -85.969306 32.934126, -85.969522 32.934163, -85.969474 32.934357, -85.969864 32.934426, -85.969943 32.934109, -85.969731 32.9337, -85.969777 32.933689, -85.969769 32.933664, -85.969903 32.933634, -85.969987 32.933297, -85.969837 32.933271, -85.969811 32.93319)))",microsoft_us_building_footprints
ms-al-000106,Microsoft footprint AL #15,AL,,162617.5,33.9937403,-86.0936259,,commercial_industrial_unknown,unknown,"MULTIPOLYGON (((-86.094407 33.993203, -86.09423 33.993206, -86.094232 33.99326, -86.092982 33.993281, -86.092986 33.993414, -86.092869 33.993417, -86.09287 33.993449, -86.092654 33.993452, -86.092658 33.993603, -86.092977 33.993597, -86.092984 33.99388, -86.092714 33.993885, -86.092719 33.994062, -86.092736 33.994061, -86.09274 33.994218, -86.092994 33.994214, -86.092991 33.994128, -86.093209 33.994124, -86.093211 33.994217, -86.093329 33.994215, -86.09333 33.994249, -86.093444 33.994247, -86.093443 33.99422, -86.093942 33.994212, -86.093943 33.994253, -86.094061 33.994251, -86.09406 33.99422, -86.094221 33.994217, -86.094218 33.994106, -86.09443 33.994102, -86.094407 33.993203)))",microsoft_us_building_footprints
ms-al-000107,Microsoft footprint AL #16,AL,,316768.64,33.9992439,-86.1178598,,commercial_industrial_unknown,unknown,"MULTIPOLYGON (((-86.119057 33.998059, -86.117975 33.99879, -86.117955 33.998841, -86.117323 33.999258, -86.116952 33.999315, -86.11693 33.999292, -86.11692 33.999249, -86.116957 33.999244, -86.116953 33.999229, -86.116476 33.999303, -86.116512 33.999459, -86.116013 33.999537, -86.116157 34.000175, -86.117033 34.000039, -86.117034 34.000059, -86.117559 33.999977, -86.117551 33.999939, -86.11757 33.999936, -86.118047 33.999621, -86.118128 33.999705, -86.119664 33.998692, -86.119057 33.998059)))",microsoft_us_building_footprints
ms-al-000108,Microsoft footprint AL #17,AL,,120867.12,34.2712628,-86.1962109,,commercial_industrial_unknown,unknown,"MULTIPOLYGON (((-86.197104 34.271706, -86.196283 34.270816, -86.19628 34.270812, -86.196262 34.270793, -86.196207 34.270768, -86.196174 34.270817, -86.196036 34.270427, -86.195303 34.270888, -86.195581 34.271013, -86.195657 34.270966, -86.195773 34.271097, -86.195799 34.271172, -86.195837 34.271163, -86.195842 34.27117, -86.195955 34.271098, -86.19601 34.271252, -86.195889 34.271329, -86.195878 34.271297, -86.195793 34.271318, -86.195847 34.271342, -86.195789 34.271378, -86.195829 34.271396, -86.195924 34.271499, -86.19581 34.271672, -86.196122 34.271813, -86.196095 34.27183, -86.196186 34.271929, -86.197104 34.271706)))",microsoft_us_building_footprints
ms-al-000109,Microsoft footprint AL #18,AL,,183304.52,32.9125250,-86.2125062,,commercial_industrial_unknown,unknown,"MULTIPOLYGON (((-86.21189 32.913528, -86.212632 32.913632, -86.212783 32.912874, -86.212867 32.912885, -86.212921 32.912615, -86.2129 32.912612, -86.21311 32.911556, -86.212674 32.911495, -86.212695 32.911389, -86.212481 32.911359, -86.212465 32.911442, -86.212396 32.911432, -86.212386 32.911481, -86.212327 32.911473, -86.212312 32.911551, -86.212342 32.911555, -86.212141 32.912566, -86.212078 32.912557, -86.21206 32.912646, -86.212066 32.912647, -86.21189 32.913528)))",microsoft_us_building_footprints
ms-al-000110,Microsoft footprint AL #19,AL,,155014.23,34.2918612,-86.2214179,,commercial_industrial_unknown,unknown,"MULTIPOLYGON (((-86.221965 34.291343, -86.221129 34.291347, -86.221129 34.291442, -86.221104 34.291442, -86.2211 34.291005, -86.220592 34.291007, -86.220599 34.291825, -86.221427 34.291821, -86.221429 34.292021, -86.221408 34.292021, -86.221409 34.292166, -86.221437 34.292166, -86.221442 34.292851, -86.222009 34.292848, -86.22201 34.292908, -86.222257 34.292906, -86.222255 34.292679, -86.221904 34.292681, -86.221903 34.292653, -86.221844 34.292653, -86.221843 34.292442, -86.221974 34.292442, -86.221965 34.291343)))",microsoft_us_building_footprints
ms-al-000111,Microsoft footprint AL #20,AL,,141761.03,32.3784159,-86.2973249,,commercial_industrial_unknown,unknown,"MULTIPOLYGON (((-86.298037 32.378943, -86.298017 32.378643, -86.298031 32.378625, -86.29801 32.378314, -86.29769 32.37833, -86.297685 32.37826, -86.297607 32.378263, -86.297612 32.37834, -86.297547 32.378301, -86.297502 32.378303, -86.297498 32.378253, -86.297543 32.378199, -86.297588 32.378197, -86.297603 32.378179, -86.297543 32.378144, -86.297514 32.378145, -86.297508 32.378153, -86.297485 32.377821, -86.297547 32.377818, -86.297549 32.377857, -86.297727 32.377848, -86.297716 32.377694, -86.296842 32.377736, -86.296859 32.37798, -86.296758 32.377985, -86.296752 32.377992, -86.29682 32.379003, -86.29685 32.379021, -86.296867 32.379, -86.298037 32.378943)))",microsoft_us_building_footprints
ms-al-000112,Microsoft footprint AL #21,AL,,151348.89,32.4142489,-86.3049615,,commercial_industrial_unknown,unknown,"MULTIPOLYGON (((-86.304374 32.413628, -86.304417 32.414776, -86.304355 32.414777, -86.304359 32.414886, -86.304488 32.414882, -86.304485 32.414821, -86.305769 32.414788, -86.305757 32.414464, -86.305439 32.414473, -86.305407 32.413601, -86.304374 32.413628)))",microsoft_us_building_footprints
ms-al-000113,Microsoft footprint AL #22,AL,,149725.01,33.1649108,-86.3047359,,commercial_industrial_unknown,unknown,"MULTIPOLYGON (((-86.305188 33.164747, -86.305029 33.164504, -86.305029 33.164501, -86.304982 33.164522, -86.304779 33.164212, -86.304577 33.16409, -86.304561 33.164108, -86.303828 33.164074, -86.304449 33.165023, -86.304314 33.16518, -86.304893 33.165529, -86.304747 33.165895, -86.305094 33.165991, -86.305464 33.165821, -86.305288 33.165554, -86.305183 33.165524, -86.304931 33.165372, -86.304972 33.165325, -86.304676 33.165147, -86.304854 33.16494, -86.304845 33.16508, -86.304905 33.165264, -86.304949 33.165152, -86.305116 33.165407, -86.305417 33.165057, -86.305254 33.165012, -86.305274 33.164707, -86.305188 33.164747)))",microsoft_us_building_footprints
ms-al-000114,Microsoft footprint AL #23,AL,,128518.33,32.2832339,-86.3126239,,commercial_industrial_unknown,unknown,"MULTIPOLYGON (((-86.313102 32.283855, -86.313078 32.2826, -86.312812 32.282604, -86.312814 32.282689, -86.312401 32.282695, -86.312397 32.282483, -86.31216 32.282486, -86.312187 32.283868, -86.313102 32.283855)))",microsoft_us_building_footprints
ms-al-000115,Microsoft footprint AL #24,AL,,112138.73,32.2640112,-86.3642511,,commercial_industrial_unknown,unknown,"MULTIPOLYGON (((-86.3642 32.263343, -86.363744 32.263942, -86.363853 32.264, -86.363682 32.264225, -86.363604 32.264183, -86.363578 32.264218, -86.363517 32.264185, -86.363451 32.264272, -86.363824 32.264475, -86.363783 32.264528, -86.363856 32.264567, -86.363881 32.264535, -86.364243 32.264732, -86.364302 32.264655, -86.364182 32.26459, -86.364438 32.264253, -86.364598 32.26434, -86.365018 32.263788, -86.3642 32.263343)))",microsoft_us_building_footprints
ms-al-000116,Microsoft footprint AL #25,AL,,118951.64,32.4571267,-86.3996346,,commercial_industrial_unknown,unknown,"MULTIPOLYGON (((-86.398897 32.456764, -86.398897 32.457458, -86.399046 32.457458, -86.399046 32.457565, -86.39927 32.457565, -86.39927 32.457461, -86.400213 32.457461, -86.400213 32.457414, -86.4006 32.457414, -86.4006 32.457302, -86.40037 32.457302, -86.40037 32.456909, -86.40032 32.456909, -86.40032 32.456764, -86.398897 32.456764)))",microsoft_us_building_footprints
ms-al-000117,Microsoft footprint AL #26,AL,,167449.46,32.1999715,-86.4396155,,commercial_industrial_unknown,unknown,"MULTIPOLYGON (((-86.438908 32.19951, -86.438931 32.200628, -86.439801 32.200616, -86.439793 32.200201, -86.440353 32.200193, -86.440353 32.200204, -86.44044 32.200203, -86.440428 32.199588, -86.440413 32.199588, -86.44041 32.199397, -86.440108 32.199401, -86.440107 32.199362, -86.439986 32.199364, -86.439987 32.199404, -86.439801 32.199406, -86.439803 32.199497, -86.438908 32.19951)))",microsoft_us_building_footprints
ms-al-000118,Microsoft footprint AL #27,AL,,120580.11,34.7933050,-86.4882158,,commercial_industrial_unknown,unknown,"MULTIPOLYGON (((-86.488735 34.793868, -86.488735 34.793742, -86.48883 34.793742, -86.48883 34.793524, -86.488774 34.793524, -86.488773 34.792766, -86.488728 34.792766, -86.488728 34.792654, -86.488604 34.792654, -86.488617 34.792638, -86.488295 34.792638, -86.488295 34.793009, -86.48766 34.793009, -86.48766 34.792932, -86.487561 34.792932, -86.487561 34.793078, -86.487657 34.793078, -86.487657 34.793095, -86.487347 34.793201, -86.487347 34.793382, -86.487639 34.793382, -86.487639 34.793794, -86.487575 34.793794, -86.487575 34.793844, -86.487736 34.79393, -86.487736 34.794, -86.487802 34.794, -86.487802 34.793911, -86.487893 34.793911, -86.487893 34.793505, -86.488301 34.793505, -86.488301 34.793868, -86.488735 34.793868)))",microsoft_us_building_footprints
ms-al-000119,Microsoft footprint AL #28,AL,,111008.02,31.2958572,-86.4946150,,commercial_industrial_unknown,unknown,"MULTIPOLYGON (((-86.494053 31.295419, -86.49404 31.295913, -86.494019 31.295912, -86.494018 31.295942, -86.493937 31.29594, -86.493935 31.296045, -86.493874 31.296044, -86.493873 31.296101, -86.493941 31.296102, -86.49394 31.296132, -86.494072 31.296135, -86.494069 31.296249, -86.494854 31.296264, -86.494855 31.296251, -86.495009 31.296254, -86.49501 31.296201, -86.49536 31.296208, -86.495363 31.296109, -86.495229 31.296107, -86.495236 31.295836, -86.495265 31.295836, -86.495271 31.295603, -86.495051 31.295598, -86.495052 31.295551, -86.495083 31.295552, -86.495086 31.295455, -86.49458 31.295445, -86.494581 31.295429, -86.494053 31.295419)))",microsoft_us_building_footprints
ms-al-000120,Microsoft footprint AL #29,AL,,163515.65,32.3088501,-86.5173689,,commercial_industrial_unknown,unknown,"MULTIPOLYGON (((-86.51639 32.309177, -86.517593 32.309197, -86.517603 32.309234, -86.517681 32.309235, -86.51768 32.30931, -86.51814 32.309317, -86.518142 32.309204, -86.518487 32.30921, -86.518488 32.309156, -86.518544 32.309144, -86.518503 32.309005, -86.51869 32.309008, -86.518719 32.309106, -86.518958 32.30911, -86.518962 32.308959, -86.518567 32.308953, -86.518521 32.308794, -86.517696 32.308781, -86.517701 32.308535, -86.517486 32.308531, -86.517482 32.308696, -86.517333 32.308693, -86.517335 32.308587, -86.517314 32.308606, -86.51732 32.308312, -86.516398 32.308297, -86.516387 32.308789, -86.516549 32.308924, -86.516515 32.309056, -86.516451 32.30911, -86.516392 32.309109, -86.51639 32.309177)))",microsoft_us_building_footprints
ms-al-000121,Microsoft footprint AL #30,AL,,1303221.08,34.7785976,-86.5411302,,commercial_industrial_unknown,unknown,"MULTIPOLYGON (((-86.542561 34.776738, -86.540289 34.776726, -86.54029 34.776592, -86.540108 34.776591, -86.540282 34.776272, -86.540119 34.776271, -86.54012 34.776139, -86.539412 34.776136, -86.539411 34.776268, -86.53927 34.776267, -86.539269 34.776443, -86.539409 34.776444, -86.539408 34.776587, -86.539169 34.776586, -86.539157 34.778183, -86.539243 34.778184, -86.539243 34.778198, -86.540283 34.778203, -86.540283 34.778279, -86.540379 34.77828, -86.540357 34.781148, -86.542519 34.781159, -86.54252 34.780951, -86.542344 34.780886, -86.542345 34.780766, -86.542537 34.780581, -86.542562 34.777384, -86.542618 34.777384, -86.542758 34.777127, -86.542558 34.777126, -86.542561 34.776738)))",microsoft_us_building_footprints
ms-al-000122,Microsoft footprint AL #31,AL,,136465.46,34.8429723,-86.6409917,,commercial_industrial_unknown,unknown,"MULTIPOLYGON (((-86.640617 34.843742, -86.641063 34.84374, -86.641063 34.843811, -86.641215 34.843811, -86.641214 34.843742, -86.641362 34.843742, -86.641357 34.843043, -86.641532 34.843042, -86.641531 34.842898, -86.641534 34.842898, -86.641534 34.842768, -86.641364 34.842769, -86.64136 34.842212, -86.641183 34.842213, -86.641182 34.842141, -86.64104 34.842142, -86.641041 34.842211, -86.640618 34.842213, -86.640622 34.842767, -86.640449 34.842768, -86.640451 34.843043, -86.640613 34.843042, -86.640617 34.843742)))",microsoft_us_building_footprints
ms-al-000123,Microsoft footprint AL #32,AL,,186218.09,34.7249622,-86.6485649,,commercial_industrial_unknown,unknown,"MULTIPOLYGON (((-86.647797 34.725537, -86.648977 34.725551, -86.64898 34.725409, -86.649361 34.725375, -86.649365 34.72515, -86.649352 34.72515, -86.649353 34.725096, -86.649252 34.725095, -86.649253 34.725015, -86.649352 34.725017, -86.649357 34.724708, -86.649491 34.72471, -86.649494 34.72455, -86.649356 34.724549, -86.649358 34.724436, -86.648952 34.724431, -86.648953 34.724389, -86.648762 34.724387, -86.648761 34.72444, -86.6483 34.724434, -86.64811 34.724346, -86.648053 34.724345, -86.647937 34.724514, -86.647787 34.724512, -86.647784 34.724676, -86.647706 34.724675, -86.647705 34.724732, -86.647766 34.724733, -86.647764 34.724831, -86.64781 34.724832, -86.647797 34.725537)))",microsoft_us_building_footprints
ms-al-000124,Microsoft footprint AL #33,AL,,131112.4,34.7434282,-86.6804930,,commercial_industrial_unknown,unknown,"MULTIPOLYGON (((-86.680739 34.742476, -86.679491 34.742516, -86.679504 34.742788, -86.680315 34.742763, -86.680308 34.742611, -86.680405 34.742608, -86.680424 34.743027, -86.680364 34.743029, -86.680375 34.743263, -86.680569 34.743257, -86.680582 34.743519, -86.680413 34.743524, -86.680422 34.743716, -86.680315 34.743719, -86.68032 34.743823, -86.680419 34.743819, -86.680421 34.743859, -86.680305 34.743863, -86.68032 34.744173, -86.680216 34.744176, -86.680221 34.744282, -86.680328 34.744279, -86.680337 34.744466, -86.680503 34.74446, -86.680505 34.744509, -86.680952 34.744494, -86.680894 34.743255, -86.68088 34.743256, -86.680869 34.743023, -86.680765 34.743026, -86.680739 34.742476)))",microsoft_us_building_footprints
ms-al-000125,Microsoft footprint AL #34,AL,,208867.57,34.7488849,-86.7566437,,commercial_industrial_unknown,unknown,"MULTIPOLYGON (((-86.755563 34.748392, -86.755544 34.748892, -86.755409 34.748888, -86.75541 34.748877, -86.754888 34.748864, -86.754877 34.749152, -86.75578 34.749176, -86.755778 34.749222, -86.755931 34.749226, -86.755934 34.749147, -86.757164 34.749178, -86.757162 34.749227, -86.758438 34.749259, -86.758438 34.749246, -86.758521 34.749248, -86.758543 34.748685, -86.758462 34.748683, -86.758459 34.748764, -86.758323 34.748761, -86.758319 34.748869, -86.758069 34.748863, -86.758066 34.748939, -86.7576 34.748927, -86.757603 34.74885, -86.757351 34.748844, -86.757353 34.748802, -86.757318 34.748801, -86.757313 34.748942, -86.757168 34.748938, -86.757183 34.748542, -86.757041 34.748538, -86.757045 34.74843, -86.755563 34.748392)))",microsoft_us_building_footprints
ms-al-000126,Microsoft footprint AL #35,AL,,116906.97,33.2043906,-86.7835282,,commercial_industrial_unknown,unknown,"MULTIPOLYGON (((-86.782857 33.203981, -86.782975 33.204464, -86.782944 33.20447, -86.782963 33.204544, -86.783014 33.204535, -86.783108 33.204918, -86.783543 33.204844, -86.783573 33.204965, -86.783959 33.204899, -86.783874 33.20455, -86.783964 33.204535, -86.784013 33.204737, -86.784181 33.204708, -86.784103 33.204391, -86.784208 33.204373, -86.78413 33.204054, -86.783164 33.20422, -86.783151 33.204169, -86.78387 33.204046, -86.783814 33.203816, -86.782857 33.203981)))",microsoft_us_building_footprints
ms-al-000127,Microsoft footprint AL #36,AL,,131281.86,34.7896188,-86.7839017,,commercial_industrial_unknown,unknown,"MULTIPOLYGON (((-86.784603 34.790089, -86.784604 34.789873, -86.784433 34.789873, -86.784436 34.789332, -86.784609 34.789332, -86.78461 34.789114, -86.78442 34.789114, -86.78442 34.788984, -86.784107 34.788983, -86.784107 34.788998, -86.783987 34.788998, -86.783985 34.789354, -86.783578 34.789352, -86.783579 34.789081, -86.783379 34.789081, -86.783225 34.789413, -86.78334 34.789413, -86.78334 34.789471, -86.783099 34.789471, -86.782987 34.789714, -86.783318 34.789715, -86.783316 34.790248, -86.783407 34.790248, -86.783407 34.790335, -86.783476 34.790335, -86.783477 34.790249, -86.783569 34.790249, -86.783571 34.789845, -86.78398 34.789846, -86.783979 34.790202, -86.784099 34.790202, -86.784099 34.790253, -86.784603 34.790089)))",microsoft_us_building_footprints
ms-al-000128,Microsoft footprint AL #37,AL,,195254.91,34.6599350,-86.7855356,,commercial_industrial_unknown,unknown,"MULTIPOLYGON (((-86.785905 34.65877, -86.785232 34.658764, -86.785225 34.659267, -86.784901 34.659264, -86.784896 34.659627, -86.785213 34.65963, -86.785192 34.661109, -86.785872 34.661115, -86.785876 34.66084, -86.785978 34.660841, -86.785983 34.660505, -86.786077 34.660506, -86.78608 34.660279, -86.785884 34.660277, -86.785905 34.65877)))",microsoft_us_building_footprints
ms-al-000129,Microsoft footprint AL #38,AL,,111809.13,33.3518193,-86.7898195,,commercial_industrial_unknown,unknown,"MULTIPOLYGON (((-86.789491 33.352579, -86.790155 33.352576, -86.790148 33.35106, -86.789484 33.351062, -86.789491 33.352579)))",microsoft_us_building_footprints
ms-al-000130,Microsoft footprint AL #39,AL,,169522.13,33.4529245,-86.8217551,,commercial_industrial_unknown,unknown,"MULTIPOLYGON (((-86.821984 33.453129, -86.822262 33.453353, -86.822212 33.453396, -86.822197 33.45342, -86.822483 33.45365, -86.822697 33.453465, -86.822419 33.45324, -86.822696 33.453, -86.822406 33.452767, -86.822354 33.452743, -86.822414 33.452652, -86.82247 33.452604, -86.822481 33.452587, -86.821978 33.452182, -86.82146 33.452629, -86.821351 33.452542, -86.821326 33.452564, -86.821288 33.452534, -86.821221 33.452592, -86.821077 33.452477, -86.820655 33.452842, -86.821038 33.45315, -86.821023 33.453173, -86.821104 33.453238, -86.821223 33.453136, -86.821317 33.453211, -86.821311 33.45322, -86.82114 33.453369, -86.821414 33.453589, -86.821439 33.453601, -86.821984 33.453129)))",microsoft_us_building_footprints
ms-al-000131,Microsoft footprint AL #40,AL,,161141.27,33.4491749,-86.8266769,,commercial_industrial_unknown,unknown,"MULTIPOLYGON (((-86.825357 33.449694, -86.82586 33.450263, -86.826187 33.450062, -86.826016 33.449869, -86.82633 33.449677, -86.826241 33.449577, -86.826448 33.44945, -86.826355 33.449344, -86.826658 33.449158, -86.826871 33.4494, -86.827068 33.449279, -86.827123 33.449342, -86.827214 33.449286, -86.827187 33.449257, -86.827306 33.449184, -86.827267 33.449141, -86.827479 33.449011, -86.827398 33.448918, -86.827455 33.448883, -86.827538 33.448977, -86.827937 33.448732, -86.827735 33.448503, -86.827855 33.448429, -86.827652 33.448199, -86.82724 33.448452, -86.827258 33.448473, -86.827055 33.448598, -86.827019 33.448558, -86.826514 33.448868, -86.82658 33.448943, -86.825357 33.449694)))",microsoft_us_building_footprints
ms-al-000132,Microsoft footprint AL #41,AL,,109618.18,33.5636545,-86.8409187,,commercial_industrial_unknown,unknown,"MULTIPOLYGON (((-86.840139 33.563466, -86.840362 33.564155, -86.841655 33.563865, -86.841589 33.563663, -86.841629 33.563654, -86.841526 33.563335, -86.841599 33.563319, -86.841544 33.56315, -86.841399 33.563183, -86.841399 33.563183, -86.840139 33.563466)))",microsoft_us_building_footprints
ms-al-000133,Microsoft footprint AL #42,AL,,115954.29,33.4545410,-86.8410233,,commercial_industrial_unknown,unknown,"MULTIPOLYGON (((-86.841595 33.454091, -86.841328 33.454097, -86.841327 33.454075, -86.841113 33.45408, -86.841114 33.454103, -86.840532 33.454117, -86.840534 33.454178, -86.840324 33.454183, -86.840336 33.454561, -86.840553 33.454556, -86.840571 33.455089, -86.840824 33.455083, -86.840822 33.454996, -86.841624 33.454977, -86.841595 33.454091)))",microsoft_us_building_footprints
ms-al-000134,Microsoft footprint AL #43,AL,,210989.83,34.1323084,-86.8501399,,commercial_industrial_unknown,unknown,"MULTIPOLYGON (((-86.848946 34.131538, -86.848945 34.1323, -86.850014 34.132301, -86.850013 34.132539, -86.849921 34.132538, -86.849921 34.13275, -86.849953 34.13275, -86.849953 34.132833, -86.850017 34.132833, -86.850017 34.133069, -86.85032 34.13307, -86.85032 34.132987, -86.851414 34.132989, -86.851415 34.132337, -86.851337 34.132337, -86.851337 34.132402, -86.851254 34.132402, -86.851254 34.132376, -86.851219 34.132376, -86.85122 34.132291, -86.850954 34.132291, -86.850954 34.132231, -86.850876 34.132231, -86.850876 34.132289, -86.85046 34.132288, -86.85046 34.132417, -86.850205 34.132417, -86.850206 34.132235, -86.850284 34.132235, -86.850284 34.131839, -86.850021 34.131839, -86.850022 34.131539, -86.848946 34.131538)))",microsoft_us_building_footprints
ms-al-000135,Microsoft footprint AL #44,AL,,112446.84,34.1300612,-86.8496720,,commercial_industrial_unknown,unknown,"MULTIPOLYGON (((-86.849315 34.129413, -86.849298 34.129935, -86.849183 34.129932, -86.849181 34.129986, -86.849296 34.129988, -86.849294 34.130051, -86.849202 34.130049, -86.849193 34.130329, -86.84929 34.130331, -86.849279 34.130666, -86.84956 34.130672, -86.849557 34.130794, -86.84963 34.130796, -86.849634 34.130673, -86.849961 34.13068, -86.849958 34.130778, -86.850028 34.13078, -86.850031 34.130682, -86.850051 34.130683, -86.850072 34.130016, -86.850127 34.130017, -86.85013 34.129933, -86.850071 34.129932, -86.850087 34.12943, -86.849315 34.129413)))",microsoft_us_building_footprints
ms-al-000136,Microsoft footprint AL #45,AL,,113150.98,33.4438685,-86.8496000,,commercial_industrial_unknown,unknown,"MULTIPOLYGON (((-86.850429 33.443575, -86.84879 33.44354, -86.848771 33.444162, -86.85041 33.444197, -86.850429 33.443575)))",microsoft_us_building_footprints
ms-al-000137,Microsoft footprint AL #46,AL,,116251.74,34.2008858,-86.8509516,,commercial_industrial_unknown,unknown,"MULTIPOLYGON (((-86.850423 34.201411, -86.850793 34.201407, -86.850793 34.201405, -86.850864 34.201404, -86.850865 34.201485, -86.851065 34.201483, -86.851064 34.201447, -86.851121 34.201447, -86.85112 34.201399, -86.851412 34.201396, -86.851406 34.200963, -86.851414 34.200963, -86.851406 34.200458, -86.851599 34.200456, -86.851596 34.200265, -86.851223 34.200269, -86.851225 34.200405, -86.850972 34.200408, -86.850971 34.200371, -86.850588 34.200375, -86.850589 34.200477, -86.850524 34.200478, -86.850524 34.200522, -86.850587 34.200522, -86.850588 34.200575, -86.85041 34.200577, -86.850423 34.201411)))",microsoft_us_building_footprints
ms-al-000138,Microsoft footprint AL #47,AL,,115098.97,33.2920817,-86.8666266,,commercial_industrial_unknown,unknown,"MULTIPOLYGON (((-86.867303 33.291268, -86.867107 33.291412, -86.867233 33.291533, -86.867081 33.291644, -86.86696 33.291529, -86.866772 33.291666, -86.8669 33.291788, -86.866766 33.291886, -86.866644 33.291769, -86.866454 33.291908, -86.866583 33.292031, -86.866448 33.29213, -86.866166 33.291861, -86.865781 33.292143, -86.866072 33.292421, -86.865938 33.292519, -86.865816 33.292402, -86.865626 33.292541, -86.866047 33.292943, -86.866243 33.292799, -86.866127 33.292689, -86.866781 33.29221, -86.86688 33.292305, -86.867069 33.292167, -86.86694 33.292044, -86.867075 33.291945, -86.867198 33.292063, -86.867387 33.291925, -86.867258 33.291802, -86.867409 33.291691, -86.867593 33.291866, -86.867783 33.291726, -86.867303 33.291268)))",microsoft_us_building_footprints
ms-al-000139,Microsoft footprint AL #48,AL,,107129.86,33.5424488,-86.8922434,,commercial_industrial_unknown,unknown,"MULTIPOLYGON (((-86.891633 33.541971, -86.8916 33.542662, -86.891754 33.542667, -86.891755 33.542635, -86.891819 33.542637, -86.891818 33.542667, -86.891944 33.542671, -86.891935 33.542868, -86.892312 33.54288, -86.892306 33.543021, -86.892399 33.543024, -86.892398 33.543043, -86.892478 33.543045, -86.892479 33.543025, -86.892571 33.543028, -86.892576 33.542917, -86.892924 33.542928, -86.892928 33.542844, -86.892947 33.542845, -86.89295 33.542788, -86.892927 33.542788, -86.892931 33.542705, -86.89258 33.542693, -86.892601 33.542255, -86.892944 33.542266, -86.892948 33.542182, -86.892966 33.542183, -86.892969 33.54212, -86.892949 33.54212, -86.892952 33.542048, -86.891809 33.542011, -86.89181 33.541977, -86.891633 33.541971)))",microsoft_us_building_footprints
ms-al-000140,Microsoft footprint AL #49,AL,,155743.85,33.4998772,-86.9115673,,commercial_industrial_unknown,unknown,"MULTIPOLYGON (((-86.91067 33.499919, -86.912031 33.500588, -86.912137 33.500437, -86.912159 33.500448, -86.912556 33.499886, -86.911208 33.499223, -86.911132 33.499332, -86.910945 33.49924, -86.910645 33.499665, -86.910797 33.49974, -86.91067 33.499919)))",microsoft_us_building_footprints
ms-al-000141,Microsoft footprint AL #50,AL,,166120.7,34.5601257,-86.9761173,,commercial_industrial_unknown,unknown,"MULTIPOLYGON (((-86.974863 34.560382, -86.975547 34.560393, -86.975546 34.560431, -86.975798 34.560435, -86.975799 34.560397, -86.976078 34.560401, -86.976077 34.560423, -86.977568 34.560447, -86.977573 34.560233, -86.977383 34.56023, -86.977388 34.559983, -86.977067 34.559978, -86.977069 34.559878, -86.976718 34.559873, -86.97672 34.559773, -86.976484 34.559769, -86.976482 34.559867, -86.976096 34.559861, -86.976097 34.559788, -86.975022 34.559771, -86.975022 34.559773, -86.974877 34.559771, -86.974863 34.560382)))",microsoft_us_building_footprints
ms-al-000142,Microsoft footprint AL #51,AL,,142537.52,33.3708866,-86.9996024,,commercial_industrial_unknown,unknown,"MULTIPOLYGON (((-86.999447 33.37086, -87.000647 33.370437, -87.000532 33.370209, -87.000505 33.370218, -87.000485 33.37018, -87.000269 33.370256, -87.000102 33.369926, -86.999999 33.369962, -86.99998 33.369924, -86.999882 33.369958, -86.999906 33.370006, -86.999868 33.370019, -87.000038 33.370356, -86.999794 33.370442, -86.99962 33.370097, -86.99942 33.370168, -86.999434 33.370197, -86.999395 33.37021, -86.99956 33.370535, -86.999316 33.370621, -86.999147 33.370288, -86.998947 33.370358, -86.998962 33.370388, -86.998923 33.370401, -86.999097 33.370745, -86.998985 33.370785, -86.999254 33.371317, -86.998995 33.371409, -86.999281 33.371975, -86.999618 33.371857, -86.9996 33.371821, -86.999882 33.371721, -86.999447 33.37086)))",microsoft_us_building_footprints
ms-al-000143,Microsoft footprint AL #52,AL,,121744.37,33.3393851,-87.0043643,,commercial_industrial_unknown,unknown,"MULTIPOLYGON (((-87.00347 33.339875, -87.00357 33.339943, -87.003612 33.339899, -87.004091 33.340225, -87.004614 33.339688, -87.004422 33.339558, -87.004544 33.339432, -87.004612 33.339478, -87.004761 33.339324, -87.004747 33.339315, -87.004953 33.339103, -87.004922 33.339082, -87.005019 33.338982, -87.005102 33.339038, -87.005188 33.338949, -87.005111 33.338896, -87.005237 33.338767, -87.004998 33.338604, -87.004969 33.338634, -87.004794 33.338515, -87.00347 33.339875)))",microsoft_us_building_footprints
ms-al-000144,Microsoft footprint AL #53,AL,,383746.7,33.3163875,-87.0309810,,commercial_industrial_unknown,unknown,"MULTIPOLYGON (((-87.029397 33.315782, -87.031648 33.317733, -87.032565 33.316994, -87.030315 33.315042, -87.029397 33.315782)))",microsoft_us_building_footprints
ms-al-000145,Microsoft footprint AL #54,AL,,589498.73,34.6447379,-87.0464532,,commercial_industrial_unknown,unknown,"MULTIPOLYGON (((-87.044977 34.645608, -87.04714 34.645567, -87.047498 34.646063, -87.047666 34.64606, -87.047928 34.645588, -87.048193 34.645583, -87.048142 34.643789, -87.047867 34.643923, -87.047864 34.643829, -87.047427 34.643838, -87.047423 34.643703, -87.047179 34.643708, -87.047186 34.643964, -87.047414 34.644049, -87.047266 34.644122, -87.047179 34.644089, -87.047185 34.644302, -87.047586 34.644453, -87.047247 34.644619, -87.047502 34.644973, -87.046564 34.644991, -87.046564 34.644995, -87.046486 34.644997, -87.046348 34.644104, -87.046903 34.644093, -87.046902 34.644037, -87.046641 34.643676, -87.044808 34.643712, -87.044852 34.645258, -87.044967 34.645255, -87.044977 34.645608)))",microsoft_us_building_footprints
ms-al-000146,Microsoft footprint AL #55,AL,,131740.78,31.1373121,-87.0672094,,commercial_industrial_unknown,unknown,"MULTIPOLYGON (((-87.066769 31.138025, -87.067134 31.138024, -87.067134 31.138101, -87.06755 31.138101, -87.067549 31.137267, -87.067586 31.137267, -87.067586 31.137079, -87.067534 31.137079, -87.067534 31.136953, -87.067633 31.136953, -87.067632 31.136474, -87.06703 31.136475, -87.067031 31.136965, -87.066768 31.136965, -87.066769 31.138025)))",microsoft_us_building_footprints
ms-al-000147,Microsoft footprint AL #56,AL,,153022.06,34.6031539,-87.0686772,,commercial_industrial_unknown,unknown,"MULTIPOLYGON (((-87.068995 34.60198, -87.06833 34.601976, -87.068325 34.602532, -87.06862 34.602534, -87.068617 34.602803, -87.068317 34.602801, -87.068312 34.603355, -87.068604 34.603357, -87.068602 34.60363, -87.068303 34.603628, -87.068298 34.604183, -87.068621 34.604185, -87.06862 34.604269, -87.068558 34.604269, -87.068557 34.604406, -87.0689 34.604408, -87.068902 34.604271, -87.06899 34.604271, -87.068991 34.604183, -87.068975 34.604183, -87.068995 34.60198)))",microsoft_us_building_footprints
ms-al-000148,Microsoft footprint AL #57,AL,,234085.14,34.6448306,-87.0712222,,commercial_industrial_unknown,unknown,"MULTIPOLYGON (((-87.071554 34.643747, -87.07072 34.643751, -87.070722 34.644068, -87.070773 34.644067, -87.070775 34.644332, -87.070713 34.644332, -87.070714 34.644505, -87.070639 34.644505, -87.070639 34.644503, -87.070587 34.644503, -87.070594 34.645485, -87.070828 34.645484, -87.07083 34.645676, -87.071078 34.645675, -87.071078 34.645758, -87.071093 34.645758, -87.071094 34.645822, -87.071555 34.64582, -87.071554 34.645686, -87.071897 34.645684, -87.07189 34.644595, -87.07156 34.644597, -87.071554 34.643747)))",microsoft_us_building_footprints
ms-al-000149,Microsoft footprint AL #58,AL,,127524.32,33.2079445,-87.2643819,,commercial_industrial_unknown,unknown,"MULTIPOLYGON (((-87.265195 33.20814, -87.264582 33.207618, -87.264528 33.207634, -87.264462 33.207578, -87.264509 33.20754, -87.264594 33.207612, -87.264777 33.207557, -87.264709 33.207399, -87.264758 33.207359, -87.264675 33.207288, -87.264641 33.207316, -87.264627 33.207305, -87.264605 33.207323, -87.264415 33.207381, -87.264392 33.207399, -87.264434 33.207497, -87.264471 33.207528, -87.264415 33.207544, -87.264321 33.207465, -87.264276 33.207502, -87.264087 33.207341, -87.263668 33.207685, -87.263648 33.207668, -87.263452 33.20783, -87.26381 33.208134, -87.263926 33.208039, -87.264592 33.208606, -87.264618 33.208599, -87.264746 33.208493, -87.264846 33.208577, -87.265106 33.208363, -87.265016 33.208287, -87.265195 33.20814)))",microsoft_us_building_footprints
ms-al-000150,Microsoft footprint AL #59,AL,,148895.08,31.4942652,-87.3692060,,commercial_industrial_unknown,unknown,"MULTIPOLYGON (((-87.368554 31.493699, -87.368585 31.494626, -87.369103 31.494613, -87.369106 31.4947, -87.369151 31.494699, -87.369153 31.494747, -87.369244 31.494744, -87.36925 31.494929, -87.369339 31.494927, -87.369351 31.495286, -87.36945 31.495284, -87.369451 31.495306, -87.369515 31.495305, -87.369512 31.49522, -87.369634 31.495217, -87.369631 31.495127, -87.369595 31.495128, -87.369586 31.494875, -87.369522 31.494877, -87.369515 31.49468, -87.369614 31.494678, -87.369612 31.494619, -87.36978 31.494614, -87.369748 31.493669, -87.368554 31.493699)))",microsoft_us_building_footprints
ms-al-000151,Microsoft footprint AL #60,AL,,125012.42,33.1813015,-87.4438615,,commercial_industrial_unknown,unknown,"MULTIPOLYGON (((-87.443414 33.180648, -87.443465 33.181978, -87.444309 33.181955, -87.444258 33.180625, -87.443414 33.180648)))",microsoft_us_building_footprints
ms-al-000152,Microsoft footprint AL #61,AL,,133368.51,33.1604647,-87.4537343,,commercial_industrial_unknown,unknown,"MULTIPOLYGON (((-87.45402 33.159915, -87.453509 33.159792, -87.453327 33.159851, -87.45308 33.159871, -87.45314 33.160383, -87.453394 33.160363, -87.453366 33.160122, -87.45345 33.160116, -87.453476 33.160339, -87.45358 33.160364, -87.453482 33.160651, -87.453435 33.160655, -87.453409 33.160432, -87.453162 33.160453, -87.453222 33.160965, -87.453477 33.160944, -87.453448 33.160702, -87.453531 33.160695, -87.453583 33.161145, -87.453696 33.161172, -87.454039 33.161144, -87.454276 33.160932, -87.454253 33.160738, -87.454081 33.160752, -87.454067 33.160639, -87.45456 33.160598, -87.454529 33.160331, -87.454114 33.160365, -87.454139 33.160574, -87.453989 33.160538, -87.454163 33.160027, -87.45402 33.159915)))",microsoft_us_building_footprints
ms-al-000153,Microsoft footprint AL #62,AL,,197837.91,31.1027064,-87.4828592,,commercial_industrial_unknown,unknown,"MULTIPOLYGON (((-87.483083 31.101737, -87.48269 31.102076, -87.482528 31.102001, -87.482082 31.102153, -87.4824 31.102424, -87.482341 31.102517, -87.482124 31.102525, -87.482132 31.102666, -87.482275 31.10266, -87.482289 31.102929, -87.482599 31.103192, -87.48216 31.103571, -87.482344 31.103727, -87.482503 31.103589, -87.482459 31.103494, -87.482651 31.103583, -87.482856 31.103406, -87.482866 31.103609, -87.483083 31.103601, -87.483071 31.103371, -87.483008 31.103341, -87.483021 31.103321, -87.483202 31.103314, -87.483365 31.103173, -87.483474 31.103265, -87.483549 31.1032, -87.483529 31.102826, -87.483636 31.10279, -87.483601 31.102714, -87.483416 31.102721, -87.483163 31.102507, -87.483573 31.102153, -87.483083 31.101737)))",microsoft_us_building_footprints
ms-al-000154,Microsoft footprint AL #63,AL,,100518.11,33.1488544,-87.5324125,,commercial_industrial_unknown,unknown,"MULTIPOLYGON (((-87.533024 33.149795, -87.532432 33.14833, -87.532454 33.148324, -87.532388 33.148161, -87.532308 33.148183, -87.532141 33.147769, -87.531792 33.147868, -87.532617 33.14991, -87.533024 33.149795)))",microsoft_us_building_footprints
ms-al-000155,Microsoft footprint AL #64,AL,,124283.04,34.8390959,-87.6293281,,commercial_industrial_unknown,unknown,"MULTIPOLYGON (((-87.628584 34.839445, -87.630057 34.839454, -87.630058 34.839309, -87.630115 34.839309, -87.630117 34.839059, -87.63033 34.83906, -87.630331 34.838926, -87.630343 34.838926, -87.630345 34.838808, -87.629068 34.8388, -87.629068 34.838752, -87.629018 34.838752, -87.629019 34.838647, -87.62878 34.838646, -87.628778 34.838793, -87.628591 34.838792, -87.62859 34.838835, -87.628444 34.838834, -87.628442 34.839017, -87.628418 34.839017, -87.628417 34.839068, -87.628435 34.839069, -87.628433 34.839236, -87.628586 34.839237, -87.628584 34.839445)))",microsoft_us_building_footprints
ms-al-000156,Microsoft footprint AL #65,AL,,103726.45,34.2390458,-87.6557894,,commercial_industrial_unknown,unknown,"MULTIPOLYGON (((-87.655485 34.239316, -87.655352 34.239446, -87.655588 34.239612, -87.655719 34.239484, -87.655898 34.23961, -87.65616 34.239356, -87.656193 34.239379, -87.656406 34.239171, -87.656322 34.239112, -87.656505 34.238935, -87.656366 34.238837, -87.656402 34.238803, -87.656016 34.238531, -87.655832 34.23871, -87.655574 34.238528, -87.655394 34.238703, -87.655364 34.238683, -87.655222 34.23882, -87.655257 34.238844, -87.655153 34.238945, -87.655055 34.238876, -87.654973 34.238956, -87.655485 34.239316)))",microsoft_us_building_footprints
ms-al-000157,Microsoft footprint AL #66,AL,,160473.21,34.7264187,-87.6655540,,commercial_industrial_unknown,unknown,"MULTIPOLYGON (((-87.665151 34.725686, -87.665141 34.726229, -87.664991 34.726227, -87.664986 34.726489, -87.664915 34.726488, -87.664908 34.72688, -87.665124 34.726883, -87.665118 34.727234, -87.665376 34.727237, -87.66538 34.727, -87.665677 34.727004, -87.665675 34.727122, -87.665884 34.727124, -87.665884 34.727167, -87.665826 34.727166, -87.665825 34.727235, -87.666007 34.727237, -87.666015 34.726789, -87.666071 34.72679, -87.666077 34.726456, -87.666023 34.726456, -87.666031 34.726007, -87.666224 34.726009, -87.666228 34.725782, -87.666034 34.72578, -87.666035 34.725696, -87.665151 34.725686)))",microsoft_us_building_footprints
ms-al-000158,Microsoft footprint AL #67,AL,,129711.74,30.3039018,-87.6800060,,commercial_industrial_unknown,unknown,"MULTIPOLYGON (((-87.679469 30.304375, -87.679624 30.304375, -87.679624 30.304465, -87.680471 30.304464, -87.680471 30.304391, -87.680496 30.304391, -87.680495 30.303708, -87.680568 30.303708, -87.680568 30.303408, -87.680525 30.303408, -87.680525 30.303351, -87.679629 30.303351, -87.679629 30.303446, -87.679514 30.303446, -87.679514 30.303559, -87.679468 30.30356, -87.679469 30.304375)))",microsoft_us_building_footprints
ms-al-000159,Microsoft footprint AL #68,AL,,104483.21,34.7696056,-87.6903019,,commercial_industrial_unknown,unknown,"MULTIPOLYGON (((-87.690761 34.769586, -87.690535 34.769785, -87.690364 34.769702, -87.690259 34.769794, -87.690061 34.769643, -87.68943 34.770199, -87.689382 34.770088, -87.689312 34.770149, -87.689436 34.770244, -87.690121 34.770043, -87.689908 34.770232, -87.690103 34.770381, -87.691191 34.769422, -87.691091 34.769191, -87.690758 34.769485, -87.690681 34.769307, -87.690786 34.769214, -87.690476 34.768977, -87.690247 34.769179, -87.690188 34.769134, -87.690412 34.768936, -87.690197 34.768771, -87.689924 34.769012, -87.690054 34.769311, -87.689924 34.769425, -87.69022 34.769652, -87.690263 34.769614, -87.690631 34.769289, -87.690761 34.769586)))",microsoft_us_building_footprints
ms-al-000160,Microsoft footprint AL #69,AL,,115443.18,30.8672615,-87.7772110,,commercial_industrial_unknown,unknown,"MULTIPOLYGON (((-87.776562 30.867652, -87.777863 30.867649, -87.77786 30.866871, -87.776559 30.866874, -87.776562 30.867652)))",microsoft_us_building_footprints
ms-al-000161,Microsoft footprint AL #70,AL,,116452.93,30.8871162,-87.7951361,,commercial_industrial_unknown,unknown,"MULTIPOLYGON (((-87.794185 30.887493, -87.794253 30.887492, -87.794254 30.887587, -87.795923 30.887573, -87.795922 30.887488, -87.795968 30.887487, -87.795845 30.887144, -87.795845 30.887132, -87.795562 30.887134, -87.795565 30.887363, -87.795216 30.887271, -87.795212 30.886891, -87.795673 30.886887, -87.795669 30.886513, -87.795213 30.886516, -87.795212 30.886368, -87.794957 30.88637, -87.794958 30.886504, -87.794731 30.886564, -87.794741 30.886568, -87.794798 30.886583, -87.794801 30.886857, -87.794957 30.886856, -87.794962 30.887265, -87.794671 30.887342, -87.794603 30.887342, -87.794601 30.88713, -87.794335 30.887133, -87.794337 30.887342, -87.794239 30.887343, -87.794185 30.887493)))",microsoft_us_building_footprints
ms-al-000162,Microsoft footprint AL #71,AL,,258644.02,33.6978041,-87.8748625,,commercial_industrial_unknown,unknown,"MULTIPOLYGON (((-87.874 33.696925, -87.873999 33.697574, -87.874747 33.697575, -87.874747 33.697604, -87.874457 33.697604, -87.874456 33.698266, -87.874754 33.698267, -87.874754 33.698148, -87.874791 33.698148, -87.87479 33.698307, -87.874228 33.698306, -87.874227 33.698781, -87.875506 33.698782, -87.875508 33.697236, -87.875624 33.697236, -87.875624 33.697156, -87.875507 33.697156, -87.875507 33.696926, -87.874 33.696925)))",microsoft_us_building_footprints
ms-al-000163,Microsoft footprint AL #72,AL,,112757.16,30.6124179,-87.9040744,,commercial_industrial_unknown,unknown,"MULTIPOLYGON (((-87.904345 30.612165, -87.904684 30.612072, -87.90459 30.611816, -87.904158 30.611934, -87.904247 30.612175, -87.904174 30.612195, -87.903875 30.611884, -87.904074 30.61183, -87.904037 30.611727, -87.903834 30.611782, -87.903792 30.611667, -87.90397 30.611618, -87.903924 30.611495, -87.90368 30.611669, -87.903661 30.611616, -87.903444 30.611675, -87.903474 30.611757, -87.903821 30.611789, -87.903824 30.611799, -87.903359 30.612131, -87.903395 30.612228, -87.903533 30.61213, -87.903946 30.613254, -87.904868 30.613004, -87.90478 30.612764, -87.904026 30.612969, -87.90402 30.612952, -87.904317 30.61274, -87.903929 30.612705, -87.903833 30.612442, -87.904468 30.6125, -87.904345 30.612165)))",microsoft_us_building_footprints
ms-al-000164,Microsoft footprint AL #73,AL,,170569.9,30.7319627,-88.0484319,,commercial_industrial_unknown,unknown,"MULTIPOLYGON (((-88.049608 30.731425, -88.047143 30.731925, -88.047206 30.732154, -88.047113 30.732173, -88.047186 30.732436, -88.047292 30.732415, -88.047311 30.732487, -88.049763 30.731989, -88.049608 30.731425)))",microsoft_us_building_footprints
ms-al-000165,Microsoft footprint AL #74,AL,,140104.12,30.8247680,-88.0751479,,commercial_industrial_unknown,unknown,"MULTIPOLYGON (((-88.07489 30.823715, -88.074855 30.824941, -88.074916 30.824942, -88.074913 30.825045, -88.074816 30.825043, -88.074805 30.825414, -88.074841 30.825415, -88.074822 30.826092, -88.07515 30.826098, -88.075157 30.825875, -88.075048 30.825873, -88.075056 30.825592, -88.075414 30.8256, -88.075426 30.825187, -88.07552 30.825189, -88.075529 30.824865, -88.075383 30.824862, -88.07538 30.824951, -88.075064 30.824944, -88.075067 30.824838, -88.075289 30.824843, -88.075295 30.824659, -88.075074 30.824654, -88.075077 30.824549, -88.075437 30.824557, -88.075436 30.824595, -88.075526 30.824597, -88.075551 30.823729, -88.07489 30.823715)))",microsoft_us_building_footprints
ms-al-000166,Microsoft footprint AL #75,AL,,272623.98,30.5534204,-88.1360538,,commercial_industrial_unknown,unknown,"MULTIPOLYGON (((-88.13529 30.554147, -88.135481 30.554147, -88.135481 30.55419, -88.135644 30.55419, -88.135644 30.554146, -88.136484 30.554146, -88.136484 30.554038, -88.13654 30.554038, -88.13654 30.554209, -88.136672 30.554209, -88.136672 30.554043, -88.137066 30.554043, -88.137066 30.553858, -88.136876 30.553858, -88.136876 30.553821, -88.136999 30.553821, -88.136999 30.553257, -88.136737 30.553257, -88.136737 30.552925, -88.136613 30.552925, -88.136614 30.552541, -88.136343 30.552541, -88.136342 30.552927, -88.136101 30.552927, -88.136101 30.55267, -88.135868 30.55267, -88.135868 30.552573, -88.135691 30.552573, -88.135691 30.552668, -88.135023 30.552667, -88.135023 30.552933, -88.135291 30.552933, -88.13529 30.554147)))",microsoft_us_building_footprints
ms-al-000167,Microsoft footprint AL #76,AL,,189878.28,34.4441537,-88.1432162,,commercial_industrial_unknown,unknown,"MULTIPOLYGON (((-88.14393 34.443512, -88.142902 34.443464, -88.142905 34.443414, -88.142759 34.443407, -88.142756 34.443455, -88.142727 34.443454, -88.1427 34.443838, -88.142505 34.443829, -88.142469 34.444353, -88.142664 34.444362, -88.142636 34.444781, -88.142676 34.444783, -88.142671 34.444845, -88.142733 34.444848, -88.142723 34.444989, -88.143127 34.445008, -88.143136 34.44488, -88.143248 34.444885, -88.143265 34.44464, -88.143947 34.444672, -88.143975 34.444253, -88.143676 34.444239, -88.143681 34.444171, -88.143884 34.44418, -88.14393 34.443512)))",microsoft_us_building_footprints
ms-al-000168,Microsoft footprint AL #77,AL,,104976.98,30.6624809,-88.1491067,,commercial_industrial_unknown,unknown,"MULTIPOLYGON (((-88.149664 30.662982, -88.149663 30.662737, -88.149005 30.662739, -88.149005 30.66261, -88.149214 30.662609, -88.149213 30.662429, -88.14901 30.66243, -88.149009 30.662336, -88.149436 30.662335, -88.149436 30.662477, -88.149718 30.662476, -88.149717 30.662344, -88.14987 30.662343, -88.149869 30.662099, -88.149725 30.662099, -88.149724 30.661959, -88.149442 30.66196, -88.149443 30.662089, -88.149019 30.662091, -88.149019 30.661949, -88.148734 30.661949, -88.148735 30.662084, -88.148574 30.662085, -88.148575 30.662327, -88.148729 30.662327, -88.148729 30.662412, -88.148323 30.662413, -88.148323 30.662478, -88.148721 30.662477, -88.148722 30.662734, -88.148417 30.662735, -88.148418 30.662985, -88.149664 30.662982)))",microsoft_us_building_footprints
ms-al-000169,Microsoft footprint AL #78,AL,,2609976.66,30.5212660,-88.2532018,,commercial_industrial_unknown,unknown,"MULTIPOLYGON (((-88.25863 30.518603, -88.25789 30.517805, -88.257869 30.517819, -88.257255 30.517155, -88.252503 30.520422, -88.252491 30.520409, -88.252397 30.520474, -88.252499 30.520584, -88.250398 30.522028, -88.250385 30.522014, -88.250261 30.522099, -88.250338 30.522182, -88.24785 30.523893, -88.249628 30.525811, -88.25202 30.524167, -88.251827 30.523958, -88.251179 30.524404, -88.25121 30.524437, -88.249688 30.525483, -88.249444 30.525219, -88.24946 30.525208, -88.249415 30.525159, -88.249446 30.525138, -88.249477 30.525171, -88.249548 30.525123, -88.249392 30.524955, -88.25863 30.518603)))",microsoft_us_building_footprints
ms-al-000170,Microsoft footprint AL #79,AL,,126308.95,32.5496244,-85.3727534,,commercial_industrial_unknown,unknown,"MULTIPOLYGON (((-85.372735 32.548803, -85.371612 32.549019, -85.371673 32.549245, -85.372596 32.549067, -85.372567 32.548962, -85.372669 32.548942, -85.372901 32.5498, -85.372796 32.54982, -85.372694 32.549446, -85.372282 32.549525, -85.372384 32.549901, -85.372303 32.549917, -85.372323 32.549994, -85.372588 32.550388, -85.372864 32.550257, -85.3728 32.55002, -85.372882 32.550005, -85.372846 32.549874, -85.37293 32.549857, -85.37302 32.55019, -85.373395 32.550118, -85.373431 32.550249, -85.373688 32.5502, -85.373711 32.550284, -85.373818 32.550263, -85.373712 32.54987, -85.373854 32.549842, -85.373836 32.549776, -85.373276 32.550043, -85.373171 32.549478, -85.373183 32.549472, -85.372735 32.548803)))",microsoft_us_building_footprints
ms-al-000171,Microsoft footprint AL #80,AL,,102486.28,32.5498260,-85.5177357,,commercial_industrial_unknown,unknown,"MULTIPOLYGON (((-85.517399 32.549152, -85.517404 32.549374, -85.517364 32.549374, -85.517366 32.549481, -85.517409 32.549481, -85.517418 32.549925, -85.517358 32.549926, -85.517364 32.550221, -85.517417 32.55022, -85.517422 32.550488, -85.517495 32.550487, -85.517495 32.550505, -85.518007 32.550497, -85.518007 32.550481, -85.518089 32.55048, -85.51806 32.549142, -85.517399 32.549152)))",microsoft_us_building_footprints
ms-al-000172,Microsoft footprint AL #81,AL,,168382.54,32.5491380,-85.5232535,,commercial_industrial_unknown,unknown,"MULTIPOLYGON (((-85.522797 32.550058, -85.523617 32.550073, -85.523657 32.548523, -85.523712 32.548524, -85.523715 32.548394, -85.523668 32.548393, -85.523675 32.548141, -85.523017 32.548129, -85.523003 32.548665, -85.522834 32.548662, -85.522797 32.550058)))",microsoft_us_building_footprints
ms-al-000173,Microsoft footprint AL #82,AL,,307317.07,31.2162750,-85.3633741,,commercial_industrial_unknown,unknown,"MULTIPOLYGON (((-85.363099 31.214986, -85.362666 31.215916, -85.362524 31.215868, -85.36262 31.21566, -85.36238 31.2157, -85.362328 31.215813, -85.362485 31.215968, -85.362263 31.216005, -85.3623 31.21617, -85.362559 31.216127, -85.362587 31.216249, -85.362402 31.216186, -85.362272 31.216283, -85.362592 31.216598, -85.362962 31.216536, -85.363055 31.216628, -85.362965 31.216695, -85.362756 31.216624, -85.362671 31.216687, -85.363044 31.217055, -85.363165 31.216965, -85.363424 31.217221, -85.363511 31.217207, -85.36405 31.21739, -85.364005 31.217193, -85.364352 31.216935, -85.364066 31.216653, -85.364456 31.216363, -85.364348 31.216327, -85.364324 31.216222, -85.364084 31.215985, -85.364092 31.215966, -85.363099 31.214986)))",microsoft_us_building_footprints
ms-al-000174,Microsoft footprint AL #83,AL,,128320.21,32.6602917,-85.3851324,,commercial_industrial_unknown,unknown,"MULTIPOLYGON (((-85.38475 32.659636, -85.38474 32.659663, -85.384749 32.660669, -85.384623 32.660669, -85.384623 32.660732, -85.384704 32.660731, -85.38481 32.660964, -85.384728 32.660965, -85.384729 32.661045, -85.385018 32.661043, -85.385052 32.660949, -85.385237 32.660927, -85.385236 32.660845, -85.385298 32.660845, -85.385298 32.660927, -85.385691 32.660925, -85.385689 32.660718, -85.385399 32.66072, -85.385357 32.660572, -85.385743 32.66057, -85.385741 32.660278, -85.385404 32.66028, -85.385353 32.660131, -85.385723 32.660129, -85.385721 32.659845, -85.384949 32.65985, -85.385093 32.659451, -85.384484 32.659454, -85.384485 32.659637, -85.38475 32.659636)))",microsoft_us_building_footprints
ms-al-000175,Microsoft footprint AL #84,AL,,183634.7,32.6179043,-85.4058116,,commercial_industrial_unknown,unknown,"MULTIPOLYGON (((-85.407676 32.617556, -85.407532 32.617097, -85.407281 32.617153, -85.407244 32.617114, -85.407142 32.617136, -85.407155 32.617176, -85.406606 32.617299, -85.406658 32.617465, -85.406116 32.617585, -85.406063 32.617417, -85.405682 32.617502, -85.405616 32.617546, -85.405691 32.617785, -85.405563 32.617813, -85.405503 32.617622, -85.405396 32.617646, -85.405414 32.617702, -85.405232 32.617742, -85.405152 32.617795, -85.405203 32.617956, -85.404773 32.618243, -85.404575 32.618062, -85.404484 32.618123, -85.404497 32.618166, -85.404204 32.618362, -85.404274 32.618436, -85.404189 32.618493, -85.40396 32.618544, -85.404326 32.618933, -85.40574 32.617987, -85.407676 32.617556)))",microsoft_us_building_footprints
ms-al-000176,Microsoft footprint AL #85,AL,,249991.84,32.5975497,-85.4631325,,commercial_industrial_unknown,unknown,"MULTIPOLYGON (((-85.46306 32.598224, -85.462773 32.598521, -85.462665 32.598556, -85.46266 32.598659, -85.463072 32.598674, -85.463094 32.598234, -85.46398 32.598265, -85.463931 32.59816, -85.464159 32.597923, -85.463893 32.597741, -85.46372 32.597922, -85.463579 32.597917, -85.463583 32.597838, -85.463452 32.597833, -85.463828 32.597444, -85.463855 32.596892, -85.463479 32.596635, -85.463077 32.596767, -85.463073 32.596758, -85.463014 32.596819, -85.462645 32.596567, -85.462396 32.596825, -85.462592 32.597248, -85.462412 32.597435, -85.462636 32.59792, -85.462335 32.597909, -85.462332 32.597972, -85.462144 32.598034, -85.462226 32.59821, -85.46283 32.598231, -85.46283 32.598216, -85.46306 32.598224)))",microsoft_us_building_footprints
ms-al-000177,Microsoft footprint AL #86,AL,,101688.29,33.6542971,-85.8592693,,commercial_industrial_unknown,unknown,"MULTIPOLYGON (((-85.859421 33.653372, -85.858521 33.65493, -85.858608 33.654965, -85.858694 33.654817, -85.858992 33.654936, -85.859037 33.654858, -85.859236 33.654937, -85.859427 33.654905, -85.859462 33.654845, -85.859566 33.654887, -85.859635 33.654767, -85.859755 33.654815, -85.859756 33.654815, -85.859927 33.654518, -85.859881 33.654499, -85.859842 33.654568, -85.859412 33.654397, -85.8592 33.654765, -85.859142 33.654742, -85.859305 33.654459, -85.859188 33.654412, -85.859329 33.654167, -85.859439 33.654149, -85.859491 33.654059, -85.859495 33.654058, -85.859736 33.653642, -85.859653 33.653609, -85.85969 33.653543, -85.859769 33.653575, -85.859826 33.653475, -85.859525 33.653354, -85.859421 33.653372)))",microsoft_us_building_footprints
ms-al-000178,Microsoft footprint AL #87,AL,,281534.27,32.5168575,-85.8982615,,commercial_industrial_unknown,unknown,"MULTIPOLYGON (((-85.897375 32.515707, -85.897326 32.515945, -85.897601 32.515985, -85.897402 32.516059, -85.897332 32.516396, -85.897611 32.516437, -85.897524 32.517168, -85.897747 32.517261, -85.897951 32.517185, -85.89798 32.517046, -85.898334 32.517098, -85.898299 32.517268, -85.898074 32.517235, -85.897907 32.518046, -85.898025 32.518159, -85.898782 32.518088, -85.898858 32.517958, -85.898932 32.518029, -85.899013 32.517634, -85.898784 32.517805, -85.898867 32.517402, -85.898618 32.517298, -85.89879 32.516461, -85.899266 32.516416, -85.899341 32.516055, -85.898923 32.515993, -85.898879 32.516204, -85.898636 32.516102, -85.898728 32.515946, -85.898485 32.51591, -85.898261 32.516077, -85.897375 32.515707)))",microsoft_us_building_footprints
ms-al-000179,Microsoft footprint AL #88,AL,,121992.86,33.6404941,-85.9201189,,commercial_industrial_unknown,unknown,"MULTIPOLYGON (((-85.920407 33.639675, -85.920077 33.640068, -85.920011 33.64003, -85.919919 33.640139, -85.91998 33.640175, -85.919878 33.640296, -85.919806 33.640255, -85.919747 33.640325, -85.91981 33.640362, -85.919516 33.640712, -85.919448 33.640672, -85.919396 33.640733, -85.919465 33.640773, -85.919262 33.641015, -85.919727 33.641285, -85.920168 33.64076, -85.920353 33.640867, -85.9202 33.641049, -85.920275 33.641092, -85.920581 33.640728, -85.920511 33.640687, -85.920391 33.640829, -85.920339 33.640799, -85.920466 33.640647, -85.92036 33.640585, -85.920555 33.640353, -85.920744 33.640463, -85.920951 33.640217, -85.920664 33.64005, -85.920791 33.639898, -85.920407 33.639675)))",microsoft_us_building_footprints
ms-al-000180,Microsoft footprint AL #89,AL,,414499.5,34.0228115,-86.0047414,,commercial_industrial_unknown,unknown,"MULTIPOLYGON (((-86.003852 34.024144, -86.005139 34.024284, -86.005344 34.022996, -86.005463 34.023009, -86.005567 34.022353, -86.0055 34.022345, -86.005633 34.021513, -86.004293 34.021366, -86.003852 34.024144)))",microsoft_us_building_footprints
ms-al-000181,Microsoft footprint AL #90,AL,,100698.98,32.9008329,-86.0126210,,commercial_industrial_unknown,unknown,"MULTIPOLYGON (((-86.011796 32.901203, -86.011986 32.901368, -86.011909 32.901431, -86.012022 32.90153, -86.012099 32.901467, -86.012173 32.901531, -86.012235 32.90148, -86.012278 32.901472, -86.012293 32.901461, -86.012363 32.901448, -86.012404 32.901414, -86.012388 32.901352, -86.013501 32.90045, -86.013495 32.900426, -86.01352 32.900421, -86.013511 32.900383, -86.013475 32.900412, -86.013469 32.90039, -86.013406 32.900402, -86.013108 32.900143, -86.012744 32.900437, -86.012678 32.900379, -86.012643 32.900386, -86.012263 32.900693, -86.012341 32.900761, -86.011796 32.901203)))",microsoft_us_building_footprints
ms-al-000182,Microsoft footprint AL #91,AL,,173445.77,34.3974243,-85.7623958,,commercial_industrial_unknown,unknown,"MULTIPOLYGON (((-85.763267 34.396809, -85.763248 34.396798, -85.763351 34.396672, -85.763359 34.396637, -85.763511 34.396452, -85.763278 34.396321, -85.763159 34.396371, -85.763149 34.396407, -85.763105 34.396398, -85.763075 34.396348, -85.763117 34.396331, -85.763127 34.396329, -85.763063 34.396224, -85.762984 34.396209, -85.762875 34.396342, -85.7629 34.396382, -85.762517 34.396542, -85.762695 34.396642, -85.761887 34.397626, -85.761815 34.397586, -85.761584 34.397868, -85.761581 34.397862, -85.761446 34.398027, -85.761637 34.39834, -85.761397 34.398632, -85.761653 34.398775, -85.763267 34.396809)))",microsoft_us_building_footprints
ms-al-000183,Microsoft footprint AL #92,AL,,102271.94,32.5028276,-86.0946321,,commercial_industrial_unknown,unknown,"MULTIPOLYGON (((-86.095197 32.502253, -86.094866 32.50224, -86.094852 32.502503, -86.094415 32.502486, -86.09442 32.50241, -86.094183 32.502401, -86.094178 32.502487, -86.09399 32.502479, -86.093979 32.502685, -86.094174 32.502692, -86.094162 32.50291, -86.093983 32.502903, -86.093972 32.503106, -86.094163 32.503114, -86.09415 32.503353, -86.094392 32.503363, -86.094406 32.503116, -86.09489 32.503135, -86.094889 32.503161, -86.094925 32.503162, -86.094909 32.503439, -86.095164 32.503449, -86.09518 32.503156, -86.095087 32.503153, -86.095115 32.502654, -86.095141 32.502655, -86.09515 32.50249, -86.095183 32.502492, -86.095197 32.502253)))",microsoft_us_building_footprints
ms-al-000184,Microsoft footprint AL #93,AL,,135429.94,33.7138341,-85.7857284,,commercial_industrial_unknown,unknown,"MULTIPOLYGON (((-85.785871 33.71305, -85.78521 33.713206, -85.785189 33.713144, -85.785128 33.713158, -85.785154 33.713233, -85.785015 33.713266, -85.785031 33.713313, -85.784899 33.713344, -85.784941 33.713467, -85.785094 33.713431, -85.78523 33.713831, -85.785754 33.713707, -85.785808 33.713866, -85.785698 33.713893, -85.785723 33.713964, -85.785669 33.713976, -85.785624 33.713844, -85.785432 33.71389, -85.78548 33.714031, -85.785428 33.714043, -85.785658 33.714717, -85.786249 33.714578, -85.786204 33.714448, -85.786321 33.71442, -85.786222 33.714129, -85.786284 33.714114, -85.786018 33.713336, -85.786021 33.713335, -85.785965 33.71317, -85.785917 33.713182, -85.785871 33.71305)))",microsoft_us_building_footprints
ms-al-000185,Microsoft footprint AL #94,AL,,1307656.63,33.6161670,-86.1397544,,commercial_industrial_unknown,unknown,"MULTIPOLYGON (((-86.140497 33.617381, -86.140502 33.617382, -86.140962 33.617149, -86.141113 33.616992, -86.140991 33.616825, -86.140441 33.61675, -86.140705 33.616475, -86.141044 33.616304, -86.141229 33.617403, -86.141459 33.617376, -86.140939 33.614279, -86.138776 33.614531, -86.139197 33.612367, -86.138155 33.612488, -86.138499 33.614535, -86.139178 33.615468, -86.13857 33.615539, -86.138675 33.616163, -86.137875 33.61563, -86.137777 33.616133, -86.138856 33.616278, -86.138414 33.61855, -86.139859 33.618382, -86.139991 33.619169, -86.140162 33.619149, -86.140287 33.618507, -86.141625 33.618351, -86.141496 33.617579, -86.141097 33.617781, -86.140497 33.617381)))",microsoft_us_building_footprints
ms-al-000186,Microsoft footprint AL #95,AL,,158803.51,34.2443766,-86.1823570,,commercial_industrial_unknown,unknown,"MULTIPOLYGON (((-86.182798 34.243873, -86.181599 34.243868, -86.181597 34.244087, -86.181496 34.244087, -86.181495 34.244202, -86.181594 34.244203, -86.18159 34.244886, -86.181973 34.244887, -86.181974 34.244768, -86.182953 34.244772, -86.182952 34.244845, -86.183027 34.244845, -86.183028 34.244805, -86.183073 34.244806, -86.183073 34.244885, -86.18318 34.244886, -86.183181 34.244819, -86.18329 34.24482, -86.183291 34.244767, -86.183326 34.244767, -86.183328 34.24447, -86.183285 34.24447, -86.183285 34.244423, -86.183191 34.244423, -86.183193 34.244205, -86.183061 34.244205, -86.183062 34.244118, -86.182908 34.244118, -86.182907 34.244204, -86.182796 34.244204, -86.182798 34.243873)))",microsoft_us_building_footprints
ms-al-000187,Microsoft footprint AL #96,AL,,118117.02,32.4713406,-85.8910201,,commercial_industrial_unknown,unknown,"MULTIPOLYGON (((-85.890341 32.471724, -85.891676 32.471748, -85.891696 32.470978, -85.891247 32.47097, -85.891251 32.470825, -85.891115 32.470823, -85.891112 32.470961, -85.890361 32.470947, -85.890341 32.471724)))",microsoft_us_building_footprints
ms-al-000188,Microsoft footprint AL #97,AL,,135544.69,33.6421322,-85.9143248,,commercial_industrial_unknown,unknown,"MULTIPOLYGON (((-85.914403 33.641397, -85.913898 33.641861, -85.913954 33.641903, -85.913893 33.641958, -85.913834 33.641914, -85.913453 33.642264, -85.913734 33.642476, -85.913747 33.642464, -85.913874 33.64256, -85.913944 33.642495, -85.914003 33.642539, -85.913924 33.642612, -85.914172 33.642798, -85.91425 33.642726, -85.914352 33.642803, -85.915106 33.642111, -85.91499 33.642023, -85.915098 33.641923, -85.914868 33.64175, -85.914762 33.641848, -85.914706 33.641805, -85.914814 33.641707, -85.914403 33.641397)))",microsoft_us_building_footprints
ms-al-000189,Microsoft footprint AL #98,AL,,177899.26,33.9743095,-85.9384865,,commercial_industrial_unknown,unknown,"MULTIPOLYGON (((-85.938834 33.975628, -85.938802 33.973926, -85.938861 33.973925, -85.93886 33.973865, -85.9388 33.973866, -85.938795 33.973639, -85.938716 33.97364, -85.938704 33.972976, -85.938102 33.972984, -85.938114 33.973643, -85.938189 33.973642, -85.938199 33.974142, -85.938262 33.974141, -85.938263 33.974185, -85.938196 33.974186, -85.938223 33.975636, -85.938834 33.975628)))",microsoft_us_building_footprints
ms-al-000190,Microsoft footprint AL #99,AL,,233477.9,33.5954848,-86.2491731,,commercial_industrial_unknown,unknown,"MULTIPOLYGON (((-86.247965 33.595654, -86.249919 33.595667, -86.249918 33.595761, -86.250029 33.595762, -86.250029 33.595735, -86.250118 33.595736, -86.250118 33.595682, -86.250445 33.595684, -86.250438 33.596401, -86.25068 33.596403, -86.250696 33.594745, -86.25046 33.594744, -86.250455 33.595197, -86.249482 33.595191, -86.249483 33.595034, -86.249317 33.595033, -86.249316 33.595109, -86.24893 33.595106, -86.248929 33.595176, -86.247977 33.595169, -86.24798 33.594908, -86.247658 33.594906, -86.247655 33.595198, -86.247647 33.595198, -86.247636 33.596293, -86.247958 33.596295, -86.247965 33.595654)))",microsoft_us_building_footprints
ms-al-000191,Microsoft footprint AL #100,AL,,116614.19,32.3747579,-86.2973348,,commercial_industrial_unknown,unknown,"MULTIPOLYGON (((-86.297408 32.374893, -86.297436 32.374644, -86.297598 32.374657, -86.297612 32.374539, -86.2977 32.374525, -86.29785 32.374227, -86.297844 32.374198, -86.297615 32.374179, -86.297622 32.374118, -86.297822 32.374134, -86.297858 32.373823, -86.297354 32.373781, -86.297314 32.374124, -86.297525 32.374142, -86.297537 32.374199, -86.297261 32.374177, -86.297312 32.374407, -86.297458 32.374419, -86.297482 32.374528, -86.296986 32.374512, -86.29697 32.374653, -86.29724 32.374675, -86.297262 32.374778, -86.296819 32.374847, -86.296782 32.374678, -86.29671 32.374689, -86.296636 32.375326, -86.297808 32.375422, -86.297767 32.375238, -86.29792 32.375213, -86.297887 32.375065, -86.297408 32.374893)))",microsoft_us_building_footprints
ms-al-000192,Microsoft footprint AL #101,AL,,121486.73,32.4046210,-86.3115191,,commercial_industrial_unknown,unknown,"MULTIPOLYGON (((-86.312001 32.404065, -86.31102 32.404077, -86.311021 32.404169, -86.310981 32.40417, -86.310982 32.40424, -86.311025 32.40424, -86.31104 32.405179, -86.312019 32.405168, -86.312001 32.404065)))",microsoft_us_building_footprints
ms-al-000193,Microsoft footprint AL #102,AL,,161146.59,32.4017453,-86.3133675,,commercial_industrial_unknown,unknown,"MULTIPOLYGON (((-86.312406 32.40139, -86.312425 32.402433, -86.312673 32.40243, -86.312666 32.40205, -86.31426 32.402029, -86.31426 32.402023, -86.314452 32.40202, -86.314446 32.401708, -86.314474 32.401707, -86.314469 32.401409, -86.314276 32.401411, -86.314276 32.40144, -86.314186 32.401442, -86.314185 32.401367, -86.312406 32.40139)))",microsoft_us_building_footprints
ms-al-000194,Microsoft footprint AL #103,AL,,111975.75,34.6503471,-86.0391072,,commercial_industrial_unknown,unknown,"MULTIPOLYGON (((-86.037911 34.650009, -86.03785 34.65056, -86.038233 34.650589, -86.038244 34.650491, -86.03822 34.650489, -86.038251 34.650204, -86.038866 34.650251, -86.038854 34.650356, -86.038551 34.650333, -86.038533 34.650493, -86.038839 34.650516, -86.038832 34.650575, -86.03905 34.650591, -86.039052 34.65058, -86.039826 34.650639, -86.039819 34.6507, -86.040188 34.650728, -86.040199 34.650636, -86.040124 34.650631, -86.040131 34.650567, -86.0402 34.650572, -86.040237 34.650249, -86.040104 34.650239, -86.040106 34.650217, -86.040037 34.650211, -86.040042 34.65017, -86.037911 34.650009)))",microsoft_us_building_footprints
ms-al-000195,Microsoft footprint AL #104,AL,,163061.12,32.4981802,-86.3621258,,commercial_industrial_unknown,unknown,"MULTIPOLYGON (((-86.362021 32.497402, -86.361946 32.499732, -86.362367 32.499742, -86.362089 32.499458, -86.362501 32.499467, -86.362506 32.499314, -86.362504 32.499188, -86.362511 32.498971, -86.362089 32.498962, -86.362092 32.498873, -86.362507 32.498883, -86.362513 32.498689, -86.362461 32.498552, -86.362468 32.498334, -86.362515 32.498209, -86.362524 32.497951, -86.362108 32.497942, -86.362112 32.497818, -86.362661 32.497953, -86.36237 32.497366, -86.362123 32.497361, -86.362138 32.496897, -86.361978 32.496894, -86.361785 32.496807, -86.361533 32.496896, -86.361511 32.497582, -86.362021 32.497402)))",microsoft_us_building_footprints
ms-al-000196,Microsoft footprint AL #105,AL,,221670.79,34.6301362,-86.0563198,,commercial_industrial_unknown,unknown,"MULTIPOLYGON (((-86.05533 34.630579, -86.055528 34.630644, -86.055546 34.630606, -86.056812 34.631022, -86.057213 34.630198, -86.05677 34.630052, -86.056716 34.630163, -86.0567 34.630158, -86.056912 34.629721, -86.056777 34.629677, -86.05681 34.629608, -86.056972 34.629662, -86.05706 34.62948, -86.056123 34.629171, -86.055985 34.629454, -86.055864 34.629414, -86.055826 34.629492, -86.055922 34.629524, -86.055835 34.629703, -86.055732 34.629669, -86.055667 34.629803, -86.055741 34.629827, -86.055568 34.630182, -86.055459 34.630146, -86.05541 34.630245, -86.055488 34.63027, -86.055394 34.630462, -86.055388 34.63046, -86.05533 34.630579)))",microsoft_us_building_footprints
ms-al-000197,Microsoft footprint AL #106,AL,,241673.2,33.9968560,-86.0757298,,commercial_industrial_unknown,unknown,"MULTIPOLYGON (((-86.075208 33.996001, -86.07466 33.99719, -86.075458 33.997443, -86.075422 33.997521, -86.075503 33.997547, -86.075524 33.997504, -86.076145 33.9977, -86.076306 33.997349, -86.076467 33.9974, -86.07648 33.997372, -86.076518 33.997384, -86.076557 33.997298, -86.076526 33.997289, -86.076696 33.996922, -86.076574 33.996883, -86.076755 33.996492, -86.075208 33.996001)))",microsoft_us_building_footprints
ms-al-000198,Microsoft footprint AL #107,AL,,173975.29,33.6347530,-86.1021633,,commercial_industrial_unknown,unknown,"MULTIPOLYGON (((-86.102042 33.634003, -86.101726 33.634298, -86.101619 33.634219, -86.101148 33.634658, -86.101219 33.63471, -86.101186 33.634741, -86.101195 33.634766, -86.101288 33.634803, -86.101314 33.634877, -86.101385 33.634751, -86.101493 33.634831, -86.101443 33.634877, -86.101491 33.63501, -86.10182 33.635254, -86.101871 33.635165, -86.101901 33.635157, -86.101983 33.635218, -86.101923 33.635324, -86.102034 33.635407, -86.102086 33.635394, -86.102141 33.635435, -86.102193 33.635386, -86.102392 33.635534, -86.102579 33.635359, -86.102395 33.635224, -86.10263 33.635004, -86.102842 33.635161, -86.103293 33.634739, -86.103048 33.634557, -86.102907 33.634689, -86.102878 33.634678, -86.1029 33.634639, -86.102042 33.634003)))",microsoft_us_building_footprints
ms-al-000199,Microsoft footprint AL #108,AL,,186490.49,34.8703807,-86.4554554,,commercial_industrial_unknown,unknown,"MULTIPOLYGON (((-86.456117 34.871012, -86.456318 34.870491, -86.455998 34.870408, -86.456025 34.870338, -86.456225 34.87039, -86.456282 34.870241, -86.456088 34.87019, -86.456162 34.87, -86.455831 34.869914, -86.455906 34.86988, -86.455832 34.869771, -86.455873 34.869665, -86.455538 34.869577, -86.455364 34.870028, -86.455432 34.870046, -86.45541 34.870103, -86.455238 34.870058, -86.455386 34.869676, -86.455338 34.869606, -86.455155 34.869558, -86.455 34.86996, -86.454879 34.869783, -86.454723 34.869854, -86.454576 34.870234, -86.45492 34.870077, -86.454748 34.870522, -86.454953 34.870575, -86.454753 34.871091, -86.455241 34.871218, -86.455393 34.870824, -86.456117 34.871012)))",microsoft_us_building_footprints
ms-al-000200,Microsoft footprint AL #109,AL,,102454.01,31.3043183,-86.5010281,,commercial_industrial_unknown,unknown,"MULTIPOLYGON (((-86.500653 31.303701, -86.500653 31.304188, -86.500619 31.304188, -86.500619 31.304403, -86.500671 31.304403, -86.500672 31.304895, -86.501046 31.304894, -86.501046 31.30497, -86.501416 31.30497, -86.501416 31.304861, -86.501478 31.304861, -86.501478 31.304798, -86.501377 31.304798, -86.501376 31.304189, -86.501458 31.304189, -86.501458 31.304108, -86.501359 31.304108, -86.501359 31.303999, -86.501391 31.303999, -86.50139 31.303719, -86.501171 31.30372, -86.501171 31.3037, -86.500653 31.303701)))",microsoft_us_building_footprints
ms-al-000201,Microsoft footprint AL #110,AL,,294957.41,32.3850198,-86.1845461,,commercial_industrial_unknown,unknown,"MULTIPOLYGON (((-86.183952 32.38561, -86.185835 32.385567, -86.185827 32.385322, -86.186096 32.385316, -86.186091 32.385164, -86.185834 32.38517, -86.185826 32.384919, -86.186083 32.384913, -86.18607 32.384503, -86.185823 32.384509, -86.185828 32.384663, -86.1853 32.384675, -86.185296 32.384532, -86.185202 32.384534, -86.185201 32.384507, -86.184158 32.384532, -86.184162 32.384631, -86.182379 32.384672, -86.182387 32.38491, -86.182548 32.384906, -86.182553 32.385051, -86.183063 32.385039, -86.18307 32.385255, -86.183152 32.385254, -86.18315 32.385207, -86.183429 32.385201, -86.183421 32.384958, -86.183591 32.384955, -86.183589 32.384873, -86.183928 32.384865, -86.183952 32.38561)))",microsoft_us_building_footprints
ms-al-000202,Microsoft footprint AL #111,AL,,108627.51,34.6488517,-86.6385437,,commercial_industrial_unknown,unknown,"MULTIPOLYGON (((-86.639281 34.649336, -86.63928 34.649144, -86.639031 34.649144, -86.639031 34.649178, -86.638975 34.649178, -86.638974 34.64886, -86.639277 34.64886, -86.639277 34.64871, -86.638365 34.648711, -86.638365 34.648386, -86.639277 34.648385, -86.639276 34.648231, -86.638252 34.648232, -86.638252 34.648236, -86.637927 34.648237, -86.637927 34.648389, -86.63826 34.648388, -86.638261 34.648713, -86.638183 34.648713, -86.638183 34.648656, -86.637791 34.648656, -86.637791 34.648862, -86.638258 34.648861, -86.638258 34.649011, -86.638172 34.649011, -86.638172 34.648969, -86.637995 34.648969, -86.637996 34.649077, -86.637934 34.649077, -86.637934 34.649338, -86.639281 34.649336)))",microsoft_us_building_footprints
ms-al-000203,Microsoft footprint AL #112,AL,,159377.71,32.3291167,-86.2493220,,commercial_industrial_unknown,unknown,"MULTIPOLYGON (((-86.250622 32.328799, -86.248114 32.328833, -86.248118 32.329081, -86.248255 32.329079, -86.248257 32.329195, -86.248138 32.329197, -86.24814 32.329312, -86.248259 32.329311, -86.248262 32.329431, -86.248369 32.329429, -86.24837 32.329501, -86.248535 32.329498, -86.248534 32.329432, -86.248602 32.329431, -86.248604 32.329502, -86.248854 32.329499, -86.248853 32.329433, -86.248967 32.329431, -86.248969 32.329508, -86.249199 32.329505, -86.249198 32.329437, -86.249801 32.329429, -86.249798 32.329239, -86.250038 32.329236, -86.250041 32.329432, -86.250129 32.329431, -86.250122 32.329071, -86.250374 32.329068, -86.250381 32.329434, -86.250634 32.329431, -86.250622 32.328799)))",microsoft_us_building_footprints
ms-al-000204,Microsoft footprint AL #113,AL,,119087.74,33.6096432,-86.6855970,,commercial_industrial_unknown,unknown,"MULTIPOLYGON (((-86.686576 33.60982, -86.686536 33.609554, -86.686404 33.609567, -86.686327 33.609057, -86.686274 33.609063, -86.686287 33.609151, -86.686034 33.609177, -86.686021 33.609093, -86.685815 33.609115, -86.685829 33.609205, -86.68534 33.609256, -86.685362 33.609399, -86.685298 33.609406, -86.685307 33.609463, -86.685373 33.609456, -86.68541 33.609704, -86.684468 33.609803, -86.684482 33.609897, -86.684389 33.609907, -86.684374 33.609804, -86.684234 33.609818, -86.68424 33.609858, -86.684108 33.609872, -86.68414 33.610083, -86.686437 33.609843, -86.686436 33.609834, -86.686576 33.60982)))",microsoft_us_building_footprints
ms-al-000205,Microsoft footprint AL #114,AL,,211354.32,33.5289689,-86.7201878,,commercial_industrial_unknown,unknown,"MULTIPOLYGON (((-86.719274 33.529394, -86.720116 33.529421, -86.720106 33.529629, -86.720235 33.529633, -86.720237 33.529594, -86.720586 33.529605, -86.720593 33.529463, -86.721088 33.529479, -86.721093 33.529374, -86.721151 33.529375, -86.721155 33.529275, -86.721116 33.529274, -86.72115 33.52854, -86.720973 33.528535, -86.720976 33.528474, -86.720563 33.528461, -86.720561 33.528504, -86.720105 33.528489, -86.720108 33.528426, -86.719804 33.528416, -86.719798 33.528544, -86.719407 33.528532, -86.719414 33.528382, -86.719166 33.528375, -86.719142 33.528897, -86.719296 33.528902, -86.719274 33.529394)))",microsoft_us_building_footprints
ms-al-000206,Microsoft footprint AL #115,AL,,274915.97,32.3788243,-86.3123751,,commercial_industrial_unknown,unknown,"MULTIPOLYGON (((-86.313695 32.378832, -86.313544 32.378671, -86.31345 32.378625, -86.312944 32.378085, -86.312901 32.378114, -86.312848 32.378058, -86.312918 32.378012, -86.312744 32.377826, -86.312579 32.377937, -86.312519 32.377907, -86.311975 32.378271, -86.312074 32.378376, -86.312003 32.378424, -86.311989 32.378408, -86.3112 32.378936, -86.31113 32.378902, -86.311036 32.378965, -86.311773 32.379751, -86.312013 32.37959, -86.312122 32.379706, -86.312261 32.379613, -86.31216 32.379506, -86.312433 32.379323, -86.312444 32.379334, -86.312606 32.379226, -86.312742 32.379371, -86.312777 32.379347, -86.312807 32.379379, -86.312918 32.379209, -86.312986 32.379163, -86.313069 32.379251, -86.313695 32.378832)))",microsoft_us_building_footprints
ms-al-000207,Microsoft footprint AL #116,AL,,748880.37,32.2826834,-86.3240116,,commercial_industrial_unknown,unknown,"MULTIPOLYGON (((-86.32293 32.280712, -86.322959 32.282317, -86.324686 32.282294, -86.3247 32.283049, -86.3243 32.283054, -86.324299 32.282993, -86.32423 32.282994, -86.324231 32.283057, -86.322981 32.283073, -86.322991 32.283604, -86.322983 32.283605, -86.323002 32.284632, -86.324383 32.284613, -86.324386 32.284777, -86.325053 32.284768, -86.325022 32.283043, -86.324775 32.283046, -86.324761 32.28228, -86.324994 32.282277, -86.324985 32.281748, -86.325121 32.281747, -86.325118 32.281561, -86.325198 32.28156, -86.325197 32.281498, -86.324977 32.281501, -86.324962 32.280685, -86.324238 32.280695, -86.324237 32.280636, -86.324167 32.280637, -86.324169 32.280696, -86.32293 32.280712)))",microsoft_us_building_footprints
ms-al-000208,Microsoft footprint AL #117,AL,,506035.84,33.1721382,-86.7615306,,commercial_industrial_unknown,unknown,"MULTIPOLYGON (((-86.759396 33.172643, -86.763643 33.172704, -86.763665 33.171633, -86.759417 33.171573, -86.759396 33.172643)))",microsoft_us_building_footprints
ms-al-000209,Microsoft footprint AL #118,AL,,576960.35,33.1695119,-86.7604753,,commercial_industrial_unknown,unknown,"MULTIPOLYGON (((-86.762442 33.168879, -86.758538 33.168817, -86.758511 33.170011, -86.758516 33.170012, -86.758513 33.170145, -86.762412 33.170207, -86.762442 33.168879)))",microsoft_us_building_footprints
ms-al-000210,Microsoft footprint AL #119,AL,,243166.36,32.2663258,-86.3588090,,commercial_industrial_unknown,unknown,"MULTIPOLYGON (((-86.357845 32.266227, -86.358574 32.267308, -86.358896 32.267153, -86.358911 32.267175, -86.359138 32.267066, -86.359099 32.267008, -86.359821 32.266659, -86.359422 32.266067, -86.359537 32.266012, -86.359478 32.265925, -86.359511 32.265909, -86.359463 32.265839, -86.359411 32.265864, -86.35924 32.265611, -86.359078 32.265689, -86.358833 32.265326, -86.358092 32.265683, -86.358308 32.266003, -86.357845 32.266227)))",microsoft_us_building_footprints
ms-al-000211,Microsoft footprint AL #120,AL,,211251.52,32.2588620,-86.3681185,,commercial_industrial_unknown,unknown,"MULTIPOLYGON (((-86.367879 32.258423, -86.367174 32.259382, -86.36728 32.259438, -86.367249 32.259479, -86.367973 32.259859, -86.368193 32.25956, -86.368147 32.259536, -86.368187 32.259482, -86.368255 32.259517, -86.368536 32.259134, -86.368499 32.259115, -86.368659 32.258897, -86.368866 32.259006, -86.368969 32.258866, -86.369107 32.258939, -86.369147 32.258883, -86.369022 32.258817, -86.369136 32.258661, -86.368946 32.258561, -86.368992 32.258498, -86.368733 32.258362, -86.368796 32.258275, -86.368124 32.257922, -86.368053 32.258018, -86.367901 32.257939, -86.367638 32.258297, -86.367879 32.258423)))",microsoft_us_building_footprints
ms-al-000212,Microsoft footprint AL #121,AL,,121354.13,33.1969305,-86.7935510,,commercial_industrial_unknown,unknown,"MULTIPOLYGON (((-86.792881 33.196432, -86.79346 33.197677, -86.794221 33.197429, -86.793642 33.196184, -86.792881 33.196432)))",microsoft_us_building_footprints
ms-al-000213,Microsoft footprint AL #122,AL,,114771.21,33.5482281,-86.7948832,,commercial_industrial_unknown,unknown,"MULTIPOLYGON (((-86.795583 33.548009, -86.795433 33.548008, -86.795435 33.547872, -86.794867 33.547859, -86.794802 33.547734, -86.794745 33.547734, -86.794745 33.547772, -86.794711 33.547785, -86.794713 33.547613, -86.794508 33.547611, -86.794507 33.547741, -86.794387 33.54774, -86.79438 33.548437, -86.793838 33.548434, -86.793837 33.548595, -86.79471 33.548601, -86.79471 33.548571, -86.794679 33.548582, -86.794658 33.548542, -86.794659 33.548469, -86.794706 33.54847, -86.794759 33.548499, -86.794767 33.548496, -86.794767 33.548545, -86.794792 33.548545, -86.794792 33.5486, -86.795724 33.548606, -86.795725 33.548489, -86.795579 33.548469, -86.795583 33.548009)))",microsoft_us_building_footprints
ms-al-000214,Microsoft footprint AL #123,AL,,120126.27,33.5119251,-86.8123387,,commercial_industrial_unknown,unknown,"MULTIPOLYGON (((-86.811494 33.511821, -86.811947 33.512581, -86.812298 33.512436, -86.812279 33.512403, -86.812546 33.512293, -86.812492 33.512203, -86.812706 33.512115, -86.812751 33.51219, -86.812978 33.512096, -86.812861 33.5119, -86.813218 33.511752, -86.813028 33.511433, -86.813081 33.511411, -86.813048 33.511356, -86.812987 33.511381, -86.812967 33.511347, -86.812895 33.511376, -86.81284 33.511283, -86.812715 33.511335, -86.81279 33.51146, -86.812314 33.511657, -86.81223 33.511516, -86.811494 33.511821)))",microsoft_us_building_footprints
ms-al-000215,Microsoft footprint AL #124,AL,,190864.92,33.5764610,-86.4614431,,commercial_industrial_unknown,unknown,"MULTIPOLYGON (((-86.460278 33.576435, -86.462025 33.577171, -86.462142 33.576979, -86.462339 33.577062, -86.462641 33.576563, -86.462328 33.576431, -86.462356 33.576384, -86.462276 33.576351, -86.462273 33.576357, -86.460722 33.575703, -86.460278 33.576435)))",microsoft_us_building_footprints
ms-al-000216,Microsoft footprint AL #125,AL,,360125.43,32.4189505,-86.4748778,,commercial_industrial_unknown,unknown,"MULTIPOLYGON (((-86.477309 32.418943, -86.476261 32.418541, -86.473789 32.41852, -86.473787 32.418693, -86.47386 32.418721, -86.473616 32.419174, -86.473385 32.419172, -86.473391 32.41866, -86.473059 32.418658, -86.472974 32.418704, -86.473129 32.418416, -86.473095 32.418362, -86.472681 32.418359, -86.472672 32.419178, -86.472555 32.419177, -86.472754 32.4195, -86.472898 32.419502, -86.472999 32.419532, -86.473098 32.419571, -86.473896 32.41922, -86.473868 32.419175, -86.475203 32.419186, -86.47516 32.419265, -86.475263 32.419305, -86.47534 32.419321, -86.477305 32.419337, -86.477309 32.418943)))",microsoft_us_building_footprints
ms-al-000217,Microsoft footprint AL #126,AL,,184392.02,33.5739024,-86.4828409,,commercial_industrial_unknown,unknown,"MULTIPOLYGON (((-86.483806 33.574594, -86.483458 33.574052, -86.483479 33.574043, -86.483339 33.573826, -86.483249 33.573866, -86.482607 33.572868, -86.481861 33.573202, -86.482192 33.573715, -86.482251 33.573689, -86.483051 33.574931, -86.483806 33.574594)))",microsoft_us_building_footprints
ms-al-000218,Microsoft footprint AL #127,AL,,133795.96,34.4623893,-86.9518728,,commercial_industrial_unknown,unknown,"MULTIPOLYGON (((-86.951009 34.462078, -86.951162 34.462286, -86.951235 34.46225, -86.951275 34.462305, -86.951233 34.462346, -86.9514 34.462574, -86.951442 34.462554, -86.951442 34.462554, -86.951487 34.462531, -86.951679 34.462871, -86.951772 34.462825, -86.951803 34.462846, -86.951839 34.462895, -86.951746 34.462987, -86.951864 34.463148, -86.952683 34.46274, -86.952528 34.462528, -86.952448 34.462474, -86.952437 34.46248, -86.952418 34.462466, -86.952367 34.462397, -86.952323 34.462367, -86.952338 34.462352, -86.952352 34.462361, -86.952454 34.46231, -86.952087 34.46181, -86.951906 34.4619, -86.951762 34.461703, -86.951009 34.462078)))",microsoft_us_building_footprints
ms-al-000219,Microsoft footprint AL #128,AL,,156134.21,34.6423258,-86.5688945,,commercial_industrial_unknown,unknown,"MULTIPOLYGON (((-86.569769 34.641965, -86.569583 34.641963, -86.569583 34.641902, -86.569052 34.641898, -86.569052 34.641956, -86.568987 34.641955, -86.568988 34.641892, -86.568489 34.641889, -86.568488 34.641949, -86.568085 34.641946, -86.568083 34.642184, -86.567865 34.642183, -86.567863 34.642429, -86.568177 34.642431, -86.568176 34.642533, -86.567957 34.642532, -86.567956 34.642612, -86.567857 34.642612, -86.567856 34.6427, -86.568312 34.642703, -86.568312 34.642677, -86.568436 34.642677, -86.568435 34.642713, -86.568784 34.642715, -86.568784 34.642685, -86.5694 34.64269, -86.5694 34.642724, -86.569472 34.642724, -86.569471 34.642837, -86.569761 34.642839, -86.569769 34.641965)))",microsoft_us_building_footprints
ms-al-000220,Microsoft footprint AL #129,AL,,122031.48,34.6669344,-86.5836783,,commercial_industrial_unknown,unknown,"MULTIPOLYGON (((-86.583962 34.665907, -86.583542 34.665972, -86.583462 34.666098, -86.583861 34.66627, -86.58391 34.666486, -86.583689 34.666833, -86.583044 34.66624, -86.583099 34.66648, -86.582735 34.666324, -86.582603 34.666421, -86.582873 34.66667, -86.582657 34.667009, -86.582951 34.666964, -86.583096 34.666737, -86.583637 34.66697, -86.583656 34.667054, -86.583489 34.66708, -86.583511 34.667175, -86.583742 34.667139, -86.583432 34.667627, -86.583619 34.667708, -86.583848 34.667348, -86.584391 34.667581, -86.584037 34.668138, -86.584249 34.668229, -86.584551 34.667755, -86.584479 34.667441, -86.583876 34.667182, -86.584045 34.667058, -86.584026 34.666976, -86.58388 34.666913, -86.584109 34.666552, -86.583962 34.665907)))",microsoft_us_building_footprints
ms-al-000221,Microsoft footprint AL #130,AL,,117193.41,34.7032930,-86.5904419,,commercial_industrial_unknown,unknown,"MULTIPOLYGON (((-86.590546 34.702984, -86.589573 34.702855, -86.589572 34.702858, -86.589437 34.70284, -86.589416 34.70295, -86.589528 34.702965, -86.589447 34.703378, -86.58969 34.703411, -86.589677 34.703475, -86.590405 34.703572, -86.590409 34.703555, -86.590961 34.703628, -86.590953 34.703668, -86.591121 34.70369, -86.591124 34.703675, -86.591429 34.703715, -86.591521 34.703244, -86.591488 34.703239, -86.591507 34.703144, -86.591363 34.703124, -86.591347 34.703205, -86.590961 34.703154, -86.590956 34.70318, -86.590649 34.703139, -86.590624 34.703263, -86.590495 34.703246, -86.590546 34.702984)))",microsoft_us_building_footprints
ms-al-000222,Microsoft footprint AL #131,AL,,282630.23,33.6390268,-86.6288568,,commercial_industrial_unknown,unknown,"MULTIPOLYGON (((-86.628332 33.63842, -86.628283 33.639168, -86.627952 33.639153, -86.627972 33.638834, -86.627465 33.638811, -86.62746 33.638899, -86.627402 33.638816, -86.627244 33.638892, -86.627237 33.639, -86.626994 33.638989, -86.626968 33.63939, -86.629594 33.639508, -86.629594 33.639508, -86.629686 33.639512, -86.629696 33.639365, -86.630077 33.639382, -86.630069 33.639504, -86.630193 33.639509, -86.630196 33.639462, -86.630105 33.639424, -86.630133 33.639411, -86.630365 33.639507, -86.630439 33.63951, -86.630463 33.639139, -86.630059 33.63912, -86.630075 33.638869, -86.6303 33.638879, -86.63031 33.63873, -86.630056 33.638718, -86.63007 33.638499, -86.628332 33.63842)))",microsoft_us_building_footprints
ms-al-000223,Microsoft footprint AL #132,AL,,163619.07,33.5975257,-86.6497956,,commercial_industrial_unknown,unknown,"MULTIPOLYGON (((-86.650748 33.597568, -86.65035 33.596735, -86.65006 33.596831, -86.650132 33.596981, -86.648698 33.597456, -86.648756 33.597578, -86.648888 33.597534, -86.648969 33.597705, -86.649107 33.597659, -86.649227 33.59791, -86.648979 33.597992, -86.649071 33.598186, -86.649474 33.598052, -86.649545 33.598201, -86.649983 33.598056, -86.64995 33.597987, -86.650232 33.597893, -86.650169 33.59776, -86.650748 33.597568)))",microsoft_us_building_footprints
ms-al-000224,Microsoft footprint AL #133,AL,,213717.35,33.5871136,-86.7034247,,commercial_industrial_unknown,unknown,"MULTIPOLYGON (((-86.703676 33.58753, -86.703575 33.58765, -86.702286 33.587848, -86.702404 33.588381, -86.702713 33.588333, -86.702685 33.588209, -86.702937 33.58817, -86.702928 33.58813, -86.704129 33.587946, -86.704015 33.587431, -86.704219 33.5874, -86.704134 33.587021, -86.703992 33.587043, -86.703982 33.586998, -86.703915 33.586959, -86.70389 33.586845, -86.703986 33.58683, -86.703969 33.586755, -86.704064 33.586643, -86.70388 33.586442, -86.703785 33.586457, -86.703702 33.586083, -86.703744 33.586077, -86.703687 33.585823, -86.703532 33.585652, -86.703036 33.585728, -86.703193 33.586436, -86.703126 33.586447, -86.703256 33.587032, -86.703556 33.586986, -86.703676 33.58753)))",microsoft_us_building_footprints
ms-al-000225,Microsoft footprint AL #134,AL,,102125.97,33.5238571,-86.7281255,,commercial_industrial_unknown,unknown,"MULTIPOLYGON (((-86.728785 33.52388, -86.728714 33.523754, -86.728471 33.52385, -86.728409 33.523742, -86.728626 33.523656, -86.72857 33.523558, -86.728305 33.523663, -86.72824 33.523549, -86.728712 33.523363, -86.728913 33.523716, -86.729385 33.523529, -86.729341 33.523451, -86.729264 33.523387, -86.729 33.523491, -86.728826 33.523185, -86.727084 33.523872, -86.727018 33.523817, -86.726899 33.523916, -86.727003 33.524101, -86.728035 33.523693, -86.728194 33.523973, -86.727973 33.52406, -86.727928 33.523981, -86.728129 33.523901, -86.727948 33.523751, -86.727894 33.523773, -86.727855 33.524446, -86.727381 33.524633, -86.727459 33.52477, -86.728128 33.524506, -86.728135 33.524382, -86.728021 33.524181, -86.728785 33.52388)))",microsoft_us_building_footprints
ms-al-000226,Microsoft footprint AL #135,AL,,106896.5,33.6274432,-86.7363344,,commercial_industrial_unknown,unknown,"MULTIPOLYGON (((-86.736369 33.626716, -86.73564 33.627735, -86.736456 33.628139, -86.736802 33.627655, -86.736581 33.627546, -86.736964 33.627011, -86.736369 33.626716)))",microsoft_us_building_footprints
ms-al-000227,Microsoft footprint AL #136,AL,,277319.42,33.1510020,-86.7519644,,commercial_industrial_unknown,unknown,"MULTIPOLYGON (((-86.750472 33.151372, -86.751006 33.151382, -86.751005 33.151412, -86.753308 33.151456, -86.753308 33.151441, -86.753421 33.151444, -86.753444 33.150608, -86.750495 33.150551, -86.750472 33.151372)))",microsoft_us_building_footprints
ms-al-000228,Microsoft footprint AL #137,AL,,303705.59,33.5455519,-86.8051062,,commercial_industrial_unknown,unknown,"MULTIPOLYGON (((-86.803506 33.545118, -86.806202 33.546725, -86.806405 33.546489, -86.806441 33.54651, -86.806702 33.546205, -86.805154 33.545282, -86.805248 33.545172, -86.806051 33.54565, -86.806206 33.545471, -86.805696 33.545167, -86.805963 33.545, -86.805737 33.544992, -86.805615 33.545134, -86.804929 33.544726, -86.804733 33.544953, -86.804252 33.544666, -86.804011 33.544817, -86.80401 33.544867, -86.803831 33.544861, -86.803871 33.544906, -86.803721 33.544901, -86.803733 33.544941, -86.803474 33.544786, -86.80362 33.544695, -86.803618 33.544693, -86.803749 33.544698, -86.803671 33.54445, -86.803358 33.544646, -86.803506 33.545118)))",microsoft_us_building_footprints
ms-al-000229,Microsoft footprint AL #138,AL,,131154.41,33.4983143,-86.8474317,,commercial_industrial_unknown,unknown,"MULTIPOLYGON (((-86.848012 33.497926, -86.847543 33.49817, -86.847495 33.498165, -86.847485 33.498224, -86.847336 33.498302, -86.847253 33.498191, -86.847695 33.49796, -86.847431 33.497607, -86.846791 33.49794, -86.84693 33.498125, -86.846918 33.498197, -86.846835 33.498087, -86.846537 33.498242, -86.846726 33.498494, -86.847175 33.49826, -86.847255 33.498367, -86.846971 33.498515, -86.846908 33.498508, -86.846987 33.498613, -86.84697 33.498723, -86.847129 33.498935, -86.847269 33.49895, -86.847479 33.498841, -86.847683 33.498863, -86.847775 33.498816, -86.847793 33.498699, -86.847855 33.498705, -86.848071 33.498593, -86.848097 33.498426, -86.848152 33.498432, -86.848258 33.498377, -86.848274 33.498276, -86.848012 33.497926)))",microsoft_us_building_footprints
ms-al-000230,Microsoft footprint AL #139,AL,,223491.83,31.5828064,-87.4966191,,commercial_industrial_unknown,unknown,"MULTIPOLYGON (((-87.49626 31.581553, -87.496223 31.584239, -87.49689 31.584245, -87.496903 31.583382, -87.496811 31.583381, -87.496817 31.582981, -87.496895 31.582982, -87.496898 31.582719, -87.497067 31.582721, -87.497072 31.58236, -87.497241 31.582362, -87.497242 31.582313, -87.497116 31.582311, -87.497127 31.581562, -87.49626 31.581553)))",microsoft_us_building_footprints
ms-al-000231,Microsoft footprint AL #140,AL,,107558.53,34.8018755,-86.9537082,,commercial_industrial_unknown,unknown,"MULTIPOLYGON (((-86.953213 34.801758, -86.953371 34.801924, -86.953382 34.80197, -86.953764 34.802371, -86.953792 34.802367, -86.954208 34.802804, -86.954253 34.802796, -86.954515 34.802628, -86.954241 34.802342, -86.954322 34.80229, -86.954181 34.802142, -86.954227 34.802113, -86.954194 34.802078, -86.954188 34.802055, -86.954141 34.802006, -86.954174 34.801985, -86.954161 34.801931, -86.954129 34.801897, -86.954081 34.801928, -86.953746 34.801576, -86.953744 34.801567, -86.95379 34.801537, -86.95374 34.801483, -86.953686 34.801492, -86.953619 34.801213, -86.953579 34.801171, -86.953571 34.801136, -86.953369 34.801169, -86.953317 34.80095, -86.95303 34.800997, -86.953213 34.801758)))",microsoft_us_building_footprints
ms-al-000232,Microsoft footprint AL #141,AL,,116813.4,34.0563412,-87.5647704,,commercial_industrial_unknown,unknown,"MULTIPOLYGON (((-87.563981 34.056332, -87.564196 34.056458, -87.564221 34.056535, -87.56425 34.056521, -87.564308 34.056555, -87.564321 34.056598, -87.564277 34.056607, -87.564294 34.056631, -87.564369 34.056596, -87.564391 34.056629, -87.564414 34.056602, -87.564425 34.056638, -87.565089 34.057029, -87.565201 34.056897, -87.565221 34.056909, -87.56563 34.056432, -87.565574 34.056399, -87.565496 34.05649, -87.564783 34.05607, -87.564844 34.055998, -87.564907 34.056035, -87.565071 34.055844, -87.565024 34.055816, -87.565094 34.055735, -87.565011 34.055616, -87.564988 34.055643, -87.564899 34.05559, -87.564607 34.055931, -87.564507 34.055872, -87.564729 34.055614, -87.564641 34.055563, -87.563981 34.056332)))",microsoft_us_building_footprints
ms-al-000233,Microsoft footprint AL #142,AL,,135017.91,32.4286034,-87.0223110,,commercial_industrial_unknown,unknown,"MULTIPOLYGON (((-87.022825 32.427474, -87.02214 32.427484, -87.022326 32.427888, -87.022608 32.427884, -87.022615 32.428167, -87.022526 32.428169, -87.022529 32.428288, -87.022305 32.428291, -87.022305 32.428296, -87.022379 32.428457, -87.022489 32.428421, -87.022712 32.428906, -87.021739 32.428921, -87.021739 32.428894, -87.021853 32.428892, -87.021898 32.428878, -87.021893 32.428683, -87.021416 32.42869, -87.02152 32.428916, -87.021353 32.428971, -87.02136 32.429322, -87.022103 32.429311, -87.022099 32.429125, -87.022324 32.429122, -87.022328 32.429307, -87.022706 32.429302, -87.022705 32.429241, -87.022893 32.429238, -87.022869 32.428168, -87.02284 32.428168, -87.022825 32.427474)))",microsoft_us_building_footprints
ms-al-000234,Microsoft footprint AL #143,AL,,118866.08,34.8379413,-87.6268376,,commercial_industrial_unknown,unknown,"MULTIPOLYGON (((-87.626592 34.83711, -87.626586 34.837667, -87.626505 34.837666, -87.626503 34.837851, -87.626377 34.83785, -87.62637 34.838409, -87.626571 34.838411, -87.626568 34.838691, -87.627199 34.838696, -87.627203 34.838392, -87.627226 34.838392, -87.627229 34.838163, -87.627203 34.838163, -87.627207 34.83786, -87.627146 34.83786, -87.627151 34.837502, -87.627205 34.837503, -87.627207 34.837332, -87.627156 34.837331, -87.627158 34.837115, -87.626592 34.83711)))",microsoft_us_building_footprints
ms-al-000235,Microsoft footprint AL #144,AL,,242967.66,34.6910418,-87.6578275,,commercial_industrial_unknown,unknown,"MULTIPOLYGON (((-87.656976 34.69061, -87.657019 34.691893, -87.657488 34.691882, -87.657483 34.691721, -87.658689 34.691694, -87.658671 34.69115, -87.658501 34.691153, -87.658458 34.691088, -87.658342 34.691075, -87.658285 34.690991, -87.658428 34.690988, -87.658462 34.690973, -87.658416 34.690954, -87.658416 34.690953, -87.658374 34.690936, -87.658401 34.690891, -87.658308 34.690893, -87.658307 34.69088, -87.658364 34.690797, -87.658389 34.690757, -87.65831 34.690725, -87.658664 34.690565, -87.658655 34.690277, -87.658624 34.69023, -87.658412 34.690326, -87.658404 34.690068, -87.657731 34.690084, -87.657748 34.690593, -87.656976 34.69061)))",microsoft_us_building_footprints
ms-al-000236,Microsoft footprint AL #145,AL,,226175.8,34.2592810,-87.6986477,,commercial_industrial_unknown,unknown,"MULTIPOLYGON (((-87.698744 34.259512, -87.698131 34.259577, -87.698115 34.259532, -87.698001 34.259508, -87.697861 34.25954, -87.697814 34.259691, -87.699707 34.260094, -87.69996 34.259281, -87.699073 34.259092, -87.699162 34.258807, -87.69859 34.258938, -87.698657 34.258725, -87.698179 34.258623, -87.698124 34.258799, -87.697939 34.258841, -87.698022 34.258578, -87.697293 34.258423, -87.697138 34.258921, -87.698004 34.259226, -87.698061 34.259222, -87.697981 34.259129, -87.698074 34.259149, -87.698512 34.259048, -87.69862 34.25937, -87.698475 34.259455, -87.698744 34.259512)))",microsoft_us_building_footprints
ms-al-000237,Microsoft footprint AL #146,AL,,129055.62,33.8556992,-87.3088525,,commercial_industrial_unknown,unknown,"MULTIPOLYGON (((-87.31 33.855809, -87.309707 33.855691, -87.309681 33.855736, -87.309103 33.855504, -87.309098 33.855514, -87.308979 33.855466, -87.309028 33.855383, -87.308733 33.855265, -87.308708 33.855308, -87.308402 33.855186, -87.308353 33.855271, -87.308122 33.855178, -87.308062 33.855281, -87.307808 33.855179, -87.307625 33.855494, -87.307838 33.855579, -87.307792 33.855658, -87.308026 33.855752, -87.308142 33.855552, -87.308442 33.855672, -87.308394 33.855753, -87.308697 33.855874, -87.308787 33.855718, -87.308905 33.855765, -87.308733 33.856061, -87.309385 33.856323, -87.309521 33.856089, -87.309778 33.856192, -87.31 33.855809)))",microsoft_us_building_footprints
ms-al-000238,Microsoft footprint AL #147,AL,,161123.04,32.6126030,-87.3154517,,commercial_industrial_unknown,unknown,"MULTIPOLYGON (((-87.314856 32.612935, -87.315424 32.612935, -87.315424 32.613084, -87.31481 32.613084, -87.31481 32.613313, -87.315878 32.613312, -87.315878 32.613075, -87.315476 32.613075, -87.315476 32.612916, -87.316501 32.612915, -87.316501 32.612965, -87.316764 32.612965, -87.316764 32.612851, -87.316636 32.612851, -87.316597 32.612767, -87.316383 32.612839, -87.316383 32.61276, -87.316467 32.61276, -87.316351 32.612515, -87.316243 32.612552, -87.316053 32.612552, -87.316052 32.612451, -87.315594 32.612451, -87.315594 32.612564, -87.31548 32.612564, -87.31548 32.611733, -87.315126 32.611733, -87.315086 32.611729, -87.314855 32.611729, -87.314856 32.612935)))",microsoft_us_building_footprints
ms-al-000239,Microsoft footprint AL #148,AL,,326977.84,33.2346864,-87.5086761,,commercial_industrial_unknown,unknown,"MULTIPOLYGON (((-87.509697 33.234305, -87.509951 33.232958, -87.509311 33.232698, -87.509077 33.2331, -87.509531 33.234115, -87.508837 33.234678, -87.509027 33.235104, -87.508202 33.234995, -87.50616 33.235634, -87.506271 33.235884, -87.506804 33.235717, -87.507024 33.236207, -87.50721 33.236149, -87.507098 33.235897, -87.508465 33.235469, -87.508618 33.23581, -87.508843 33.23574, -87.50864 33.235284, -87.509416 33.235041, -87.50953 33.234979, -87.509882 33.234868, -87.509705 33.234715, -87.509828 33.234677, -87.509979 33.234807, -87.510297 33.234707, -87.510025 33.234098, -87.50995 33.234226, -87.509697 33.234305)))",microsoft_us_building_footprints
ms-al-000240,Microsoft footprint AL #149,AL,,106684.27,34.7991288,-87.6555526,,commercial_industrial_unknown,unknown,"MULTIPOLYGON (((-87.656499 34.798803, -87.656247 34.798611, -87.65606 34.798777, -87.655843 34.798612, -87.655658 34.798775, -87.65573 34.79883, -87.655384 34.799137, -87.655338 34.799102, -87.655302 34.799134, -87.655127 34.799001, -87.655617 34.798567, -87.655552 34.798518, -87.655318 34.798725, -87.655179 34.798618, -87.654648 34.799088, -87.654899 34.799279, -87.655095 34.799104, -87.655225 34.799203, -87.655174 34.799455, -87.655207 34.799459, -87.655159 34.799482, -87.655184 34.799485, -87.655169 34.79956, -87.65521 34.799566, -87.655092 34.799621, -87.655152 34.799708, -87.65509 34.799762, -87.655213 34.799939, -87.655482 34.7997, -87.655542 34.799745, -87.655575 34.799715, -87.655518 34.799672, -87.656499 34.798803)))",microsoft_us_building_footprints
ms-al-000241,Microsoft footprint AL #150,AL,,485796.29,30.7118368,-88.0430538,,commercial_industrial_unknown,unknown,"MULTIPOLYGON (((-88.040929 30.711408, -88.044901 30.713174, -88.045096 30.712849, -88.045158 30.712876, -88.04523 30.712756, -88.045185 30.712737, -88.045352 30.712459, -88.045284 30.712429, -88.045336 30.712344, -88.044312 30.711888, -88.044303 30.711903, -88.040974 30.710423, -88.040785 30.710737, -88.041054 30.710857, -88.040884 30.711139, -88.041047 30.711211, -88.040929 30.711408)))",microsoft_us_building_footprints
ms-al-000242,Microsoft footprint AL #151,AL,,150158.17,33.9189862,-87.8168565,,commercial_industrial_unknown,unknown,"MULTIPOLYGON (((-87.816626 33.918278, -87.816107 33.919296, -87.816235 33.919341, -87.816167 33.919474, -87.816535 33.919603, -87.816508 33.919657, -87.816599 33.919689, -87.816617 33.919653, -87.816934 33.919764, -87.817115 33.919407, -87.817259 33.919457, -87.817341 33.919297, -87.817222 33.919255, -87.817433 33.918842, -87.817556 33.918885, -87.817627 33.918745, -87.817524 33.918709, -87.817557 33.918645, -87.817635 33.918672, -87.817703 33.918538, -87.817638 33.918515, -87.817644 33.918504, -87.817162 33.918335, -87.817106 33.918447, -87.816626 33.918278)))",microsoft_us_building_footprints
ms-al-000243,Microsoft footprint AL #152,AL,,145149.98,30.6628185,-88.1462937,,commercial_industrial_unknown,unknown,"MULTIPOLYGON (((-88.145377 30.66253, -88.145371 30.6628, -88.145602 30.662803, -88.145599 30.662935, -88.146021 30.662942, -88.146019 30.663064, -88.145867 30.663061, -88.145859 30.663459, -88.146636 30.663472, -88.146645 30.663067, -88.146487 30.663064, -88.146489 30.662938, -88.147019 30.662946, -88.147021 30.662841, -88.147057 30.662842, -88.147067 30.662409, -88.146901 30.662407, -88.146901 30.66237, -88.147139 30.662374, -88.147134 30.662593, -88.1472 30.662594, -88.147207 30.662234, -88.147138 30.662233, -88.147136 30.662317, -88.146812 30.662312, -88.14681 30.662375, -88.146486 30.66237, -88.146485 30.662407, -88.145603 30.662393, -88.1456 30.662533, -88.145377 30.66253)))",microsoft_us_building_footprints
ms-al-000244,Microsoft footprint AL #153,AL,,139586.89,32.8421748,-87.8664424,,commercial_industrial_unknown,unknown,"MULTIPOLYGON (((-87.865632 32.841651, -87.86562 32.842356, -87.865665 32.842357, -87.865665 32.842323, -87.86607 32.842328, -87.866068 32.842438, -87.86623 32.84244, -87.866227 32.842609, -87.866064 32.842607, -87.866063 32.842668, -87.867127 32.842681, -87.867135 32.842213, -87.867269 32.842214, -87.867268 32.842291, -87.867214 32.84229, -87.867214 32.842315, -87.867171 32.842314, -87.867169 32.842459, -87.867354 32.842461, -87.867357 32.842294, -87.867308 32.842293, -87.867313 32.842001, -87.866982 32.841997, -87.866985 32.841856, -87.866345 32.841848, -87.866348 32.84166, -87.865632 32.841651)))",microsoft_us_building_footprints
ms-al-000245,Microsoft footprint AL #154,AL,,258379.62,30.6779838,-88.2226784,,commercial_industrial_unknown,unknown,"MULTIPOLYGON (((-88.222021 30.677415, -88.221999 30.678496, -88.22194 30.678495, -88.221934 30.678801, -88.222135 30.678805, -88.222133 30.678894, -88.222321 30.678897, -88.222317 30.679098, -88.222489 30.6791, -88.222493 30.678895, -88.222784 30.6789, -88.22278 30.679108, -88.22322 30.679115, -88.223229 30.678717, -88.223103 30.678715, -88.223101 30.67878, -88.223069 30.678779, -88.223073 30.678587, -88.223121 30.678587, -88.223123 30.678514, -88.22323 30.678515, -88.223246 30.677745, -88.223128 30.677743, -88.223129 30.677672, -88.222987 30.67767, -88.223258 30.67704, -88.223269 30.676466, -88.222713 30.676458, -88.222701 30.677038, -88.223031 30.677043, -88.222951 30.67723, -88.222946 30.677429, -88.222021 30.677415)))",microsoft_us_building_footprints
ms-al-000246,Microsoft footprint AL #155,AL,,128945.74,30.6751435,-88.2232571,,commercial_industrial_unknown,unknown,"MULTIPOLYGON (((-88.222822 30.674559, -88.22284 30.675817, -88.223633 30.675808, -88.223632 30.675757, -88.223793 30.675756, -88.22379 30.675542, -88.22365 30.675544, -88.223647 30.675302, -88.223634 30.675302, -88.223619 30.674276, -88.223507 30.674278, -88.223509 30.674441, -88.223017 30.674447, -88.223019 30.674556, -88.222822 30.674559)))",microsoft_us_building_footprints
ms-al-000247,Microsoft footprint AL #156,AL,,206007.47,30.7422277,-88.0557901,,commercial_industrial_unknown,unknown,"MULTIPOLYGON (((-88.054307 30.741875, -88.05722 30.7432, -88.057443 30.742836, -88.057303 30.742773, -88.057336 30.742719, -88.057256 30.742682, -88.057227 30.74273, -88.05716 30.7427, -88.05721 30.742619, -88.056839 30.74245, -88.05683 30.742464, -88.055809 30.742, -88.055835 30.741959, -88.055759 30.741925, -88.055749 30.741942, -88.055389 30.741778, -88.055448 30.74168, -88.055221 30.741577, -88.055171 30.741657, -88.054964 30.741563, -88.055111 30.741324, -88.054748 30.741159, -88.054307 30.741875)))",microsoft_us_building_footprints
ms-al-000248,Microsoft footprint AL #157,AL,,171299.75,30.6476801,-88.0731143,,commercial_industrial_unknown,unknown,"MULTIPOLYGON (((-88.073792 30.646513, -88.073261 30.646393, -88.073246 30.646443, -88.073321 30.64646, -88.073305 30.646511, -88.073415 30.646536, -88.073382 30.646643, -88.073179 30.646597, -88.073164 30.646648, -88.073117 30.646637, -88.073101 30.64669, -88.073095 30.646689, -88.072443 30.648828, -88.072958 30.648944, -88.07297 30.648901, -88.073019 30.648912, -88.073036 30.648857, -88.072993 30.648848, -88.073025 30.648744, -88.073072 30.648755, -88.07309 30.648699, -88.073049 30.64869, -88.073081 30.648586, -88.07313 30.648597, -88.073147 30.648541, -88.073106 30.648532, -88.073137 30.648428, -88.073204 30.648443, -88.073792 30.646513)))",microsoft_us_building_footprints
ms-al-000249,Microsoft footprint AL #158,AL,,101631.81,30.7538889,-88.0738668,,commercial_industrial_unknown,unknown,"MULTIPOLYGON (((-88.074476 30.754238, -88.074467 30.753491, -88.073572 30.7535, -88.073574 30.753633, -88.073475 30.753634, -88.073475 30.753667, -88.073325 30.753668, -88.073325 30.753636, -88.073224 30.753637, -88.073225 30.753708, -88.073182 30.753709, -88.073183 30.753785, -88.073225 30.753784, -88.073226 30.753917, -88.073189 30.753917, -88.073191 30.754059, -88.073227 30.754059, -88.073228 30.754118, -88.073192 30.754119, -88.073193 30.754197, -88.07323 30.754197, -88.073231 30.75425, -88.074476 30.754238)))",microsoft_us_building_footprints
ms-al-000250,Microsoft footprint AL #159,AL,,110267.56,34.8325177,-88.0750594,,commercial_industrial_unknown,unknown,"MULTIPOLYGON (((-88.075444 34.832039, -88.075081 34.832072, -88.075071 34.8321, -88.074939 34.832143, -88.074891 34.832271, -88.074707 34.832288, -88.074687 34.83234, -88.074435 34.832275, -88.074439 34.832303, -88.074205 34.83238, -88.074209 34.832407, -88.074421 34.832842, -88.075119 34.833021, -88.075373 34.832852, -88.075351 34.832807, -88.075426 34.832826, -88.075499 34.832742, -88.075527 34.8328, -88.075563 34.832775, -88.075536 34.832719, -88.075642 34.832709, -88.075671 34.83263, -88.075648 34.832617, -88.075674 34.8326, -88.075615 34.832566, -88.075609 34.832528, -88.075667 34.832542, -88.075742 34.832455, -88.075809 34.832494, -88.075908 34.832429, -88.075826 34.832262, -88.075444 34.832039)))",microsoft_us_building_footprints
ms-al-000251,Microsoft footprint AL #160,AL,,107820.36,30.6828589,-88.0863061,,commercial_industrial_unknown,unknown,"MULTIPOLYGON (((-88.086233 30.682402, -88.086237 30.683357, -88.08586 30.683358, -88.085859 30.683109, -88.085645 30.683109, -88.085646 30.683467, -88.085872 30.683466, -88.085872 30.683691, -88.086237 30.68369, -88.086238 30.683863, -88.086391 30.683863, -88.086388 30.683063, -88.086757 30.683062, -88.086755 30.682694, -88.086428 30.682695, -88.086427 30.682401, -88.086984 30.682399, -88.086986 30.682779, -88.087182 30.682778, -88.08718 30.682324, -88.086851 30.682325, -88.08685 30.682118, -88.086632 30.682119, -88.086475 30.68238, -88.086274 30.682291, -88.086363 30.682143, -88.086244 30.682143, -88.08613 30.682335, -88.085642 30.682119, -88.085644 30.682657, -88.08587 30.682656, -88.085869 30.682403, -88.086233 30.682402)))",microsoft_us_building_footprints
ms-al-000252,Microsoft footprint AL #161,AL,,103439.3,30.7075067,-88.1207045,,commercial_industrial_unknown,unknown,"MULTIPOLYGON (((-88.120473 30.706844, -88.120327 30.707761, -88.120296 30.707757, -88.120273 30.707901, -88.120256 30.707899, -88.120244 30.70797, -88.12026 30.707971, -88.120235 30.708126, -88.120921 30.708207, -88.121099 30.70709, -88.12116 30.707097, -88.121197 30.706865, -88.120788 30.706817, -88.120778 30.70688, -88.120473 30.706844)))",microsoft_us_building_footprints
ms-al-000253,Microsoft footprint AL #162,AL,,104156.89,30.6487053,-88.1554252,,commercial_industrial_unknown,unknown,"MULTIPOLYGON (((-88.156211 30.648902, -88.156194 30.648323, -88.155639 30.648335, -88.155567 30.648365, -88.155573 30.648572, -88.155503 30.648601, -88.155392 30.648403, -88.155323 30.648431, -88.155067 30.64831, -88.155068 30.648359, -88.154982 30.648361, -88.154985 30.648452, -88.154745 30.648552, -88.15472 30.648591, -88.1547 30.648555, -88.15464 30.648648, -88.154661 30.648658, -88.154671 30.64897, -88.154881 30.649069, -88.154976 30.64903, -88.154979 30.649146, -88.15505 30.649144, -88.155131 30.649288, -88.155222 30.64925, -88.155163 30.649144, -88.155313 30.649082, -88.155296 30.649053, -88.155382 30.64892, -88.155629 30.648914, -88.155631 30.648965, -88.155739 30.648963, -88.155772 30.648911, -88.156211 30.648902)))",microsoft_us_building_footprints
ms-al-000254,Microsoft footprint AL #163,AL,,158701.61,30.7863685,-88.2907364,,commercial_industrial_unknown,unknown,"MULTIPOLYGON (((-88.290259 30.786596, -88.290355 30.786633, -88.290346 30.787167, -88.290737 30.787172, -88.290747 30.786619, -88.291011 30.786623, -88.291055 30.786729, -88.291143 30.786702, -88.291144 30.786624, -88.291234 30.786625, -88.291235 30.786584, -88.291622 30.78659, -88.291626 30.786378, -88.291809 30.786322, -88.291628 30.786252, -88.291635 30.785862, -88.291107 30.785855, -88.291101 30.786186, -88.291045 30.786203, -88.291053 30.786222, -88.290892 30.786159, -88.290862 30.786218, -88.29082 30.78623, -88.290838 30.786196, -88.290752 30.786162, -88.29076 30.785689, -88.290367 30.785683, -88.290358 30.786178, -88.290319 30.786253, -88.289653 30.786244, -88.289647 30.786587, -88.290259 30.786596)))",microsoft_us_building_footprints
ms-al-000255,Microsoft footprint AL #164,AL,,197914.89,32.3961296,-85.0082720,,commercial_industrial_unknown,unknown,"MULTIPOLYGON (((-85.00865 32.395091, -85.008359 32.39514, -85.008387 32.39526, -85.008539 32.3953, -85.008594 32.395533, -85.007739 32.395678, -85.007728 32.395662, -85.007605 32.395682, -85.007581 32.39558, -85.007181 32.395648, -85.007212 32.395776, -85.007139 32.395788, -85.007176 32.395941, -85.007263 32.395926, -85.007273 32.395967, -85.007204 32.395979, -85.007247 32.396162, -85.007635 32.396096, -85.00767 32.396149, -85.007759 32.396521, -85.007979 32.396579, -85.007997 32.396606, -85.008197 32.396572, -85.008223 32.396678, -85.008424 32.396644, -85.00846 32.396799, -85.008646 32.396768, -85.008734 32.397138, -85.00905 32.397084, -85.0091 32.39695, -85.00909 32.396908, -85.009082 32.396909, -85.00865 32.395091)))",microsoft_us_building_footprints
ms-al-000256,Microsoft footprint AL #165,AL,,568952.43,31.5522729,-85.2870447,,commercial_industrial_unknown,unknown,"MULTIPOLYGON (((-85.28492 31.551494, -85.28487 31.552607, -85.287556 31.552695, -85.287528 31.55333, -85.288323 31.553356, -85.288313 31.553579, -85.288592 31.553588, -85.288632 31.552691, -85.288895 31.552598, -85.288919 31.552062, -85.289017 31.552065, -85.289022 31.551951, -85.288917 31.551948, -85.28892 31.551886, -85.289041 31.55189, -85.28904 31.551899, -85.289147 31.551903, -85.289145 31.551964, -85.289238 31.551967, -85.289242 31.551877, -85.289056 31.551849, -85.289061 31.551744, -85.288927 31.551786, -85.288903 31.55173, -85.287654 31.55169, -85.28765 31.551767, -85.287188 31.551752, -85.287196 31.551567, -85.28492 31.551494)))",microsoft_us_building_footprints
ms-al-000257,Microsoft footprint AL #166,AL,,194911.47,32.8218175,-85.2292643,,commercial_industrial_unknown,unknown,"MULTIPOLYGON (((-85.229542 32.822035, -85.229501 32.821878, -85.229132 32.821521, -85.229191 32.821477, -85.229036 32.821091, -85.229026 32.821006, -85.228989 32.821032, -85.228122 32.820861, -85.227807 32.821091, -85.228239 32.821509, -85.228549 32.821451, -85.228909 32.821799, -85.228855 32.821995, -85.229153 32.821939, -85.22907 32.822238, -85.229278 32.822086, -85.229392 32.822197, -85.229008 32.822477, -85.229442 32.822897, -85.230946 32.8218, -85.230731 32.821592, -85.230014 32.822147, -85.230014 32.822145, -85.229945 32.822078, -85.229855 32.822095, -85.229753 32.821996, -85.229542 32.822035)))",microsoft_us_building_footprints
ms-al-000258,Microsoft footprint AL #167,AL,,122831.75,31.5817599,-85.2780970,,commercial_industrial_unknown,unknown,"MULTIPOLYGON (((-85.277803 31.580824, -85.277737 31.581332, -85.277725 31.581431, -85.277625 31.582204, -85.277557 31.582276, -85.277531 31.582474, -85.277834 31.582502, -85.277856 31.582324, -85.277704 31.582265, -85.277905 31.582218, -85.277961 31.581785, -85.27812 31.5818, -85.278001 31.582721, -85.278216 31.582741, -85.27825 31.582472, -85.278134 31.582461, -85.278145 31.582376, -85.278451 31.582405, -85.278511 31.581937, -85.278714 31.58189, -85.278556 31.581829, -85.278633 31.581231, -85.278209 31.581191, -85.278138 31.581742, -85.277987 31.581728, -85.278022 31.581457, -85.277917 31.581417, -85.277925 31.581356, -85.278094 31.581372, -85.278161 31.580857, -85.277803 31.580824)))",microsoft_us_building_footprints
ms-al-000259,Microsoft footprint AL #168,AL,,127442.26,31.2223167,-85.3456869,,commercial_industrial_unknown,unknown,"MULTIPOLYGON (((-85.345992 31.221425, -85.345938 31.221425, -85.345939 31.221345, -85.34544 31.221343, -85.345436 31.222206, -85.345267 31.222206, -85.345267 31.222384, -85.345373 31.222384, -85.345369 31.223174, -85.345479 31.223175, -85.345479 31.223257, -85.345906 31.223259, -85.345907 31.223174, -85.345983 31.223174, -85.345992 31.221425)))",microsoft_us_building_footprints
ms-al-000260,Microsoft footprint AL #169,AL,,211082.85,33.1317219,-85.3690754,,commercial_industrial_unknown,unknown,"MULTIPOLYGON (((-85.368664 33.130681, -85.36867 33.131595, -85.368478 33.131596, -85.36848 33.13198, -85.368632 33.131979, -85.368637 33.132775, -85.369027 33.132774, -85.369027 33.132743, -85.369358 33.132742, -85.369357 33.132553, -85.369502 33.132553, -85.3695 33.132256, -85.369602 33.132256, -85.369595 33.131184, -85.369533 33.131185, -85.369533 33.131107, -85.369467 33.131107, -85.369465 33.130677, -85.368664 33.130681)))",microsoft_us_building_footprints
ms-al-000261,Microsoft footprint AL #170,AL,,163806.88,32.5566050,-85.5453360,,commercial_industrial_unknown,unknown,"MULTIPOLYGON (((-85.54649 32.556738, -85.544549 32.555881, -85.544182 32.556472, -85.546123 32.557329, -85.54649 32.556738)))",microsoft_us_building_footprints
ms-al-000262,Microsoft footprint AL #171,AL,,117808.42,32.5507036,-85.5424727,,commercial_industrial_unknown,unknown,"MULTIPOLYGON (((-85.543196 32.550297, -85.541881 32.550301, -85.541882 32.550369, -85.541804 32.550369, -85.541806 32.550819, -85.541887 32.550819, -85.541888 32.551136, -85.543068 32.551132, -85.543065 32.550523, -85.543197 32.550523, -85.543196 32.550297)))",microsoft_us_building_footprints
ms-al-000263,Microsoft footprint AL #172,AL,,117243.54,33.1239427,-85.5635863,,commercial_industrial_unknown,unknown,"MULTIPOLYGON (((-85.564005 33.124344, -85.564057 33.123401, -85.563729 33.123389, -85.563721 33.123534, -85.563411 33.123522, -85.563419 33.123373, -85.563066 33.123359, -85.563043 33.123778, -85.562944 33.123774, -85.562929 33.124038, -85.563018 33.124042, -85.563004 33.124297, -85.563517 33.124317, -85.563516 33.124336, -85.563566 33.124338, -85.563567 33.124324, -85.563655 33.124328, -85.563646 33.124491, -85.564405 33.12452, -85.564416 33.124309, -85.564157 33.124299, -85.564154 33.124349, -85.564005 33.124344)))",microsoft_us_building_footprints
ms-al-000264,Microsoft footprint AL #173,AL,,143093.91,34.1592509,-85.7022972,,commercial_industrial_unknown,unknown,"MULTIPOLYGON (((-85.702474 34.158272, -85.701863 34.158349, -85.701901 34.158557, -85.701823 34.158567, -85.701841 34.158669, -85.701944 34.158656, -85.701995 34.158934, -85.702037 34.158929, -85.702057 34.159039, -85.701805 34.159071, -85.701884 34.159503, -85.701921 34.159498, -85.702031 34.160101, -85.70244 34.16005, -85.702452 34.160115, -85.70283 34.160067, -85.702675 34.159223, -85.702699 34.159221, -85.702686 34.159149, -85.702646 34.159154, -85.702625 34.159035, -85.702588 34.159039, -85.70257 34.158942, -85.702596 34.158938, -85.702474 34.158272)))",microsoft_us_building_footprints
ms-al-000265,Microsoft footprint AL #174,AL,,134221.79,34.3522952,-85.7384749,,commercial_industrial_unknown,unknown,"MULTIPOLYGON (((-85.739606 34.352717, -85.739648 34.351946, -85.739254 34.351931, -85.739246 34.352092, -85.738782 34.352075, -85.738778 34.352155, -85.738725 34.352153, -85.738734 34.351978, -85.737431 34.351929, -85.737426 34.352013, -85.737316 34.352009, -85.737309 34.352142, -85.737674 34.352155, -85.737517 34.352442, -85.737575 34.352464, -85.737565 34.352481, -85.737442 34.352477, -85.737341 34.352662, -85.737594 34.352757, -85.737646 34.352663, -85.737665 34.352664, -85.737718 34.352683, -85.737655 34.352798, -85.737989 34.352923, -85.738021 34.352341, -85.738665 34.352365, -85.738675 34.352182, -85.738726 34.352201, -85.738711 34.352473, -85.739323 34.352496, -85.739311 34.352706, -85.739606 34.352717)))",microsoft_us_building_footprints
ms-al-000266,Microsoft footprint AL #175,AL,,143926.25,33.7084044,-85.8227719,,commercial_industrial_unknown,unknown,"MULTIPOLYGON (((-85.823635 33.707762, -85.82205 33.707833, -85.822077 33.708266, -85.822298 33.708256, -85.822179 33.707995, -85.822617 33.708078, -85.822734 33.708337, -85.822054 33.708367, -85.822068 33.708571, -85.822191 33.708804, -85.82221 33.709092, -85.823193 33.709048, -85.823174 33.708757, -85.822673 33.708779, -85.822862 33.708531, -85.823352 33.708509, -85.823369 33.708774, -85.823573 33.708765, -85.823454 33.708505, -85.823629 33.708497, -85.823616 33.708294, -85.822956 33.708324, -85.823125 33.708103, -85.822858 33.707962, -85.823365 33.70794, -85.823382 33.708202, -85.823589 33.708193, -85.823471 33.707934, -85.823646 33.707926, -85.823635 33.707762)))",microsoft_us_building_footprints
ms-al-000267,Microsoft footprint AL #176,AL,,129118.22,33.6111810,-85.8291177,,commercial_industrial_unknown,unknown,"MULTIPOLYGON (((-85.828804 33.610393, -85.828792 33.610911, -85.828717 33.61091, -85.828712 33.611118, -85.828793 33.611119, -85.828779 33.611725, -85.828757 33.611725, -85.828751 33.612019, -85.828808 33.61202, -85.828806 33.612104, -85.829317 33.612112, -85.829324 33.611829, -85.829413 33.61183, -85.829416 33.61173, -85.829318 33.611728, -85.829322 33.611535, -85.82947 33.611537, -85.829501 33.610193, -85.82941 33.610192, -85.829407 33.610291, -85.829224 33.610288, -85.829221 33.610393, -85.828952 33.610389, -85.828952 33.610395, -85.828804 33.610393)))",microsoft_us_building_footprints
ms-al-000268,Microsoft footprint AL #177,AL,,527235.36,34.1837427,-85.7662056,,commercial_industrial_unknown,unknown,"MULTIPOLYGON (((-85.767302 34.182404, -85.765627 34.183043, -85.765789 34.183334, -85.765627 34.183395, -85.765494 34.183157, -85.764853 34.183401, -85.765003 34.183671, -85.764669 34.183798, -85.764695 34.183846, -85.76472 34.183837, -85.76474 34.183873, -85.764714 34.183883, -85.764767 34.183979, -85.764647 34.184024, -85.764612 34.183961, -85.764526 34.183994, -85.765108 34.18504, -85.766035 34.184687, -85.76608 34.184767, -85.766341 34.184668, -85.766308 34.184607, -85.766332 34.184598, -85.76639 34.184702, -85.766492 34.184663, -85.766394 34.184488, -85.76785 34.183933, -85.767398 34.183122, -85.767688 34.183012, -85.767501 34.182675, -85.767461 34.18269, -85.767302 34.182404)))",microsoft_us_building_footprints
ms-al-000269,Microsoft footprint AL #178,AL,,145871.65,33.6175824,-85.8002175,,commercial_industrial_unknown,unknown,"MULTIPOLYGON (((-85.800741 33.61824, -85.800736 33.617934, -85.800739 33.617934, -85.800727 33.617061, -85.800395 33.617064, -85.800392 33.616865, -85.800307 33.616866, -85.800306 33.616799, -85.800218 33.6168, -85.800219 33.616871, -85.799631 33.616876, -85.799632 33.616916, -85.79973 33.616915, -85.799741 33.617688, -85.799682 33.617689, -85.799683 33.617763, -85.799746 33.617763, -85.799752 33.61825, -85.800124 33.618246, -85.800124 33.618282, -85.800203 33.618281, -85.800203 33.618245, -85.800741 33.61824)))",microsoft_us_building_footprints
ms-al-000270,Microsoft footprint AL #179,AL,,148220.48,34.4826950,-85.8223570,,commercial_industrial_unknown,unknown,"MULTIPOLYGON (((-85.821473 34.482859, -85.822132 34.483138, -85.82214 34.483434, -85.822212 34.483432, -85.822275 34.483602, -85.822619 34.483333, -85.822613 34.483333, -85.822877 34.483121, -85.823121 34.48293, -85.822849 34.482694, -85.822758 34.482766, -85.822711 34.482777, -85.822594 34.482676, -85.822975 34.482377, -85.822807 34.482231, -85.822867 34.482185, -85.823065 34.482269, -85.823176 34.482182, -85.823003 34.482033, -85.822816 34.481953, -85.822709 34.482125, -85.822412 34.482199, -85.822235 34.481714, -85.821671 34.482617, -85.821721 34.48266, -85.82231 34.482199, -85.822646 34.482491, -85.822166 34.4825, -85.822054 34.482403, -85.821473 34.482859)))",microsoft_us_building_footprints
ms-al-000271,Microsoft footprint AL #180,AL,,137280.58,33.6382240,-85.9248496,,commercial_industrial_unknown,unknown,"MULTIPOLYGON (((-85.925625 33.637884, -85.925495 33.637813, -85.92561 33.637666, -85.925065 33.63737, -85.924026 33.638698, -85.924044 33.638708, -85.92408 33.638662, -85.924129 33.638689, -85.924031 33.638814, -85.924422 33.639026, -85.924514 33.638909, -85.924669 33.638992, -85.925016 33.638549, -85.925078 33.638583, -85.925625 33.637884)))",microsoft_us_building_footprints
ms-al-000272,Microsoft footprint AL #181,AL,,246901.28,31.3588756,-85.8732947,,commercial_industrial_unknown,unknown,"MULTIPOLYGON (((-85.872937 31.35765, -85.872912 31.358492, -85.872792 31.35849, -85.872773 31.359112, -85.872712 31.359111, -85.87271 31.359159, -85.872791 31.359161, -85.872779 31.359557, -85.872945 31.35956, -85.87294 31.35973, -85.872841 31.359728, -85.872833 31.359984, -85.872946 31.359986, -85.872942 31.360137, -85.873628 31.360152, -85.873634 31.359953, -85.873682 31.359954, -85.873684 31.359888, -85.873719 31.359874, -85.87373 31.359502, -85.873679 31.359501, -85.873696 31.358926, -85.873613 31.358924, -85.873622 31.358637, -85.873847 31.358545, -85.873855 31.358282, -85.873758 31.358107, -85.873759 31.358084, -85.873859 31.358043, -85.873868 31.357732, -85.873608 31.357726, -85.87361 31.357664, -85.872937 31.35765)))",microsoft_us_building_footprints
ms-al-000273,Microsoft footprint AL #182,AL,,208166.99,33.9859810,-85.9582522,,commercial_industrial_unknown,unknown,"MULTIPOLYGON (((-85.958579 33.985041, -85.957453 33.98606, -85.95756 33.986141, -85.957463 33.986229, -85.957344 33.986138, -85.957065 33.986391, -85.957708 33.98688, -85.958084 33.98654, -85.95818 33.986613, -85.958454 33.986364, -85.958607 33.98648, -85.95887 33.986242, -85.958851 33.986228, -85.958989 33.986103, -85.958917 33.986048, -85.959142 33.985844, -85.95909 33.985804, -85.959171 33.985731, -85.959241 33.985785, -85.959386 33.985653, -85.958579 33.985041)))",microsoft_us_building_footprints
ms-al-000274,Microsoft footprint AL #183,AL,,1636325.91,34.0103606,-85.9785397,,commercial_industrial_unknown,unknown,"MULTIPOLYGON (((-85.981758 34.01044, -85.980173 34.00858, -85.977008 34.009135, -85.97696 34.009341, -85.976406 34.009253, -85.976191 34.009487, -85.974611 34.009235, -85.975284 34.011867, -85.975576 34.011696, -85.975937 34.010138, -85.976636 34.01055, -85.978277 34.010812, -85.978123 34.010209, -85.978541 34.010343, -85.978393 34.012207, -85.977629 34.012341, -85.977612 34.012349, -85.980142 34.012536, -85.981143 34.0108, -85.981758 34.01044)))",microsoft_us_building_footprints
ms-al-000275,Microsoft footprint AL #184,AL,,179011.08,31.4997572,-85.9026376,,commercial_industrial_unknown,unknown,"MULTIPOLYGON (((-85.903689 31.499058, -85.903185 31.498756, -85.902778 31.49925, -85.902863 31.499301, -85.90283 31.499342, -85.902691 31.499323, -85.902623 31.499406, -85.902317 31.499223, -85.901935 31.499685, -85.902236 31.499866, -85.902156 31.499962, -85.902069 31.49995, -85.90205 31.500053, -85.901672 31.500511, -85.902087 31.500759, -85.902138 31.500766, -85.902295 31.500577, -85.902234 31.500541, -85.902281 31.500484, -85.902385 31.500547, -85.902522 31.50038, -85.902615 31.500436, -85.90271 31.50032, -85.902837 31.500337, -85.90292 31.500236, -85.902843 31.50019, -85.902928 31.500087, -85.902753 31.499983, -85.902759 31.499954, -85.902761 31.499951, -85.902934 31.499974, -85.903689 31.499058)))",microsoft_us_building_footprints
ms-al-000276,Microsoft footprint AL #185,AL,,186054.57,32.9341411,-85.9659678,,commercial_industrial_unknown,unknown,"MULTIPOLYGON (((-85.966486 32.934142, -85.966428 32.934042, -85.966436 32.933664, -85.966562 32.933666, -85.966564 32.933592, -85.96645 32.93359, -85.966459 32.933208, -85.965936 32.933199, -85.965927 32.933629, -85.96572 32.933626, -85.965719 32.933692, -85.965405 32.933687, -85.965406 32.933632, -85.965146 32.933628, -85.965383 32.934038, -85.965365 32.934848, -85.966006 32.934859, -85.966001 32.935053, -85.966102 32.935055, -85.966106 32.934866, -85.966453 32.934871, -85.966428 32.934828, -85.966484 32.934805, -85.966489 32.934599, -85.966588 32.934601, -85.966596 32.934272, -85.966564 32.934271, -85.966568 32.934076, -85.966488 32.934075, -85.966486 32.934142)))",microsoft_us_building_footprints
ms-al-000277,Microsoft footprint AL #186,AL,,109042.55,31.1107019,-86.0636650,,commercial_industrial_unknown,unknown,"MULTIPOLYGON (((-86.064193 31.110795, -86.06419 31.110785, -86.064281 31.110334, -86.064255 31.11033, -86.064261 31.1103, -86.063844 31.110373, -86.063823 31.110369, -86.063449 31.110298, -86.063377 31.110288, -86.063064 31.110342, -86.062976 31.110297, -86.062915 31.110383, -86.062879 31.110389, -86.062754 31.110566, -86.062771 31.110638, -86.062874 31.110653, -86.062883 31.110692, -86.06297 31.110705, -86.062972 31.110715, -86.063226 31.110752, -86.063266 31.110696, -86.063322 31.110704, -86.063404 31.111049, -86.063567 31.111133, -86.063698 31.111152, -86.063747 31.111178, -86.064155 31.111238, -86.064354 31.110955, -86.064355 31.11095, -86.064336 31.11087, -86.064193 31.110795)))",microsoft_us_building_footprints
ms-al-000278,Microsoft footprint AL #187,AL,,109624.05,34.0126225,-85.9895925,,commercial_industrial_unknown,unknown,"MULTIPOLYGON (((-85.988455 34.012328, -85.988437 34.012554, -85.988685 34.012568, -85.988659 34.012884, -85.989158 34.012912, -85.98918 34.012644, -85.989442 34.012659, -85.989416 34.012982, -85.989509 34.012987, -85.989512 34.012945, -85.989878 34.012966, -85.989886 34.012873, -85.989955 34.012877, -85.989958 34.012848, -85.990259 34.012865, -85.990263 34.012823, -85.990543 34.012838, -85.990554 34.012708, -85.990727 34.012717, -85.990729 34.012691, -85.990788 34.012694, -85.990807 34.012459, -85.988455 34.012328)))",microsoft_us_building_footprints
ms-al-000279,Microsoft footprint AL #188,AL,,113305.8,34.6725452,-86.0027184,,commercial_industrial_unknown,unknown,"MULTIPOLYGON (((-86.002527 34.673053, -86.001986 34.672907, -86.0019 34.673122, -86.002104 34.673177, -86.002068 34.673265, -86.002293 34.673326, -86.002347 34.673192, -86.002692 34.673285, -86.002661 34.673364, -86.002887 34.673425, -86.002938 34.673297, -86.003097 34.67334, -86.00317 34.673155, -86.00277 34.673047, -86.002795 34.672983, -86.002752 34.672948, -86.002784 34.672922, -86.002791 34.672903, -86.002818 34.67291, -86.002954 34.67257, -86.003349 34.672676, -86.003444 34.672436, -86.003042 34.672328, -86.003101 34.672279, -86.003213 34.671998, -86.002995 34.671939, -86.003036 34.671836, -86.002499 34.671691, -86.002246 34.672323, -86.002783 34.672468, -86.002726 34.672609, -86.002694 34.672636, -86.002527 34.673053)))",microsoft_us_building_footprints
ms-al-000280,Microsoft footprint AL #189,AL,,100302.11,32.3121513,-86.1347207,,commercial_industrial_unknown,unknown,"MULTIPOLYGON (((-86.134745 32.312365, -86.134802 32.312646, -86.134882 32.312596, -86.134913 32.312632, -86.135176 32.312467, -86.135394 32.312162, -86.135378 32.312082, -86.135279 32.311968, -86.135294 32.311946, -86.135087 32.311709, -86.134985 32.311773, -86.13488 32.31172, -86.134863 32.311744, -86.134832 32.311728, -86.134719 32.311885, -86.134527 32.311665, -86.134245 32.311522, -86.134136 32.31159, -86.134186 32.311835, -86.134432 32.311961, -86.134371 32.312046, -86.134243 32.312065, -86.134279 32.312241, -86.134355 32.31223, -86.13444 32.312328, -86.13426 32.31244, -86.134202 32.312522, -86.134235 32.312559, -86.134111 32.312637, -86.134208 32.312748, -86.134502 32.312705, -86.134745 32.312365)))",microsoft_us_building_footprints
ms-al-000281,Microsoft footprint AL #190,AL,,197196.6,32.3760790,-86.1748966,,commercial_industrial_unknown,unknown,"MULTIPOLYGON (((-86.175536 32.375283, -86.17515 32.375287, -86.175032 32.375493, -86.175097 32.375621, -86.174834 32.375624, -86.174834 32.375616, -86.174627 32.375618, -86.174622 32.37526, -86.174447 32.375324, -86.174455 32.375867, -86.174505 32.375888, -86.174437 32.376007, -86.174392 32.375989, -86.174398 32.37633, -86.174309 32.376331, -86.174303 32.375901, -86.174001 32.375904, -86.174013 32.376706, -86.175258 32.376693, -86.175255 32.376485, -86.175414 32.376483, -86.175415 32.376601, -86.175566 32.376599, -86.175562 32.376356, -86.175661 32.376355, -86.175653 32.375786, -86.175596 32.375684, -86.175596 32.375631, -86.175678 32.375561, -86.175536 32.375283)))",microsoft_us_building_footprints
ms-al-000282,Microsoft footprint AL #191,AL,,192503.79,32.5071720,-86.2119725,,commercial_industrial_unknown,unknown,"MULTIPOLYGON (((-86.21126 32.507654, -86.211446 32.507686, -86.211423 32.507781, -86.211451 32.507786, -86.211397 32.50801, -86.211575 32.50804, -86.211647 32.50774, -86.211959 32.507794, -86.211904 32.50802, -86.212378 32.508101, -86.212427 32.507899, -86.212265 32.507871, -86.212333 32.507586, -86.212465 32.507609, -86.212485 32.507526, -86.212531 32.507534, -86.212552 32.507445, -86.212503 32.507437, -86.212617 32.506963, -86.212692 32.506976, -86.212739 32.506781, -86.212644 32.506764, -86.212651 32.506736, -86.212568 32.506722, -86.212616 32.506522, -86.211452 32.506323, -86.211433 32.506401, -86.211557 32.506422, -86.21126 32.507654)))",microsoft_us_building_footprints
ms-al-000283,Microsoft footprint AL #192,AL,,219374.76,33.2109839,-86.2838940,,commercial_industrial_unknown,unknown,"MULTIPOLYGON (((-86.281976 33.211052, -86.281798 33.211344, -86.284495 33.211318, -86.284723 33.211119, -86.284591 33.211121, -86.28459 33.211089, -86.285144 33.211084, -86.285992 33.210821, -86.28596 33.210747, -86.285617 33.210751, -86.285614 33.210525, -86.284642 33.210534, -86.28455 33.210686, -86.284483 33.210633, -86.284448 33.210656, -86.284417 33.210643, -86.284435 33.210684, -86.284417 33.210684, -86.284416 33.210595, -86.28418 33.210597, -86.284312 33.210702, -86.284358 33.210699, -86.284395 33.21067, -86.284455 33.210718, -86.284357 33.210749, -86.283129 33.210819, -86.283081 33.210709, -86.281976 33.211052)))",microsoft_us_building_footprints
ms-al-000284,Microsoft footprint AL #193,AL,,164874.14,34.2532559,-86.2219098,,commercial_industrial_unknown,unknown,"MULTIPOLYGON (((-86.221426 34.252314, -86.2211 34.252673, -86.221292 34.252792, -86.221475 34.252591, -86.222231 34.253061, -86.222087 34.253219, -86.221633 34.252937, -86.221409 34.253183, -86.221849 34.253456, -86.221771 34.253648, -86.220953 34.25314, -86.221167 34.252905, -86.220967 34.252781, -86.220611 34.253173, -86.221651 34.253819, -86.221547 34.253934, -86.22183 34.25411, -86.222314 34.253577, -86.221995 34.253379, -86.22212 34.253241, -86.222677 34.253587, -86.222601 34.253612, -86.222735 34.253695, -86.222697 34.253614, -86.222935 34.253681, -86.222891 34.253789, -86.223393 34.253624, -86.223366 34.253567, -86.222988 34.253691, -86.223012 34.253632, -86.22295 34.253652, -86.223178 34.253402, -86.221426 34.252314)))",microsoft_us_building_footprints
ms-al-000285,Microsoft footprint AL #194,AL,,104160.89,33.5990832,-86.2462660,,commercial_industrial_unknown,unknown,"MULTIPOLYGON (((-86.246964 33.598763, -86.246169 33.59874, -86.246171 33.5987, -86.246088 33.598698, -86.246087 33.598731, -86.245614 33.598718, -86.245606 33.598923, -86.245569 33.598922, -86.245562 33.599104, -86.245589 33.599105, -86.245576 33.599408, -86.246936 33.599447, -86.246964 33.598763)))",microsoft_us_building_footprints
ms-al-000286,Microsoft footprint AL #195,AL,,122997.03,32.3840147,-86.3467896,,commercial_industrial_unknown,unknown,"MULTIPOLYGON (((-86.347644 32.384277, -86.347336 32.384033, -86.347421 32.383956, -86.347286 32.383848, -86.346964 32.384136, -86.346901 32.384086, -86.347284 32.383742, -86.347068 32.38357, -86.346674 32.383923, -86.346618 32.383878, -86.346812 32.383704, -86.346503 32.383459, -86.34661 32.383363, -86.346468 32.383251, -86.346359 32.383349, -86.346316 32.383314, -86.346208 32.383411, -86.346295 32.38348, -86.346218 32.383548, -86.346178 32.383517, -86.345836 32.383824, -86.345976 32.383935, -86.346056 32.383863, -86.347002 32.384616, -86.346919 32.384691, -86.347059 32.384802, -86.347437 32.384462, -86.347398 32.384431, -86.347476 32.38436, -86.34756 32.384427, -86.347664 32.384334, -86.347619 32.384299, -86.347644 32.384277)))",microsoft_us_building_footprints
ms-al-000287,Microsoft footprint AL #196,AL,,224439.35,32.2632484,-86.3685916,,commercial_industrial_unknown,unknown,"MULTIPOLYGON (((-86.369335 32.262464, -86.368312 32.262289, -86.368135 32.263028, -86.367825 32.262975, -86.367784 32.263147, -86.367782 32.263147, -86.36777 32.263198, -86.367894 32.263219, -86.367878 32.263287, -86.367925 32.263295, -86.367898 32.263408, -86.367991 32.263424, -86.36786 32.263973, -86.368791 32.264132, -86.36877 32.26422, -86.368853 32.264234, -86.368869 32.264166, -86.369008 32.26419, -86.369147 32.26361, -86.369118 32.263606, -86.369152 32.263466, -86.369076 32.263453, -86.369118 32.263277, -86.369199 32.26329, -86.369213 32.263233, -86.369154 32.263223, -86.369335 32.262464)))",microsoft_us_building_footprints
ms-al-000288,Microsoft footprint AL #197,AL,,134989.75,32.3158755,-86.3516018,,commercial_industrial_unknown,unknown,"MULTIPOLYGON (((-86.350514 32.315949, -86.350574 32.316079, -86.350809 32.316102, -86.35079 32.316239, -86.351791 32.316339, -86.351818 32.316149, -86.351925 32.31616, -86.351903 32.316316, -86.351965 32.316323, -86.351957 32.316316, -86.352117 32.316332, -86.352152 32.316081, -86.352066 32.316072, -86.352076 32.316001, -86.352514 32.316044, -86.352528 32.315941, -86.352207 32.315705, -86.352533 32.315388, -86.352181 32.315353, -86.35214 32.315263, -86.352026 32.315252, -86.352018 32.315309, -86.351796 32.315287, -86.351741 32.315675, -86.351462 32.315471, -86.351444 32.315604, -86.351436 32.315603, -86.351412 32.315771, -86.350616 32.315691, -86.350579 32.315952, -86.350515 32.315946, -86.350514 32.315949)))",microsoft_us_building_footprints
ms-al-000289,Microsoft footprint AL #198,AL,,193628.47,32.2636374,-86.3708213,,commercial_industrial_unknown,unknown,"MULTIPOLYGON (((-86.369875 32.264011, -86.371567 32.264255, -86.371744 32.263376, -86.371446 32.263333, -86.37148 32.263162, -86.371137 32.263113, -86.371159 32.263005, -86.37106 32.26299, -86.371041 32.263084, -86.370648 32.263027, -86.370617 32.263179, -86.37008 32.263102, -86.370037 32.263318, -86.369964 32.263307, -86.369908 32.263581, -86.369961 32.263588, -86.369875 32.264011)))",microsoft_us_building_footprints
ms-al-000290,Microsoft footprint AL #199,AL,,103778.03,34.9050855,-86.5254129,,commercial_industrial_unknown,unknown,"MULTIPOLYGON (((-86.525519 34.904825, -86.525112 34.904823, -86.525112 34.904778, -86.524876 34.904778, -86.524875 34.904935, -86.52476 34.904934, -86.524759 34.904982, -86.524509 34.904981, -86.524507 34.905242, -86.52465 34.905243, -86.524651 34.905204, -86.524876 34.905205, -86.524874 34.905508, -86.52511 34.905509, -86.525111 34.905321, -86.525521 34.905322, -86.525519 34.90559, -86.525646 34.90559, -86.525646 34.90565, -86.525844 34.90565, -86.525845 34.905589, -86.525956 34.905589, -86.525959 34.905204, -86.525965 34.905204, -86.525969 34.904555, -86.525839 34.904555, -86.52584 34.90449, -86.52565 34.904489, -86.52565 34.904555, -86.525521 34.904555, -86.525519 34.904825)))",microsoft_us_building_footprints
ms-al-000291,Microsoft footprint AL #200,AL,,109567.42,32.3237189,-86.4373527,,commercial_industrial_unknown,unknown,"MULTIPOLYGON (((-86.436717 32.324093, -86.437527 32.324416, -86.437416 32.324615, -86.437556 32.324671, -86.437682 32.324446, -86.437681 32.324274, -86.437614 32.324275, -86.437614 32.324236, -86.437672 32.324207, -86.437671 32.324049, -86.437674 32.324049, -86.43767 32.323597, -86.437587 32.323597, -86.43755 32.323599, -86.437512 32.323584, -86.437537 32.323541, -86.437567 32.323517, -86.437608 32.323497, -86.437591 32.323472, -86.437632 32.323472, -86.437632 32.323508, -86.43768 32.323508, -86.437674 32.322688, -86.437626 32.322711, -86.437531 32.322673, -86.436986 32.323647, -86.43697 32.32364, -86.436717 32.324093)))",microsoft_us_building_footprints
ms-al-000292,Microsoft footprint AL #201,AL,,160473.93,34.6631289,-86.4871502,,commercial_industrial_unknown,unknown,"MULTIPOLYGON (((-86.486294 34.663471, -86.486893 34.663485, -86.486888 34.66364, -86.487677 34.663658, -86.487683 34.663488, -86.488027 34.663496, -86.488038 34.663199, -86.487889 34.663195, -86.487895 34.663005, -86.487956 34.662974, -86.487958 34.662906, -86.488011 34.662889, -86.48801 34.662897, -86.488057 34.662879, -86.488064 34.662893, -86.488098 34.662882, -86.488103 34.662739, -86.487823 34.662732, -86.487821 34.662777, -86.487627 34.662772, -86.48763 34.662692, -86.486788 34.662672, -86.486785 34.662768, -86.486611 34.662764, -86.486616 34.662604, -86.486324 34.662597, -86.486294 34.663471)))",microsoft_us_building_footprints
ms-al-000293,Microsoft footprint AL #202,AL,,160439.1,34.8201227,-86.4925469,,commercial_industrial_unknown,unknown,"MULTIPOLYGON (((-86.493377 34.819698, -86.493127 34.819692, -86.493129 34.819639, -86.492856 34.819633, -86.492854 34.819688, -86.492406 34.819678, -86.492408 34.819625, -86.492203 34.81962, -86.492201 34.819675, -86.492095 34.819673, -86.492094 34.819706, -86.491698 34.819697, -86.491687 34.820014, -86.491821 34.820017, -86.491813 34.820243, -86.491685 34.82024, -86.491675 34.82051, -86.491807 34.820513, -86.491809 34.820441, -86.491903 34.820443, -86.491901 34.820501, -86.491865 34.8205, -86.491863 34.820554, -86.49245 34.820568, -86.492447 34.820658, -86.492956 34.820669, -86.492962 34.820492, -86.493349 34.820501, -86.493377 34.819698)))",microsoft_us_building_footprints
ms-al-000294,Microsoft footprint AL #203,AL,,151130.61,34.3182182,-86.5313140,,commercial_industrial_unknown,unknown,"MULTIPOLYGON (((-86.53218 34.317975, -86.531723 34.317778, -86.531636 34.317916, -86.531496 34.317856, -86.5316 34.317691, -86.531336 34.317578, -86.531348 34.31756, -86.531093 34.31745, -86.530451 34.318464, -86.530506 34.318487, -86.530528 34.318452, -86.530652 34.318505, -86.530629 34.318541, -86.530837 34.318631, -86.530848 34.318614, -86.531088 34.318718, -86.531061 34.318761, -86.531282 34.318857, -86.531292 34.31884, -86.53156 34.318956, -86.53218 34.317975)))",microsoft_us_building_footprints
ms-al-000295,Microsoft footprint AL #204,AL,,139133.97,33.6452962,-86.6250725,,commercial_industrial_unknown,unknown,"MULTIPOLYGON (((-86.625806 33.644973, -86.624928 33.644841, -86.624948 33.64475, -86.624426 33.644671, -86.624378 33.644894, -86.62444 33.644904, -86.624374 33.645206, -86.624491 33.645224, -86.624394 33.645669, -86.625825 33.645885, -86.625863 33.645711, -86.625653 33.645679, -86.625806 33.644973)))",microsoft_us_building_footprints
ms-al-000296,Microsoft footprint AL #205,AL,,136875.21,34.6448011,-86.6707433,,commercial_industrial_unknown,unknown,"MULTIPOLYGON (((-86.671947 34.645051, -86.671942 34.64474, -86.672076 34.644739, -86.672073 34.644606, -86.671797 34.64461, -86.671796 34.644568, -86.67194 34.644566, -86.671938 34.644476, -86.671831 34.644477, -86.671828 34.644479, -86.671735 34.64448, -86.671734 34.644392, -86.67168 34.644393, -86.671681 34.644424, -86.671517 34.644528, -86.671589 34.644606, -86.670994 34.644613, -86.670971 34.644589, -86.670906 34.64463, -86.670903 34.644502, -86.670685 34.644505, -86.670689 34.644721, -86.670624 34.644722, -86.670622 34.644611, -86.670228 34.644616, -86.670225 34.644464, -86.670051 34.644466, -86.670052 34.644546, -86.669655 34.644551, -86.669652 34.644385, -86.669542 34.644387, -86.669555 34.645082, -86.671947 34.645051)))",microsoft_us_building_footprints
ms-al-000297,Microsoft footprint AL #206,AL,,138688.5,34.6454805,-86.5692122,,commercial_industrial_unknown,unknown,"MULTIPOLYGON (((-86.568887 34.645555, -86.568835 34.645555, -86.568834 34.645596, -86.568704 34.645594, -86.568701 34.645786, -86.568882 34.645788, -86.56888 34.645892, -86.568931 34.645892, -86.56893 34.645999, -86.568838 34.645998, -86.568828 34.646597, -86.569133 34.646601, -86.569139 34.646254, -86.569207 34.646255, -86.56921 34.646067, -86.569261 34.646067, -86.569262 34.646009, -86.569414 34.64601, -86.569415 34.645902, -86.569666 34.645905, -86.569682 34.644929, -86.569857 34.644931, -86.569858 34.644839, -86.569548 34.644836, -86.56955 34.644702, -86.56904 34.644697, -86.569043 34.64449, -86.568912 34.644489, -86.568904 34.644978, -86.568847 34.644978, -86.568843 34.645214, -86.568893 34.645214, -86.568887 34.645555)))",microsoft_us_building_footprints
ms-al-000298,Microsoft footprint AL #207,AL,,136724.56,34.6926917,-86.7401334,,commercial_industrial_unknown,unknown,"MULTIPOLYGON (((-86.740804 34.692121, -86.739676 34.692124, -86.739677 34.692523, -86.739566 34.692523, -86.739568 34.693324, -86.739968 34.693323, -86.739968 34.693378, -86.740145 34.693378, -86.740145 34.693322, -86.740231 34.693322, -86.740231 34.693172, -86.740579 34.693172, -86.740579 34.692995, -86.740648 34.692995, -86.740647 34.692521, -86.740805 34.69252, -86.740804 34.692121)))",microsoft_us_building_footprints
ms-al-000299,Microsoft footprint AL #208,AL,,110142.34,34.6521313,-86.6760429,,commercial_industrial_unknown,unknown,"MULTIPOLYGON (((-86.675369 34.6525, -86.676654 34.65249, -86.676653 34.652415, -86.676705 34.652414, -86.676966 34.65185, -86.676717 34.651852, -86.676718 34.651947, -86.676562 34.651948, -86.676563 34.652018, -86.676534 34.652049, -86.676533 34.651955, -86.676401 34.651956, -86.676424 34.652021, -86.676327 34.65199, -86.676322 34.651583, -86.6762 34.651584, -86.676201 34.651665, -86.675901 34.651667, -86.675903 34.651868, -86.675538 34.651871, -86.675328 34.651922, -86.675327 34.651823, -86.675225 34.651823, -86.675226 34.651909, -86.675102 34.65191, -86.675103 34.652033, -86.675391 34.652031, -86.675392 34.652105, -86.675274 34.652105, -86.675275 34.652198, -86.675365 34.652197, -86.675369 34.6525)))",microsoft_us_building_footprints
ms-al-000300,Microsoft footprint AL #209,AL,,133656.9,33.0923082,-86.7672951,,commercial_industrial_unknown,unknown,"MULTIPOLYGON (((-86.766881 33.091775, -86.766886 33.092441, -86.767004 33.092441, -86.767004 33.092542, -86.766487 33.092545, -86.766489 33.092861, -86.766782 33.09286, -86.766781 33.092776, -86.767004 33.092775, -86.767004 33.092809, -86.76709 33.092809, -86.76709 33.092897, -86.767381 33.092895, -86.767468 33.09284, -86.767468 33.092811, -86.767555 33.092811, -86.767555 33.092775, -86.767776 33.092774, -86.767777 33.092863, -86.768072 33.092861, -86.768069 33.092543, -86.767554 33.092546, -86.767554 33.092442, -86.767672 33.092442, -86.76767 33.092241, -86.767748 33.09224, -86.767747 33.092149, -86.767769 33.092149, -86.767767 33.091945, -86.767671 33.091945, -86.767668 33.091572, -86.767196 33.091575, -86.766881 33.091775)))",microsoft_us_building_footprints
ms-al-000301,Microsoft footprint AL #210,AL,,283496.89,34.7413703,-86.6748272,,commercial_industrial_unknown,unknown,"MULTIPOLYGON (((-86.672613 34.741552, -86.674616 34.741576, -86.674619 34.741422, -86.674669 34.741423, -86.675167 34.741662, -86.677027 34.741684, -86.677123 34.741768, -86.677111 34.742444, -86.677412 34.742447, -86.677422 34.741853, -86.677329 34.741772, -86.67751 34.741631, -86.677211 34.741372, -86.677128 34.741437, -86.67663 34.741431, -86.676636 34.741098, -86.676486 34.741096, -86.676368 34.740993, -86.676298 34.740992, -86.676296 34.741092, -86.675902 34.741087, -86.675895 34.741435, -86.675071 34.741425, -86.675016 34.741399, -86.675023 34.741037, -86.674387 34.741029, -86.674383 34.741274, -86.674211 34.741272, -86.674216 34.740993, -86.67383 34.740989, -86.673833 34.740789, -86.672627 34.740775, -86.672613 34.741552)))",microsoft_us_building_footprints
ms-al-000302,Microsoft footprint AL #211,AL,,227103.8,33.4219675,-86.6759394,,commercial_industrial_unknown,unknown,"MULTIPOLYGON (((-86.675154 33.422507, -86.676957 33.422483, -86.67694 33.421576, -86.676723 33.421579, -86.67672 33.421401, -86.67643 33.421405, -86.676431 33.421438, -86.675792 33.421446, -86.675791 33.421399, -86.675569 33.421402, -86.675572 33.421574, -86.675036 33.421581, -86.675033 33.421411, -86.674781 33.421415, -86.674788 33.421824, -86.675039 33.421821, -86.675043 33.422074, -86.674773 33.422077, -86.674775 33.422227, -86.675035 33.422224, -86.675035 33.422259, -86.675079 33.422258, -86.67508 33.422288, -86.675149 33.422287, -86.675154 33.422507)))",microsoft_us_building_footprints
ms-al-000303,Microsoft footprint AL #212,AL,,110765.05,34.7170513,-86.6749560,,commercial_industrial_unknown,unknown,"MULTIPOLYGON (((-86.675569 34.71665, -86.674607 34.716623, -86.674605 34.716668, -86.67453 34.716666, -86.674535 34.716554, -86.67443 34.716551, -86.6743 34.716583, -86.674321 34.71664, -86.674316 34.716756, -86.674383 34.716939, -86.67458 34.716966, -86.674576 34.717057, -86.674594 34.717108, -86.674514 34.717106, -86.674298 34.717159, -86.674284 34.717507, -86.674361 34.717509, -86.674358 34.717597, -86.674454 34.7176, -86.674458 34.717516, -86.674505 34.717518, -86.674509 34.717423, -86.675697 34.717456, -86.6757 34.717375, -86.675683 34.717329, -86.675685 34.717294, -86.675553 34.71729, -86.67557 34.716891, -86.67556 34.716865, -86.675569 34.71665)))",microsoft_us_building_footprints
ms-al-000304,Microsoft footprint AL #213,AL,,123380.06,33.5945837,-86.7731479,,commercial_industrial_unknown,unknown,"MULTIPOLYGON (((-86.774152 33.594781, -86.774081 33.594217, -86.773483 33.594269, -86.773471 33.594174, -86.77328 33.59419, -86.773294 33.594306, -86.77212 33.594408, -86.772188 33.594952, -86.774152 33.594781)))",microsoft_us_building_footprints
ms-al-000305,Microsoft footprint AL #214,AL,,247864.11,33.5608402,-86.7843775,,commercial_industrial_unknown,unknown,"MULTIPOLYGON (((-86.783895 33.559726, -86.783893 33.560126, -86.783958 33.560126, -86.783966 33.560137, -86.783965 33.560372, -86.78389 33.560372, -86.783882 33.562111, -86.784718 33.562113, -86.784719 33.561873, -86.784449 33.561872, -86.784449 33.561815, -86.784546 33.561815, -86.784648 33.561767, -86.784648 33.561694, -86.784738 33.561694, -86.784742 33.560783, -86.784879 33.560784, -86.784879 33.560625, -86.785074 33.560626, -86.785075 33.560442, -86.785112 33.560442, -86.785113 33.560406, -86.785072 33.560406, -86.785074 33.560084, -86.784977 33.560083, -86.784928 33.560107, -86.78488 33.560106, -86.784881 33.560019, -86.784977 33.56002, -86.784978 33.559958, -86.784884 33.559958, -86.784885 33.559729, -86.783895 33.559726)))",microsoft_us_building_footprints
ms-al-000306,Microsoft footprint AL #215,AL,,147959.35,33.6470248,-86.8129488,,commercial_industrial_unknown,unknown,"MULTIPOLYGON (((-86.81377 33.646492, -86.812746 33.646533, -86.812762 33.646792, -86.812619 33.646798, -86.812626 33.646916, -86.812617 33.646916, -86.812636 33.647235, -86.812386 33.647245, -86.812251 33.64707, -86.812082 33.647076, -86.812066 33.6468, -86.811983 33.646804, -86.811979 33.646737, -86.811862 33.646742, -86.811866 33.646815, -86.811798 33.646818, -86.811831 33.647386, -86.81192 33.647501, -86.812728 33.647468, -86.812718 33.647294, -86.812867 33.647288, -86.812942 33.647385, -86.813165 33.647376, -86.813162 33.647334, -86.813385 33.647325, -86.813389 33.647396, -86.813838 33.647378, -86.813813 33.646941, -86.813877 33.646938, -86.81387 33.646816, -86.813789 33.646819, -86.81377 33.646492)))",microsoft_us_building_footprints
ms-al-000307,Microsoft footprint AL #216,AL,,194027.07,33.6260523,-86.7391393,,commercial_industrial_unknown,unknown,"MULTIPOLYGON (((-86.73876 33.625222, -86.738146 33.626052, -86.738583 33.626276, -86.73867 33.626158, -86.738708 33.626178, -86.738522 33.626429, -86.739362 33.626859, -86.739422 33.626778, -86.739452 33.626793, -86.739556 33.626652, -86.73967 33.626711, -86.739945 33.626338, -86.739833 33.626281, -86.739935 33.626143, -86.739977 33.626164, -86.740118 33.625973, -86.739948 33.625886, -86.73998 33.625843, -86.73928 33.625485, -86.739248 33.625529, -86.739204 33.625506, -86.739235 33.625465, -86.73876 33.625222)))",microsoft_us_building_footprints
ms-al-000308,Microsoft footprint AL #217,AL,,133314.91,34.7408358,-86.7425305,,commercial_industrial_unknown,unknown,"MULTIPOLYGON (((-86.743225 34.740347, -86.742306 34.740301, -86.74241 34.740664, -86.742252 34.740619, -86.7423 34.740703, -86.741962 34.740768, -86.741982 34.740501, -86.741858 34.740466, -86.741717 34.740493, -86.741696 34.740785, -86.741515 34.740733, -86.741435 34.74092, -86.74154 34.740951, -86.74171 34.740918, -86.741683 34.741284, -86.741826 34.741325, -86.74195 34.741301, -86.741974 34.740975, -86.742585 34.741006, -86.742393 34.741457, -86.742728 34.741554, -86.742734 34.741472, -86.742871 34.741478, -86.7429 34.741083, -86.74271 34.741074, -86.742714 34.741021, -86.743045 34.741037, -86.743037 34.741145, -86.743235 34.741155, -86.743255 34.74088, -86.743372 34.740858, -86.743225 34.740347)))",microsoft_us_building_footprints
ms-al-000309,Microsoft footprint AL #218,AL,,100610.7,34.6689795,-86.7451550,,commercial_industrial_unknown,unknown,"MULTIPOLYGON (((-86.745499 34.668296, -86.744829 34.66829, -86.744811 34.669663, -86.745481 34.669669, -86.745499 34.668296)))",microsoft_us_building_footprints
ms-al-000310,Microsoft footprint AL #219,AL,,100979.05,34.6804173,-86.7464861,,commercial_industrial_unknown,unknown,"MULTIPOLYGON (((-86.746165 34.680385, -86.746162 34.680014, -86.745627 34.680017, -86.745627 34.680041, -86.745463 34.680042, -86.745468 34.680693, -86.745625 34.680693, -86.745625 34.680619, -86.746013 34.680617, -86.746014 34.680672, -86.746648 34.680669, -86.746648 34.680584, -86.746983 34.680582, -86.746984 34.680687, -86.747293 34.680685, -86.747292 34.680568, -86.748078 34.680564, -86.748076 34.680308, -86.747717 34.68031, -86.747717 34.680357, -86.747676 34.680358, -86.747676 34.680339, -86.747647 34.680339, -86.747648 34.680357, -86.747374 34.680358, -86.747374 34.680405, -86.747287 34.680406, -86.747287 34.680371, -86.746241 34.680376, -86.746241 34.680385, -86.746165 34.680385)))",microsoft_us_building_footprints
ms-al-000311,Microsoft footprint AL #220,AL,,135479.21,34.6056263,-86.7568437,,commercial_industrial_unknown,unknown,"MULTIPOLYGON (((-86.757334 34.60507, -86.756461 34.605052, -86.756452 34.605355, -86.756336 34.605379, -86.756332 34.605506, -86.756154 34.605502, -86.756146 34.60574, -86.756036 34.605763, -86.756136 34.605885, -86.756131 34.606039, -86.75627 34.606042, -86.756293 34.606117, -86.756675 34.606125, -86.756678 34.606052, -86.75677 34.606054, -86.756765 34.6062, -86.756968 34.606204, -86.756972 34.606084, -86.757016 34.606085, -86.757012 34.606185, -86.757103 34.606187, -86.757107 34.606061, -86.757353 34.606066, -86.75736 34.605855, -86.757445 34.605808, -86.757447 34.605739, -86.757954 34.605749, -86.757957 34.60566, -86.757337 34.605647, -86.757389 34.605618, -86.757403 34.605178, -86.75733 34.605176, -86.757334 34.60507)))",microsoft_us_building_footprints
ms-al-000312,Microsoft footprint AL #221,AL,,298755.71,34.6646112,-86.7674979,,commercial_industrial_unknown,unknown,"MULTIPOLYGON (((-86.766591 34.663858, -86.76657 34.665349, -86.767468 34.665358, -86.767469 34.665317, -86.767632 34.665319, -86.767632 34.665363, -86.768404 34.66537, -86.768425 34.663875, -86.766591 34.663858)))",microsoft_us_building_footprints
ms-al-000313,Microsoft footprint AL #222,AL,,106998.43,34.6631113,-86.7755660,,commercial_industrial_unknown,unknown,"MULTIPOLYGON (((-86.774635 34.663137, -86.774885 34.663636, -86.77601 34.663253, -86.776032 34.663296, -86.77652 34.66313, -86.776345 34.662781, -86.776201 34.662831, -86.776083 34.662597, -86.775455 34.662811, -86.775423 34.662748, -86.7753 34.662789, -86.775353 34.662893, -86.774635 34.663137)))",microsoft_us_building_footprints
ms-al-000314,Microsoft footprint AL #223,AL,,112134.71,33.3099147,-86.7895663,,commercial_industrial_unknown,unknown,"MULTIPOLYGON (((-86.788906 33.310146, -86.789096 33.310229, -86.788832 33.310651, -86.789057 33.310749, -86.789258 33.310426, -86.789639 33.310592, -86.789807 33.310323, -86.789332 33.310117, -86.789388 33.310027, -86.789872 33.310237, -86.79003 33.309983, -86.789576 33.309786, -86.78963 33.309699, -86.790149 33.309925, -86.790271 33.30973, -86.789777 33.309515, -86.789833 33.309425, -86.790177 33.309574, -86.790306 33.309367, -86.789663 33.309087, -86.789548 33.309271, -86.789796 33.309379, -86.789742 33.309465, -86.789471 33.309347, -86.789351 33.30954, -86.789509 33.309609, -86.789457 33.309693, -86.789263 33.309608, -86.7891 33.30987, -86.789264 33.309941, -86.789212 33.310025, -86.789031 33.309946, -86.788906 33.310146)))",microsoft_us_building_footprints
ms-al-000315,Microsoft footprint AL #224,AL,,134533.66,32.7637125,-86.8820863,,commercial_industrial_unknown,unknown,"MULTIPOLYGON (((-86.881113 32.763446, -86.88152 32.764227, -86.881736 32.764147, -86.8817 32.764078, -86.882346 32.76384, -86.882367 32.763882, -86.8823 32.763907, -86.882325 32.763955, -86.882397 32.763929, -86.882441 32.764014, -86.882549 32.763974, -86.882686 32.764236, -86.883323 32.764001, -86.883185 32.763736, -86.883133 32.763755, -86.883093 32.763679, -86.882931 32.763738, -86.882898 32.763675, -86.882599 32.763785, -86.882527 32.763647, -86.882479 32.763665, -86.882255 32.763235, -86.882116 32.763287, -86.882024 32.763111, -86.881113 32.763446)))",microsoft_us_building_footprints
ms-al-000316,Microsoft footprint AL #225,AL,,115235.56,33.4273324,-86.8814309,,commercial_industrial_unknown,unknown,"MULTIPOLYGON (((-86.881663 33.426647, -86.880669 33.427445, -86.880641 33.427421, -86.880405 33.42761, -86.880524 33.427713, -86.880632 33.427627, -86.880551 33.427557, -86.880601 33.427517, -86.880618 33.427532, -86.880707 33.427461, -86.88095 33.427672, -86.880904 33.427708, -86.881016 33.427805, -86.881067 33.427764, -86.881167 33.427851, -86.881139 33.427874, -86.881183 33.427912, -86.881212 33.427888, -86.881314 33.427977, -86.882209 33.427258, -86.881959 33.427041, -86.882041 33.426975, -86.881663 33.426647)))",microsoft_us_building_footprints
ms-al-000317,Microsoft footprint AL #226,AL,,299601.43,33.3488209,-86.7930461,,commercial_industrial_unknown,unknown,"MULTIPOLYGON (((-86.793722 33.349813, -86.793711 33.347877, -86.793542 33.347877, -86.793541 33.347682, -86.793402 33.347683, -86.793403 33.347786, -86.792896 33.347788, -86.792896 33.347873, -86.792394 33.347875, -86.792396 33.348216, -86.792356 33.348216, -86.792357 33.348292, -86.792394 33.348292, -86.792395 33.348371, -86.792336 33.348371, -86.792336 33.348411, -86.792395 33.348411, -86.792395 33.348529, -86.7922 33.34853, -86.7922 33.348667, -86.792384 33.348666, -86.792386 33.349114, -86.792193 33.349115, -86.792193 33.349164, -86.7923 33.349164, -86.7923 33.349206, -86.792383 33.349206, -86.792387 33.349816, -86.793052 33.349813, -86.793052 33.349864, -86.7932 33.349864, -86.793199 33.349815, -86.793722 33.349813)))",microsoft_us_building_footprints
ms-al-000318,Microsoft footprint AL #227,AL,,110590.56,34.6376731,-86.9011817,,commercial_industrial_unknown,unknown,"MULTIPOLYGON (((-86.90049 34.637352, -86.90067 34.637767, -86.900654 34.637772, -86.900726 34.637939, -86.900782 34.637923, -86.900936 34.638278, -86.901865 34.638007, -86.90146 34.637069, -86.90049 34.637352)))",microsoft_us_building_footprints
ms-al-000319,Microsoft footprint AL #228,AL,,124197.1,34.4148430,-86.9012303,,commercial_industrial_unknown,unknown,"MULTIPOLYGON (((-86.900873 34.41568, -86.901544 34.415692, -86.901588 34.414006, -86.900916 34.413995, -86.900873 34.41568)))",microsoft_us_building_footprints
ms-al-000320,Microsoft footprint AL #229,AL,,145422.36,33.3640889,-86.8228637,,commercial_industrial_unknown,unknown,"MULTIPOLYGON (((-86.822456 33.364025, -86.822914 33.363769, -86.822838 33.363675, -86.823887 33.363089, -86.823887 33.363089, -86.823946 33.363056, -86.82378 33.362848, -86.823589 33.362955, -86.823455 33.362788, -86.822876 33.363111, -86.823072 33.363356, -86.822232 33.363825, -86.822449 33.364096, -86.82228 33.36419, -86.822421 33.364365, -86.822106 33.364541, -86.822283 33.364763, -86.822207 33.364805, -86.822571 33.36526, -86.822685 33.365196, -86.82272 33.36524, -86.823262 33.364937, -86.823129 33.364771, -86.823162 33.364753, -86.823007 33.36456, -86.822952 33.36459, -86.822565 33.364107, -86.822535 33.364123, -86.822456 33.364025)))",microsoft_us_building_footprints
ms-al-000321,Microsoft footprint AL #230,AL,,118745.85,33.4559306,-86.8356317,,commercial_industrial_unknown,unknown,"MULTIPOLYGON (((-86.835253 33.455831, -86.835261 33.456759, -86.835593 33.456758, -86.835704 33.456691, -86.835792 33.456793, -86.835839 33.456804, -86.835851 33.456768, -86.83587 33.45679, -86.835889 33.456808, -86.835889 33.456777, -86.835945 33.45679, -86.83593 33.454925, -86.835855 33.454839, -86.835729 33.454915, -86.83577 33.454962, -86.83529 33.45525, -86.835323 33.455288, -86.835324 33.455481, -86.835356 33.455481, -86.835395 33.45549, -86.83539 33.455503, -86.835391 33.455546, -86.835499 33.455545, -86.835533 33.455585, -86.835648 33.455517, -86.835692 33.455568, -86.835253 33.455831)))",microsoft_us_building_footprints
ms-al-000322,Microsoft footprint AL #231,AL,,102843.47,33.5468503,-86.8377557,,commercial_industrial_unknown,unknown,"MULTIPOLYGON (((-86.836869 33.547116, -86.838591 33.547122, -86.838592 33.546845, -86.838633 33.546845, -86.838634 33.546673, -86.838593 33.546673, -86.838594 33.54657, -86.837467 33.546566, -86.837467 33.546615, -86.836872 33.546613, -86.836869 33.547116)))",microsoft_us_building_footprints
ms-al-000323,Microsoft footprint AL #232,AL,,172410.63,33.5389371,-86.8380091,,commercial_industrial_unknown,unknown,"MULTIPOLYGON (((-86.839051 33.540071, -86.837534 33.537657, -86.836968 33.537904, -86.837353 33.538516, -86.837256 33.538559, -86.837411 33.538806, -86.837531 33.538754, -86.83744 33.538608, -86.83756 33.538556, -86.838043 33.539324, -86.837946 33.539366, -86.838047 33.539528, -86.838073 33.539517, -86.838556 33.540287, -86.839051 33.540071)))",microsoft_us_building_footprints
ms-al-000324,Microsoft footprint AL #233,AL,,203598.8,31.1484453,-87.0637797,,commercial_industrial_unknown,unknown,"MULTIPOLYGON (((-87.063314 31.147663, -87.063281 31.148039, -87.063103 31.148027, -87.063069 31.148412, -87.063237 31.148423, -87.063188 31.148993, -87.063067 31.148986, -87.063053 31.149143, -87.063651 31.149181, -87.06366 31.149077, -87.063738 31.149082, -87.063725 31.149229, -87.064309 31.149266, -87.064345 31.14885, -87.064182 31.14884, -87.06419 31.148745, -87.064327 31.148753, -87.064331 31.148716, -87.064379 31.148719, -87.064397 31.14851, -87.064333 31.148506, -87.064356 31.148232, -87.064434 31.148237, -87.064465 31.147877, -87.064392 31.147873, -87.064403 31.147738, -87.064327 31.147733, -87.064333 31.147662, -87.064243 31.147657, -87.064237 31.147722, -87.063314 31.147663)))",microsoft_us_building_footprints
ms-al-000325,Microsoft footprint AL #234,AL,,129729.38,33.4779647,-86.9203363,,commercial_industrial_unknown,unknown,"MULTIPOLYGON (((-86.919654 33.478208, -86.919769 33.478265, -86.91956 33.478557, -86.919754 33.478653, -86.919894 33.478458, -86.919931 33.478477, -86.919894 33.478529, -86.920124 33.478644, -86.920015 33.478797, -86.920094 33.478836, -86.920356 33.478469, -86.920419 33.4785, -86.920746 33.478043, -86.92075 33.478045, -86.920939 33.477781, -86.921098 33.47786, -86.921243 33.477658, -86.920526 33.477301, -86.920545 33.477274, -86.920381 33.477192, -86.919654 33.478208)))",microsoft_us_building_footprints
ms-al-000326,Microsoft footprint AL #235,AL,,193901.5,33.5791893,-86.9242993,,commercial_industrial_unknown,unknown,"MULTIPOLYGON (((-86.9234 33.579556, -86.923607 33.579557, -86.923606 33.579633, -86.923635 33.579634, -86.923635 33.579723, -86.923869 33.579725, -86.923869 33.579684, -86.924446 33.579687, -86.924446 33.579724, -86.924662 33.579725, -86.924663 33.579609, -86.925006 33.579611, -86.925005 33.579766, -86.925261 33.579767, -86.925265 33.579358, -86.925015 33.579357, -86.925018 33.579089, -86.925399 33.579091, -86.9254 33.578939, -86.925133 33.578937, -86.925134 33.578904, -86.925025 33.578903, -86.925028 33.57861, -86.924898 33.578609, -86.924897 33.578701, -86.923543 33.578692, -86.923544 33.578587, -86.923409 33.578586, -86.9234 33.579556)))",microsoft_us_building_footprints
ms-al-000327,Microsoft footprint AL #236,AL,,124550.48,31.4527170,-86.9479794,,commercial_industrial_unknown,unknown,"MULTIPOLYGON (((-86.946815 31.452842, -86.947106 31.452841, -86.947106 31.452834, -86.947918 31.452831, -86.947919 31.453118, -86.948874 31.453115, -86.948871 31.452428, -86.946814 31.452435, -86.946815 31.452842)))",microsoft_us_building_footprints
ms-al-000328,Microsoft footprint AL #237,AL,,194902.2,34.8124085,-86.9495746,,commercial_industrial_unknown,unknown,"MULTIPOLYGON (((-86.948923 34.811576, -86.948961 34.811559, -86.948755 34.811513, -86.948632 34.811889, -86.94888 34.811944, -86.94893 34.81179, -86.949646 34.811947, -86.949464 34.812504, -86.948708 34.812337, -86.948823 34.811986, -86.948558 34.811928, -86.94842 34.812351, -86.948544 34.812378, -86.948564 34.812369, -86.94855 34.812412, -86.949267 34.812854, -86.949186 34.8131, -86.950179 34.813319, -86.950397 34.812652, -86.950258 34.812566, -86.950347 34.812293, -86.949865 34.812187, -86.949974 34.812068, -86.949855 34.811896, -86.950036 34.811936, -86.950215 34.811388, -86.94995 34.811329, -86.949806 34.811771, -86.948923 34.811576)))",microsoft_us_building_footprints
ms-al-000329,Microsoft footprint AL #238,AL,,208093.77,34.5586228,-86.9706040,,commercial_industrial_unknown,unknown,"MULTIPOLYGON (((-86.969786 34.558032, -86.9696 34.558613, -86.969488 34.558588, -86.969574 34.558317, -86.96888 34.558609, -86.968857 34.55868, -86.970805 34.559102, -86.971336 34.558878, -86.971319 34.558851, -86.971356 34.558735, -86.971435 34.558864, -86.971441 34.558845, -86.971537 34.558866, -86.971534 34.558875, -86.971559 34.558917, -86.971458 34.558959, -86.971737 34.55902, -86.971645 34.558871, -86.971705 34.558845, -86.971729 34.558773, -86.971756 34.558816, -86.971889 34.558845, -86.971857 34.558947, -86.972273 34.559037, -86.972377 34.558712, -86.972101 34.558652, -86.972055 34.558578, -86.971193 34.558392, -86.971209 34.55834, -86.969786 34.558032)))",microsoft_us_building_footprints
ms-al-000330,Microsoft footprint AL #239,AL,,112151.47,34.9394370,-87.1234459,,commercial_industrial_unknown,unknown,"MULTIPOLYGON (((-87.124393 34.939034, -87.122805 34.938999, -87.122797 34.939243, -87.123216 34.939252, -87.123214 34.939325, -87.122765 34.939315, -87.122744 34.939948, -87.123016 34.939954, -87.123009 34.940154, -87.123244 34.940159, -87.123249 34.940024, -87.123417 34.940028, -87.123134 34.939422, -87.123352 34.939427, -87.123345 34.939637, -87.123493 34.939641, -87.123501 34.939395, -87.123336 34.939256, -87.12376 34.939265, -87.123758 34.939337, -87.12361 34.939333, -87.123595 34.939762, -87.123992 34.939771, -87.124003 34.939427, -87.123794 34.93925, -87.124024 34.939256, -87.124027 34.939147, -87.124651 34.939318, -87.124659 34.939068, -87.124392 34.939062, -87.124393 34.939034)))",microsoft_us_building_footprints
ms-al-000331,Microsoft footprint AL #240,AL,,108150.1,34.5936451,-86.9719299,,commercial_industrial_unknown,unknown,"MULTIPOLYGON (((-86.972423 34.594022, -86.972436 34.593019, -86.972385 34.593019, -86.972385 34.592968, -86.972163 34.592966, -86.972165 34.59275, -86.972026 34.592749, -86.972025 34.59281, -86.971958 34.59281, -86.971956 34.592973, -86.971892 34.592973, -86.971884 34.59357, -86.971868 34.59357, -86.971866 34.593701, -86.97166 34.593699, -86.971661 34.593638, -86.9715 34.593636, -86.971499 34.593691, -86.971386 34.59369, -86.971386 34.59375, -86.97119 34.593748, -86.971184 34.594197, -86.971418 34.594199, -86.971417 34.594254, -86.971532 34.594255, -86.971533 34.594204, -86.971769 34.594206, -86.97177 34.594122, -86.972148 34.594125, -86.972149 34.594019, -86.972423 34.594022)))",microsoft_us_building_footprints
ms-al-000332,Microsoft footprint AL #241,AL,,196200.68,33.4605705,-86.9684185,,commercial_industrial_unknown,unknown,"MULTIPOLYGON (((-86.969301 33.461022, -86.969317 33.460092, -86.969156 33.46009, -86.969157 33.460038, -86.968739 33.460033, -86.968738 33.460083, -86.968403 33.460079, -86.968404 33.460029, -86.968101 33.460026, -86.968098 33.460171, -86.967489 33.460164, -86.967487 33.460314, -86.967318 33.460312, -86.967314 33.460507, -86.96765 33.460511, -86.967648 33.460586, -86.967522 33.460585, -86.967513 33.461097, -86.967687 33.461099, -86.967688 33.460998, -86.968373 33.461007, -86.968371 33.461161, -86.968848 33.461167, -86.968851 33.461017, -86.969301 33.461022)))",microsoft_us_building_footprints
ms-al-000333,Microsoft footprint AL #242,AL,,340312.37,33.3967677,-86.9742631,,commercial_industrial_unknown,unknown,"MULTIPOLYGON (((-86.97366 33.395293, -86.972841 33.395729, -86.973323 33.39636, -86.973637 33.396192, -86.973707 33.396283, -86.9734 33.396446, -86.973557 33.396651, -86.973811 33.396668, -86.973838 33.396704, -86.97372 33.396767, -86.974291 33.397514, -86.974007 33.397665, -86.974305 33.398054, -86.974333 33.39804, -86.974626 33.398191, -86.975015 33.397984, -86.97507 33.398055, -86.975142 33.398017, -86.975075 33.397929, -86.975506 33.3977, -86.975105 33.397175, -86.974947 33.39726, -86.974886 33.397179, -86.975053 33.39709, -86.974906 33.396897, -86.975354 33.396659, -86.975131 33.396367, -86.975186 33.396293, -86.975148 33.396274, -86.97469 33.396518, -86.974546 33.396329, -86.97448 33.396364, -86.97366 33.395293)))",microsoft_us_building_footprints
ms-al-000334,Microsoft footprint AL #243,AL,,125450.68,34.5948038,-86.9743125,,commercial_industrial_unknown,unknown,"MULTIPOLYGON (((-86.97555 34.595092, -86.975559 34.594529, -86.975303 34.594527, -86.975297 34.594896, -86.975109 34.594894, -86.975114 34.594551, -86.974358 34.594543, -86.974353 34.594891, -86.974191 34.594889, -86.974195 34.594637, -86.974126 34.594636, -86.974128 34.594521, -86.9739 34.594518, -86.973898 34.594638, -86.973831 34.594638, -86.973827 34.594882, -86.97362 34.594879, -86.973628 34.594411, -86.973187 34.594407, -86.973186 34.59444, -86.973048 34.594438, -86.973046 34.594586, -86.973177 34.594588, -86.97317 34.595008, -86.97344 34.595011, -86.973438 34.595142, -86.97356 34.595144, -86.973561 34.595058, -86.973915 34.595061, -86.973915 34.595075, -86.97555 34.595092)))",microsoft_us_building_footprints
ms-al-000335,Microsoft footprint AL #244,AL,,123240.34,34.5697875,-86.9806221,,commercial_industrial_unknown,unknown,"MULTIPOLYGON (((-86.980951 34.570503, -86.980965 34.568928, -86.980304 34.568925, -86.980293 34.570212, -86.98029 34.570212, -86.980289 34.570416, -86.980399 34.570417, -86.980395 34.570836, -86.980674 34.570837, -86.980677 34.570501, -86.980951 34.570503)))",microsoft_us_building_footprints
ms-al-000336,Microsoft footprint AL #245,AL,,215558.87,33.3617140,-87.0019281,,commercial_industrial_unknown,unknown,"MULTIPOLYGON (((-87.00247 33.360828, -87.001362 33.360923, -87.001401 33.361245, -87.001242 33.361259, -87.001337 33.36203, -87.001512 33.362015, -87.001569 33.362475, -87.001382 33.362491, -87.001413 33.36274, -87.00195 33.362694, -87.001917 33.362427, -87.002059 33.362415, -87.002066 33.362469, -87.002102 33.362466, -87.002106 33.362497, -87.002168 33.362492, -87.002185 33.362631, -87.002364 33.362616, -87.002336 33.362385, -87.00254 33.362368, -87.002455 33.361673, -87.002573 33.361662, -87.00247 33.360828)))",microsoft_us_building_footprints
ms-al-000337,Microsoft footprint AL #246,AL,,164736.48,34.5680037,-87.0146734,,commercial_industrial_unknown,unknown,"MULTIPOLYGON (((-87.015319 34.567658, -87.015132 34.567656, -87.015136 34.567391, -87.015121 34.567391, -87.015125 34.567181, -87.01484 34.567179, -87.014837 34.567415, -87.014553 34.567412, -87.014551 34.567408, -87.014472 34.567407, -87.014473 34.567355, -87.014529 34.567379, -87.014583 34.567295, -87.014334 34.567293, -87.014336 34.567174, -87.014189 34.567172, -87.014179 34.567814, -87.014166 34.567808, -87.014157 34.5684, -87.014014 34.568398, -87.014011 34.568602, -87.01416 34.568603, -87.014158 34.568722, -87.015072 34.568731, -87.015079 34.568312, -87.015282 34.568314, -87.01529 34.567782, -87.015317 34.567793, -87.015319 34.567658)))",microsoft_us_building_footprints
ms-al-000338,Microsoft footprint AL #247,AL,,103153.21,33.7418484,-87.0350446,,commercial_industrial_unknown,unknown,"MULTIPOLYGON (((-87.034452 33.741305, -87.034266 33.741849, -87.034884 33.741995, -87.034868 33.742041, -87.034861 33.742039, -87.034825 33.742142, -87.03484 33.742146, -87.034817 33.742212, -87.03582 33.742449, -87.035901 33.742212, -87.035514 33.74212, -87.035612 33.741836, -87.035351 33.741774, -87.035444 33.741502, -87.034757 33.741339, -87.034745 33.741374, -87.034452 33.741305)))",microsoft_us_building_footprints
ms-al-000339,Microsoft footprint AL #248,AL,,142917.12,34.2256184,-87.1812534,,commercial_industrial_unknown,unknown,"MULTIPOLYGON (((-87.18178 34.226051, -87.181806 34.225001, -87.180987 34.224987, -87.180985 34.225069, -87.180685 34.225064, -87.180681 34.22521, -87.180599 34.225209, -87.180598 34.225251, -87.180834 34.225255, -87.180835 34.225211, -87.180964 34.225213, -87.180962 34.225274, -87.180803 34.225271, -87.180791 34.225752, -87.180521 34.225748, -87.180514 34.226035, -87.180547 34.226035, -87.180545 34.226097, -87.180787 34.226102, -87.180785 34.22617, -87.181942 34.22619, -87.181945 34.226053, -87.18178 34.226051)))",microsoft_us_building_footprints
ms-al-000340,Microsoft footprint AL #249,AL,,131367.51,33.9397743,-87.2197851,,commercial_industrial_unknown,unknown,"MULTIPOLYGON (((-87.221198 33.939539, -87.221205 33.939239, -87.219728 33.939215, -87.219724 33.939377, -87.219543 33.939374, -87.219542 33.939418, -87.219099 33.939411, -87.219098 33.939458, -87.219065 33.939457, -87.219053 33.939958, -87.219104 33.939959, -87.219083 33.940848, -87.219276 33.940852, -87.219284 33.940518, -87.219383 33.94052, -87.219383 33.940495, -87.219456 33.940496, -87.219455 33.940535, -87.219405 33.940535, -87.219404 33.940569, -87.21965 33.940573, -87.219669 33.939777, -87.21969 33.939777, -87.219696 33.939519, -87.220876 33.939538, -87.220875 33.939596, -87.220968 33.939598, -87.22097 33.939535, -87.221198 33.939539)))",microsoft_us_building_footprints
ms-al-000341,Microsoft footprint AL #250,AL,,193161.93,33.8429104,-87.2545258,,commercial_industrial_unknown,unknown,"MULTIPOLYGON (((-87.253629 33.842446, -87.253636 33.842664, -87.253473 33.842667, -87.253481 33.842939, -87.253648 33.842935, -87.25366 33.843327, -87.254027 33.843319, -87.254031 33.843437, -87.254881 33.843419, -87.254877 33.843301, -87.255327 33.843291, -87.255331 33.843413, -87.255567 33.843408, -87.255555 33.843047, -87.255722 33.843044, -87.255721 33.843008, -87.255327 33.843017, -87.25532 33.842816, -87.2555 33.842812, -87.255495 33.842657, -87.255315 33.842661, -87.255314 33.842609, -87.255198 33.842612, -87.255195 33.842503, -87.255364 33.842499, -87.255361 33.842417, -87.255133 33.842422, -87.255131 33.842364, -87.254928 33.842368, -87.254929 33.842417, -87.253629 33.842446)))",microsoft_us_building_footprints
ms-al-000342,Microsoft footprint AL #251,AL,,230091.65,33.1686848,-87.4040277,,commercial_industrial_unknown,unknown,"MULTIPOLYGON (((-87.405257 33.168746, -87.403967 33.168146, -87.404033 33.168045, -87.403948 33.168006, -87.403912 33.16806, -87.403352 33.167799, -87.402824 33.168593, -87.402852 33.168657, -87.402978 33.168716, -87.402993 33.168693, -87.403 33.168691, -87.403021 33.168741, -87.403188 33.168819, -87.403184 33.168809, -87.403232 33.168795, -87.40325 33.168838, -87.40327 33.168832, -87.403252 33.16886, -87.403277 33.168853, -87.403743 33.16907, -87.403724 33.169026, -87.403756 33.168977, -87.403769 33.168974, -87.403808 33.169065, -87.403817 33.169063, -87.403834 33.169071, -87.403804 33.16908, -87.403827 33.169091, -87.403862 33.169172, -87.404711 33.169567, -87.405257 33.168746)))",microsoft_us_building_footprints
ms-al-000343,Microsoft footprint AL #252,AL,,299940.23,31.9694488,-87.4766799,,commercial_industrial_unknown,unknown,"MULTIPOLYGON (((-87.476112 31.969346, -87.476103 31.969009, -87.473621 31.969057, -87.473631 31.969394, -87.475948 31.969348, -87.475963 31.969896, -87.477852 31.969859, -87.477855 31.969987, -87.478096 31.969982, -87.478094 31.969878, -87.478133 31.969878, -87.478137 31.970049, -87.478315 31.970046, -87.478309 31.969798, -87.478853 31.969787, -87.47884 31.969323, -87.479028 31.96932, -87.479022 31.969124, -87.478065 31.969143, -87.478067 31.969195, -87.477981 31.969197, -87.477985 31.969324, -87.477422 31.969335, -87.477419 31.969226, -87.476992 31.969234, -87.476995 31.969329, -87.476112 31.969346)))",microsoft_us_building_footprints
ms-al-000344,Microsoft footprint AL #253,AL,,120101.49,33.1886293,-87.5564640,,commercial_industrial_unknown,unknown,"MULTIPOLYGON (((-87.555714 33.189169, -87.556588 33.189182, -87.556595 33.18882, -87.555795 33.188809, -87.555796 33.18875, -87.557259 33.188772, -87.557265 33.188454, -87.557313 33.188505, -87.557318 33.188241, -87.557273 33.18824, -87.557273 33.188198, -87.557342 33.188199, -87.557345 33.188059, -87.556767 33.188051, -87.556765 33.188161, -87.556891 33.188163, -87.556888 33.188281, -87.556703 33.188279, -87.556701 33.18839, -87.55662 33.188389, -87.556622 33.188325, -87.556556 33.188254, -87.556551 33.188507, -87.556689 33.188417, -87.556687 33.188539, -87.55616 33.188531, -87.556166 33.18824, -87.555733 33.188233, -87.555714 33.189169)))",microsoft_us_building_footprints
ms-al-000345,Microsoft footprint AL #254,AL,,107691.47,33.1951825,-87.5675372,,commercial_industrial_unknown,unknown,"MULTIPOLYGON (((-87.567949 33.194964, -87.567697 33.194954, -87.567724 33.194459, -87.567619 33.194455, -87.567621 33.194421, -87.567486 33.194416, -87.567484 33.194443, -87.567143 33.19443, -87.567131 33.194654, -87.567089 33.194652, -87.567083 33.194769, -87.56712 33.19477, -87.567093 33.195262, -87.567237 33.195268, -87.567222 33.195542, -87.567385 33.195548, -87.567376 33.195717, -87.567627 33.195727, -87.567606 33.196115, -87.567886 33.196126, -87.567949 33.194964)))",microsoft_us_building_footprints
ms-al-000346,Microsoft footprint AL #255,AL,,147185.6,31.9706134,-87.4904819,,commercial_industrial_unknown,unknown,"MULTIPOLYGON (((-87.490415 31.969893, -87.489511 31.970449, -87.489511 31.970484, -87.489793 31.970814, -87.489793 31.970789, -87.490092 31.971138, -87.490096 31.971138, -87.490641 31.970804, -87.490831 31.970804, -87.491191 31.971226, -87.491154 31.971248, -87.491272 31.971386, -87.491303 31.971386, -87.491515 31.971256, -87.491473 31.971207, -87.491573 31.971146, -87.49107 31.970556, -87.49107 31.970544, -87.490709 31.970121, -87.49061 31.970121, -87.490415 31.969893)))",microsoft_us_building_footprints
ms-al-000347,Microsoft footprint AL #256,AL,,132221.24,33.2219469,-87.6192559,,commercial_industrial_unknown,unknown,"MULTIPOLYGON (((-87.618316 33.222225, -87.619094 33.222233, -87.619092 33.222367, -87.61943 33.222371, -87.619431 33.2223, -87.619482 33.2223, -87.619483 33.222226, -87.620086 33.222232, -87.620086 33.222257, -87.620148 33.222258, -87.620148 33.222216, -87.620284 33.222218, -87.620287 33.222042, -87.620328 33.222042, -87.620329 33.221967, -87.620283 33.221966, -87.620285 33.221833, -87.620082 33.221831, -87.620084 33.221673, -87.619081 33.221663, -87.619083 33.221539, -87.618422 33.221532, -87.618416 33.2219, -87.618321 33.221899, -87.618316 33.222225)))",microsoft_us_building_footprints
ms-al-000348,Microsoft footprint AL #257,AL,,149712.44,34.7430485,-87.6464811,,commercial_industrial_unknown,unknown,"MULTIPOLYGON (((-87.646177 34.743884, -87.646452 34.743883, -87.646452 34.743858, -87.646575 34.743858, -87.646576 34.743913, -87.64712 34.743909, -87.647118 34.743669, -87.646566 34.743673, -87.646565 34.743549, -87.647104 34.743546, -87.647102 34.74333, -87.646557 34.743333, -87.646556 34.74319, -87.647052 34.743187, -87.647048 34.742757, -87.646542 34.74276, -87.646541 34.742649, -87.646964 34.742646, -87.646962 34.742432, -87.646372 34.742435, -87.64637 34.742201, -87.645898 34.742204, -87.645898 34.742145, -87.645831 34.742145, -87.645831 34.742187, -87.645737 34.742187, -87.64574 34.742474, -87.645705 34.742474, -87.645706 34.742576, -87.646119 34.742573, -87.646128 34.7436, -87.646174 34.7436, -87.646177 34.743884)))",microsoft_us_building_footprints
ms-al-000349,Microsoft footprint AL #258,AL,,100197.24,30.2699571,-87.5917424,,commercial_industrial_unknown,unknown,"MULTIPOLYGON (((-87.592148 30.27018, -87.591366 30.269476, -87.591372 30.269077, -87.591071 30.269074, -87.59107 30.269208, -87.591109 30.269243, -87.591104 30.269619, -87.591197 30.269703, -87.591108 30.269777, -87.591231 30.269888, -87.591216 30.2699, -87.59115 30.2699, -87.591072 30.269964, -87.591397 30.270257, -87.591367 30.270283, -87.591437 30.270346, -87.591437 30.270317, -87.591478 30.270318, -87.591623 30.270448, -87.591848 30.270262, -87.591923 30.27033, -87.591971 30.27033, -87.592049 30.2704, -87.592766 30.270408, -87.592767 30.270315, -87.592891 30.270317, -87.592894 30.270101, -87.592375 30.270096, -87.592272 30.270181, -87.592148 30.27018)))",microsoft_us_building_footprints
ms-al-000350,Microsoft footprint AL #259,AL,,1194855.6,33.1925497,-87.6035755,,commercial_industrial_unknown,unknown,"MULTIPOLYGON (((-87.601652 33.193973, -87.604423 33.194522, -87.604617 33.193835, -87.605395 33.193989, -87.605463 33.19375, -87.605403 33.193711, -87.60543 33.193615, -87.604982 33.193526, -87.605078 33.193185, -87.605442 33.192989, -87.605493 33.192808, -87.604895 33.19269, -87.60492 33.192602, -87.605452 33.192707, -87.605295 33.192503, -87.605236 33.192491, -87.605155 33.192439, -87.605154 33.192442, -87.605078 33.192343, -87.604911 33.192235, -87.605145 33.191407, -87.604762 33.191331, -87.605081 33.190986, -87.603927 33.190757, -87.603806 33.190527, -87.60286 33.19034, -87.602601 33.190622, -87.601652 33.193973)))",microsoft_us_building_footprints
ms-al-000351,Microsoft footprint AL #260,AL,,222847.44,33.2176883,-87.6174822,,commercial_industrial_unknown,unknown,"MULTIPOLYGON (((-87.618073 33.21678, -87.617518 33.216793, -87.617526 33.217046, -87.617214 33.217053, -87.617209 33.216903, -87.616881 33.21691, -87.616889 33.217177, -87.61679 33.217179, -87.616794 33.217311, -87.616738 33.217313, -87.61674 33.217381, -87.616788 33.21738, -87.616798 33.217683, -87.616959 33.217679, -87.616969 33.218003, -87.616795 33.218007, -87.61681 33.218498, -87.618113 33.218469, -87.618094 33.217883, -87.618169 33.217881, -87.618166 33.217768, -87.618104 33.217769, -87.618073 33.21678)))",microsoft_us_building_footprints
ms-al-000352,Microsoft footprint AL #261,AL,,244034.36,34.7316099,-87.6816104,,commercial_industrial_unknown,unknown,"MULTIPOLYGON (((-87.682576 34.731133, -87.682085 34.731112, -87.682052 34.731005, -87.681997 34.731003, -87.681991 34.731094, -87.681742 34.731084, -87.681745 34.73103, -87.680567 34.730979, -87.680631 34.731192, -87.680413 34.731182, -87.68042 34.731075, -87.679679 34.731043, -87.679663 34.7313, -87.679885 34.73131, -87.679873 34.731494, -87.680524 34.731522, -87.680556 34.731627, -87.681136 34.731508, -87.681938 34.731543, -87.681937 34.731567, -87.681715 34.731557, -87.681685 34.732026, -87.681935 34.732036, -87.682116 34.732637, -87.682804 34.732666, -87.682838 34.732123, -87.682819 34.732122, -87.682824 34.73204, -87.68262 34.732032, -87.682599 34.731963, -87.682522 34.731989, -87.682576 34.731133)))",microsoft_us_building_footprints
ms-al-000353,Microsoft footprint AL #262,AL,,160567.32,34.8708990,-87.6671261,,commercial_industrial_unknown,unknown,"MULTIPOLYGON (((-87.66778 34.870315, -87.667451 34.870314, -87.667452 34.870248, -87.667279 34.870247, -87.667278 34.870339, -87.667206 34.870339, -87.667206 34.87031, -87.666877 34.870309, -87.666878 34.870243, -87.666701 34.870243, -87.6667 34.870309, -87.666533 34.870308, -87.666529 34.871069, -87.666732 34.87107, -87.666732 34.871125, -87.666526 34.871124, -87.666523 34.871542, -87.667309 34.871545, -87.667309 34.8716, -87.667376 34.871601, -87.667376 34.871548, -87.667612 34.871549, -87.667615 34.871131, -87.66751 34.87113, -87.66751 34.871075, -87.667776 34.871076, -87.66778 34.870315)))",microsoft_us_building_footprints
ms-al-000354,Microsoft footprint AL #263,AL,,143389.69,34.8106404,-87.6723166,,commercial_industrial_unknown,unknown,"MULTIPOLYGON (((-87.673274 34.81097, -87.672711 34.810447, -87.672652 34.81049, -87.672507 34.810354, -87.672397 34.810137, -87.672393 34.81014, -87.672204 34.809766, -87.671837 34.809891, -87.671859 34.809934, -87.671804 34.809973, -87.67186 34.810083, -87.671549 34.810189, -87.671521 34.810201, -87.671465 34.81022, -87.671658 34.810603, -87.672159 34.811069, -87.672621 34.810734, -87.672856 34.810953, -87.672538 34.811184, -87.672345 34.811005, -87.67213 34.811161, -87.672375 34.811389, -87.672337 34.811417, -87.672411 34.811486, -87.672465 34.811468, -87.672535 34.811532, -87.673146 34.811089, -87.67316 34.811103, -87.673223 34.811057, -87.673193 34.811029, -87.673274 34.81097)))",microsoft_us_building_footprints
ms-al-000355,Microsoft footprint AL #264,AL,,104335.83,31.9243015,-87.7409791,,commercial_industrial_unknown,unknown,"MULTIPOLYGON (((-87.74061 31.925102, -87.740912 31.925131, -87.740917 31.925097, -87.741282 31.925132, -87.741288 31.925088, -87.741249 31.925084, -87.741302 31.924686, -87.741236 31.92468, -87.741264 31.924476, -87.74104 31.924454, -87.741085 31.924119, -87.741294 31.924139, -87.741325 31.923909, -87.741408 31.923917, -87.741436 31.923711, -87.74126 31.923694, -87.741286 31.923496, -87.740766 31.923446, -87.740666 31.92419, -87.740731 31.924197, -87.74061 31.925102)))",microsoft_us_building_footprints
ms-al-000356,Microsoft footprint AL #265,AL,,123150.89,34.0331814,-87.7494774,,commercial_industrial_unknown,unknown,"MULTIPOLYGON (((-87.74865 34.033244, -87.748946 34.033454, -87.749005 34.033439, -87.749021 34.033484, -87.748994 34.033491, -87.749091 34.033761, -87.749163 34.033743, -87.749256 34.033809, -87.749684 34.033393, -87.74977 34.033454, -87.749611 34.033608, -87.749912 34.033821, -87.750169 34.033572, -87.749919 34.033395, -87.749823 34.033418, -87.749801 34.033403, -87.749902 34.033305, -87.749875 34.03323, -87.750234 34.032882, -87.749705 34.032508, -87.749464 34.032568, -87.749561 34.032637, -87.749643 34.032617, -87.749658 34.032659, -87.749614 34.032701, -87.74967 34.032856, -87.749547 34.032976, -87.74949 34.032818, -87.749224 34.03263, -87.748958 34.032889, -87.748973 34.032931, -87.74865 34.033244)))",microsoft_us_building_footprints
ms-al-000357,Microsoft footprint AL #266,AL,,105103.27,34.4772667,-87.7270020,,commercial_industrial_unknown,unknown,"MULTIPOLYGON (((-87.726024 34.47702, -87.726014 34.477507, -87.727908 34.477533, -87.727917 34.477122, -87.728031 34.477124, -87.728035 34.476947, -87.727762 34.476943, -87.72776 34.477044, -87.726024 34.47702)))",microsoft_us_building_footprints
ms-al-000358,Microsoft footprint AL #267,AL,,886434.82,30.8634534,-87.7866897,,commercial_industrial_unknown,unknown,"MULTIPOLYGON (((-87.785799 30.865362, -87.787757 30.865357, -87.787745 30.861675, -87.785889 30.861679, -87.785889 30.86171, -87.785475 30.861711, -87.785481 30.863521, -87.785793 30.86352, -87.785799 30.865362)))",microsoft_us_building_footprints
ms-al-000359,Microsoft footprint AL #268,AL,,119746.93,34.8963745,-87.7959642,,commercial_industrial_unknown,unknown,"MULTIPOLYGON (((-87.795731 34.895487, -87.795595 34.895646, -87.795828 34.89578, -87.795449 34.896222, -87.795327 34.896151, -87.795624 34.895806, -87.795403 34.895678, -87.794961 34.896193, -87.795164 34.89631, -87.795307 34.896143, -87.796366 34.897265, -87.796648 34.897321, -87.796708 34.89712, -87.796767 34.897155, -87.796884 34.896762, -87.796738 34.896855, -87.796736 34.896863, -87.79651 34.897006, -87.796279 34.896873, -87.796356 34.896783, -87.796207 34.896697, -87.796714 34.896107, -87.796648 34.896069, -87.796243 34.896326, -87.796167 34.896282, -87.796137 34.896386, -87.795956 34.896195, -87.796181 34.895747, -87.795731 34.895487)))",microsoft_us_building_footprints
ms-al-000360,Microsoft footprint AL #269,AL,,291266.55,34.2867100,-87.8174776,,commercial_industrial_unknown,unknown,"MULTIPOLYGON (((-87.818851 34.286577, -87.818067 34.285752, -87.817281 34.286262, -87.817113 34.286086, -87.816953 34.28619, -87.816942 34.286178, -87.816121 34.28671, -87.817083 34.287723, -87.818851 34.286577)))",microsoft_us_building_footprints
ms-al-000361,Microsoft footprint AL #270,AL,,264581.76,33.9210314,-87.8200661,,commercial_industrial_unknown,unknown,"MULTIPOLYGON (((-87.819206 33.921953, -87.819347 33.92196, -87.819355 33.921833, -87.819798 33.921852, -87.819779 33.922141, -87.820266 33.922162, -87.820278 33.921978, -87.820454 33.921986, -87.820464 33.921837, -87.820709 33.921921, -87.820838 33.921621, -87.820758 33.921347, -87.820726 33.921346, -87.820721 33.921423, -87.819927 33.921388, -87.820087 33.921016, -87.82005 33.921023, -87.819953 33.920688, -87.820872 33.920961, -87.820883 33.920797, -87.821199 33.920734, -87.821202 33.920694, -87.821132 33.920691, -87.821161 33.920234, -87.819447 33.920159, -87.819432 33.920383, -87.819323 33.920378, -87.819317 33.920464, -87.819144 33.920499, -87.819483 33.921665, -87.819226 33.921654, -87.819206 33.921953)))",microsoft_us_building_footprints
ms-al-000362,Microsoft footprint AL #271,AL,,113204.61,32.4731126,-87.8355522,,commercial_industrial_unknown,unknown,"MULTIPOLYGON (((-87.836211 32.472738, -87.83569 32.472686, -87.835691 32.472677, -87.835239 32.472632, -87.835231 32.47269, -87.835051 32.472672, -87.835008 32.472974, -87.834945 32.472967, -87.834937 32.473028, -87.834998 32.473034, -87.83498 32.473158, -87.83495 32.473155, -87.834936 32.473256, -87.834944 32.473257, -87.834897 32.473592, -87.835146 32.473617, -87.835166 32.473471, -87.836094 32.473564, -87.836211 32.472738)))",microsoft_us_building_footprints
ms-al-000363,Microsoft footprint AL #272,AL,,139309.15,30.6587371,-87.8559734,,commercial_industrial_unknown,unknown,"MULTIPOLYGON (((-87.856603 30.658267, -87.855414 30.658261, -87.855412 30.658594, -87.855289 30.658594, -87.855287 30.658888, -87.85521 30.658887, -87.855209 30.659125, -87.855403 30.659126, -87.855402 30.65923, -87.855786 30.659232, -87.855786 30.659161, -87.856602 30.659166, -87.856604 30.658797, -87.85687 30.658799, -87.856871 30.658658, -87.8566 30.658657, -87.856603 30.658267)))",microsoft_us_building_footprints
ms-al-000364,Microsoft footprint AL #273,AL,,217104.81,30.5187922,-87.8895548,,commercial_industrial_unknown,unknown,"MULTIPOLYGON (((-87.889099 30.518641, -87.889202 30.519061, -87.889189 30.519253, -87.889018 30.519284, -87.889007 30.519447, -87.889127 30.519453, -87.889109 30.51973, -87.889529 30.51975, -87.889633 30.519529, -87.890113 30.519553, -87.890131 30.519288, -87.890191 30.519277, -87.890276 30.517995, -87.889792 30.518083, -87.889785 30.518201, -87.889608 30.518192, -87.889618 30.518049, -87.889537 30.518045, -87.889526 30.518216, -87.889447 30.518212, -87.889427 30.518131, -87.889229 30.518167, -87.88921 30.518087, -87.888716 30.518063, -87.888701 30.518275, -87.889157 30.518297, -87.889178 30.518384, -87.888509 30.518351, -87.888491 30.518611, -87.889099 30.518641)))",microsoft_us_building_footprints
ms-al-000365,Microsoft footprint AL #274,AL,,107954.29,30.6538772,-87.9037207,,commercial_industrial_unknown,unknown,"MULTIPOLYGON (((-87.904557 30.654177, -87.904541 30.653496, -87.904225 30.653502, -87.904232 30.653788, -87.904366 30.653785, -87.904368 30.653894, -87.904224 30.653896, -87.904225 30.653976, -87.904169 30.653977, -87.904165 30.653784, -87.903915 30.653789, -87.903914 30.653726, -87.903817 30.653728, -87.903812 30.653501, -87.903026 30.653515, -87.90303 30.65367, -87.902955 30.653672, -87.902967 30.654184, -87.903448 30.654175, -87.90345 30.654228, -87.903708 30.654224, -87.903707 30.654184, -87.903882 30.65418, -87.903882 30.65422, -87.904112 30.654216, -87.904111 30.654184, -87.904557 30.654177)))",microsoft_us_building_footprints
ms-al-000366,Microsoft footprint AL #275,AL,,147797.26,33.9845687,-87.9215543,,commercial_industrial_unknown,unknown,"MULTIPOLYGON (((-87.92086 33.98406, -87.920846 33.984469, -87.920757 33.984467, -87.920754 33.984544, -87.92084 33.984546, -87.92083 33.984829, -87.920873 33.98483, -87.920871 33.984883, -87.920833 33.984882, -87.920831 33.98496, -87.921369 33.984974, -87.921364 33.985109, -87.921632 33.985116, -87.921637 33.984976, -87.921726 33.984978, -87.921721 33.9851, -87.92215 33.985111, -87.922155 33.984964, -87.922482 33.984972, -87.922487 33.984857, -87.922173 33.984849, -87.922186 33.984496, -87.922167 33.984495, -87.922173 33.984335, -87.922268 33.984338, -87.922274 33.984159, -87.922158 33.984156, -87.92216 33.98409, -87.921268 33.984068, -87.921265 33.984139, -87.921204 33.984138, -87.921206 33.984069, -87.92086 33.98406)))",microsoft_us_building_footprints
ms-al-000367,Microsoft footprint AL #276,AL,,128546.79,30.6916015,-88.0331272,,commercial_industrial_unknown,unknown,"MULTIPOLYGON (((-88.033795 30.691983, -88.033756 30.691564, -88.033715 30.691567, -88.033708 30.691487, -88.033722 30.691486, -88.033682 30.691045, -88.033583 30.691052, -88.03358 30.69102, -88.033494 30.691026, -88.033497 30.691058, -88.033449 30.691061, -88.033446 30.691031, -88.033164 30.69105, -88.033167 30.691082, -88.033092 30.691087, -88.033098 30.691152, -88.03306 30.691154, -88.033067 30.691221, -88.032539 30.691256, -88.032579 30.691697, -88.03235 30.691713, -88.032384 30.692079, -88.033795 30.691983)))",microsoft_us_building_footprints
ms-al-000368,Microsoft footprint AL #277,AL,,242309.44,30.6861734,-88.0449220,,commercial_industrial_unknown,unknown,"MULTIPOLYGON (((-88.046131 30.686407, -88.045696 30.685392, -88.045601 30.685422, -88.04563 30.685489, -88.045351 30.685577, -88.045619 30.686203, -88.045293 30.686306, -88.045347 30.68605, -88.045456 30.686068, -88.045251 30.685588, -88.045191 30.685681, -88.045037 30.685608, -88.045058 30.685507, -88.044656 30.685315, -88.044416 30.685391, -88.044426 30.685414, -88.044176 30.685803, -88.044287 30.685855, -88.044252 30.686016, -88.044165 30.686002, -88.044264 30.686235, -88.044203 30.686254, -88.044712 30.686497, -88.044601 30.68667, -88.044639 30.686759, -88.044306 30.686865, -88.044088 30.686355, -88.043679 30.686484, -88.043943 30.6871, -88.046131 30.686407)))",microsoft_us_building_footprints
ms-al-000369,Microsoft footprint AL #278,AL,,122551.94,30.6930217,-88.0333357,,commercial_industrial_unknown,unknown,"MULTIPOLYGON (((-88.032615 30.692679, -88.0327 30.693423, -88.033187 30.693382, -88.0332 30.693494, -88.033851 30.693438, -88.033836 30.693308, -88.034032 30.693292, -88.033948 30.692565, -88.032615 30.692679)))",microsoft_us_building_footprints
ms-al-000370,Microsoft footprint AL #279,AL,,104173.92,30.8040241,-88.0622944,,commercial_industrial_unknown,unknown,"MULTIPOLYGON (((-88.061792 30.803534, -88.06198 30.804624, -88.06279 30.804521, -88.062723 30.804133, -88.062803 30.804123, -88.062779 30.803983, -88.062676 30.803996, -88.062565 30.803356, -88.062409 30.803376, -88.062423 30.803454, -88.061792 30.803534)))",microsoft_us_building_footprints
ms-al-000371,Microsoft footprint AL #280,AL,,254379.81,30.6919947,-88.0380313,,commercial_industrial_unknown,unknown,"MULTIPOLYGON (((-88.038836 30.692624, -88.03853 30.691296, -88.038512 30.691288, -88.038525 30.691266, -88.038507 30.691258, -88.038557 30.691224, -88.038575 30.691215, -88.038663 30.691156, -88.038615 30.690946, -88.038551 30.691055, -88.038531 30.690969, -88.038485 30.690977, -88.038499 30.691037, -88.037902 30.691139, -88.037901 30.691131, -88.037921 30.691117, -88.037935 30.69108, -88.0379 30.691086, -88.037859 30.691158, -88.03736 30.691242, -88.037413 30.691471, -88.037425 30.691469, -88.037262 30.691749, -88.037268 30.691748, -88.037527 30.69287, -88.037584 30.69286, -88.037607 30.69296, -88.038476 30.692812, -88.038448 30.69269, -88.038836 30.692624)))",microsoft_us_building_footprints
ms-al-000372,Microsoft footprint AL #281,AL,,184057.63,30.6474421,-88.0722816,,commercial_industrial_unknown,unknown,"MULTIPOLYGON (((-88.072963 30.646282, -88.072387 30.646158, -88.072356 30.646265, -88.072313 30.646255, -88.072127 30.646899, -88.072122 30.646897, -88.071754 30.648168, -88.071681 30.648153, -88.071664 30.648209, -88.071707 30.648218, -88.0717 30.648242, -88.07166 30.648234, -88.071621 30.648368, -88.071651 30.648375, -88.071621 30.648477, -88.071568 30.648465, -88.071532 30.648592, -88.072143 30.648723, -88.072154 30.648683, -88.072205 30.648694, -88.072221 30.64864, -88.072183 30.648632, -88.07226 30.648367, -88.072316 30.648379, -88.072332 30.648322, -88.072291 30.648314, -88.072321 30.648209, -88.072374 30.648221, -88.072391 30.648164, -88.072416 30.64817, -88.072963 30.646282)))",microsoft_us_building_footprints
ms-al-000373,Microsoft footprint AL #282,AL,,137217.64,30.6280907,-88.0855707,,commercial_industrial_unknown,unknown,"MULTIPOLYGON (((-88.085469 30.627901, -88.085006 30.627907, -88.085008 30.62803, -88.08475 30.628033, -88.084756 30.628435, -88.085006 30.628432, -88.085009 30.628614, -88.085572 30.628607, -88.085571 30.628535, -88.085859 30.628531, -88.085859 30.628569, -88.086173 30.628565, -88.086165 30.628082, -88.085979 30.628084, -88.085979 30.628048, -88.086217 30.628045, -88.086221 30.628268, -88.086299 30.628267, -88.086291 30.627807, -88.086219 30.627808, -88.086221 30.627981, -88.08598 30.627984, -88.08598 30.62795, -88.086023 30.62795, -88.086015 30.627417, -88.085866 30.627419, -88.085865 30.627329, -88.085572 30.627332, -88.085574 30.627418, -88.085461 30.627419, -88.085469 30.627901)))",microsoft_us_building_footprints
ms-al-000374,Microsoft footprint AL #283,AL,,243158.5,30.5307018,-88.1026423,,commercial_industrial_unknown,unknown,"MULTIPOLYGON (((-88.101405 30.530538, -88.102236 30.530934, -88.102186 30.531013, -88.10221 30.531025, -88.102096 30.531203, -88.102303 30.531302, -88.102361 30.531212, -88.102589 30.531321, -88.102655 30.531218, -88.1034 30.531574, -88.103901 30.530794, -88.103733 30.530714, -88.103736 30.530709, -88.102085 30.529922, -88.102144 30.529831, -88.101927 30.529727, -88.101405 30.530538)))",microsoft_us_building_footprints
ms-al-000375,Microsoft footprint AL #284,AL,,157771.19,30.6745593,-88.1368336,,commercial_industrial_unknown,unknown,"MULTIPOLYGON (((-88.136511 30.673398, -88.136505 30.674164, -88.136491 30.674163, -88.136489 30.674378, -88.136447 30.674378, -88.136444 30.674629, -88.136452 30.674629, -88.13645 30.674945, -88.136495 30.674946, -88.136494 30.675125, -88.136459 30.675125, -88.136457 30.675367, -88.1365 30.675368, -88.136498 30.675511, -88.137245 30.675516, -88.137249 30.675087, -88.137331 30.675087, -88.137332 30.674976, -88.137243 30.674976, -88.137244 30.674867, -88.137271 30.674868, -88.137276 30.674349, -88.136854 30.674346, -88.136858 30.673947, -88.136783 30.673946, -88.136784 30.673849, -88.13706 30.673851, -88.137063 30.673524, -88.137283 30.673525, -88.137284 30.673403, -88.136511 30.673398)))",microsoft_us_building_footprints
ms-al-000376,Microsoft footprint AL #285,AL,,217868.74,30.5874991,-88.1633792,,commercial_industrial_unknown,unknown,"MULTIPOLYGON (((-88.164115 30.588175, -88.16411 30.587854, -88.164083 30.587854, -88.164066 30.586798, -88.163822 30.586801, -88.163823 30.586865, -88.163628 30.586867, -88.163626 30.586761, -88.163567 30.586761, -88.163565 30.586628, -88.163516 30.586628, -88.163519 30.586764, -88.163428 30.586765, -88.163429 30.586867, -88.163019 30.586872, -88.163018 30.586833, -88.162841 30.586835, -88.162842 30.586874, -88.162794 30.586875, -88.162794 30.586925, -88.162765 30.586926, -88.162767 30.587086, -88.162472 30.587089, -88.162478 30.587415, -88.162706 30.587412, -88.162715 30.587989, -88.162774 30.587989, -88.162776 30.588106, -88.162804 30.588106, -88.162806 30.588191, -88.164115 30.588175)))",microsoft_us_building_footprints
ms-al-000377,Microsoft footprint AL #286,AL,,125239.38,30.6681163,-88.1295404,,commercial_industrial_unknown,unknown,"MULTIPOLYGON (((-88.12903 30.667628, -88.129031 30.667856, -88.129003 30.667857, -88.129003 30.667942, -88.12896 30.667942, -88.12896 30.668163, -88.129001 30.668163, -88.129001 30.668346, -88.128942 30.668346, -88.128942 30.668651, -88.129385 30.668651, -88.129385 30.668567, -88.129995 30.668566, -88.129994 30.668287, -88.130232 30.668287, -88.130231 30.66787, -88.130148 30.66787, -88.130148 30.667788, -88.129987 30.667788, -88.129987 30.667627, -88.12903 30.667628)))",microsoft_us_building_footprints
ms-al-000378,Microsoft footprint AL #287,AL,,225800.2,30.6922564,-88.1788598,,commercial_industrial_unknown,unknown,"MULTIPOLYGON (((-88.17884 30.691542, -88.17818 30.69155, -88.178182 30.691645, -88.178099 30.691646, -88.178099 30.691694, -88.178182 30.691693, -88.178186 30.691917, -88.17813 30.691918, -88.178131 30.692026, -88.177741 30.692031, -88.177754 30.692845, -88.178804 30.692832, -88.178799 30.692487, -88.178876 30.692486, -88.178874 30.692361, -88.178839 30.692361, -88.178839 30.692329, -88.179268 30.692324, -88.179274 30.692679, -88.180124 30.692669, -88.180118 30.692296, -88.180315 30.692293, -88.180313 30.692203, -88.18011 30.692206, -88.180104 30.691839, -88.179255 30.691849, -88.17926 30.692188, -88.179201 30.692189, -88.179202 30.692221, -88.178851 30.692225, -88.17884 30.691542)))",microsoft_us_building_footprints
ms-al-000379,Microsoft footprint AL #288,AL,,125421.15,30.6755461,-88.1895819,,commercial_industrial_unknown,unknown,"MULTIPOLYGON (((-88.189188 30.674686, -88.189194 30.67499, -88.18918 30.67499, -88.189191 30.675515, -88.189636 30.675509, -88.189638 30.675625, -88.18969 30.675624, -88.189693 30.675784, -88.189444 30.675787, -88.189447 30.675966, -88.189305 30.675968, -88.189311 30.676278, -88.189219 30.676279, -88.189224 30.676522, -88.189835 30.676513, -88.189833 30.676401, -88.189937 30.676399, -88.18993 30.676029, -88.189885 30.67603, -88.189884 30.675979, -88.189929 30.675979, -88.189922 30.675621, -88.189871 30.675622, -88.189858 30.674925, -88.189933 30.674924, -88.18993 30.674797, -88.189872 30.674798, -88.189868 30.674572, -88.189636 30.674576, -88.189638 30.674679, -88.189188 30.674686)))",microsoft_us_building_footprints
ms-al-000380,Microsoft footprint AL #289,AL,,179450.77,32.3336214,-85.1501143,,commercial_industrial_unknown,unknown,"MULTIPOLYGON (((-85.151147 32.333847, -85.151055 32.333842, -85.151089 32.333395, -85.150755 32.333377, -85.150968 32.333225, -85.150717 32.333139, -85.150483 32.333631, -85.150229 32.333544, -85.150449 32.333082, -85.150207 32.333, -85.150001 32.333431, -85.149868 32.333385, -85.15002 32.333065, -85.149787 32.332986, -85.149663 32.333246, -85.149281 32.333225, -85.149301 32.332969, -85.149085 32.332895, -85.148811 32.33347, -85.149049 32.33355, -85.14919 32.333254, -85.149462 32.333526, -85.14925 32.333972, -85.149477 32.33405, -85.149698 32.333587, -85.149833 32.333633, -85.149599 32.334123, -85.149822 32.334199, -85.150006 32.333812, -85.150581 32.334387, -85.151048 32.334053, -85.151147 32.333847)))",microsoft_us_building_footprints
ms-al-000381,Microsoft footprint AL #290,AL,,165936.4,32.7399778,-85.2885518,,commercial_industrial_unknown,unknown,"MULTIPOLYGON (((-85.2883 32.739203, -85.288265 32.739249, -85.288214 32.73925, -85.28762 32.740043, -85.288207 32.740354, -85.288109 32.740485, -85.288418 32.740649, -85.288541 32.740485, -85.288802 32.740623, -85.288838 32.740623, -85.289009 32.740395, -85.289146 32.740468, -85.289247 32.740333, -85.289318 32.740371, -85.289368 32.740305, -85.289305 32.740271, -85.289424 32.740112, -85.289424 32.740098, -85.28935 32.740058, -85.289449 32.739925, -85.289147 32.739764, -85.289264 32.739609, -85.289174 32.739561, -85.289109 32.739562, -85.289033 32.739664, -85.289033 32.739702, -85.288875 32.739618, -85.288875 32.739584, -85.288387 32.739326, -85.288428 32.739271, -85.2883 32.739203)))",microsoft_us_building_footprints
ms-al-000382,Microsoft footprint AL #291,AL,,292227.68,32.6682648,-85.3697668,,commercial_industrial_unknown,unknown,"MULTIPOLYGON (((-85.369883 32.667841, -85.369901 32.66738, -85.369473 32.667368, -85.369458 32.667726, -85.369272 32.667721, -85.369431 32.667536, -85.368991 32.667524, -85.368987 32.667627, -85.369197 32.667755, -85.368929 32.667748, -85.368915 32.6681, -85.368599 32.668279, -85.368854 32.668286, -85.368834 32.668804, -85.369228 32.668815, -85.369224 32.668898, -85.369164 32.668897, -85.368935 32.669027, -85.368931 32.669122, -85.370409 32.669163, -85.370421 32.668868, -85.370078 32.668858, -85.370098 32.668337, -85.371109 32.668365, -85.371118 32.668141, -85.370622 32.668127, -85.37093 32.667769, -85.370519 32.667519, -85.370169 32.667509, -85.369883 32.667841)))",microsoft_us_building_footprints
ms-al-000383,Microsoft footprint AL #292,AL,,186700.99,31.2491820,-85.4287360,,commercial_industrial_unknown,unknown,"MULTIPOLYGON (((-85.428071 31.250094, -85.428773 31.250164, -85.428787 31.250066, -85.428905 31.250078, -85.428978 31.249535, -85.429124 31.24955, -85.429222 31.248828, -85.429328 31.248838, -85.429362 31.248584, -85.429436 31.248591, -85.429453 31.248465, -85.429393 31.248459, -85.429431 31.248174, -85.428812 31.248113, -85.428785 31.248312, -85.428732 31.248307, -85.428706 31.248495, -85.428746 31.248499, -85.428698 31.248856, -85.428211 31.248808, -85.428131 31.249394, -85.428221 31.249403, -85.42821 31.249486, -85.428154 31.249481, -85.428071 31.250094)))",microsoft_us_building_footprints
ms-al-000384,Microsoft footprint AL #293,AL,,618749.4,33.1285559,-85.5630896,,commercial_industrial_unknown,unknown,"MULTIPOLYGON (((-85.563088 33.125711, -85.562699 33.125681, -85.562728 33.125424, -85.562558 33.12541, -85.562408 33.126738, -85.562464 33.126743, -85.562393 33.127373, -85.562527 33.127383, -85.562197 33.130282, -85.562138 33.130277, -85.56215 33.130329, -85.562183 33.130331, -85.562185 33.130317, -85.563831 33.130447, -85.564123 33.127853, -85.56429 33.127866, -85.564307 33.127722, -85.562677 33.127593, -85.562701 33.127383, -85.56303 33.12741, -85.563044 33.127287, -85.562903 33.127276, -85.562991 33.126495, -85.563003 33.126493, -85.563008 33.126451, -85.562988 33.126376, -85.563014 33.126372, -85.563088 33.125711)))",microsoft_us_building_footprints
ms-al-000385,Microsoft footprint AL #294,AL,,201563.89,33.7561338,-85.6881394,,commercial_industrial_unknown,unknown,"MULTIPOLYGON (((-85.68894 33.755459, -85.687991 33.755445, -85.68798 33.75596, -85.687623 33.755955, -85.687622 33.756007, -85.68691 33.755997, -85.686905 33.756242, -85.686967 33.756243, -85.686965 33.756298, -85.687012 33.756299, -85.687009 33.756453, -85.686957 33.756452, -85.686954 33.756596, -85.688922 33.756625, -85.688924 33.756536, -85.689071 33.756538, -85.689083 33.755984, -85.688929 33.755982, -85.68894 33.755459)))",microsoft_us_building_footprints
ms-al-000386,Microsoft footprint AL #295,AL,,192569.26,34.4401595,-85.7619652,,commercial_industrial_unknown,unknown,"MULTIPOLYGON (((-85.761139 34.44069, -85.762345 34.441096, -85.762383 34.441019, -85.762193 34.440955, -85.762692 34.439947, -85.762919 34.440023, -85.762973 34.439915, -85.762546 34.439771, -85.762594 34.439673, -85.762568 34.439664, -85.762663 34.439473, -85.762481 34.439412, -85.762394 34.439588, -85.762118 34.439495, -85.762222 34.439286, -85.761843 34.439158, -85.761748 34.439351, -85.761861 34.439389, -85.761718 34.439677, -85.761658 34.439657, -85.761626 34.439722, -85.761519 34.439686, -85.761189 34.440354, -85.761238 34.44037, -85.761204 34.440439, -85.761255 34.440456, -85.761139 34.44069)))",microsoft_us_building_footprints
ms-al-000387,Microsoft footprint AL #296,AL,,221862.54,31.3157878,-85.8265037,,commercial_industrial_unknown,unknown,"MULTIPOLYGON (((-85.826984 31.316592, -85.826981 31.316277, -85.827145 31.316276, -85.827137 31.315496, -85.826973 31.315497, -85.826971 31.315304, -85.827117 31.315303, -85.827112 31.314808, -85.826687 31.314811, -85.826688 31.314961, -85.826647 31.314961, -85.826649 31.315114, -85.826344 31.315117, -85.826342 31.314917, -85.826152 31.314919, -85.826154 31.315125, -85.826076 31.315126, -85.826077 31.315207, -85.825881 31.315209, -85.825887 31.31575, -85.825884 31.31575, -85.825891 31.316488, -85.825634 31.31649, -85.825635 31.316602, -85.826984 31.316592)))",microsoft_us_building_footprints
ms-al-000388,Microsoft footprint AL #297,AL,,136602.59,33.6445334,-85.8646934,,commercial_industrial_unknown,unknown,"MULTIPOLYGON (((-85.865266 33.643954, -85.864374 33.643925, -85.864367 33.644073, -85.864153 33.644066, -85.864138 33.644391, -85.86406 33.644388, -85.864053 33.644544, -85.864241 33.64455, -85.86424 33.644584, -85.864332 33.644587, -85.864329 33.644665, -85.864139 33.644659, -85.86412 33.645064, -85.864685 33.645083, -85.864679 33.645201, -85.865086 33.645214, -85.865098 33.644953, -85.865175 33.644956, -85.865176 33.644929, -85.865226 33.644931, -85.865228 33.644876, -85.865173 33.644874, -85.865191 33.64449, -85.865238 33.644491, -85.865257 33.644083, -85.86526 33.644083, -85.865266 33.643954)))",microsoft_us_building_footprints
ms-al-000389,Microsoft footprint AL #298,AL,,120421.37,34.3056813,-86.2831428,,commercial_industrial_unknown,unknown,"MULTIPOLYGON (((-86.282125 34.305215, -86.28212 34.305626, -86.282257 34.305627, -86.282258 34.305554, -86.282579 34.305557, -86.282578 34.305623, -86.282688 34.305624, -86.282689 34.305554, -86.28277 34.305555, -86.282769 34.305607, -86.28297 34.305609, -86.282971 34.305553, -86.283121 34.305554, -86.283115 34.306001, -86.283033 34.306001, -86.283033 34.306038, -86.283099 34.306039, -86.283093 34.306458, -86.283227 34.306459, -86.283226 34.306568, -86.283479 34.30657, -86.283481 34.306454, -86.283598 34.306455, -86.283603 34.30602, -86.283625 34.30602, -86.283631 34.305548, -86.283869 34.30555, -86.283873 34.30523, -86.282125 34.305215)))",microsoft_us_building_footprints
ms-al-000390,Microsoft footprint AL #299,AL,,102732.41,32.3795829,-86.2990060,,commercial_industrial_unknown,unknown,"MULTIPOLYGON (((-86.299613 32.379182, -86.299552 32.379151, -86.29903 32.379168, -86.299045 32.379497, -86.298869 32.379503, -86.298856 32.379224, -86.298828 32.379225, -86.298706 32.379163, -86.298483 32.379171, -86.298453 32.379213, -86.298415 32.379214, -86.298402 32.379232, -86.298364 32.379212, -86.2984 32.379971, -86.298463 32.379969, -86.298466 32.38004, -86.298841 32.380027, -86.298838 32.379952, -86.298894 32.37995, -86.298883 32.379724, -86.299063 32.379718, -86.299073 32.379942, -86.29911 32.379961, -86.299165 32.379959, -86.299167 32.379988, -86.299486 32.379978, -86.299516 32.379993, -86.299515 32.379977, -86.299568 32.379975, -86.299567 32.37994, -86.299579 32.379946, -86.299644 32.379855, -86.299613 32.379182)))",microsoft_us_building_footprints
ms-al-000391,Microsoft footprint AL #300,AL,,181121.24,32.3204035,-86.4378848,,commercial_industrial_unknown,unknown,"MULTIPOLYGON (((-86.438991 32.320158, -86.438228 32.31997, -86.438128 32.320165, -86.438006 32.320207, -86.437763 32.320118, -86.437741 32.320072, -86.437728 32.319972, -86.437708 32.31993, -86.43764 32.319905, -86.437628 32.31976, -86.437613 32.319762, -86.437549 32.319783, -86.437458 32.319792, -86.437415 32.319807, -86.437392 32.31985, -86.437303 32.319858, -86.437247 32.319877, -86.437201 32.319861, -86.437139 32.319866, -86.437047 32.319898, -86.436887 32.32021, -86.436785 32.320245, -86.43669 32.320431, -86.43851 32.321097, -86.438991 32.320158)))",microsoft_us_building_footprints
ms-ar-000392,Microsoft footprint AR #1,AR,,174410.3,35.9429773,-89.9164615,,commercial_industrial_unknown,unknown,"MULTIPOLYGON (((-89.917261 35.943402, -89.917634 35.943205, -89.917622 35.942979, -89.91784 35.943039, -89.917691 35.942853, -89.91792 35.94259, -89.917645 35.942433, -89.917357 35.942584, -89.917277 35.942484, -89.916388 35.942515, -89.916682 35.942883, -89.916273 35.942897, -89.916254 35.942529, -89.916127 35.942533, -89.91615 35.942959, -89.915834 35.942778, -89.915665 35.942972, -89.915647 35.942641, -89.915496 35.942647, -89.915522 35.943133, -89.915247 35.942791, -89.914928 35.943157, -89.914684 35.943017, -89.914699 35.943294, -89.915531 35.943264, -89.915183 35.943447, -89.915554 35.943659, -89.915744 35.943652, -89.915965 35.943119, -89.915663 35.94313, -89.915659 35.943061, -89.916608 35.943028, -89.917261 35.943402)))",microsoft_us_building_footprints
ms-ar-000393,Microsoft footprint AR #2,AR,,535038.17,35.1321712,-90.1837091,,commercial_industrial_unknown,unknown,"MULTIPOLYGON (((-90.180512 35.13216, -90.180849 35.133654, -90.181402 35.133571, -90.181253 35.132911, -90.181301 35.132904, -90.181247 35.132663, -90.184896 35.132113, -90.184893 35.132099, -90.185391 35.132023, -90.185372 35.131938, -90.185643 35.131897, -90.185624 35.131811, -90.185445 35.131838, -90.185423 35.131742, -90.185743 35.131694, -90.185763 35.13178, -90.186287 35.131701, -90.186361 35.132028, -90.185389 35.132174, -90.185467 35.132518, -90.185455 35.13252, -90.185471 35.132591, -90.185498 35.132586, -90.185513 35.132651, -90.187037 35.132422, -90.18692 35.131904, -90.186788 35.131924, -90.186633 35.131237, -90.180512 35.13216)))",microsoft_us_building_footprints
ms-ar-000394,Microsoft footprint AR #3,AR,,105011.98,36.1810255,-90.3838505,,commercial_industrial_unknown,unknown,"MULTIPOLYGON (((-90.383404 36.180477, -90.383409 36.181577, -90.384297 36.181574, -90.384292 36.180474, -90.383404 36.180477)))",microsoft_us_building_footprints
ms-ar-000395,Microsoft footprint AR #4,AR,,116418.07,35.6637088,-90.5044704,,commercial_industrial_unknown,unknown,"MULTIPOLYGON (((-90.503306 35.664028, -90.503947 35.66448, -90.504605 35.663865, -90.504744 35.663962, -90.505863 35.662916, -90.505617 35.662743, -90.505329 35.663013, -90.505318 35.663005, -90.504974 35.663327, -90.504857 35.663243, -90.504822 35.663276, -90.504931 35.663352, -90.504481 35.663773, -90.504544 35.663817, -90.504442 35.663912, -90.503866 35.663506, -90.503306 35.664028)))",microsoft_us_building_footprints
ms-ar-000396,Microsoft footprint AR #5,AR,,357855.65,35.8152400,-90.5601356,,commercial_industrial_unknown,unknown,"MULTIPOLYGON (((-90.558647 35.814603, -90.558524 35.816148, -90.559672 35.816208, -90.559718 35.815631, -90.561106 35.815704, -90.560995 35.815523, -90.561855 35.815828, -90.561892 35.815138, -90.561824 35.815191, -90.561927 35.813896, -90.561238 35.81386, -90.561549 35.814369, -90.561504 35.814353, -90.561523 35.814383, -90.561502 35.814422, -90.561578 35.814426, -90.561484 35.814499, -90.561383 35.814687, -90.561595 35.814698, -90.561452 35.814756, -90.561457 35.814699, -90.560964 35.815086, -90.560725 35.815529, -90.560633 35.81538, -90.560019 35.815347, -90.559868 35.815466, -90.559506 35.815163, -90.560121 35.81468, -90.558647 35.814603)))",microsoft_us_building_footprints
ms-ar-000397,Microsoft footprint AR #6,AR,,555677.36,36.4181125,-90.5764770,,commercial_industrial_unknown,unknown,"MULTIPOLYGON (((-90.576295 36.418106, -90.576229 36.420727, -90.577061 36.420741, -90.577098 36.419239, -90.576889 36.419236, -90.576917 36.418129, -90.57726 36.418135, -90.577284 36.417186, -90.577313 36.417179, -90.577565 36.417183, -90.577577 36.41672, -90.577469 36.416718, -90.57745 36.416659, -90.577418 36.416659, -90.57742 36.416564, -90.576905 36.416555, -90.576908 36.416463, -90.575398 36.416438, -90.575391 36.416723, -90.575346 36.416733, -90.575353 36.416753, -90.575351 36.416802, -90.575384 36.4169, -90.575378 36.417126, -90.575437 36.417127, -90.575417 36.417941, -90.575277 36.417938, -90.575274 36.41809, -90.576295 36.418106)))",microsoft_us_building_footprints
ms-ar-000398,Microsoft footprint AR #7,AR,,122367.6,35.8121703,-90.6325280,,commercial_industrial_unknown,unknown,"MULTIPOLYGON (((-90.632926 35.811382, -90.632333 35.811382, -90.632333 35.81141, -90.632376 35.81141, -90.632376 35.811628, -90.63239 35.811628, -90.63239 35.811703, -90.632323 35.811703, -90.632323 35.811721, -90.632285 35.811721, -90.632285 35.811738, -90.632205 35.811738, -90.632205 35.811712, -90.632135 35.811712, -90.632135 35.811671, -90.6321 35.811671, -90.6321 35.81291, -90.632524 35.81291, -90.632524 35.812817, -90.632926 35.812817, -90.632926 35.811382)))",microsoft_us_building_footprints
ms-ar-000399,Microsoft footprint AR #8,AR,,132434.66,35.8150007,-90.6348644,,commercial_industrial_unknown,unknown,"MULTIPOLYGON (((-90.634469 35.815796, -90.635155 35.815807, -90.635181 35.814781, -90.635222 35.814782, -90.635219 35.814888, -90.635471 35.814892, -90.635482 35.814441, -90.635287 35.814438, -90.635287 35.814411, -90.635208 35.814409, -90.635211 35.814322, -90.634807 35.814316, -90.63481 35.814209, -90.634539 35.814205, -90.634524 35.814799, -90.634358 35.814796, -90.63435 35.815113, -90.634382 35.815114, -90.634378 35.815284, -90.634481 35.815286, -90.634469 35.815796)))",microsoft_us_building_footprints
ms-ar-000400,Microsoft footprint AR #9,AR,,221964.95,35.2361874,-90.7857566,,commercial_industrial_unknown,unknown,"MULTIPOLYGON (((-90.784884 35.236857, -90.787063 35.237005, -90.787099 35.236653, -90.787025 35.236648, -90.787107 35.236549, -90.787111 35.236513, -90.786881 35.236386, -90.786741 35.236537, -90.786579 35.236448, -90.786423 35.236635, -90.785725 35.236588, -90.785747 35.236364, -90.785722 35.23635, -90.785795 35.236262, -90.785724 35.236257, -90.785687 35.235814, -90.785611 35.235809, -90.785937 35.235416, -90.786832 35.235477, -90.786793 35.235523, -90.786887 35.23553, -90.786909 35.235317, -90.785055 35.23519, -90.784884 35.236857)))",microsoft_us_building_footprints
ms-ar-000401,Microsoft footprint AR #10,AR,,105970.37,35.6069014,-91.2571981,,commercial_industrial_unknown,unknown,"MULTIPOLYGON (((-91.256585 35.60738, -91.256986 35.607398, -91.256989 35.607352, -91.257655 35.60738, -91.257739 35.60608, -91.257635 35.606075, -91.257613 35.60641, -91.257062 35.606387, -91.257059 35.606435, -91.257052 35.606434, -91.257038 35.60665, -91.256633 35.606632, -91.256585 35.60738)))",microsoft_us_building_footprints
ms-ar-000402,Microsoft footprint AR #11,AR,,279166.15,34.0751767,-91.5079708,,commercial_industrial_unknown,unknown,"MULTIPOLYGON (((-91.50702 34.075654, -91.508234 34.076028, -91.508955 34.075801, -91.508959 34.075739, -91.509028 34.075802, -91.509119 34.075774, -91.509084 34.075697, -91.509018 34.075718, -91.509026 34.075584, -91.508892 34.075578, -91.508901 34.075432, -91.508556 34.075326, -91.50857 34.075097, -91.508655 34.075032, -91.508693 34.07502, -91.508672 34.075001, -91.508727 34.074984, -91.508739 34.074772, -91.508744 34.074771, -91.508619 34.074499, -91.508654 34.074473, -91.508689 34.074484, -91.508649 34.074397, -91.508762 34.074312, -91.508588 34.074154, -91.508367 34.074086, -91.507509 34.074734, -91.507341 34.074787, -91.507346 34.074791, -91.507236 34.074874, -91.506899 34.07486, -91.506778 34.075128, -91.50702 34.075654)))",microsoft_us_building_footprints
ms-ar-000403,Microsoft footprint AR #12,AR,,346542.35,34.0422678,-91.6074899,,commercial_industrial_unknown,unknown,"MULTIPOLYGON (((-91.608494 34.041648, -91.60802 34.041515, -91.608124 34.041465, -91.608134 34.040818, -91.607995 34.040816, -91.607789 34.040808, -91.60658 34.040796, -91.606571 34.041405, -91.607717 34.041417, -91.607714 34.041634, -91.607433 34.041769, -91.607422 34.04248, -91.607094 34.042388, -91.60683 34.042637, -91.607305 34.04277, -91.607302 34.042995, -91.607064 34.042992, -91.607062 34.043179, -91.607247 34.043181, -91.607245 34.043285, -91.606304 34.043276, -91.606298 34.043669, -91.608027 34.043687, -91.608043 34.042566, -91.60844 34.04257, -91.608443 34.042382, -91.607984 34.042048, -91.60799 34.04167, -91.608492 34.041811, -91.608494 34.041648)))",microsoft_us_building_footprints
ms-ar-000404,Microsoft footprint AR #13,AR,,213977.21,35.7643330,-91.6480483,,commercial_industrial_unknown,unknown,"MULTIPOLYGON (((-91.64689 35.763612, -91.646851 35.764414, -91.6473 35.764254, -91.6477 35.764267, -91.647703 35.764209, -91.647948 35.764121, -91.647933 35.764621, -91.647954 35.764659, -91.647952 35.764708, -91.648022 35.764732, -91.647885 35.764781, -91.647884 35.764807, -91.647953 35.76481, -91.64795 35.764867, -91.647829 35.764863, -91.647818 35.765077, -91.648321 35.765094, -91.648356 35.765105, -91.64835 35.765229, -91.648444 35.765232, -91.648441 35.76529, -91.648709 35.765299, -91.648704 35.765397, -91.648835 35.765401, -91.648904 35.764015, -91.648737 35.764009, -91.648746 35.763843, -91.648004 35.763819, -91.648012 35.763656, -91.647986 35.763648, -91.64689 35.763612)))",microsoft_us_building_footprints
ms-ar-000405,Microsoft footprint AR #14,AR,,232091.43,33.6218223,-91.7482215,,commercial_industrial_unknown,unknown,"MULTIPOLYGON (((-91.748418 33.620956, -91.748392 33.620961, -91.746924 33.621904, -91.746927 33.621914, -91.747144 33.622148, -91.74729 33.622178, -91.747321 33.62228, -91.747342 33.622302, -91.747381 33.622277, -91.747356 33.62225, -91.747364 33.622225, -91.747396 33.622218, -91.747417 33.622241, -91.747514 33.622261, -91.747613 33.622198, -91.747746 33.622225, -91.747894 33.622385, -91.748145 33.622438, -91.748227 33.622526, -91.748249 33.622531, -91.748424 33.622493, -91.74847 33.622543, -91.748925 33.62225, -91.748978 33.622261, -91.749065 33.622205, -91.749087 33.62213, -91.749399 33.621931, -91.74881 33.621295, -91.748713 33.621275, -91.748418 33.620956)))",microsoft_us_building_footprints
ms-ar-000406,Microsoft footprint AR #15,AR,,347939.32,34.2202067,-91.9107370,,commercial_industrial_unknown,unknown,"MULTIPOLYGON (((-91.908957 34.220394, -91.909877 34.220601, -91.910021 34.220598, -91.910051 34.220507, -91.910337 34.220501, -91.910921 34.220633, -91.911371 34.220985, -91.911289 34.221235, -91.912111 34.22142, -91.912288 34.220883, -91.911584 34.220724, -91.911692 34.220395, -91.911688 34.220271, -91.911596 34.22025, -91.91164 34.220119, -91.9115 34.220122, -91.911481 34.220108, -91.911735 34.219339, -91.910766 34.21912, -91.910533 34.219827, -91.910563 34.219851, -91.910547 34.219898, -91.909771 34.219723, -91.909686 34.219979, -91.909541 34.219947, -91.909607 34.219748, -91.909228 34.219663, -91.909174 34.219829, -91.908938 34.219776, -91.908944 34.219987, -91.909061 34.220078, -91.908957 34.220394)))",microsoft_us_building_footprints
ms-ar-000407,Microsoft footprint AR #16,AR,,112044.4,35.5073404,-92.0322554,,commercial_industrial_unknown,unknown,"MULTIPOLYGON (((-92.032726 35.507872, -92.032758 35.506814, -92.031793 35.506795, -92.03176 35.50789, -92.032119 35.507897, -92.032121 35.50786, -92.032726 35.507872)))",microsoft_us_building_footprints
ms-ar-000408,Microsoft footprint AR #17,AR,,214711.8,34.2010322,-92.0042206,,commercial_industrial_unknown,unknown,"MULTIPOLYGON (((-92.003908 34.201241, -92.003933 34.200133, -92.003906 34.200133, -92.003836 34.20015, -92.003833 34.200264, -92.003603 34.200261, -92.003607 34.200063, -92.003159 34.200056, -92.003159 34.200084, -92.002862 34.20008, -92.002847 34.200764, -92.003365 34.200772, -92.003361 34.200961, -92.003611 34.200965, -92.00362 34.200992, -92.003619 34.201033, -92.003387 34.201089, -92.00338 34.201415, -92.003498 34.201417, -92.003497 34.201481, -92.004065 34.20149, -92.00406 34.201702, -92.004268 34.201705, -92.004271 34.201599, -92.004794 34.201607, -92.00483 34.20171, -92.005101 34.201714, -92.005102 34.20165, -92.006333 34.201668, -92.006335 34.201567, -92.006211 34.201566, -92.006217 34.201276, -92.003908 34.201241)))",microsoft_us_building_footprints
ms-ar-000409,Microsoft footprint AR #18,AR,,170038.63,33.6168199,-92.0517817,,commercial_industrial_unknown,unknown,"MULTIPOLYGON (((-92.05373 33.616192, -92.051732 33.616565, -92.051699 33.616442, -92.051485 33.616434, -92.051153 33.616495, -92.051153 33.616497, -92.050546 33.61661, -92.05053 33.616883, -92.050851 33.616823, -92.050868 33.616885, -92.050611 33.616933, -92.050666 33.617136, -92.050589 33.61715, -92.050609 33.617226, -92.050976 33.617157, -92.051064 33.617485, -92.050823 33.61753, -92.050841 33.6176, -92.050793 33.617609, -92.050834 33.617762, -92.051446 33.617648, -92.051382 33.617411, -92.051458 33.617414, -92.051513 33.61762, -92.051713 33.617583, -92.051645 33.617331, -92.051317 33.617318, -92.051222 33.616964, -92.053733 33.616496, -92.053694 33.616349, -92.053768 33.616335, -92.05373 33.616192)))",microsoft_us_building_footprints
ms-ar-000410,Microsoft footprint AR #19,AR,,594920.44,34.3660769,-92.1115961,,commercial_industrial_unknown,unknown,"MULTIPOLYGON (((-92.109233 34.36587, -92.109398 34.366382, -92.110423 34.36625, -92.110561 34.366678, -92.11083 34.366619, -92.111099 34.366462, -92.111387 34.366798, -92.109444 34.367225, -92.109569 34.367611, -92.111272 34.367237, -92.111329 34.367144, -92.112566 34.366872, -92.112503 34.366679, -92.111877 34.366816, -92.111795 34.366562, -92.113285 34.366235, -92.113189 34.365937, -92.112766 34.36603, -92.112723 34.365897, -92.112585 34.365927, -92.112568 34.365872, -92.112655 34.365853, -92.112591 34.365654, -92.112243 34.365731, -92.112217 34.36565, -92.114667 34.365112, -92.114536 34.364705, -92.109233 34.36587)))",microsoft_us_building_footprints
ms-ar-000411,Microsoft footprint AR #20,AR,,181776.82,34.3599304,-92.1359138,,commercial_industrial_unknown,unknown,"MULTIPOLYGON (((-92.135348 34.360662, -92.13648 34.360662, -92.136479 34.359198, -92.135348 34.359199, -92.135348 34.360662)))",microsoft_us_building_footprints
ms-ar-000412,Microsoft footprint AR #21,AR,,232311.5,33.0400840,-92.1803882,,commercial_industrial_unknown,unknown,"MULTIPOLYGON (((-92.179005 33.039291, -92.17909 33.039863, -92.180222 33.039745, -92.180226 33.039772, -92.180393 33.039755, -92.180426 33.039977, -92.180608 33.039958, -92.180719 33.040704, -92.17964 33.040817, -92.179681 33.041093, -92.181679 33.040884, -92.18166 33.040757, -92.181713 33.040751, -92.181689 33.040593, -92.181621 33.0406, -92.181602 33.040474, -92.18143 33.040492, -92.181425 33.040454, -92.181348 33.040462, -92.18134 33.04041, -92.181177 33.040427, -92.181157 33.040298, -92.181202 33.040293, -92.181189 33.040206, -92.181187 33.040206, -92.181119 33.039751, -92.181177 33.039745, -92.181165 33.039661, -92.180737 33.039705, -92.180715 33.039559, -92.180515 33.03958, -92.18045 33.03914, -92.179005 33.039291)))",microsoft_us_building_footprints
ms-ar-000413,Microsoft footprint AR #22,AR,,108744.76,34.6930736,-92.3077614,,commercial_industrial_unknown,unknown,"MULTIPOLYGON (((-92.306863 34.693323, -92.308593 34.693392, -92.308616 34.693004, -92.308795 34.693011, -92.308801 34.692919, -92.30863 34.692912, -92.308635 34.692829, -92.306897 34.692759, -92.306863 34.693323)))",microsoft_us_building_footprints
ms-ar-000414,Microsoft footprint AR #23,AR,,198847.16,34.6943366,-92.3231609,,commercial_industrial_unknown,unknown,"MULTIPOLYGON (((-92.322076 34.693882, -92.322057 34.694318, -92.321995 34.694316, -92.32199 34.694422, -92.322041 34.694424, -92.322024 34.694797, -92.322177 34.694802, -92.322183 34.694681, -92.323748 34.694729, -92.323741 34.694885, -92.324027 34.694894, -92.324034 34.694753, -92.324059 34.694754, -92.324062 34.694701, -92.324233 34.694706, -92.324239 34.694576, -92.324427 34.694582, -92.324439 34.694308, -92.324088 34.694297, -92.32409 34.694255, -92.324136 34.694257, -92.32415 34.693945, -92.322076 34.693882)))",microsoft_us_building_footprints
ms-ar-000415,Microsoft footprint AR #24,AR,,199182.92,34.6463919,-92.4213533,,commercial_industrial_unknown,unknown,"MULTIPOLYGON (((-92.42234 34.646729, -92.422216 34.645808, -92.421598 34.645864, -92.421596 34.645854, -92.421545 34.645858, -92.421541 34.645829, -92.420889 34.645888, -92.420897 34.645953, -92.420427 34.645996, -92.42055 34.646913, -92.420669 34.646902, -92.420687 34.64704, -92.420864 34.647024, -92.420881 34.647156, -92.420709 34.647172, -92.420717 34.647231, -92.421015 34.647204, -92.420985 34.646977, -92.421378 34.646941, -92.421362 34.646817, -92.42234 34.646729)))",microsoft_us_building_footprints
ms-ar-000416,Microsoft footprint AR #25,AR,,101339.74,34.3787071,-92.8216618,,commercial_industrial_unknown,unknown,"MULTIPOLYGON (((-92.821009 34.378183, -92.821019 34.378856, -92.821623 34.37885, -92.821631 34.37941, -92.821816 34.379408, -92.821814 34.379229, -92.821934 34.379228, -92.821937 34.379405, -92.822122 34.379403, -92.822114 34.378856, -92.822307 34.378854, -92.822305 34.378695, -92.822181 34.378696, -92.822181 34.378639, -92.822301 34.378638, -92.822299 34.378494, -92.82223 34.378495, -92.822226 34.378233, -92.822081 34.378234, -92.822086 34.378582, -92.821614 34.378587, -92.821611 34.378407, -92.822 34.378403, -92.821999 34.378288, -92.821551 34.378293, -92.821549 34.3782, -92.821406 34.378201, -92.821406 34.378179, -92.821009 34.378183)))",microsoft_us_building_footprints
ms-ar-000417,Microsoft footprint AR #26,AR,,178569.8,33.5514861,-92.8539636,,commercial_industrial_unknown,unknown,"MULTIPOLYGON (((-92.854266 33.550902, -92.854 33.550894, -92.853995 33.55101, -92.853464 33.550994, -92.853469 33.550867, -92.8532 33.550859, -92.853179 33.551356, -92.853014 33.551351, -92.853002 33.551645, -92.85315 33.55165, -92.853131 33.552114, -92.853397 33.552122, -92.853414 33.551722, -92.853947 33.551738, -92.85393 33.552148, -92.854195 33.552156, -92.854212 33.551761, -92.8543 33.551764, -92.854292 33.551967, -92.854727 33.55198, -92.854736 33.551774, -92.854951 33.55178, -92.854968 33.551388, -92.854939 33.551387, -92.854948 33.551175, -92.854341 33.551157, -92.854332 33.551355, -92.854246 33.551353, -92.854266 33.550902)))",microsoft_us_building_footprints
ms-ar-000418,Microsoft footprint AR #27,AR,,113998.46,34.3659209,-92.7985860,,commercial_industrial_unknown,unknown,"MULTIPOLYGON (((-92.798484 34.365715, -92.797888 34.365699, -92.797885 34.365768, -92.797834 34.365766, -92.797815 34.366253, -92.798029 34.366259, -92.798026 34.366329, -92.798358 34.366339, -92.798361 34.366266, -92.798886 34.36628, -92.798884 34.36635, -92.799243 34.36636, -92.799245 34.366288, -92.7993 34.366289, -92.799307 34.366128, -92.799235 34.366126, -92.799253 34.365677, -92.799128 34.365673, -92.799126 34.36573, -92.798927 34.365724, -92.798945 34.3653, -92.798501 34.365288, -92.798484 34.365715)))",microsoft_us_building_footprints
ms-ar-000419,Microsoft footprint AR #28,AR,,103294.13,34.4926279,-93.0947092,,commercial_industrial_unknown,unknown,"MULTIPOLYGON (((-93.095542 34.492334, -93.095384 34.492328, -93.095386 34.492291, -93.094749 34.492268, -93.09475 34.492244, -93.09464 34.49224, -93.094639 34.492271, -93.094529 34.492267, -93.094518 34.492465, -93.093964 34.492446, -93.093949 34.492728, -93.093442 34.49271, -93.093434 34.492855, -93.095277 34.492922, -93.095278 34.492904, -93.095527 34.492913, -93.095529 34.492886, -93.095478 34.492884, -93.095479 34.492862, -93.095527 34.492864, -93.095528 34.492849, -93.095474 34.492847, -93.095481 34.492714, -93.095532 34.492716, -93.095535 34.492657, -93.095525 34.492656, -93.095542 34.492334)))",microsoft_us_building_footprints
ms-ar-000420,Microsoft footprint AR #29,AR,,106174.42,36.2193488,-93.0783026,,commercial_industrial_unknown,unknown,"MULTIPOLYGON (((-93.07912 36.218946, -93.078444 36.218929, -93.078439 36.219054, -93.078297 36.21905, -93.078293 36.219153, -93.078074 36.219147, -93.078076 36.219092, -93.077969 36.219089, -93.077966 36.219143, -93.077473 36.21913, -93.077468 36.219268, -93.077253 36.219262, -93.077239 36.219623, -93.077357 36.219626, -93.07736 36.219536, -93.077757 36.219547, -93.077758 36.219531, -93.077886 36.219535, -93.077783 36.219713, -93.078021 36.219719, -93.078029 36.21951, -93.078239 36.219441, -93.078233 36.219567, -93.078512 36.219574, -93.078503 36.219791, -93.078911 36.219802, -93.078917 36.21965, -93.079102 36.219655, -93.078931 36.219318, -93.079012 36.219291, -93.079017 36.219167, -93.079111 36.219169, -93.07912 36.218946)))",microsoft_us_building_footprints
ms-ar-000421,Microsoft footprint AR #30,AR,,139691.4,35.0109115,-93.2730840,,commercial_industrial_unknown,unknown,"MULTIPOLYGON (((-93.274124 35.01112, -93.273926 35.010764, -93.273983 35.010694, -93.273849 35.010453, -93.274089 35.010363, -93.274064 35.010318, -93.273568 35.010504, -93.273526 35.010428, -93.273401 35.010361, -93.273226 35.010426, -93.273137 35.010266, -93.273076 35.010289, -93.273178 35.010473, -93.272794 35.010616, -93.272714 35.010626, -93.272682 35.010569, -93.272518 35.01063, -93.272563 35.010871, -93.271709 35.01119, -93.271875 35.011487, -93.272141 35.011387, -93.272015 35.011161, -93.272203 35.011091, -93.272375 35.0114, -93.27281 35.011237, -93.272992 35.011335, -93.273129 35.011284, -93.273093 35.011096, -93.273436 35.010967, -93.273625 35.011306, -93.273709 35.011275, -93.273709 35.011275, -93.274124 35.01112)))",microsoft_us_building_footprints
ms-ar-000422,Microsoft footprint AR #31,AR,,203972.24,36.1567424,-94.0877279,,commercial_industrial_unknown,unknown,"MULTIPOLYGON (((-94.087114 36.157503, -94.087636 36.157506, -94.087641 36.156917, -94.087766 36.156918, -94.08776 36.157604, -94.088322 36.157607, -94.088328 36.156805, -94.088258 36.156804, -94.088258 36.156718, -94.088392 36.156602, -94.088395 36.156257, -94.088494 36.156171, -94.088495 36.156044, -94.088421 36.156044, -94.088421 36.15596, -94.087787 36.155956, -94.087787 36.155984, -94.087842 36.155985, -94.087841 36.156116, -94.087787 36.156076, -94.087783 36.15655, -94.087665 36.15655, -94.08767 36.155954, -94.087142 36.155951, -94.087138 36.156477, -94.087094 36.156476, -94.086926 36.156622, -94.086924 36.156866, -94.087016 36.156866, -94.087015 36.156977, -94.087119 36.156978, -94.087114 36.157503)))",microsoft_us_building_footprints
ms-ar-000423,Microsoft footprint AR #32,AR,,100956.55,36.2488090,-94.1306535,,commercial_industrial_unknown,unknown,"MULTIPOLYGON (((-94.131506 36.248542, -94.129811 36.248521, -94.129801 36.249076, -94.131496 36.249097, -94.131506 36.248542)))",microsoft_us_building_footprints
ms-ar-000424,Microsoft footprint AR #33,AR,,121422.16,36.1831967,-94.1804389,,commercial_industrial_unknown,unknown,"MULTIPOLYGON (((-94.179899 36.183731, -94.180927 36.183761, -94.180977 36.182661, -94.179957 36.18263, -94.179935 36.18311, -94.179914 36.18311, -94.179908 36.183243, -94.179922 36.183243, -94.179899 36.183731)))",microsoft_us_building_footprints
ms-ar-000425,Microsoft footprint AR #34,AR,,137297.24,36.3698740,-94.1952057,,commercial_industrial_unknown,unknown,"MULTIPOLYGON (((-94.195817 36.369233, -94.194836 36.369216, -94.194824 36.369639, -94.194661 36.369636, -94.194657 36.369779, -94.194722 36.36978, -94.194734 36.369807, -94.194732 36.369875, -94.194725 36.369905, -94.194721 36.370035, -94.194655 36.370034, -94.194646 36.370385, -94.19474 36.370387, -94.194732 36.370653, -94.195199 36.370661, -94.195206 36.370391, -94.195622 36.370398, -94.195626 36.370236, -94.195452 36.370233, -94.195475 36.370106, -94.195504 36.370099, -94.195505 36.370064, -94.1958 36.370069, -94.195811 36.369648, -94.195712 36.369646, -94.195713 36.369612, -94.195753 36.369612, -94.195758 36.369407, -94.195812 36.369408, -94.195817 36.369233)))",microsoft_us_building_footprints
ms-ar-000426,Microsoft footprint AR #35,AR,,114654.0,35.3471437,-94.3434262,,commercial_industrial_unknown,unknown,"MULTIPOLYGON (((-94.342773 35.347753, -94.343168 35.347755, -94.343166 35.347895, -94.343548 35.347897, -94.343619 35.347734, -94.343431 35.347733, -94.343432 35.347592, -94.343529 35.347485, -94.343529 35.347541, -94.343647 35.347541, -94.343648 35.347452, -94.343478 35.347451, -94.343575 35.347232, -94.343496 35.347209, -94.343496 35.347162, -94.343783 35.347164, -94.344015 35.347231, -94.344158 35.346906, -94.344293 35.346989, -94.344347 35.346865, -94.344073 35.346864, -94.344212 35.346548, -94.34388 35.346451, -94.343764 35.346717, -94.343681 35.346666, -94.342834 35.346661, -94.342831 35.346961, -94.343576 35.346966, -94.343575 35.34706, -94.343405 35.347059, -94.343403 35.347212, -94.342778 35.347208, -94.342773 35.347753)))",microsoft_us_building_footprints
ms-ar-000427,Microsoft footprint AR #36,AR,,780251.79,35.9034307,-89.7740481,,commercial_industrial_unknown,unknown,"MULTIPOLYGON (((-89.773131 35.902255, -89.77306 35.906221, -89.773655 35.906228, -89.773673 35.905229, -89.774766 35.905241, -89.774776 35.904682, -89.775244 35.904991, -89.775253 35.904495, -89.774832 35.904491, -89.77489 35.901196, -89.775096 35.901249, -89.775099 35.901075, -89.77494 35.90097, -89.774861 35.900872, -89.775109 35.900935, -89.775112 35.900803, -89.774564 35.900663, -89.77457 35.900362, -89.774115 35.900356, -89.77412 35.900074, -89.773871 35.90032, -89.773846 35.900326, -89.773833 35.901042, -89.774243 35.900942, -89.77422 35.90223, -89.774194 35.902255, -89.774306 35.902556, -89.773131 35.902255)))",microsoft_us_building_footprints
ms-ar-000428,Microsoft footprint AR #37,AR,,131780.67,35.1215039,-90.1967560,,commercial_industrial_unknown,unknown,"MULTIPOLYGON (((-90.19627 35.12123, -90.196272 35.121092, -90.196132 35.121091, -90.196131 35.121227, -90.195694 35.121224, -90.195689 35.12178, -90.197837 35.121793, -90.197842 35.121239, -90.19627 35.12123)))",microsoft_us_building_footprints
ms-ar-000429,Microsoft footprint AR #38,AR,,108548.55,35.8109572,-90.6170741,,commercial_industrial_unknown,unknown,"MULTIPOLYGON (((-90.61665 35.810398, -90.616649 35.810608, -90.616613 35.810608, -90.616609 35.811351, -90.616645 35.811351, -90.616644 35.811512, -90.617523 35.811515, -90.617528 35.810401, -90.61665 35.810398)))",microsoft_us_building_footprints
ms-ar-000430,Microsoft footprint AR #39,AR,,138203.53,35.8208328,-90.5551005,,commercial_industrial_unknown,unknown,"MULTIPOLYGON (((-90.556104 35.821209, -90.556097 35.820642, -90.556236 35.820641, -90.556235 35.820549, -90.556093 35.82055, -90.556091 35.820379, -90.555018 35.820402, -90.555001 35.820437, -90.555168 35.820436, -90.555135 35.820505, -90.555176 35.820596, -90.555223 35.820596, -90.555345 35.820866, -90.554462 35.821129, -90.554451 35.821105, -90.554242 35.821039, -90.554204 35.820955, -90.554425 35.820491, -90.554429 35.8205, -90.554454 35.820449, -90.554416 35.82046, -90.554415 35.8204, -90.55386 35.820404, -90.553869 35.821166, -90.553865 35.821167, -90.553877 35.821192, -90.55386 35.821226, -90.556104 35.821209)))",microsoft_us_building_footprints
ms-ar-000431,Microsoft footprint AR #40,AR,,122014.28,34.2622972,-91.9393669,,commercial_industrial_unknown,unknown,"MULTIPOLYGON (((-91.938833 34.261758, -91.9383 34.261761, -91.938219 34.261855, -91.938219 34.261925, -91.939138 34.262461, -91.939189 34.262402, -91.939303 34.262468, -91.939303 34.262483, -91.939157 34.262653, -91.939748 34.262998, -91.94034 34.262305, -91.939763 34.261969, -91.939591 34.26217, -91.939568 34.26217, -91.939499 34.262129, -91.939469 34.262129, -91.938833 34.261758)))",microsoft_us_building_footprints
ms-ar-000432,Microsoft footprint AR #41,AR,,217682.11,35.6260346,-91.1879295,,commercial_industrial_unknown,unknown,"MULTIPOLYGON (((-91.188794 35.626135, -91.188417 35.625623, -91.188417 35.625459, -91.188197 35.625459, -91.188197 35.625345, -91.188489 35.625345, -91.188359 35.62517, -91.188434 35.624996, -91.187757 35.624996, -91.187871 35.625151, -91.187788 35.625344, -91.188075 35.625344, -91.187887 35.625783, -91.187838 35.625783, -91.187838 35.625392, -91.187131 35.625391, -91.187131 35.625862, -91.187426 35.625862, -91.187066 35.626702, -91.187875 35.626702, -91.187875 35.626804, -91.188226 35.626804, -91.188226 35.627055, -91.188492 35.626926, -91.188654 35.627146, -91.188654 35.626462, -91.188468 35.626553, -91.188229 35.626485, -91.188229 35.626691, -91.188161 35.626691, -91.188026 35.626509, -91.188794 35.626135)))",microsoft_us_building_footprints
ms-ar-000433,Microsoft footprint AR #42,AR,,140587.05,35.6208801,-91.2324331,,commercial_industrial_unknown,unknown,"MULTIPOLYGON (((-91.232595 35.620121, -91.232496 35.620132, -91.232333 35.620671, -91.232296 35.620676, -91.232223 35.62025, -91.232134 35.620232, -91.232072 35.620239, -91.23192 35.620741, -91.231719 35.62061, -91.231555 35.620777, -91.231612 35.621109, -91.231807 35.621087, -91.231932 35.620959, -91.232024 35.621494, -91.232274 35.621465, -91.232207 35.621074, -91.232328 35.62106, -91.232449 35.621767, -91.232522 35.621759, -91.232732 35.621064, -91.232744 35.621063, -91.232806 35.621427, -91.232966 35.621408, -91.233114 35.620918, -91.233268 35.620949, -91.233246 35.620825, -91.233104 35.620841, -91.233004 35.620255, -91.232942 35.620243, -91.232759 35.620263, -91.232835 35.620703, -91.232691 35.620674, -91.232595 35.620121)))",microsoft_us_building_footprints
ms-ar-000434,Microsoft footprint AR #43,AR,,133142.13,34.7929010,-92.4026867,,commercial_industrial_unknown,unknown,"MULTIPOLYGON (((-92.402142 34.791891, -92.402134 34.791906, -92.402123 34.79214, -92.402115 34.792156, -92.402096 34.792535, -92.402245 34.792583, -92.402662 34.792597, -92.402639 34.793069, -92.402717 34.793071, -92.402739 34.793261, -92.402387 34.793987, -92.402984 34.794182, -92.403138 34.793862, -92.402938 34.793797, -92.403091 34.793483, -92.403011 34.793457, -92.403012 34.793446, -92.403065 34.793335, -92.403087 34.792893, -92.403037 34.792877, -92.403056 34.792499, -92.402904 34.792494, -92.402871 34.792483, -92.402899 34.791916, -92.402142 34.791891)))",microsoft_us_building_footprints
ms-ar-000435,Microsoft footprint AR #44,AR,,132790.3,34.7467337,-92.4105280,,commercial_industrial_unknown,unknown,"MULTIPOLYGON (((-92.410052 34.746167, -92.410041 34.746634, -92.40999 34.746633, -92.409973 34.747351, -92.410533 34.74736, -92.410534 34.747343, -92.410585 34.747343, -92.410587 34.747251, -92.411037 34.747258, -92.411069 34.745943, -92.41094 34.745941, -92.410934 34.746181, -92.410052 34.746167)))",microsoft_us_building_footprints
ms-ar-000436,Microsoft footprint AR #45,AR,,152167.57,35.0799020,-92.4348072,,commercial_industrial_unknown,unknown,"MULTIPOLYGON (((-92.433966 35.080315, -92.435643 35.080323, -92.435648 35.079489, -92.433972 35.079481, -92.433966 35.080315)))",microsoft_us_building_footprints
ms-ar-000437,Microsoft footprint AR #46,AR,,163941.26,35.0656978,-91.9053556,,commercial_industrial_unknown,unknown,"MULTIPOLYGON (((-91.904543 35.065286, -91.904534 35.066114, -91.904727 35.066115, -91.904726 35.066183, -91.904845 35.066184, -91.904845 35.066202, -91.904991 35.066203, -91.904992 35.066163, -91.905512 35.066167, -91.905512 35.066204, -91.905664 35.066205, -91.905665 35.066185, -91.905756 35.066186, -91.905757 35.066116, -91.906105 35.066118, -91.906107 35.065988, -91.906265 35.065989, -91.906267 35.065744, -91.906106 35.065742, -91.906108 35.065584, -91.906234 35.065585, -91.906237 35.065285, -91.906025 35.065283, -91.906025 35.065294, -91.905947 35.065294, -91.905947 35.065289, -91.90529 35.065285, -91.905292 35.065094, -91.90497 35.065092, -91.904968 35.065289, -91.904543 35.065286)))",microsoft_us_building_footprints
ms-ar-000438,Microsoft footprint AR #47,AR,,121207.99,34.3663329,-92.7815996,,commercial_industrial_unknown,unknown,"MULTIPOLYGON (((-92.780514 34.366562, -92.780538 34.367077, -92.780668 34.367073, -92.780666 34.367039, -92.78075 34.367037, -92.780752 34.367063, -92.781021 34.367055, -92.781007 34.366747, -92.782381 34.366704, -92.782371 34.366497, -92.78191 34.366512, -92.781907 34.366429, -92.78171 34.366435, -92.781704 34.366305, -92.78178 34.366302, -92.781775 34.366193, -92.782044 34.366184, -92.782034 34.365967, -92.782684 34.365946, -92.78267 34.365655, -92.781802 34.365682, -92.781803 34.365702, -92.781686 34.365705, -92.78169 34.365803, -92.781505 34.365809, -92.781521 34.366147, -92.781451 34.366149, -92.781445 34.366025, -92.781103 34.366036, -92.781109 34.366173, -92.781471 34.366162, -92.781488 34.366532, -92.780514 34.366562)))",microsoft_us_building_footprints
ms-ar-000439,Microsoft footprint AR #48,AR,,126175.33,35.8599534,-92.0852763,,commercial_industrial_unknown,unknown,"MULTIPOLYGON (((-92.086337 35.860358, -92.086326 35.860053, -92.086269 35.860054, -92.08624 35.859302, -92.085972 35.859309, -92.086004 35.860117, -92.086093 35.860115, -92.086095 35.86015, -92.085681 35.86016, -92.084883 35.859478, -92.0849 35.859465, -92.084699 35.859294, -92.084079 35.85977, -92.084277 35.859939, -92.084707 35.859651, -92.084981 35.859885, -92.084931 35.859924, -92.084846 35.859897, -92.08448 35.860178, -92.085008 35.86063, -92.085183 35.860495, -92.085085 35.860412, -92.085311 35.860238, -92.085217 35.860158, -92.085268 35.860119, -92.08548 35.8603, -92.085553 35.860244, -92.085686 35.860287, -92.085689 35.860386, -92.086322 35.86037, -92.086337 35.860358)))",microsoft_us_building_footprints
ms-ar-000440,Microsoft footprint AR #49,AR,,195711.89,34.7110132,-92.2091332,,commercial_industrial_unknown,unknown,"MULTIPOLYGON (((-92.208636 34.712247, -92.209312 34.712282, -92.209322 34.712146, -92.209179 34.712138, -92.209221 34.711594, -92.209383 34.711602, -92.209394 34.711462, -92.209577 34.711471, -92.209691 34.709985, -92.208814 34.70994, -92.208636 34.712247)))",microsoft_us_building_footprints
ms-ar-000441,Microsoft footprint AR #50,AR,,229370.18,34.7347856,-92.2317783,,commercial_industrial_unknown,unknown,"MULTIPOLYGON (((-92.231012 34.733464, -92.230378 34.733836, -92.231287 34.734882, -92.23106 34.735016, -92.231138 34.735106, -92.231655 34.734803, -92.231816 34.734988, -92.231653 34.735084, -92.231688 34.735125, -92.231865 34.735021, -92.232036 34.735218, -92.231665 34.735436, -92.231747 34.735531, -92.23213 34.735306, -92.232231 34.735422, -92.231858 34.73564, -92.231945 34.73574, -92.232338 34.735509, -92.232563 34.735768, -92.232442 34.735839, -92.232736 34.736179, -92.233707 34.735609, -92.23364 34.735531, -92.233144 34.735822, -92.232413 34.73498, -92.232377 34.735001, -92.232247 34.734851, -92.232321 34.734808, -92.232187 34.734654, -92.232094 34.734709, -92.231012 34.733464)))",microsoft_us_building_footprints
ms-ar-000442,Microsoft footprint AR #51,AR,,364322.85,34.7290540,-92.2540244,,commercial_industrial_unknown,unknown,"MULTIPOLYGON (((-92.254688 34.727032, -92.25434 34.727024, -92.254328 34.727328, -92.254247 34.727326, -92.254235 34.727643, -92.254322 34.727646, -92.254302 34.72815, -92.253815 34.728137, -92.253811 34.728232, -92.253597 34.728227, -92.253629 34.727372, -92.253352 34.727365, -92.253227 34.730655, -92.253517 34.730663, -92.253567 34.729352, -92.254259 34.72937, -92.254257 34.729423, -92.254207 34.729422, -92.254202 34.729543, -92.254265 34.729544, -92.254235 34.730336, -92.254148 34.730334, -92.254147 34.730378, -92.254145 34.730378, -92.254125 34.730899, -92.254224 34.730901, -92.254203 34.731452, -92.254519 34.73146, -92.254688 34.727032)))",microsoft_us_building_footprints
ms-ar-000443,Microsoft footprint AR #52,AR,,199707.52,34.7551031,-92.2643926,,commercial_industrial_unknown,unknown,"MULTIPOLYGON (((-92.263888 34.755709, -92.263954 34.755658, -92.264004 34.75567, -92.263982 34.755729, -92.264443 34.755845, -92.264431 34.755809, -92.264874 34.75571, -92.264764 34.755613, -92.264898 34.755511, -92.265035 34.755632, -92.26518 34.75524, -92.265319 34.755274, -92.265153 34.754775, -92.264835 34.754493, -92.264264 34.75435, -92.264229 34.754445, -92.263785 34.754545, -92.263919 34.754663, -92.263783 34.754766, -92.263671 34.754666, -92.263534 34.755032, -92.263582 34.755044, -92.263511 34.755237, -92.263626 34.755266, -92.263645 34.755323, -92.263627 34.755336, -92.26366 34.755345, -92.263694 34.755447, -92.263613 34.755465, -92.263888 34.755709)))",microsoft_us_building_footprints
ms-ar-000444,Microsoft footprint AR #53,AR,,128213.7,36.2203380,-93.0884430,,commercial_industrial_unknown,unknown,"MULTIPOLYGON (((-93.089222 36.220468, -93.089081 36.220472, -93.088815 36.220103, -93.088678 36.220107, -93.088659 36.219662, -93.088549 36.219713, -93.088476 36.219612, -93.088269 36.21971, -93.088006 36.219345, -93.08724 36.219705, -93.087396 36.219922, -93.087976 36.219905, -93.087971 36.219784, -93.087843 36.219788, -93.087837 36.219635, -93.088003 36.219631, -93.08877 36.220692, -93.088696 36.220841, -93.088482 36.220772, -93.08822 36.220895, -93.088233 36.221188, -93.088404 36.221243, -93.088436 36.221178, -93.088593 36.221174, -93.088597 36.22126, -93.088852 36.221343, -93.088897 36.221252, -93.089044 36.221248, -93.08919 36.220954, -93.089025 36.220958, -93.088934 36.220833, -93.089232 36.220692, -93.089222 36.220468)))",microsoft_us_building_footprints
ms-ar-000445,Microsoft footprint AR #54,AR,,119496.99,36.3508774,-92.3355713,,commercial_industrial_unknown,unknown,"MULTIPOLYGON (((-92.334838 36.350524, -92.334836 36.350699, -92.334688 36.350698, -92.334683 36.351098, -92.334815 36.351099, -92.334814 36.351144, -92.334997 36.351146, -92.334996 36.351301, -92.335234 36.351303, -92.335236 36.351199, -92.335288 36.3512, -92.335289 36.351161, -92.335652 36.351163, -92.335651 36.351215, -92.335945 36.351217, -92.335946 36.351183, -92.336664 36.351188, -92.336666 36.351082, -92.33637 36.35108, -92.336375 36.350681, -92.336328 36.350681, -92.336329 36.350535, -92.334838 36.350524)))",microsoft_us_building_footprints
ms-ar-000446,Microsoft footprint AR #55,AR,,431741.24,35.0570696,-92.4136274,,commercial_industrial_unknown,unknown,"MULTIPOLYGON (((-92.410683 35.056981, -92.410663 35.057685, -92.410858 35.057689, -92.410869 35.057336, -92.413407 35.057386, -92.413406 35.05745, -92.413818 35.057458, -92.413822 35.057328, -92.413986 35.057331, -92.413949 35.058567, -92.414 35.058568, -92.413996 35.058698, -92.414573 35.05871, -92.414609 35.057471, -92.414824 35.057475, -92.414834 35.057127, -92.414603 35.057123, -92.414606 35.057043, -92.414933 35.057049, -92.414955 35.056295, -92.414604 35.056288, -92.414625 35.055579, -92.413858 35.055564, -92.41382 35.056845, -92.413584 35.056841, -92.413586 35.056777, -92.413685 35.056779, -92.413691 35.056605, -92.413559 35.056603, -92.41356 35.056568, -92.413268 35.056562, -92.413254 35.057032, -92.410683 35.056981)))",microsoft_us_building_footprints
ms-ar-000447,Microsoft footprint AR #56,AR,,104072.02,34.7577596,-92.4326184,,commercial_industrial_unknown,unknown,"MULTIPOLYGON (((-92.432094 34.757408, -92.432172 34.75775, -92.432464 34.757706, -92.432412 34.757908, -92.432194 34.75787, -92.43216 34.758001, -92.432304 34.758026, -92.432141 34.758189, -92.432286 34.758167, -92.432181 34.758576, -92.432887 34.758468, -92.432813 34.758143, -92.433062 34.758186, -92.433087 34.758087, -92.432525 34.757707, -92.432545 34.757631, -92.433063 34.757552, -92.433002 34.757286, -92.433268 34.757245, -92.433248 34.757155, -92.433087 34.75718, -92.433149 34.756937, -92.43272 34.757003, -92.432493 34.757182, -92.432541 34.757393, -92.432352 34.757422, -92.432308 34.75723, -92.432223 34.757243, -92.432255 34.757383, -92.432094 34.757408)))",microsoft_us_building_footprints
ms-ar-000448,Microsoft footprint AR #57,AR,,191512.0,34.6241760,-92.4944141,,commercial_industrial_unknown,unknown,"MULTIPOLYGON (((-92.493672 34.624671, -92.495316 34.624688, -92.495329 34.623832, -92.495128 34.62383, -92.495129 34.623754, -92.495105 34.623753, -92.495106 34.623659, -92.494977 34.623658, -92.494978 34.623649, -92.494844 34.623648, -92.494843 34.623696, -92.49429 34.623691, -92.494291 34.62363, -92.494061 34.623628, -92.494059 34.62376, -92.493708 34.623757, -92.493711 34.623598, -92.493452 34.623596, -92.493446 34.624005, -92.493695 34.624008, -92.493691 34.624275, -92.493301 34.624271, -92.493298 34.62442, -92.493566 34.624422, -92.493565 34.624459, -92.493675 34.62446, -92.493672 34.624671)))",microsoft_us_building_footprints
ms-ar-000449,Microsoft footprint AR #58,AR,,115077.18,34.5782342,-92.5859707,,commercial_industrial_unknown,unknown,"MULTIPOLYGON (((-92.585296 34.578952, -92.585538 34.578952, -92.58559 34.578814, -92.585886 34.57889, -92.58592 34.578802, -92.586158 34.578863, -92.586571 34.577774, -92.586495 34.577755, -92.586543 34.577628, -92.586081 34.577509, -92.586049 34.577594, -92.585951 34.577569, -92.585935 34.577612, -92.585749 34.577564, -92.585678 34.577751, -92.585788 34.57778, -92.585771 34.577825, -92.585803 34.577833, -92.585687 34.57814, -92.585601 34.578118, -92.585463 34.578483, -92.585472 34.578486, -92.585296 34.578952)))",microsoft_us_building_footprints
ms-ar-000450,Microsoft footprint AR #59,AR,,195472.86,35.2658404,-93.1071386,,commercial_industrial_unknown,unknown,"MULTIPOLYGON (((-93.10679 35.267093, -93.10748 35.267101, -93.107527 35.264595, -93.107484 35.264581, -93.107489 35.264352, -93.107388 35.264351, -93.107383 35.264585, -93.106987 35.26458, -93.106984 35.264741, -93.106844 35.264739, -93.106843 35.264782, -93.106838 35.264793, -93.106834 35.264995, -93.106982 35.264997, -93.106948 35.265068, -93.106853 35.265067, -93.106854 35.265014, -93.106756 35.265013, -93.106736 35.266059, -93.107042 35.266062, -93.107036 35.266392, -93.106417 35.266384, -93.106413 35.266565, -93.106646 35.266568, -93.106647 35.266526, -93.106749 35.266527, -93.106745 35.266752, -93.106796 35.266769, -93.10679 35.267093)))",microsoft_us_building_footprints
ms-ar-000451,Microsoft footprint AR #60,AR,,260965.25,35.2577273,-93.1184681,,commercial_industrial_unknown,unknown,"MULTIPOLYGON (((-93.117414 35.257339, -93.117392 35.257817, -93.117521 35.257854, -93.117512 35.258045, -93.117293 35.258101, -93.117273 35.258517, -93.118588 35.258558, -93.118609 35.258111, -93.118671 35.258095, -93.118674 35.258051, -93.11851 35.258046, -93.118512 35.258016, -93.118518 35.257986, -93.118523 35.257885, -93.118698 35.257891, -93.118701 35.25784, -93.118652 35.257826, -93.118663 35.257575, -93.119741 35.257885, -93.119745 35.257798, -93.119757 35.257802, -93.120018 35.257195, -93.119421 35.257024, -93.119158 35.257016, -93.119164 35.256876, -93.118881 35.256867, -93.118862 35.25728, -93.117891 35.25725, -93.11788 35.257276, -93.117645 35.257269, -93.117641 35.257346, -93.117414 35.257339)))",microsoft_us_building_footprints
ms-ar-000452,Microsoft footprint AR #61,AR,,187530.68,34.5209922,-93.1259307,,commercial_industrial_unknown,unknown,"MULTIPOLYGON (((-93.125306 34.52018, -93.125373 34.520593, -93.125289 34.520602, -93.125329 34.520849, -93.125433 34.520838, -93.125446 34.520918, -93.125421 34.520921, -93.12546 34.521166, -93.125497 34.521162, -93.125524 34.521329, -93.1255 34.521331, -93.12554 34.521576, -93.125584 34.521572, -93.125643 34.52194, -93.125984 34.521902, -93.125976 34.521849, -93.126055 34.52184, -93.126062 34.521885, -93.126356 34.521853, -93.126347 34.521799, -93.126459 34.521787, -93.126419 34.521541, -93.126588 34.521522, -93.126535 34.521194, -93.126351 34.521215, -93.126337 34.521132, -93.126488 34.521116, -93.126356 34.520301, -93.126171 34.520322, -93.126134 34.520089, -93.125306 34.52018)))",microsoft_us_building_footprints
ms-ar-000453,Microsoft footprint AR #62,AR,,107644.33,33.9170117,-93.8713276,,commercial_industrial_unknown,unknown,"MULTIPOLYGON (((-93.870873 33.91755, -93.871938 33.917579, -93.871965 33.91757, -93.871984 33.917075, -93.871465 33.917061, -93.871474 33.91682, -93.871432 33.916798, -93.87144 33.9166, -93.871614 33.916604, -93.871616 33.916544, -93.871423 33.916539, -93.871436 33.916221, -93.870975 33.916209, -93.87097 33.916321, -93.870907 33.916319, -93.870887 33.916847, -93.870987 33.91685, -93.871007 33.91686, -93.871002 33.916852, -93.87115 33.916856, -93.871218 33.916988, -93.871127 33.916941, -93.871048 33.916969, -93.871047 33.916989, -93.871105 33.916969, -93.871064 33.917025, -93.87099 33.917023, -93.871026 33.916975, -93.871003 33.916983, -93.870907 33.916934, -93.870873 33.91755)))",microsoft_us_building_footprints
ms-ar-000454,Microsoft footprint AR #63,AR,,153724.89,33.4485554,-94.0065345,,commercial_industrial_unknown,unknown,"MULTIPOLYGON (((-94.00573 33.448217, -94.0059 33.448762, -94.006035 33.448732, -94.006113 33.448982, -94.005864 33.449036, -94.005928 33.449239, -94.006101 33.449202, -94.006113 33.449239, -94.006972 33.449053, -94.006884 33.44877, -94.007361 33.448667, -94.007127 33.447914, -94.00573 33.448217)))",microsoft_us_building_footprints
ms-ar-000455,Microsoft footprint AR #64,AR,,107457.84,36.1678762,-94.1516960,,commercial_industrial_unknown,unknown,"MULTIPOLYGON (((-94.152488 36.167388, -94.151898 36.16738, -94.151891 36.167699, -94.151808 36.167698, -94.151806 36.167761, -94.150631 36.167744, -94.150621 36.16816, -94.15247 36.168187, -94.152488 36.167388)))",microsoft_us_building_footprints
ms-ar-000456,Microsoft footprint AR #65,AR,,112795.3,36.3364605,-93.4401640,,commercial_industrial_unknown,unknown,"MULTIPOLYGON (((-93.441072 36.336173, -93.440362 36.336146, -93.44036 36.336187, -93.440298 36.336185, -93.440304 36.336094, -93.440025 36.336084, -93.44002 36.33617, -93.439953 36.336167, -93.439955 36.336136, -93.439397 36.336115, -93.439391 36.336228, -93.439289 36.336225, -93.439281 36.336358, -93.439384 36.336362, -93.439367 36.336649, -93.439465 36.336652, -93.439459 36.33675, -93.439991 36.33677, -93.439983 36.33691, -93.440241 36.336919, -93.440249 36.336788, -93.440887 36.336812, -93.440892 36.336719, -93.440927 36.336721, -93.44093 36.336666, -93.440889 36.336664, -93.440907 36.336355, -93.441061 36.336361, -93.441072 36.336173)))",microsoft_us_building_footprints
ms-ar-000457,Microsoft footprint AR #66,AR,,110122.08,36.0255324,-94.1742701,,commercial_industrial_unknown,unknown,"MULTIPOLYGON (((-94.174504 36.025634, -94.174535 36.02508, -94.174235 36.025069, -94.174242 36.024956, -94.174022 36.024948, -94.174016 36.025059, -94.173619 36.025044, -94.173572 36.025875, -94.173716 36.025881, -94.173713 36.025935, -94.173773 36.025938, -94.173776 36.025884, -94.173889 36.025888, -94.173885 36.025951, -94.173972 36.025954, -94.173976 36.025892, -94.17438 36.025907, -94.174374 36.026018, -94.174478 36.026022, -94.174484 36.025912, -94.174589 36.025916, -94.174595 36.02581, -94.175304 36.025836, -94.175302 36.025864, -94.175335 36.025865, -94.175336 36.025832, -94.17569 36.025845, -94.175692 36.025806, -94.175685 36.025806, -94.175692 36.025678, -94.174504 36.025634)))",microsoft_us_building_footprints
ms-ar-000458,Microsoft footprint AR #67,AR,,110430.1,36.0575556,-94.1822139,,commercial_industrial_unknown,unknown,"MULTIPOLYGON (((-94.183204 36.057155, -94.182815 36.057155, -94.182815 36.057247, -94.181038 36.057246, -94.181038 36.057904, -94.182262 36.057905, -94.182262 36.057721, -94.181203 36.05772, -94.181203 36.057434, -94.182572 36.057435, -94.182572 36.057733, -94.182337 36.057733, -94.182337 36.057925, -94.182796 36.057925, -94.182796 36.05776, -94.182941 36.05776, -94.18294 36.057925, -94.183016 36.057925, -94.183016 36.057576, -94.183088 36.057576, -94.183088 36.057975, -94.183203 36.057975, -94.183204 36.057155)))",microsoft_us_building_footprints
ms-ar-000459,Microsoft footprint AR #68,AR,,143112.8,33.6960789,-93.6051560,,commercial_industrial_unknown,unknown,"MULTIPOLYGON (((-93.603813 33.695842, -93.603806 33.696261, -93.604723 33.696272, -93.604721 33.696376, -93.604938 33.696379, -93.604939 33.696341, -93.605034 33.696342, -93.605033 33.696369, -93.605123 33.69637, -93.605123 33.696417, -93.605951 33.696426, -93.605954 33.69629, -93.606284 33.696294, -93.606294 33.695736, -93.60563 33.695729, -93.605628 33.695867, -93.60555 33.695866, -93.605551 33.695801, -93.605374 33.695799, -93.605373 33.69586, -93.603813 33.695842)))",microsoft_us_building_footprints
ms-ar-000460,Microsoft footprint AR #69,AR,,226934.5,35.3746672,-94.4195858,,commercial_industrial_unknown,unknown,"MULTIPOLYGON (((-94.41851 35.374565, -94.418536 35.37526, -94.419109 35.375246, -94.419112 35.375326, -94.419281 35.375321, -94.419393 35.375155, -94.419642 35.37554, -94.419805 35.375298, -94.420053 35.375291, -94.420046 35.375109, -94.420236 35.375104, -94.420244 35.375316, -94.420717 35.375305, -94.420698 35.374797, -94.420248 35.374808, -94.420255 35.37501, -94.420065 35.375014, -94.420058 35.374815, -94.419949 35.374647, -94.420197 35.374522, -94.420169 35.373764, -94.419877 35.373771, -94.41987 35.373587, -94.419759 35.373589, -94.419768 35.373841, -94.41924 35.373605, -94.419271 35.374432, -94.419797 35.374419, -94.419802 35.374533, -94.41851 35.374565)))",microsoft_us_building_footprints
ms-ar-000461,Microsoft footprint AR #70,AR,,189553.16,36.1777316,-94.5678987,,commercial_industrial_unknown,unknown,"MULTIPOLYGON (((-94.567163 36.178353, -94.568493 36.17835, -94.568493 36.178241, -94.568539 36.178279, -94.568753 36.178279, -94.568753 36.17815, -94.568476 36.178151, -94.568476 36.178106, -94.568514 36.178106, -94.568513 36.177976, -94.568476 36.177976, -94.568476 36.177914, -94.568496 36.177898, -94.568495 36.177623, -94.568555 36.177623, -94.568555 36.177662, -94.568837 36.177662, -94.568836 36.17738, -94.568552 36.177381, -94.568552 36.17742, -94.568495 36.17742, -94.568495 36.17735, -94.568509 36.17734, -94.568508 36.177179, -94.568401 36.177091, -94.567435 36.177093, -94.567146 36.177321, -94.567146 36.177381, -94.56724 36.177381, -94.567266 36.177361, -94.567266 36.177464, -94.56716 36.177464, -94.567163 36.178353)))",microsoft_us_building_footprints
ms-ar-000462,Microsoft footprint AR #71,AR,,137899.8,36.3389318,-94.1421695,,commercial_industrial_unknown,unknown,"MULTIPOLYGON (((-94.142753 36.338309, -94.14251 36.338307, -94.142511 36.338275, -94.142071 36.33827, -94.142065 36.338609, -94.14199 36.338608, -94.141996 36.338293, -94.141797 36.338291, -94.141792 36.338578, -94.141926 36.33858, -94.141926 36.338619, -94.141786 36.338617, -94.141782 36.33885, -94.141678 36.338848, -94.141676 36.338931, -94.141395 36.338928, -94.141387 36.339386, -94.141982 36.339393, -94.14198 36.339544, -94.142447 36.339549, -94.142449 36.339411, -94.142753 36.339414, -94.142761 36.338965, -94.142451 36.338961, -94.142452 36.33893, -94.142765 36.338934, -94.142766 36.338874, -94.142455 36.338871, -94.142456 36.338838, -94.142744 36.338841, -94.142753 36.338309)))",microsoft_us_building_footprints
ms-ar-000463,Microsoft footprint AR #72,AR,,117530.69,36.1169106,-94.1535774,,commercial_industrial_unknown,unknown,"MULTIPOLYGON (((-94.154294 36.116472, -94.152946 36.116665, -94.15296 36.11673, -94.152873 36.116743, -94.15287 36.116729, -94.152682 36.116756, -94.152687 36.11678, -94.152555 36.116798, -94.15255 36.116774, -94.152351 36.116802, -94.152398 36.117018, -94.152609 36.116988, -94.152666 36.117248, -94.152813 36.117227, -94.1528 36.117167, -94.15306 36.11713, -94.153012 36.116913, -94.153287 36.116873, -94.153382 36.117308, -94.153854 36.11724, -94.15388 36.117359, -94.154022 36.117339, -94.15401 36.117285, -94.154459 36.117221, -94.154294 36.116472)))",microsoft_us_building_footprints
ms-ar-000464,Microsoft footprint AR #73,AR,,103087.27,36.3462050,-94.1867448,,commercial_industrial_unknown,unknown,"MULTIPOLYGON (((-94.186049 36.346549, -94.187433 36.346561, -94.187442 36.345886, -94.186815 36.345881, -94.186818 36.345665, -94.186702 36.345664, -94.186699 36.345875, -94.186058 36.34587, -94.186049 36.346549)))",microsoft_us_building_footprints
ms-ar-000465,Microsoft footprint AR #74,AR,,158224.04,35.4280766,-94.3279010,,commercial_industrial_unknown,unknown,"MULTIPOLYGON (((-94.328786 35.427581, -94.328557 35.427584, -94.328536 35.427638, -94.327745 35.427648, -94.327734 35.427676, -94.327594 35.427678, -94.327597 35.427835, -94.32728 35.427839, -94.327276 35.427614, -94.327054 35.427617, -94.327057 35.427824, -94.326862 35.427827, -94.326863 35.427903, -94.326817 35.427904, -94.326825 35.428308, -94.327102 35.428379, -94.327104 35.428468, -94.327251 35.428467, -94.327249 35.428338, -94.327359 35.428336, -94.32736 35.428424, -94.327604 35.428421, -94.327603 35.428349, -94.328094 35.428343, -94.328096 35.428461, -94.328255 35.428502, -94.328256 35.428536, -94.328489 35.428533, -94.328493 35.42874, -94.328753 35.428737, -94.328733 35.427656, -94.328787 35.427655, -94.328786 35.427581)))",microsoft_us_building_footprints
ms-ar-000466,Microsoft footprint AR #75,AR,,200592.41,35.3997711,-94.3630992,,commercial_industrial_unknown,unknown,"MULTIPOLYGON (((-94.362531 35.399031, -94.362539 35.399404, -94.362357 35.399407, -94.362366 35.399814, -94.362554 35.399811, -94.362561 35.400145, -94.362511 35.400146, -94.362512 35.400217, -94.362563 35.400216, -94.362567 35.400386, -94.362446 35.400387, -94.36245 35.400537, -94.363081 35.400528, -94.363078 35.400419, -94.363154 35.400417, -94.363157 35.400562, -94.363775 35.400552, -94.36377 35.400348, -94.363591 35.40035, -94.363584 35.400036, -94.363771 35.400033, -94.363766 35.399788, -94.363728 35.399789, -94.363714 35.399155, -94.363674 35.399155, -94.36367 35.399009, -94.363587 35.39901, -94.363586 35.398946, -94.36349 35.398947, -94.363492 35.399016, -94.362531 35.399031)))",microsoft_us_building_footprints
ms-ar-000467,Microsoft footprint AR #76,AR,,123367.05,35.1314649,-90.1734731,,commercial_industrial_unknown,unknown,"MULTIPOLYGON (((-90.173721 35.130622, -90.173148 35.131176, -90.173169 35.131212, -90.172341 35.132012, -90.172331 35.131996, -90.17228 35.132017, -90.172312 35.132056, -90.17238 35.132103, -90.172522 35.131965, -90.172509 35.131943, -90.172644 35.131812, -90.172795 35.131917, -90.173017 35.131702, -90.173572 35.132085, -90.173675 35.131985, -90.17378 35.132058, -90.173859 35.131981, -90.173801 35.131941, -90.173791 35.131925, -90.17394 35.131781, -90.174047 35.131854, -90.174163 35.131742, -90.174107 35.131647, -90.174193 35.131564, -90.173824 35.131309, -90.17406 35.131081, -90.17377 35.13088, -90.173905 35.130749, -90.173721 35.130622)))",microsoft_us_building_footprints
ms-ar-000468,Microsoft footprint AR #77,AR,,152299.17,35.1663939,-90.1867750,,commercial_industrial_unknown,unknown,"MULTIPOLYGON (((-90.18602 35.165902, -90.186027 35.166315, -90.185923 35.166316, -90.185925 35.166419, -90.18604 35.166417, -90.186048 35.166844, -90.186423 35.166839, -90.186422 35.166764, -90.186515 35.166763, -90.186517 35.166888, -90.187013 35.166882, -90.187014 35.166976, -90.187283 35.166973, -90.187281 35.166875, -90.187469 35.166872, -90.18746 35.166391, -90.187561 35.16639, -90.187559 35.166287, -90.187454 35.166288, -90.187446 35.165794, -90.187032 35.165799, -90.187036 35.166022, -90.186734 35.166026, -90.186733 35.16597, -90.186371 35.165974, -90.186369 35.16589, -90.186277 35.165891, -90.186277 35.165899, -90.18602 35.165902)))",microsoft_us_building_footprints
ms-ar-000469,Microsoft footprint AR #78,AR,,134412.81,35.1450143,-90.1961436,,commercial_industrial_unknown,unknown,"MULTIPOLYGON (((-90.197511 35.144728, -90.196745 35.144727, -90.196745 35.144642, -90.196406 35.144641, -90.196406 35.144916, -90.196136 35.144915, -90.196136 35.144968, -90.195402 35.144967, -90.195402 35.144937, -90.194968 35.144936, -90.194968 35.144715, -90.194563 35.144714, -90.194563 35.145152, -90.194528 35.145152, -90.194528 35.145241, -90.195437 35.145242, -90.195437 35.145219, -90.196099 35.145219, -90.196099 35.145251, -90.19751 35.145252, -90.197511 35.144728)))",microsoft_us_building_footprints
ms-ar-000470,Microsoft footprint AR #79,AR,,105831.55,36.0487186,-90.4900848,,commercial_industrial_unknown,unknown,"MULTIPOLYGON (((-90.489739 36.048278, -90.489738 36.04847, -90.489486 36.048469, -90.489484 36.048643, -90.489414 36.048643, -90.489411 36.04911, -90.490678 36.049117, -90.490685 36.048283, -90.489739 36.048278)))",microsoft_us_building_footprints
ms-ar-000471,Microsoft footprint AR #80,AR,,143971.15,36.0616923,-90.5161398,,commercial_industrial_unknown,unknown,"MULTIPOLYGON (((-90.516975 36.062045, -90.516987 36.061386, -90.51694 36.061385, -90.516943 36.06124, -90.516672 36.061236, -90.51667 36.061382, -90.516554 36.06138, -90.516556 36.061313, -90.516357 36.061311, -90.516358 36.061291, -90.515738 36.061283, -90.515736 36.061367, -90.515633 36.061365, -90.515634 36.061299, -90.515282 36.061295, -90.51527 36.061908, -90.515352 36.061909, -90.515351 36.061968, -90.515409 36.061969, -90.515407 36.062025, -90.515716 36.062029, -90.515713 36.062155, -90.516454 36.062165, -90.516456 36.062038, -90.516975 36.062045)))",microsoft_us_building_footprints
ms-ar-000472,Microsoft footprint AR #81,AR,,194074.14,36.1887615,-90.3733785,,commercial_industrial_unknown,unknown,"MULTIPOLYGON (((-90.373615 36.187448, -90.373696 36.187449, -90.373701 36.187129, -90.37354 36.187127, -90.373544 36.186872, -90.372973 36.186866, -90.372969 36.187128, -90.37318 36.18713, -90.373125 36.190636, -90.373638 36.190642, -90.373656 36.189458, -90.373584 36.189457, -90.373615 36.187448)))",microsoft_us_building_footprints
ms-ar-000473,Microsoft footprint AR #82,AR,,106580.44,35.2417974,-90.7778664,,commercial_industrial_unknown,unknown,"MULTIPOLYGON (((-90.778062 35.241083, -90.77771 35.241091, -90.777712 35.241151, -90.777546 35.241155, -90.77756 35.241563, -90.777721 35.241559, -90.777726 35.241708, -90.777146 35.241721, -90.777152 35.24192, -90.777738 35.241907, -90.777741 35.242009, -90.777018 35.242025, -90.777025 35.242226, -90.777752 35.242209, -90.777754 35.242264, -90.778072 35.242257, -90.77807 35.242198, -90.778779 35.242182, -90.778772 35.241982, -90.778063 35.241998, -90.77806 35.241898, -90.778446 35.241889, -90.778435 35.241583, -90.778102 35.24159, -90.778103 35.241626, -90.777987 35.241629, -90.777987 35.241604, -90.778079 35.241602, -90.778062 35.241083)))",microsoft_us_building_footprints
ms-ar-000474,Microsoft footprint AR #83,AR,,115995.32,36.1933817,-90.3945707,,commercial_industrial_unknown,unknown,"MULTIPOLYGON (((-90.395402 36.192949, -90.394805 36.192948, -90.39478 36.192969, -90.394779 36.19312, -90.3945 36.19312, -90.394442 36.193135, -90.394287 36.193262, -90.394049 36.193261, -90.394034 36.193223, -90.394034 36.193143, -90.393511 36.193142, -90.39351 36.19368, -90.394236 36.193681, -90.394237 36.193487, -90.394316 36.193487, -90.394446 36.193591, -90.394636 36.193591, -90.394746 36.193563, -90.394854 36.193475, -90.394933 36.193475, -90.394942 36.193498, -90.394942 36.193834, -90.3954 36.193835, -90.395402 36.192949)))",microsoft_us_building_footprints
ms-ar-000475,Microsoft footprint AR #84,AR,,113592.2,35.2336883,-90.7858560,,commercial_industrial_unknown,unknown,"MULTIPOLYGON (((-90.785114 35.234325, -90.785794 35.234407, -90.785885 35.233905, -90.786292 35.233955, -90.786316 35.23382, -90.786381 35.233827, -90.786415 35.233634, -90.786324 35.233623, -90.786361 35.233414, -90.78654 35.233436, -90.786614 35.233025, -90.786245 35.232981, -90.786239 35.233017, -90.786155 35.233007, -90.786137 35.233106, -90.786071 35.233098, -90.786027 35.233343, -90.785348 35.233261, -90.785298 35.233542, -90.785441 35.233559, -90.785431 35.23361, -90.78567 35.233639, -90.785656 35.233715, -90.785578 35.233705, -90.785552 35.233845, -90.785512 35.23384, -90.785494 35.233941, -90.78519 35.233905, -90.785114 35.234325)))",microsoft_us_building_footprints
ms-ar-000476,Microsoft footprint AR #85,AR,,197084.88,34.9760906,-90.7955590,,commercial_industrial_unknown,unknown,"MULTIPOLYGON (((-90.794042 34.976041, -90.794054 34.975624, -90.793482 34.975612, -90.793464 34.976183, -90.793852 34.976191, -90.793608 34.976318, -90.793683 34.976414, -90.793903 34.976298, -90.793899 34.976436, -90.79403 34.976474, -90.794037 34.976215, -90.794177 34.976218, -90.794172 34.976365, -90.795069 34.976383, -90.795066 34.976493, -90.795303 34.976498, -90.79531 34.976275, -90.796283 34.976295, -90.796278 34.976447, -90.797355 34.976469, -90.797369 34.975999, -90.797562 34.976003, -90.797563 34.975974, -90.797024 34.975815, -90.797036 34.975441, -90.796609 34.975432, -90.796596 34.975886, -90.796891 34.975892, -90.796875 34.975928, -90.796597 34.975922, -90.796534 34.976064, -90.794042 34.976041)))",microsoft_us_building_footprints
ms-ar-000477,Microsoft footprint AR #86,AR,,124542.64,34.9965252,-90.8142043,,commercial_industrial_unknown,unknown,"MULTIPOLYGON (((-90.81431 34.996227, -90.813986 34.996308, -90.813992 34.996325, -90.813515 34.996444, -90.813638 34.996776, -90.813367 34.996843, -90.813483 34.997155, -90.813964 34.997035, -90.813985 34.997091, -90.814189 34.99704, -90.814158 34.996957, -90.814727 34.996815, -90.814759 34.9969, -90.814896 34.996865, -90.814859 34.996766, -90.814953 34.996742, -90.814851 34.996467, -90.81476 34.996489, -90.814694 34.996312, -90.814865 34.99627, -90.814791 34.99607, -90.814591 34.99612, -90.814397 34.995599, -90.814104 34.995672, -90.81431 34.996227)))",microsoft_us_building_footprints
ms-ar-000478,Microsoft footprint AR #87,AR,,581901.17,36.0729221,-90.4868643,,commercial_industrial_unknown,unknown,"MULTIPOLYGON (((-90.484748 36.073809, -90.486445 36.073879, -90.486487 36.073216, -90.487197 36.073246, -90.487182 36.073481, -90.488025 36.073516, -90.48804 36.073287, -90.488611 36.07331, -90.488627 36.073053, -90.48922 36.073077, -90.489273 36.072234, -90.487994 36.072181, -90.487997 36.072133, -90.487469 36.072111, -90.487459 36.07227, -90.485956 36.072208, -90.485936 36.072529, -90.484831 36.072484, -90.484748 36.073809)))",microsoft_us_building_footprints
ms-ar-000479,Microsoft footprint AR #88,AR,,308179.11,36.0815225,-90.4865850,,commercial_industrial_unknown,unknown,"MULTIPOLYGON (((-90.488028 36.081369, -90.487218 36.080463, -90.485142 36.081676, -90.485952 36.082582, -90.488028 36.081369)))",microsoft_us_building_footprints
ms-ar-000480,Microsoft footprint AR #89,AR,,137742.62,34.8936067,-91.1892035,,commercial_industrial_unknown,unknown,"MULTIPOLYGON (((-91.188456 34.893108, -91.18845 34.893585, -91.188709 34.893588, -91.188705 34.89392, -91.188818 34.893921, -91.188815 34.894171, -91.189802 34.89418, -91.189815 34.893119, -91.188456 34.893108)))",microsoft_us_building_footprints
ms-ar-000481,Microsoft footprint AR #90,AR,,361078.68,33.5195503,-91.2380153,,commercial_industrial_unknown,unknown,"MULTIPOLYGON (((-91.237596 33.521231, -91.238133 33.521532, -91.238043 33.520533, -91.238103 33.520458, -91.238121 33.520477, -91.238189 33.520294, -91.238312 33.520422, -91.23858 33.520243, -91.238589 33.520342, -91.238481 33.520414, -91.238588 33.520474, -91.238638 33.520471, -91.238628 33.520367, -91.238647 33.520355, -91.238791 33.520505, -91.238635 33.518787, -91.23863 33.518786, -91.238642 33.518755, -91.238737 33.518749, -91.238743 33.518825, -91.238773 33.518823, -91.238827 33.518677, -91.23865 33.518631, -91.238718 33.51845, -91.238674 33.518438, -91.238483 33.51824, -91.238201 33.518258, -91.238025 33.518375, -91.238033 33.518465, -91.237931 33.518471, -91.237443 33.517964, -91.237308 33.518054, -91.237596 33.521231)))",microsoft_us_building_footprints
ms-ar-000482,Microsoft footprint AR #91,AR,,179903.02,35.8243028,-90.7072674,,commercial_industrial_unknown,unknown,"MULTIPOLYGON (((-90.707804 35.823751, -90.707663 35.82375, -90.707662 35.823824, -90.707502 35.823823, -90.707502 35.823786, -90.707185 35.823784, -90.707184 35.823915, -90.707089 35.823915, -90.70709 35.823802, -90.706271 35.823796, -90.70627 35.823862, -90.706181 35.823861, -90.706179 35.824127, -90.706795 35.824131, -90.706795 35.824206, -90.706463 35.824204, -90.706461 35.82443, -90.706651 35.824431, -90.706647 35.824796, -90.707235 35.8248, -90.707231 35.825139, -90.707727 35.825143, -90.707736 35.824277, -90.708333 35.824281, -90.708339 35.823762, -90.707988 35.823759, -90.707983 35.824158, -90.707799 35.824157, -90.707804 35.823751)))",microsoft_us_building_footprints
ms-ar-000483,Microsoft footprint AR #92,AR,,145598.19,34.5176588,-91.5585657,,commercial_industrial_unknown,unknown,"MULTIPOLYGON (((-91.558518 34.517108, -91.558633 34.516956, -91.558345 34.516939, -91.558338 34.51702, -91.558429 34.517026, -91.558423 34.517096, -91.55823 34.517085, -91.557923 34.517489, -91.558086 34.517498, -91.558079 34.517584, -91.557769 34.517566, -91.557962 34.517747, -91.557922 34.518214, -91.557957 34.518359, -91.558625 34.518399, -91.558642 34.518205, -91.558482 34.518196, -91.558491 34.518093, -91.558933 34.517774, -91.559068 34.517782, -91.559055 34.517931, -91.559336 34.517947, -91.559196 34.517374, -91.559705 34.517404, -91.559717 34.51727, -91.559319 34.517247, -91.559298 34.517161, -91.559107 34.51715, -91.559099 34.517242, -91.558616 34.517214, -91.558625 34.517115, -91.558518 34.517108)))",microsoft_us_building_footprints
ms-ar-000484,Microsoft footprint AR #93,AR,,250287.11,36.2395933,-91.6001618,,commercial_industrial_unknown,unknown,"MULTIPOLYGON (((-91.599421 36.238863, -91.599388 36.239801, -91.599131 36.239795, -91.599124 36.239981, -91.599605 36.239992, -91.599597 36.240234, -91.599692 36.240236, -91.599685 36.240431, -91.599915 36.240436, -91.599922 36.240242, -91.600107 36.240246, -91.600098 36.240502, -91.600516 36.240512, -91.600526 36.240247, -91.600973 36.240257, -91.600982 36.240009, -91.601191 36.240013, -91.601197 36.23983, -91.600836 36.239821, -91.600868 36.238888, -91.600531 36.23888, -91.600536 36.238735, -91.599863 36.23872, -91.599858 36.238873, -91.599421 36.238863)))",microsoft_us_building_footprints
ms-ar-000485,Microsoft footprint AR #94,AR,,113506.03,35.7626757,-91.6177860,,commercial_industrial_unknown,unknown,"MULTIPOLYGON (((-91.616867 35.763013, -91.618438 35.763067, -91.618482 35.762226, -91.617934 35.762207, -91.617926 35.762367, -91.617543 35.762354, -91.617544 35.762332, -91.617316 35.762324, -91.617315 35.762344, -91.617125 35.762337, -91.617099 35.76285, -91.616876 35.762842, -91.616867 35.763013)))",microsoft_us_building_footprints
ms-ar-000486,Microsoft footprint AR #95,AR,,226057.94,35.2311360,-91.7169037,,commercial_industrial_unknown,unknown,"MULTIPOLYGON (((-91.716184 35.230384, -91.716171 35.231173, -91.715969 35.231171, -91.71596 35.231717, -91.716144 35.231719, -91.716145 35.231669, -91.71623 35.23167, -91.716225 35.231974, -91.716363 35.231975, -91.716369 35.231673, -91.716839 35.231678, -91.716844 35.231382, -91.717007 35.231383, -91.716998 35.231863, -91.717673 35.231871, -91.717675 35.23176, -91.71787 35.231762, -91.717872 35.23165, -91.71774 35.231648, -91.717741 35.231566, -91.717682 35.231565, -91.717701 35.230433, -91.717026 35.230425, -91.717015 35.231049, -91.716857 35.231048, -91.716868 35.230392, -91.716184 35.230384)))",microsoft_us_building_footprints
ms-ar-000487,Microsoft footprint AR #96,AR,,358263.45,34.2227120,-92.0277940,,commercial_industrial_unknown,unknown,"MULTIPOLYGON (((-92.029214 34.223425, -92.029188 34.222092, -92.028931 34.222095, -92.028948 34.222993, -92.028054 34.223005, -92.028052 34.222874, -92.02819 34.222906, -92.028192 34.222988, -92.028429 34.222985, -92.028755 34.22202, -92.027268 34.22204, -92.027267 34.221972, -92.026987 34.221976, -92.026988 34.222048, -92.026643 34.222052, -92.026647 34.222212, -92.02609 34.222219, -92.026096 34.222502, -92.026429 34.222498, -92.026587 34.222773, -92.027049 34.222767, -92.026972 34.222993, -92.026717 34.222996, -92.026722 34.223248, -92.026877 34.223246, -92.026879 34.223362, -92.027046 34.22336, -92.027135 34.223297, -92.027257 34.223415, -92.027259 34.223519, -92.027389 34.223517, -92.027388 34.22345, -92.029214 34.223425)))",microsoft_us_building_footprints
ms-ar-000488,Microsoft footprint AR #97,AR,,134269.66,34.2597461,-92.0706164,,commercial_industrial_unknown,unknown,"MULTIPOLYGON (((-92.069807 34.259495, -92.070235 34.2604, -92.071083 34.260127, -92.071034 34.260023, -92.071362 34.259917, -92.071214 34.259603, -92.071433 34.259533, -92.071304 34.25926, -92.070983 34.259364, -92.070924 34.25924, -92.070833 34.259269, -92.07079 34.259178, -92.069807 34.259495)))",microsoft_us_building_footprints
ms-ar-000489,Microsoft footprint AR #98,AR,,119133.51,34.7434802,-92.1829702,,commercial_industrial_unknown,unknown,"MULTIPOLYGON (((-92.182774 34.742762, -92.182356 34.744019, -92.183107 34.744188, -92.18318 34.743969, -92.183238 34.743982, -92.183292 34.743818, -92.183384 34.743839, -92.183452 34.743637, -92.183347 34.743614, -92.18357 34.742941, -92.182774 34.742762)))",microsoft_us_building_footprints
ms-ar-000490,Microsoft footprint AR #99,AR,,130003.55,34.8685587,-92.1168338,,commercial_industrial_unknown,unknown,"MULTIPOLYGON (((-92.115216 34.868364, -92.115205 34.868667, -92.115462 34.868673, -92.115464 34.868634, -92.115935 34.868645, -92.115933 34.868697, -92.116123 34.868702, -92.116125 34.868648, -92.116316 34.868653, -92.116311 34.868793, -92.117238 34.868816, -92.117241 34.868737, -92.117453 34.868742, -92.117453 34.868733, -92.117775 34.868741, -92.117772 34.868823, -92.118299 34.868836, -92.118315 34.86842, -92.117889 34.86841, -92.11789 34.868383, -92.117273 34.868368, -92.117273 34.868366, -92.115475 34.868322, -92.115473 34.86837, -92.115414 34.868368, -92.115415 34.868344, -92.115276 34.868341, -92.115275 34.868365, -92.115216 34.868364)))",microsoft_us_building_footprints
ms-ar-000491,Microsoft footprint AR #100,AR,,158494.32,34.9089720,-92.1470282,,commercial_industrial_unknown,unknown,"MULTIPOLYGON (((-92.147721 34.909616, -92.14719 34.908039, -92.147078 34.908064, -92.147114 34.908171, -92.146985 34.9082, -92.146959 34.908121, -92.146619 34.908198, -92.146655 34.908308, -92.146349 34.908377, -92.146317 34.908283, -92.146316 34.908283, -92.146874 34.909941, -92.14699 34.909914, -92.146948 34.909791, -92.147721 34.909616)))",microsoft_us_building_footprints
ms-ar-000492,Microsoft footprint AR #101,AR,,128798.45,34.7836758,-92.2231354,,commercial_industrial_unknown,unknown,"MULTIPOLYGON (((-92.224293 34.78363, -92.224109 34.783239, -92.224211 34.783038, -92.22403 34.783019, -92.223793 34.783486, -92.223636 34.78347, -92.223693 34.783093, -92.223539 34.783077, -92.223302 34.783545, -92.223139 34.783528, -92.223196 34.783154, -92.223042 34.783138, -92.2228 34.783614, -92.222225 34.783417, -92.222192 34.783632, -92.222359 34.783579, -92.222426 34.783719, -92.222033 34.784095, -92.222003 34.784291, -92.222185 34.784418, -92.222421 34.783953, -92.222423 34.783953, -92.222475 34.783903, -92.222526 34.784011, -92.222721 34.784078, -92.223416 34.783986, -92.223624 34.784133, -92.223666 34.784048, -92.223494 34.783926, -92.223739 34.783848, -92.22378 34.783577, -92.224293 34.78363)))",microsoft_us_building_footprints
ms-ar-000493,Microsoft footprint AR #102,AR,,116783.35,35.2515368,-91.6734050,,commercial_industrial_unknown,unknown,"MULTIPOLYGON (((-91.673534 35.251448, -91.67303 35.251172, -91.673013 35.251192, -91.673025 35.251198, -91.672639 35.251668, -91.673111 35.251926, -91.672966 35.252103, -91.673116 35.252186, -91.673178 35.252158, -91.673215 35.252022, -91.673367 35.252246, -91.673517 35.252178, -91.673576 35.252265, -91.673998 35.251751, -91.673927 35.251647, -91.673948 35.251568, -91.673738 35.251453, -91.673752 35.251401, -91.673811 35.251412, -91.673827 35.251354, -91.673827 35.251354, -91.673685 35.250569, -91.673511 35.25059, -91.673367 35.250512, -91.673381 35.250588, -91.673257 35.250603, -91.673273 35.250693, -91.673342 35.250685, -91.673445 35.250838, -91.673552 35.251423, -91.673541 35.251421, -91.673534 35.251448)))",microsoft_us_building_footprints
ms-ar-000494,Microsoft footprint AR #103,AR,,206162.64,34.7260511,-92.2474450,,commercial_industrial_unknown,unknown,"MULTIPOLYGON (((-92.248473 34.725597, -92.246852 34.725562, -92.24685 34.725623, -92.246718 34.72562, -92.246719 34.725591, -92.24665 34.72559, -92.246649 34.725618, -92.24652 34.725616, -92.246518 34.725677, -92.246351 34.725674, -92.246335 34.726176, -92.246501 34.726179, -92.246497 34.726316, -92.24683 34.726323, -92.246822 34.726595, -92.247453 34.726609, -92.247455 34.726542, -92.24837 34.726561, -92.248388 34.726009, -92.24846 34.726011, -92.248473 34.725597)))",microsoft_us_building_footprints
ms-ar-000495,Microsoft footprint AR #104,AR,,310585.72,34.7502510,-92.3393342,,commercial_industrial_unknown,unknown,"MULTIPOLYGON (((-92.337755 34.750752, -92.338349 34.751345, -92.338522 34.751307, -92.338579 34.751363, -92.338804 34.751211, -92.338741 34.751148, -92.338905 34.751037, -92.338511 34.750644, -92.338628 34.750656, -92.338969 34.750996, -92.339292 34.750777, -92.339253 34.75066, -92.339164 34.750558, -92.339098 34.750359, -92.339265 34.750377, -92.339345 34.750621, -92.339705 34.75066, -92.339779 34.750734, -92.340126 34.7505, -92.340213 34.750245, -92.340517 34.750039, -92.340672 34.750118, -92.340833 34.750009, -92.340936 34.75002, -92.340867 34.749808, -92.340332 34.749274, -92.340195 34.749456, -92.339945 34.749206, -92.337767 34.750679, -92.337755 34.750752)))",microsoft_us_building_footprints
ms-ar-000496,Microsoft footprint AR #105,AR,,146827.79,36.3493413,-92.3767697,,commercial_industrial_unknown,unknown,"MULTIPOLYGON (((-92.377687 36.349102, -92.377274 36.348849, -92.37725 36.348875, -92.376845 36.348626, -92.376867 36.348603, -92.376823 36.348577, -92.376538 36.348879, -92.376471 36.348838, -92.37641 36.348902, -92.376459 36.348933, -92.376122 36.34929, -92.376098 36.349275, -92.375851 36.349537, -92.376462 36.349911, -92.37642 36.349955, -92.376483 36.349994, -92.37651 36.349965, -92.376739 36.350105, -92.377687 36.349102)))",microsoft_us_building_footprints
ms-ar-000497,Microsoft footprint AR #106,AR,,134303.65,34.7212701,-92.3073840,,commercial_industrial_unknown,unknown,"MULTIPOLYGON (((-92.307779 34.721354, -92.308259 34.721308, -92.308226 34.721079, -92.308491 34.721054, -92.308476 34.720947, -92.308214 34.720887, -92.308203 34.720812, -92.307963 34.720835, -92.307957 34.720797, -92.307856 34.720807, -92.307821 34.720911, -92.307742 34.720918, -92.30773 34.720832, -92.307525 34.720851, -92.307539 34.720948, -92.307055 34.720837, -92.307072 34.720956, -92.306995 34.720963, -92.306984 34.720883, -92.306672 34.720913, -92.30666 34.720947, -92.306688 34.721145, -92.306793 34.721135, -92.306822 34.721344, -92.306345 34.72139, -92.306378 34.721628, -92.30683 34.721585, -92.306843 34.721679, -92.30761 34.721855, -92.307741 34.721469, -92.307794 34.721464, -92.307779 34.721354)))",microsoft_us_building_footprints
ms-ar-000498,Microsoft footprint AR #107,AR,,169004.69,34.6510998,-92.4070715,,commercial_industrial_unknown,unknown,"MULTIPOLYGON (((-92.407824 34.651457, -92.407821 34.651559, -92.408124 34.651566, -92.40815 34.650767, -92.405979 34.650719, -92.405956 34.651416, -92.407824 34.651457)))",microsoft_us_building_footprints
ms-ar-000499,Microsoft footprint AR #108,AR,,111154.25,35.0697340,-92.4236155,,commercial_industrial_unknown,unknown,"MULTIPOLYGON (((-92.423025 35.069316, -92.42301 35.069906, -92.422975 35.069905, -92.422971 35.070072, -92.422963 35.070072, -92.422962 35.070141, -92.423919 35.070157, -92.423917 35.070244, -92.424088 35.070246, -92.42409 35.070161, -92.424176 35.070162, -92.4242 35.069186, -92.424002 35.069183, -92.423998 35.069332, -92.423025 35.069316)))",microsoft_us_building_footprints
ms-ar-000500,Microsoft footprint AR #109,AR,,129742.45,35.0751228,-92.4555353,,commercial_industrial_unknown,unknown,"MULTIPOLYGON (((-92.454591 35.074588, -92.454587 35.074902, -92.45467 35.074903, -92.454668 35.075069, -92.454578 35.075069, -92.454576 35.075215, -92.45546 35.075523, -92.45546 35.075482, -92.455573 35.075521, -92.456286 35.075527, -92.456354 35.075551, -92.456503 35.075552, -92.456584 35.075395, -92.456591 35.074883, -92.456278 35.074881, -92.456183 35.075062, -92.456123 35.075062, -92.456123 35.075042, -92.455921 35.07504, -92.455884 35.075111, -92.455188 35.075105, -92.455189 35.075041, -92.455474 35.075043, -92.455477 35.074799, -92.455283 35.074798, -92.455285 35.074626, -92.455398 35.074666, -92.455399 35.074581, -92.455313 35.074581, -92.455291 35.074594, -92.454591 35.074588)))",microsoft_us_building_footprints
ms-ar-000501,Microsoft footprint AR #110,AR,,402995.02,35.0876869,-92.4145685,,commercial_industrial_unknown,unknown,"MULTIPOLYGON (((-92.414095 35.090141, -92.414942 35.090156, -92.414969 35.089096, -92.41457 35.089089, -92.414566 35.089258, -92.414469 35.089257, -92.414483 35.08873, -92.414609 35.088732, -92.414614 35.088508, -92.414499 35.088507, -92.414501 35.088447, -92.415005 35.088456, -92.415039 35.087094, -92.414546 35.087085, -92.414555 35.086725, -92.415054 35.086734, -92.415059 35.086552, -92.415092 35.086552, -92.415094 35.08646, -92.415227 35.086463, -92.415248 35.085649, -92.414554 35.085637, -92.414561 35.085358, -92.41421 35.085352, -92.414201 35.085685, -92.414142 35.085684, -92.414116 35.086716, -92.414183 35.086717, -92.414095 35.090141)))",microsoft_us_building_footprints
ms-ar-000502,Microsoft footprint AR #111,AR,,138735.44,33.1312361,-91.9780588,,commercial_industrial_unknown,unknown,"MULTIPOLYGON (((-91.977555 33.130616, -91.977556 33.131854, -91.978554 33.131853, -91.978554 33.131797, -91.978586 33.131796, -91.978586 33.131627, -91.978559 33.131627, -91.978558 33.130615, -91.977555 33.130616)))",microsoft_us_building_footprints
ms-ar-000503,Microsoft footprint AR #112,AR,,171388.47,36.1637122,-92.1519939,,commercial_industrial_unknown,unknown,"MULTIPOLYGON (((-92.151663 36.16483, -92.152225 36.164831, -92.152225 36.164698, -92.152221 36.164698, -92.152222 36.164126, -92.15252 36.164127, -92.152521 36.163501, -92.152325 36.163501, -92.152326 36.163416, -92.152613 36.163417, -92.152613 36.163254, -92.152326 36.163254, -92.152326 36.163163, -92.15223 36.163163, -92.152229 36.163248, -92.152011 36.163248, -92.152087 36.163077, -92.152257 36.163126, -92.152258 36.162578, -92.151707 36.162577, -92.151705 36.163404, -92.151599 36.163404, -92.151599 36.163482, -92.151494 36.163482, -92.151494 36.163562, -92.151389 36.163562, -92.151389 36.163825, -92.151485 36.163825, -92.151485 36.163911, -92.151583 36.163911, -92.151583 36.163994, -92.151665 36.163994, -92.151663 36.16483)))",microsoft_us_building_footprints
ms-ar-000504,Microsoft footprint AR #113,AR,,115839.01,34.8054927,-92.2070146,,commercial_industrial_unknown,unknown,"MULTIPOLYGON (((-92.206226 34.805789, -92.206898 34.806117, -92.20691 34.805998, -92.206977 34.805987, -92.207005 34.80599, -92.207167 34.805963, -92.207373 34.805649, -92.20744 34.805678, -92.207518 34.805665, -92.207548 34.805679, -92.207552 34.805641, -92.207623 34.805646, -92.207662 34.805639, -92.207728 34.805538, -92.207762 34.805533, -92.207753 34.805498, -92.207849 34.805505, -92.207936 34.805372, -92.207454 34.805159, -92.207444 34.805175, -92.207029 34.804991, -92.207155 34.804798, -92.206991 34.804726, -92.206803 34.805013, -92.206825 34.805022, -92.206673 34.805254, -92.206563 34.805246, -92.206508 34.80533, -92.206522 34.805337, -92.206226 34.805789)))",microsoft_us_building_footprints
ms-ar-000505,Microsoft footprint AR #114,AR,,127321.35,34.7906162,-92.2174028,,commercial_industrial_unknown,unknown,"MULTIPOLYGON (((-92.216848 34.791176, -92.217817 34.791192, -92.217819 34.791113, -92.217989 34.791116, -92.217994 34.790903, -92.217863 34.7909, -92.217868 34.790662, -92.217841 34.790661, -92.217845 34.790532, -92.217849 34.790532, -92.21785 34.790479, -92.217854 34.79048, -92.217856 34.790404, -92.217885 34.790404, -92.217886 34.790356, -92.21786 34.790355, -92.217871 34.78988, -92.217631 34.789876, -92.217627 34.790031, -92.217095 34.790022, -92.217089 34.790264, -92.216869 34.79026, -92.216848 34.791176)))",microsoft_us_building_footprints
ms-ar-000506,Microsoft footprint AR #115,AR,,133365.5,34.7913561,-92.2214832,,commercial_industrial_unknown,unknown,"MULTIPOLYGON (((-92.220123 34.791168, -92.22014 34.791514, -92.220621 34.791498, -92.220627 34.791615, -92.221464 34.791587, -92.221455 34.791409, -92.221533 34.791406, -92.221538 34.791509, -92.221713 34.791504, -92.221714 34.791523, -92.221772 34.791521, -92.221769 34.791478, -92.22181 34.791476, -92.221807 34.791432, -92.221873 34.79143, -92.221889 34.791755, -92.222565 34.791732, -92.222532 34.791058, -92.222403 34.791062, -92.222401 34.791018, -92.222211 34.791025, -92.222213 34.791053, -92.222034 34.791059, -92.222033 34.79103, -92.221933 34.791034, -92.221934 34.791056, -92.221883 34.791057, -92.221884 34.791074, -92.220625 34.791116, -92.220627 34.791151, -92.220123 34.791168)))",microsoft_us_building_footprints
ms-ar-000507,Microsoft footprint AR #116,AR,,267570.85,34.7267136,-92.2251675,,commercial_industrial_unknown,unknown,"MULTIPOLYGON (((-92.225717 34.727867, -92.225768 34.726016, -92.225446 34.72601, -92.225461 34.725481, -92.225206 34.72557, -92.225214 34.725267, -92.225153 34.725266, -92.225151 34.725332, -92.224833 34.725326, -92.22483 34.725432, -92.224655 34.725428, -92.224653 34.72549, -92.224587 34.725489, -92.224585 34.725553, -92.22465 34.725554, -92.22464 34.725914, -92.225392 34.725928, -92.22539 34.726004, -92.224863 34.725994, -92.224805 34.726015, -92.224803 34.726073, -92.224641 34.72607, -92.224617 34.726968, -92.224819 34.726971, -92.22479 34.727287, -92.224604 34.727284, -92.224589 34.727847, -92.224777 34.72785, -92.224817 34.727926, -92.225022 34.727855, -92.225717 34.727867)))",microsoft_us_building_footprints
ms-ar-000508,Microsoft footprint AR #117,AR,,154016.07,34.6644741,-92.3428724,,commercial_industrial_unknown,unknown,"MULTIPOLYGON (((-92.341922 34.664587, -92.341898 34.66518, -92.342067 34.665185, -92.342082 34.664801, -92.342549 34.664814, -92.342537 34.665086, -92.342762 34.665092, -92.342759 34.665182, -92.343091 34.665191, -92.343097 34.665043, -92.343488 34.665054, -92.343524 34.664186, -92.34321 34.664177, -92.343212 34.664133, -92.343153 34.664132, -92.343172 34.663664, -92.343167 34.663664, -92.343172 34.663534, -92.342845 34.663525, -92.342845 34.663534, -92.342595 34.663527, -92.342578 34.663933, -92.342807 34.663939, -92.342804 34.664014, -92.34275 34.664012, -92.342748 34.664072, -92.342816 34.664074, -92.342813 34.664155, -92.342581 34.664149, -92.342562 34.664605, -92.341922 34.664587)))",microsoft_us_building_footprints
ms-ar-000509,Microsoft footprint AR #118,AR,,139446.28,34.6705098,-92.3428168,,commercial_industrial_unknown,unknown,"MULTIPOLYGON (((-92.34322 34.669364, -92.342767 34.669351, -92.342762 34.66949, -92.342853 34.669492, -92.342841 34.66977, -92.342726 34.669766, -92.342722 34.669855, -92.342639 34.669852, -92.342617 34.670381, -92.342413 34.670375, -92.342397 34.670767, -92.342309 34.670764, -92.342295 34.671098, -92.342364 34.6711, -92.342352 34.671404, -92.343072 34.671424, -92.343102 34.670712, -92.34315 34.670714, -92.343161 34.670456, -92.343121 34.670455, -92.343122 34.670431, -92.343176 34.670432, -92.34322 34.669364)))",microsoft_us_building_footprints
ms-ar-000510,Microsoft footprint AR #119,AR,,131097.5,34.7309243,-92.3993036,,commercial_industrial_unknown,unknown,"MULTIPOLYGON (((-92.399039 34.729977, -92.398942 34.731929, -92.399419 34.731945, -92.399427 34.731782, -92.399402 34.731781, -92.399405 34.731723, -92.399499 34.731726, -92.399517 34.731367, -92.399637 34.731371, -92.399675 34.730595, -92.399758 34.730598, -92.399762 34.730527, -92.399673 34.730524, -92.399677 34.730455, -92.399608 34.730453, -92.399611 34.730398, -92.399698 34.730401, -92.399706 34.730247, -92.399613 34.730244, -92.399626 34.729996, -92.399039 34.729977)))",microsoft_us_building_footprints
ms-ar-000511,Microsoft footprint AR #120,AR,,286077.97,35.2720804,-93.1050785,,commercial_industrial_unknown,unknown,"MULTIPOLYGON (((-93.106112 35.272722, -93.10611 35.271423, -93.105754 35.271423, -93.105755 35.271474, -93.105108 35.271475, -93.105108 35.271365, -93.105002 35.271365, -93.105002 35.271459, -93.104124 35.27146, -93.104124 35.271538, -93.103927 35.271538, -93.103928 35.272034, -93.104126 35.272034, -93.104126 35.272125, -93.104132 35.272125, -93.104132 35.272533, -93.104098 35.272533, -93.104098 35.272701, -93.104473 35.2727, -93.104474 35.272768, -93.104931 35.272768, -93.104931 35.272724, -93.106112 35.272722)))",microsoft_us_building_footprints
ms-ar-000512,Microsoft footprint AR #121,AR,,112690.58,34.6429826,-92.4176600,,commercial_industrial_unknown,unknown,"MULTIPOLYGON (((-92.418173 34.64231, -92.417137 34.642283, -92.417116 34.642828, -92.417392 34.642835, -92.417405 34.642515, -92.41783 34.642526, -92.417824 34.642664, -92.417975 34.642668, -92.417974 34.6427, -92.41784 34.642697, -92.417836 34.642811, -92.417883 34.642812, -92.417882 34.642841, -92.417818 34.642839, -92.417798 34.643346, -92.417462 34.643337, -92.417456 34.643503, -92.417302 34.643499, -92.417308 34.643329, -92.416735 34.643315, -92.416731 34.643425, -92.416389 34.643416, -92.416384 34.643533, -92.418248 34.643581, -92.418283 34.642666, -92.41816 34.642663, -92.418173 34.64231)))",microsoft_us_building_footprints
ms-ar-000513,Microsoft footprint AR #122,AR,,1237213.08,35.0513921,-92.4321115,,commercial_industrial_unknown,unknown,"MULTIPOLYGON (((-92.430447 35.052959, -92.434093 35.053214, -92.4343 35.051229, -92.432053 35.051071, -92.432072 35.050893, -92.432854 35.050947, -92.43301 35.049456, -92.432113 35.049394, -92.432122 35.049307, -92.431965 35.049296, -92.431958 35.049361, -92.430436 35.049254, -92.430281 35.05074, -92.431166 35.050802, -92.431149 35.050971, -92.430659 35.050936, -92.430447 35.052959)))",microsoft_us_building_footprints
ms-ar-000514,Microsoft footprint AR #123,AR,,602823.22,35.0695791,-92.4349629,,commercial_industrial_unknown,unknown,"MULTIPOLYGON (((-92.435587 35.069632, -92.439878 35.069727, -92.440067 35.069507, -92.439901 35.069295, -92.436845 35.069227, -92.436841 35.069344, -92.436214 35.06933, -92.436218 35.069228, -92.436028 35.069224, -92.436181 35.06942, -92.435587 35.069407, -92.435598 35.069062, -92.434966 35.069048, -92.434971 35.068894, -92.434496 35.068884, -92.43448 35.069386, -92.433493 35.069364, -92.433509 35.0689, -92.433107 35.068891, -92.43309 35.069386, -92.432852 35.069381, -92.432863 35.069043, -92.431871 35.069021, -92.431838 35.070032, -92.432011 35.070254, -92.432268 35.070259, -92.432255 35.070656, -92.433333 35.070092, -92.433337 35.069945, -92.435918 35.070002, -92.435928 35.069704, -92.435585 35.069697, -92.435587 35.069632)))",microsoft_us_building_footprints
ms-ar-000515,Microsoft footprint AR #124,AR,,123137.17,36.2499869,-93.1501044,,commercial_industrial_unknown,unknown,"MULTIPOLYGON (((-93.149523 36.249458, -93.149517 36.249848, -93.149415 36.249847, -93.149412 36.249985, -93.14951 36.249986, -93.149503 36.250449, -93.150718 36.250461, -93.150731 36.249656, -93.150862 36.249658, -93.150863 36.249568, -93.149907 36.249559, -93.149909 36.249462, -93.149523 36.249458)))",microsoft_us_building_footprints
ms-ar-000516,Microsoft footprint AR #125,AR,,109974.32,35.2836784,-93.1498972,,commercial_industrial_unknown,unknown,"MULTIPOLYGON (((-93.1496 35.283028, -93.149462 35.283162, -93.149225 35.283721, -93.14934 35.283754, -93.149322 35.283796, -93.149377 35.283834, -93.14942 35.283828, -93.149386 35.283778, -93.149637 35.283849, -93.149514 35.284139, -93.149694 35.284263, -93.149886 35.284235, -93.14984 35.284346, -93.149914 35.284367, -93.149949 35.284285, -93.150162 35.284345, -93.150305 35.284007, -93.1499 35.283892, -93.149936 35.283808, -93.15041 35.283942, -93.150623 35.283441, -93.150505 35.283408, -93.150449 35.283463, -93.150368 35.28344, -93.150399 35.283366, -93.150221 35.283243, -93.150011 35.283341, -93.149992 35.283257, -93.149846 35.283216, -93.149901 35.283086, -93.149618 35.283127, -93.149654 35.283043, -93.1496 35.283028)))",microsoft_us_building_footprints
ms-ar-000517,Microsoft footprint AR #126,AR,,109398.28,35.2735098,-93.0995885,,commercial_industrial_unknown,unknown,"MULTIPOLYGON (((-93.099856 35.273577, -93.099881 35.272586, -93.099469 35.27258, -93.099444 35.273567, -93.098903 35.273558, -93.098891 35.274026, -93.100175 35.274048, -93.100187 35.273582, -93.099856 35.273577)))",microsoft_us_building_footprints
ms-ar-000518,Microsoft footprint AR #127,AR,,221220.11,35.0682128,-92.4933096,,commercial_industrial_unknown,unknown,"MULTIPOLYGON (((-92.494245 35.067677, -92.492401 35.067647, -92.492374 35.068749, -92.494219 35.068778, -92.494245 35.067677)))",microsoft_us_building_footprints
ms-ar-000519,Microsoft footprint AR #128,AR,,122713.21,36.2604709,-93.1358339,,commercial_industrial_unknown,unknown,"MULTIPOLYGON (((-93.136268 36.259874, -93.136046 36.259876, -93.136044 36.259756, -93.135538 36.259762, -93.13554 36.259866, -93.135478 36.259866, -93.135481 36.260013, -93.135284 36.260015, -93.135287 36.260209, -93.135418 36.260207, -93.135419 36.26025, -93.135466 36.260249, -93.135471 36.260545, -93.135397 36.260546, -93.135401 36.260783, -93.135452 36.260782, -93.135461 36.261364, -93.135583 36.261363, -93.135579 36.26112, -93.13609 36.261114, -93.13609 36.261077, -93.136288 36.261075, -93.136268 36.259874)))",microsoft_us_building_footprints
ms-ar-000520,Microsoft footprint AR #129,AR,,128630.77,34.5111171,-93.1394874,,commercial_industrial_unknown,unknown,"MULTIPOLYGON (((-93.13944 34.510433, -93.1394 34.510582, -93.139217 34.510598, -93.139351 34.510662, -93.139285 34.510757, -93.139195 34.510741, -93.139152 34.510803, -93.139228 34.51084, -93.139179 34.51091, -93.139086 34.510893, -93.139054 34.510939, -93.139132 34.510977, -93.139066 34.511071, -93.13898 34.511056, -93.138923 34.511137, -93.138932 34.511209, -93.138871 34.511297, -93.138955 34.511337, -93.138923 34.511383, -93.138827 34.511366, -93.138746 34.511483, -93.139047 34.511626, -93.138923 34.511803, -93.139294 34.511979, -93.139936 34.511062, -93.140117 34.511148, -93.14026 34.510944, -93.140097 34.510867, -93.140231 34.510675, -93.139893 34.510514, -93.139926 34.510392, -93.13944 34.510433)))",microsoft_us_building_footprints
ms-ar-000521,Microsoft footprint AR #130,AR,,224547.59,35.2735896,-93.1454228,,commercial_industrial_unknown,unknown,"MULTIPOLYGON (((-93.145312 35.273886, -93.145303 35.274464, -93.145563 35.274466, -93.145566 35.27426, -93.145918 35.274591, -93.145928 35.273954, -93.146469 35.27396, -93.14647 35.273903, -93.145934 35.273898, -93.145935 35.273849, -93.146542 35.273856, -93.146545 35.27364, -93.146376 35.273638, -93.146483 35.273351, -93.145844 35.273345, -93.145847 35.273165, -93.14615 35.273168, -93.146155 35.272871, -93.145857 35.272868, -93.14586 35.272662, -93.145495 35.272658, -93.14533 35.273103, -93.145326 35.273386, -93.145073 35.273324, -93.144117 35.273314, -93.144039 35.273525, -93.144242 35.273527, -93.144241 35.273601, -93.144074 35.273599, -93.14407 35.273873, -93.145312 35.273886)))",microsoft_us_building_footprints
ms-ar-000522,Microsoft footprint AR #131,AR,,122860.02,35.2837479,-93.0969557,,commercial_industrial_unknown,unknown,"MULTIPOLYGON (((-93.097685 35.283332, -93.096363 35.283324, -93.096359 35.283728, -93.096205 35.283727, -93.096202 35.284033, -93.096341 35.284034, -93.096339 35.28422, -93.097052 35.284225, -93.097053 35.284059, -93.097678 35.284063, -93.097685 35.283332)))",microsoft_us_building_footprints
ms-ar-000523,Microsoft footprint AR #132,AR,,103653.85,34.5156544,-93.1199391,,commercial_industrial_unknown,unknown,"MULTIPOLYGON (((-93.11921 34.515933, -93.119578 34.516159, -93.119548 34.516193, -93.119688 34.516279, -93.119704 34.51626, -93.11968 34.516245, -93.119968 34.515926, -93.119847 34.515852, -93.119916 34.515775, -93.119988 34.515819, -93.120029 34.515773, -93.120673 34.516167, -93.120877 34.515941, -93.120287 34.51558, -93.120337 34.515525, -93.120276 34.515487, -93.120364 34.515389, -93.120186 34.515279, -93.120274 34.515181, -93.119994 34.51501, -93.119936 34.515074, -93.119958 34.515088, -93.119827 34.515234, -93.119553 34.515067, -93.119354 34.515288, -93.119477 34.515363, -93.119436 34.515409, -93.119595 34.515506, -93.11921 34.515933)))",microsoft_us_building_footprints
ms-ar-000524,Microsoft footprint AR #133,AR,,134318.29,36.2418269,-93.1332132,,commercial_industrial_unknown,unknown,"MULTIPOLYGON (((-93.133643 36.241036, -93.13311 36.241015, -93.132885 36.241206, -93.133061 36.241213, -93.133046 36.241463, -93.13309 36.241464, -93.133191 36.241689, -93.132926 36.241679, -93.132781 36.241354, -93.132476 36.241613, -93.132561 36.241677, -93.132535 36.24209, -93.132827 36.242313, -93.132985 36.242179, -93.132809 36.242045, -93.1331 36.24196, -93.13306 36.242606, -93.133546 36.242626, -93.133763 36.242563, -93.133491 36.241954, -93.133702 36.241962, -93.133709 36.241845, -93.13384 36.24185, -93.133835 36.24193, -93.133906 36.241933, -93.133916 36.241765, -93.133914 36.241766, -93.133886 36.241702, -93.13384 36.241701, -93.133831 36.241843, -93.133604 36.24167, -93.133643 36.241036)))",microsoft_us_building_footprints
ms-ar-000525,Microsoft footprint AR #134,AR,,119922.72,35.4610679,-93.4904114,,commercial_industrial_unknown,unknown,"MULTIPOLYGON (((-93.489468 35.460667, -93.489443 35.461295, -93.489542 35.461298, -93.48954 35.46137, -93.489676 35.461373, -93.489673 35.461447, -93.489931 35.461454, -93.489944 35.461116, -93.490072 35.461119, -93.490061 35.461412, -93.490302 35.461418, -93.490313 35.461134, -93.49083 35.461147, -93.490827 35.461237, -93.490505 35.461229, -93.490495 35.461482, -93.491224 35.4615, -93.491234 35.461254, -93.490878 35.461245, -93.490881 35.461158, -93.491396 35.461172, -93.491405 35.460937, -93.491021 35.460927, -93.491025 35.460843, -93.49141 35.460853, -93.491417 35.460682, -93.490651 35.460662, -93.490644 35.460824, -93.490722 35.460826, -93.490719 35.460911, -93.489955 35.460891, -93.489963 35.460679, -93.489468 35.460667)))",microsoft_us_building_footprints
ms-ar-000526,Microsoft footprint AR #135,AR,,217061.42,33.6676865,-93.6141609,,commercial_industrial_unknown,unknown,"MULTIPOLYGON (((-93.614931 33.667044, -93.613484 33.666987, -93.613444 33.667695, -93.613301 33.667689, -93.613296 33.667774, -93.613432 33.667779, -93.61342 33.667986, -93.613339 33.667983, -93.613334 33.668075, -93.613374 33.668077, -93.613372 33.668113, -93.61341 33.668114, -93.613399 33.668306, -93.614103 33.668333, -93.614098 33.668431, -93.614298 33.668439, -93.614303 33.668349, -93.614855 33.668371, -93.614931 33.667044)))",microsoft_us_building_footprints
ms-ar-000527,Microsoft footprint AR #136,AR,,121307.3,34.0573723,-93.6864377,,commercial_industrial_unknown,unknown,"MULTIPOLYGON (((-93.686433 34.057432, -93.686994 34.057439, -93.686996 34.057301, -93.687299 34.057305, -93.687296 34.057474, -93.687519 34.057477, -93.687527 34.057062, -93.686405 34.057047, -93.686365 34.056929, -93.686369 34.056717, -93.686283 34.056715, -93.686256 34.056634, -93.686092 34.056632, -93.686091 34.056698, -93.686021 34.056698, -93.686011 34.057186, -93.685978 34.057186, -93.68598 34.057075, -93.685829 34.057073, -93.685824 34.05729, -93.686017 34.057293, -93.686016 34.057382, -93.685831 34.057379, -93.685827 34.057579, -93.68595 34.057581, -93.685947 34.05776, -93.685829 34.057758, -93.685822 34.058095, -93.68618 34.0581, -93.68637 34.058056, -93.686369 34.058129, -93.68642 34.058129, -93.686433 34.057432)))",microsoft_us_building_footprints
ms-ar-000528,Microsoft footprint AR #137,AR,,207449.95,36.3457145,-94.1241537,,commercial_industrial_unknown,unknown,"MULTIPOLYGON (((-94.124831 36.345014, -94.123488 36.344991, -94.123452 36.346376, -94.123962 36.346384, -94.123958 36.346511, -94.124122 36.346514, -94.124123 36.346475, -94.124386 36.34648, -94.124388 36.346393, -94.124795 36.3464, -94.124807 36.345963, -94.124943 36.345965, -94.124949 36.345739, -94.124812 36.345737, -94.124831 36.345014)))",microsoft_us_building_footprints
ms-ar-000529,Microsoft footprint AR #138,AR,,127611.44,36.1883186,-94.1622999,,commercial_industrial_unknown,unknown,"MULTIPOLYGON (((-94.162886 36.187857, -94.162572 36.187855, -94.162574 36.187744, -94.162181 36.187741, -94.16218 36.187806, -94.162097 36.187805, -94.162096 36.187839, -94.161992 36.187838, -94.161991 36.187877, -94.161828 36.187875, -94.161828 36.187843, -94.161697 36.187842, -94.161695 36.187951, -94.161675 36.187951, -94.161671 36.188267, -94.161668 36.188267, -94.161667 36.18832, -94.161734 36.18832, -94.161726 36.188906, -94.162009 36.188908, -94.162013 36.188637, -94.162207 36.188639, -94.162205 36.188816, -94.162445 36.188818, -94.162446 36.18873, -94.162584 36.188732, -94.162581 36.188925, -94.162871 36.188928, -94.162886 36.187857)))",microsoft_us_building_footprints
ms-ar-000530,Microsoft footprint AR #139,AR,,126568.28,36.3577686,-94.1725290,,commercial_industrial_unknown,unknown,"MULTIPOLYGON (((-94.171608 36.357527, -94.17138 36.357812, -94.1711 36.357817, -94.171106 36.358022, -94.171789 36.35801, -94.171784 36.357811, -94.172021 36.357807, -94.172022 36.357842, -94.171838 36.357845, -94.171844 36.358065, -94.172367 36.358056, -94.172365 36.357988, -94.172525 36.358071, -94.172713 36.357835, -94.172721 36.357835, -94.172825 36.358041, -94.172955 36.358039, -94.173138 36.35781, -94.173318 36.357807, -94.173326 36.358095, -94.173672 36.358089, -94.173664 36.357823, -94.173785 36.357821, -94.173778 36.357586, -94.173708 36.357587, -94.17367 36.35751, -94.173442 36.357392, -94.173253 36.357627, -94.172818 36.357401, -94.172697 36.35744, -94.172598 36.357564, -94.172572 36.35751, -94.171608 36.357527)))",microsoft_us_building_footprints
ms-ar-000531,Microsoft footprint AR #140,AR,,125174.77,36.3576199,-94.1890524,,commercial_industrial_unknown,unknown,"MULTIPOLYGON (((-94.188587 36.356872, -94.188592 36.357593, -94.188509 36.357594, -94.188512 36.357957, -94.188603 36.357956, -94.188605 36.358179, -94.189192 36.358176, -94.189191 36.358098, -94.189285 36.358098, -94.189286 36.358212, -94.189707 36.35821, -94.189706 36.358029, -94.189719 36.358029, -94.189716 36.357545, -94.189303 36.357547, -94.189303 36.357579, -94.189207 36.35758, -94.189205 36.357303, -94.18918 36.357303, -94.18918 36.35729, -94.189221 36.35729, -94.18922 36.357262, -94.189226 36.357262, -94.189225 36.357221, -94.189177 36.357221, -94.189177 36.357174, -94.189249 36.357173, -94.189247 36.356869, -94.188587 36.356872)))",microsoft_us_building_footprints
ms-ar-000532,Microsoft footprint AR #141,AR,,137130.89,36.3461621,-94.1889815,,commercial_industrial_unknown,unknown,"MULTIPOLYGON (((-94.18946 36.345478, -94.188534 36.345465, -94.188504 36.346856, -94.188708 36.346859, -94.188708 36.346846, -94.189431 36.346856, -94.18946 36.345478)))",microsoft_us_building_footprints
ms-ar-000533,Microsoft footprint AR #142,AR,,122496.91,34.5825707,-94.1945847,,commercial_industrial_unknown,unknown,"MULTIPOLYGON (((-94.193937 34.582623, -94.194318 34.58296, -94.19439 34.582963, -94.194387 34.583029, -94.194459 34.583032, -94.194455 34.583105, -94.194603 34.583236, -94.194648 34.583238, -94.194765 34.583341, -94.194833 34.583344, -94.194894 34.583298, -94.194915 34.583317, -94.194921 34.583216, -94.19495 34.583241, -94.194977 34.58322, -94.194983 34.583223, -94.194985 34.583199, -94.195012 34.5832, -94.194984 34.583175, -94.194979 34.583159, -94.194892 34.583082, -94.195127 34.582688, -94.195153 34.582213, -94.194975 34.582055, -94.194278 34.582029, -94.194263 34.582016, -94.194251 34.582036, -94.19421 34.58202, -94.19412 34.582169, -94.193981 34.582164, -94.19396 34.582199, -94.193937 34.582623)))",microsoft_us_building_footprints
ms-ar-000534,Microsoft footprint AR #143,AR,,171375.9,33.6752196,-93.5627499,,commercial_industrial_unknown,unknown,"MULTIPOLYGON (((-93.563093 33.675888, -93.563228 33.675506, -93.563254 33.675482, -93.563495 33.674796, -93.563192 33.674722, -93.563236 33.674597, -93.563112 33.674514, -93.562461 33.674355, -93.56224 33.674983, -93.562374 33.675016, -93.562318 33.67525, -93.562268 33.67526, -93.562265 33.67527, -93.56234 33.675289, -93.562301 33.675297, -93.562272 33.675378, -93.562191 33.675359, -93.562147 33.675404, -93.56211 33.675509, -93.562141 33.67553, -93.562106 33.675628, -93.562155 33.67564, -93.562056 33.675981, -93.562302 33.676041, -93.56235 33.675905, -93.562579 33.675961, -93.562574 33.675974, -93.562614 33.675984, -93.562611 33.675987, -93.563093 33.675888)))",microsoft_us_building_footprints
ms-ar-000535,Microsoft footprint AR #144,AR,,136332.74,36.2425580,-94.1412724,,commercial_industrial_unknown,unknown,"MULTIPOLYGON (((-94.140848 36.243255, -94.141328 36.243264, -94.141326 36.243323, -94.141736 36.243331, -94.141782 36.241765, -94.141578 36.241761, -94.141561 36.242343, -94.141483 36.242341, -94.141482 36.242372, -94.14126 36.242367, -94.141276 36.241818, -94.141313 36.241819, -94.141315 36.24175, -94.140768 36.241739, -94.14075 36.242371, -94.140801 36.242372, -94.1408 36.242404, -94.140872 36.242406, -94.140848 36.243255)))",microsoft_us_building_footprints
ms-ar-000536,Microsoft footprint AR #145,AR,,171075.04,36.3089576,-94.1758496,,commercial_industrial_unknown,unknown,"MULTIPOLYGON (((-94.174357 36.308664, -94.17435 36.309276, -94.174459 36.309277, -94.17446 36.30919, -94.174869 36.309193, -94.17487 36.30911, -94.175075 36.309112, -94.175076 36.309026, -94.175379 36.309028, -94.175377 36.309207, -94.175476 36.309207, -94.175475 36.309302, -94.176402 36.309309, -94.176403 36.309229, -94.177006 36.309234, -94.177005 36.309328, -94.177225 36.309329, -94.177231 36.308706, -94.177009 36.308704, -94.177009 36.308663, -94.176752 36.308661, -94.176751 36.308697, -94.176572 36.308696, -94.176572 36.30866, -94.176262 36.308658, -94.176262 36.308677, -94.174357 36.308664)))",microsoft_us_building_footprints
ms-ar-000537,Microsoft footprint AR #146,AR,,131544.24,36.3330472,-94.1767855,,commercial_industrial_unknown,unknown,"MULTIPOLYGON (((-94.176485 36.332141, -94.176481 36.332273, -94.176454 36.332272, -94.17645 36.332415, -94.176479 36.332415, -94.176466 36.332864, -94.176426 36.332864, -94.176422 36.332989, -94.176457 36.33299, -94.176446 36.333367, -94.176411 36.333367, -94.176406 36.333553, -94.176441 36.333553, -94.176436 36.333711, -94.176401 36.33371, -94.176396 36.3339, -94.176428 36.333901, -94.176425 36.333976, -94.177074 36.333989, -94.177082 36.333732, -94.177135 36.333733, -94.177139 36.333623, -94.177088 36.333622, -94.177097 36.333302, -94.176906 36.333298, -94.176913 36.333052, -94.177192 36.333058, -94.177205 36.332593, -94.177126 36.332592, -94.177134 36.332296, -94.177242 36.332298, -94.177246 36.332155, -94.176485 36.332141)))",microsoft_us_building_footprints
ms-ar-000538,Microsoft footprint AR #147,AR,,153902.91,36.0493183,-94.2062430,,commercial_industrial_unknown,unknown,"MULTIPOLYGON (((-94.205383 36.048949, -94.205376 36.049654, -94.205408 36.049654, -94.205407 36.049819, -94.205678 36.049821, -94.205679 36.04966, -94.20587 36.049661, -94.205869 36.049735, -94.206727 36.049741, -94.206728 36.049676, -94.206894 36.049677, -94.206894 36.04972, -94.207181 36.049722, -94.207183 36.049446, -94.206902 36.049445, -94.206903 36.04931, -94.206984 36.049311, -94.206984 36.049259, -94.207134 36.04926, -94.207137 36.048963, -94.206799 36.04896, -94.206801 36.048832, -94.206122 36.048828, -94.206122 36.048852, -94.206063 36.048851, -94.206062 36.048953, -94.205383 36.048949)))",microsoft_us_building_footprints
ms-ar-000539,Microsoft footprint AR #148,AR,,163817.13,36.2086799,-94.5169447,,commercial_industrial_unknown,unknown,"MULTIPOLYGON (((-94.51755 36.209322, -94.517615 36.20722, -94.517099 36.207209, -94.517412 36.20764, -94.517306 36.207638, -94.517275 36.207687, -94.517199 36.207656, -94.517194 36.207819, -94.517137 36.207911, -94.517294 36.208128, -94.517287 36.208368, -94.517046 36.208753, -94.516892 36.208826, -94.516511 36.208818, -94.516507 36.20894, -94.516418 36.208903, -94.516354 36.208934, -94.516326 36.208895, -94.516244 36.208934, -94.516209 36.208885, -94.51611 36.208924, -94.516029 36.208891, -94.516054 36.208849, -94.515543 36.208642, -94.516258 36.209625, -94.516454 36.209629, -94.516464 36.2093, -94.51755 36.209322)))",microsoft_us_building_footprints
ms-ar-000540,Microsoft footprint AR #149,AR,,411439.13,36.1732346,-94.1344967,,commercial_industrial_unknown,unknown,"MULTIPOLYGON (((-94.135802 36.172196, -94.135402 36.172227, -94.135417 36.172345, -94.135147 36.172366, -94.13513 36.17223, -94.134886 36.172249, -94.134891 36.172293, -94.133808 36.172377, -94.133433 36.173194, -94.133269 36.173206, -94.133157 36.17345, -94.133583 36.173498, -94.133405 36.173568, -94.133385 36.173561, -94.133396 36.173536, -94.133144 36.173636, -94.133196 36.174077, -94.133665 36.174217, -94.135469 36.174076, -94.135396 36.173464, -94.134403 36.173167, -94.134374 36.172926, -94.134456 36.172951, -94.134477 36.173125, -94.134802 36.172986, -94.134824 36.173171, -94.135909 36.173086, -94.135802 36.172196)))",microsoft_us_building_footprints
ms-ar-000541,Microsoft footprint AR #150,AR,,116744.64,36.0878719,-94.1574828,,commercial_industrial_unknown,unknown,"MULTIPOLYGON (((-94.158459 36.087526, -94.157671 36.087451, -94.157646 36.087626, -94.15742 36.087538, -94.157182 36.087634, -94.157155 36.087495, -94.156549 36.087438, -94.156507 36.087726, -94.157115 36.087649, -94.157156 36.08786, -94.157053 36.088033, -94.156813 36.08801, -94.156783 36.087854, -94.156503 36.087889, -94.156471 36.088106, -94.157034 36.088324, -94.157059 36.088151, -94.157287 36.088122, -94.157309 36.088239, -94.158073 36.088312, -94.158098 36.088143, -94.1584 36.088171, -94.158436 36.087921, -94.158118 36.087891, -94.158094 36.088062, -94.157816 36.088036, -94.15793 36.087844, -94.157824 36.087672, -94.158436 36.08773, -94.158466 36.087886, -94.158527 36.087879, -94.158459 36.087526)))",microsoft_us_building_footprints
ms-ar-000542,Microsoft footprint AR #151,AR,,423455.31,35.3184659,-94.4114908,,commercial_industrial_unknown,unknown,"MULTIPOLYGON (((-94.410351 35.317608, -94.410324 35.319299, -94.41263 35.319324, -94.412658 35.317633, -94.410351 35.317608)))",microsoft_us_building_footprints
ms-ar-000543,Microsoft footprint AR #152,AR,,147861.33,35.3969412,-94.4200361,,commercial_industrial_unknown,unknown,"MULTIPOLYGON (((-94.419077 35.396902, -94.419363 35.397063, -94.419346 35.397161, -94.420011 35.397535, -94.420034 35.397509, -94.419958 35.397466, -94.42006 35.397394, -94.42015 35.397445, -94.420095 35.3976, -94.420125 35.397617, -94.420179 35.397553, -94.42032 35.397633, -94.420436 35.39758, -94.420482 35.397606, -94.420546 35.39753, -94.420658 35.397593, -94.420819 35.397138, -94.420576 35.397001, -94.420591 35.396983, -94.42021 35.396768, -94.420307 35.396654, -94.420506 35.396766, -94.420708 35.396196, -94.420497 35.396077, -94.420114 35.39653, -94.420248 35.396606, -94.420161 35.396709, -94.419538 35.396358, -94.419077 35.396902)))",microsoft_us_building_footprints
ms-ar-000544,Microsoft footprint AR #153,AR,,226004.41,35.6999070,-90.0388783,,commercial_industrial_unknown,unknown,"MULTIPOLYGON (((-90.039002 35.699137, -90.038997 35.699248, -90.038448 35.699234, -90.038442 35.699386, -90.037923 35.699572, -90.038032 35.699622, -90.037926 35.699691, -90.037919 35.69987, -90.038047 35.69993, -90.038238 35.699935, -90.038228 35.700196, -90.038171 35.700194, -90.038043 35.700376, -90.037901 35.700459, -90.037886 35.700845, -90.038087 35.70085, -90.038096 35.700618, -90.038948 35.70064, -90.038966 35.700184, -90.039947 35.70021, -90.039956 35.699972, -90.039999 35.699974, -90.040017 35.699523, -90.03955 35.699511, -90.039559 35.699302, -90.039138 35.699291, -90.039144 35.699141, -90.039002 35.699137)))",microsoft_us_building_footprints
ms-ar-000545,Microsoft footprint AR #154,AR,,316615.48,36.3727376,-90.1878685,,commercial_industrial_unknown,unknown,"MULTIPOLYGON (((-90.188585 36.371668, -90.187309 36.371662, -90.187308 36.371775, -90.187361 36.371775, -90.18736 36.371934, -90.187272 36.371934, -90.187272 36.371962, -90.187357 36.371963, -90.187354 36.372481, -90.186908 36.372479, -90.186901 36.373448, -90.187682 36.373452, -90.187681 36.37351, -90.187778 36.373511, -90.187778 36.373453, -90.187859 36.373453, -90.187855 36.373868, -90.18818 36.373869, -90.18818 36.373915, -90.188461 36.373916, -90.188461 36.373933, -90.188568 36.373934, -90.188585 36.371668)))",microsoft_us_building_footprints
ms-ar-000546,Microsoft footprint AR #155,AR,,101586.27,36.2558517,-90.2977234,,commercial_industrial_unknown,unknown,"MULTIPOLYGON (((-90.298411 36.255512, -90.297047 36.255498, -90.297036 36.256191, -90.298399 36.256206, -90.298411 36.255512)))",microsoft_us_building_footprints
ms-ar-000547,Microsoft footprint AR #156,AR,,283380.55,35.0422221,-90.8101508,,commercial_industrial_unknown,unknown,"MULTIPOLYGON (((-90.809236 35.042933, -90.810749 35.042982, -90.810757 35.042825, -90.81124 35.042841, -90.811252 35.042585, -90.81097 35.042576, -90.810977 35.042429, -90.810986 35.04243, -90.811031 35.041498, -90.810231 35.041472, -90.810228 35.04152, -90.810148 35.041518, -90.810149 35.041499, -90.810147 35.041499, -90.810148 35.041474, -90.809308 35.041447, -90.809236 35.042933)))",microsoft_us_building_footprints
ms-ar-000548,Microsoft footprint AR #157,AR,,110694.49,34.7910510,-91.5660036,,commercial_industrial_unknown,unknown,"MULTIPOLYGON (((-91.566666 34.790705, -91.566409 34.790703, -91.56641 34.790649, -91.566158 34.790646, -91.566157 34.790709, -91.566031 34.790708, -91.566033 34.790563, -91.566105 34.790563, -91.566106 34.790479, -91.565866 34.790476, -91.565865 34.790563, -91.565756 34.790562, -91.565753 34.79082, -91.565176 34.790814, -91.565169 34.791259, -91.565482 34.791262, -91.565481 34.791319, -91.565627 34.791321, -91.565628 34.791267, -91.565942 34.79127, -91.565943 34.791163, -91.566 34.791164, -91.565993 34.791591, -91.56654 34.791596, -91.566545 34.791284, -91.566623 34.791284, -91.566629 34.790884, -91.566664 34.790884, -91.566666 34.790705)))",microsoft_us_building_footprints
ms-ar-000549,Microsoft footprint AR #158,AR,,106912.18,34.7794683,-91.7320140,,commercial_industrial_unknown,unknown,"MULTIPOLYGON (((-91.731156 34.779658, -91.731474 34.779659, -91.731473 34.779764, -91.731697 34.779849, -91.731934 34.779849, -91.731935 34.77958, -91.732069 34.779581, -91.732068 34.779858, -91.732303 34.779859, -91.732304 34.779664, -91.732435 34.779664, -91.732435 34.779868, -91.732673 34.779869, -91.732674 34.779673, -91.732839 34.779673, -91.73284 34.779303, -91.732695 34.779303, -91.732696 34.779098, -91.732454 34.779097, -91.732453 34.779289, -91.73233 34.779288, -91.73233 34.779088, -91.732087 34.779087, -91.732086 34.779356, -91.731978 34.779356, -91.731954 34.779347, -91.731955 34.779107, -91.731377 34.779105, -91.731376 34.779198, -91.731652 34.779199, -91.731652 34.779243, -91.731158 34.779241, -91.731156 34.779658)))",microsoft_us_building_footprints
ms-ar-000550,Microsoft footprint AR #159,AR,,120354.03,34.7853820,-91.8879310,,commercial_industrial_unknown,unknown,"MULTIPOLYGON (((-91.888434 34.784848, -91.887404 34.784849, -91.887404 34.78493, -91.887393 34.78493, -91.887394 34.785829, -91.887595 34.785829, -91.887595 34.785913, -91.887833 34.785913, -91.887833 34.785829, -91.888112 34.785829, -91.888112 34.786023, -91.888434 34.786023, -91.888434 34.784848)))",microsoft_us_building_footprints
ms-ar-000551,Microsoft footprint AR #160,AR,,130281.47,34.2348367,-92.0448116,,commercial_industrial_unknown,unknown,"MULTIPOLYGON (((-92.044128 34.235265, -92.04519 34.235285, -92.045196 34.235062, -92.045269 34.235064, -92.045268 34.235125, -92.045914 34.235138, -92.045921 34.234896, -92.045513 34.234888, -92.045514 34.234848, -92.045205 34.234842, -92.045209 34.234696, -92.045414 34.2347, -92.045417 34.23457, -92.045186 34.234566, -92.045187 34.234516, -92.04504 34.234513, -92.045045 34.234332, -92.044796 34.234327, -92.044796 34.234319, -92.044186 34.234307, -92.04418 34.234512, -92.04415 34.234511, -92.044128 34.235265)))",microsoft_us_building_footprints
ms-ar-000552,Microsoft footprint AR #161,AR,,131597.76,34.2216961,-92.0776879,,commercial_industrial_unknown,unknown,"MULTIPOLYGON (((-92.078467 34.220968, -92.077966 34.220966, -92.077965 34.221167, -92.077322 34.221164, -92.077322 34.221238, -92.077243 34.221238, -92.077243 34.221149, -92.077037 34.221148, -92.077035 34.221405, -92.077534 34.221407, -92.077533 34.221505, -92.077102 34.221503, -92.077101 34.221674, -92.077528 34.221676, -92.077528 34.221771, -92.077034 34.221769, -92.077033 34.22194, -92.077373 34.221942, -92.077159 34.222315, -92.077274 34.222316, -92.077273 34.22247, -92.077903 34.222473, -92.077905 34.222204, -92.078146 34.222145, -92.078148 34.221956, -92.078036 34.221955, -92.077968 34.221764, -92.077913 34.221764, -92.077915 34.221378, -92.077949 34.221318, -92.077971 34.221381, -92.078465 34.221383, -92.078467 34.220968)))",microsoft_us_building_footprints
ms-ar-000553,Microsoft footprint AR #162,AR,,158086.24,34.8871400,-92.1043471,,commercial_industrial_unknown,unknown,"MULTIPOLYGON (((-92.103939 34.886316, -92.103864 34.887781, -92.104033 34.887786, -92.104018 34.888081, -92.1042 34.888087, -92.104206 34.887971, -92.104475 34.88798, -92.104473 34.888008, -92.104555 34.888011, -92.104559 34.887928, -92.104629 34.88793, -92.104625 34.888014, -92.104726 34.888017, -92.104744 34.887674, -92.10469 34.887673, -92.1047 34.887488, -92.104777 34.887491, -92.104813 34.886793, -92.104723 34.88679, -92.104733 34.886592, -92.104927 34.886598, -92.104939 34.886377, -92.10474 34.886371, -92.104742 34.886343, -92.103939 34.886316)))",microsoft_us_building_footprints
ms-ar-000554,Microsoft footprint AR #163,AR,,181791.24,34.3621055,-92.1359160,,commercial_industrial_unknown,unknown,"MULTIPOLYGON (((-92.136484 34.362836, -92.13648 34.361373, -92.135348 34.361375, -92.135352 34.362838, -92.136484 34.362836)))",microsoft_us_building_footprints
ms-ar-000555,Microsoft footprint AR #164,AR,,163437.14,34.7497647,-92.3245393,,commercial_industrial_unknown,unknown,"MULTIPOLYGON (((-92.323965 34.748677, -92.324261 34.749938, -92.324472 34.749905, -92.324389 34.749772, -92.324484 34.749732, -92.324629 34.7498, -92.324493 34.750339, -92.324331 34.750312, -92.324404 34.750021, -92.324247 34.749994, -92.324049 34.750786, -92.324355 34.75093, -92.324667 34.750798, -92.324698 34.750586, -92.325071 34.750428, -92.325103 34.750298, -92.324865 34.750258, -92.324934 34.749982, -92.325092 34.749957, -92.325124 34.74983, -92.324886 34.74979, -92.324955 34.749515, -92.325114 34.74949, -92.325145 34.749365, -92.324755 34.749181, -92.324664 34.749069, -92.32489 34.749107, -92.324963 34.748813, -92.324584 34.748749, -92.324534 34.748945, -92.323965 34.748677)))",microsoft_us_building_footprints
ms-ar-000556,Microsoft footprint AR #165,AR,,279825.76,34.6935432,-92.3401881,,commercial_industrial_unknown,unknown,"MULTIPOLYGON (((-92.341934 34.693438, -92.341727 34.692928, -92.341917 34.692876, -92.341867 34.692754, -92.341404 34.692881, -92.341392 34.692852, -92.341169 34.692914, -92.341191 34.692967, -92.340272 34.693219, -92.340336 34.693377, -92.340159 34.693425, -92.34014 34.69338, -92.34008 34.693396, -92.340099 34.693444, -92.339707 34.693551, -92.33949 34.693015, -92.339283 34.693072, -92.339322 34.693167, -92.338506 34.69339, -92.33865 34.693746, -92.338527 34.693779, -92.338707 34.694223, -92.339701 34.69395, -92.339786 34.694158, -92.34145 34.693701, -92.341425 34.693642, -92.341717 34.693561, -92.341694 34.693504, -92.341934 34.693438)))",microsoft_us_building_footprints
ms-ar-000557,Microsoft footprint AR #166,AR,,114431.77,34.6739075,-92.3472269,,commercial_industrial_unknown,unknown,"MULTIPOLYGON (((-92.347224 34.673754, -92.346746 34.673943, -92.346745 34.673997, -92.346773 34.673997, -92.346772 34.674061, -92.348 34.674081, -92.348012 34.673562, -92.347074 34.673548, -92.347101 34.673594, -92.346938 34.673592, -92.346946 34.673232, -92.346689 34.673228, -92.346683 34.673492, -92.346521 34.673556, -92.346518 34.673663, -92.346458 34.673686, -92.346457 34.673767, -92.346615 34.67377, -92.346599 34.67444, -92.347752 34.674458, -92.347757 34.674242, -92.346733 34.674226, -92.346742 34.673837, -92.346765 34.673828, -92.346765 34.673835, -92.346798 34.673836, -92.346801 34.67371, -92.34693 34.673712, -92.346929 34.67375, -92.347224 34.673754)))",microsoft_us_building_footprints
ms-ar-000558,Microsoft footprint AR #167,AR,,104408.73,34.8762275,-92.3890685,,commercial_industrial_unknown,unknown,"MULTIPOLYGON (((-92.388607 34.87572, -92.388599 34.876739, -92.389529 34.876745, -92.389538 34.875726, -92.389176 34.875724, -92.389176 34.875669, -92.389016 34.875668, -92.389016 34.875722, -92.388607 34.87572)))",microsoft_us_building_footprints
ms-ar-000559,Microsoft footprint AR #168,AR,,225898.73,35.0755249,-92.4208823,,commercial_industrial_unknown,unknown,"MULTIPOLYGON (((-92.420268 35.07488, -92.420275 35.07632, -92.420503 35.076319, -92.420504 35.076412, -92.42117 35.07641, -92.42117 35.07634, -92.421539 35.076339, -92.421536 35.075682, -92.421456 35.075683, -92.421453 35.074965, -92.421527 35.074965, -92.421526 35.074902, -92.421139 35.074903, -92.421138 35.074825, -92.421336 35.074825, -92.421335 35.074576, -92.420673 35.074578, -92.420672 35.074462, -92.420473 35.074463, -92.420475 35.074814, -92.420764 35.074813, -92.420765 35.074878, -92.420268 35.07488)))",microsoft_us_building_footprints
ms-ar-000560,Microsoft footprint AR #169,AR,,158693.74,33.5757785,-92.8366678,,commercial_industrial_unknown,unknown,"MULTIPOLYGON (((-92.836981 33.576383, -92.837033 33.576265, -92.836978 33.576248, -92.837132 33.576119, -92.837285 33.576122, -92.837329 33.576023, -92.837185 33.575904, -92.837507 33.575172, -92.837414 33.575143, -92.837358 33.575271, -92.836425 33.574986, -92.83638 33.575088, -92.836643 33.575168, -92.836319 33.575439, -92.836348 33.575507, -92.835993 33.575541, -92.835969 33.575596, -92.836083 33.57563, -92.835914 33.576013, -92.836073 33.576062, -92.835813 33.57628, -92.836315 33.576433, -92.836457 33.57642, -92.836482 33.576361, -92.836729 33.576437, -92.836706 33.576274, -92.836863 33.576404, -92.836885 33.576354, -92.836981 33.576383)))",microsoft_us_building_footprints
ms-ar-000561,Microsoft footprint AR #170,AR,,191640.43,34.4740292,-92.9974956,,commercial_industrial_unknown,unknown,"MULTIPOLYGON (((-92.999265 34.473781, -92.999209 34.473443, -92.997466 34.473637, -92.997398 34.473664, -92.997102 34.473697, -92.99714 34.473929, -92.997001 34.473945, -92.99697 34.473756, -92.996729 34.473783, -92.99676 34.473976, -92.996143 34.474045, -92.996258 34.474749, -92.9966 34.47471, -92.996569 34.474519, -92.996617 34.474514, -92.996655 34.474749, -92.996888 34.474723, -92.996876 34.474647, -92.997127 34.474619, -92.997122 34.474585, -92.997453 34.474395, -92.997434 34.474284, -92.997266 34.474302, -92.997326 34.474218, -92.997751 34.474171, -92.997729 34.474034, -92.99912 34.473879, -92.999107 34.473799, -92.999265 34.473781)))",microsoft_us_building_footprints
ms-ar-000562,Microsoft footprint AR #171,AR,,215157.7,33.0442438,-93.1719974,,commercial_industrial_unknown,unknown,"MULTIPOLYGON (((-93.171311 33.044998, -93.172409 33.045029, -93.172429 33.044537, -93.172864 33.04455, -93.17314 33.044392, -93.173142 33.044357, -93.172247 33.044332, -93.17225 33.044244, -93.172371 33.044248, -93.172375 33.044149, -93.173047 33.044168, -93.173059 33.043887, -93.172906 33.043883, -93.172912 33.043741, -93.172813 33.043739, -93.172811 33.04379, -93.172698 33.043855, -93.172366 33.043845, -93.172365 33.043859, -93.172261 33.043856, -93.172273 33.043564, -93.172155 33.04356, -93.172156 33.043515, -93.172125 33.043515, -93.172123 33.043566, -93.171919 33.04356, -93.171925 33.043394, -93.171379 33.043379, -93.171348 33.044149, -93.171254 33.044146, -93.171251 33.044209, -93.171342 33.044212, -93.171311 33.044998)))",microsoft_us_building_footprints
ms-ar-000563,Microsoft footprint AR #172,AR,,103097.57,36.1710601,-94.1150127,,commercial_industrial_unknown,unknown,"MULTIPOLYGON (((-94.115433 36.170486, -94.114607 36.170475, -94.114583 36.171625, -94.115407 36.171637, -94.115408 36.171545, -94.115549 36.171547, -94.11555 36.17148, -94.115413 36.171478, -94.115433 36.170486)))",microsoft_us_building_footprints
ms-ar-000564,Microsoft footprint AR #173,AR,,296588.7,36.1724869,-94.1312887,,commercial_industrial_unknown,unknown,"MULTIPOLYGON (((-94.130528 36.173433, -94.131987 36.173454, -94.132005 36.172638, -94.130916 36.172622, -94.13092 36.17246, -94.131389 36.172466, -94.131389 36.172486, -94.131469 36.172487, -94.13147 36.17247, -94.132293 36.172482, -94.132306 36.171871, -94.132207 36.17187, -94.132208 36.17182, -94.131884 36.171815, -94.131888 36.171595, -94.131433 36.171588, -94.131434 36.171538, -94.131182 36.171535, -94.13118 36.171587, -94.130832 36.171582, -94.130827 36.171792, -94.130318 36.171784, -94.130303 36.172451, -94.130845 36.172459, -94.130841 36.172619, -94.130546 36.172615, -94.130528 36.173433)))",microsoft_us_building_footprints
ms-ar-000565,Microsoft footprint AR #174,AR,,405093.74,36.0318397,-94.1324253,,commercial_industrial_unknown,unknown,"MULTIPOLYGON (((-94.134133 36.032608, -94.134144 36.031623, -94.134334 36.031469, -94.134335 36.031345, -94.131251 36.031322, -94.13125 36.031402, -94.129812 36.031391, -94.129701 36.03163, -94.129775 36.031588, -94.129772 36.031842, -94.131071 36.031852, -94.131073 36.031693, -94.131213 36.031694, -94.131208 36.032154, -94.13191 36.03216, -94.131913 36.031881, -94.13203 36.031882, -94.132028 36.032111, -94.132266 36.032112, -94.132259 36.032757, -94.132517 36.032759, -94.132519 36.032526, -94.133029 36.03253, -94.133034 36.032097, -94.133467 36.032603, -94.134133 36.032608)))",microsoft_us_building_footprints
ms-ar-000566,Microsoft footprint AR #175,AR,,158025.44,36.3177761,-94.1364965,,commercial_industrial_unknown,unknown,"MULTIPOLYGON (((-94.136143 36.318744, -94.136728 36.318748, -94.13673 36.318559, -94.136863 36.31856, -94.136872 36.317804, -94.136672 36.317802, -94.136673 36.317757, -94.137019 36.317759, -94.13702 36.317684, -94.136682 36.317681, -94.136682 36.317635, -94.136983 36.317637, -94.136985 36.317422, -94.136888 36.317421, -94.13689 36.31727, -94.136993 36.317271, -94.136997 36.316979, -94.136773 36.316977, -94.136775 36.316826, -94.136249 36.316822, -94.136247 36.316962, -94.136084 36.316961, -94.13608 36.317254, -94.136234 36.317255, -94.136234 36.317334, -94.136098 36.317333, -94.136095 36.317622, -94.136253 36.317623, -94.136251 36.317792, -94.136053 36.317791, -94.136044 36.318545, -94.136146 36.318546, -94.136143 36.318744)))",microsoft_us_building_footprints
ms-ar-000567,Microsoft footprint AR #176,AR,,228411.01,36.3062880,-94.1856771,,commercial_industrial_unknown,unknown,"MULTIPOLYGON (((-94.18661 36.307419, -94.186273 36.306332, -94.185996 36.30622, -94.185955 36.306085, -94.186065 36.306063, -94.185955 36.305709, -94.185767 36.305747, -94.185673 36.305625, -94.18581 36.305646, -94.185754 36.305465, -94.185559 36.305563, -94.185504 36.305386, -94.185379 36.305411, -94.185515 36.304823, -94.185124 36.304665, -94.185113 36.304715, -94.185098 36.304713, -94.184939 36.305401, -94.184801 36.305429, -94.185053 36.306243, -94.185302 36.306193, -94.185343 36.306246, -94.185893 36.306136, -94.185952 36.306328, -94.18537 36.30662, -94.185546 36.307188, -94.185672 36.307162, -94.185692 36.307227, -94.185599 36.307246, -94.185708 36.3076, -94.18661 36.307419)))",microsoft_us_building_footprints
ms-ar-000568,Microsoft footprint AR #177,AR,,1120215.42,36.3214696,-94.2565046,,commercial_industrial_unknown,unknown,"MULTIPOLYGON (((-94.255584 36.319158, -94.255562 36.320593, -94.255404 36.320591, -94.2554 36.320798, -94.255553 36.3208, -94.255528 36.322437, -94.255099 36.322432, -94.255063 36.324747, -94.256109 36.324757, -94.256145 36.322447, -94.257831 36.322464, -94.257838 36.322021, -94.258334 36.322026, -94.258341 36.321574, -94.257848 36.321569, -94.257861 36.320754, -94.257964 36.320755, -94.257962 36.320874, -94.258057 36.320875, -94.258059 36.320756, -94.258196 36.320757, -94.258201 36.320457, -94.258233 36.320457, -94.258234 36.320384, -94.258202 36.320384, -94.258203 36.32031, -94.258228 36.32031, -94.25823 36.320209, -94.257955 36.320206, -94.257956 36.320156, -94.257878 36.320156, -94.257893 36.319181, -94.255584 36.319158)))",microsoft_us_building_footprints
ms-ar-000569,Microsoft footprint AR #178,AR,,168205.51,36.3244470,-94.2596975,,commercial_industrial_unknown,unknown,"MULTIPOLYGON (((-94.260134 36.323522, -94.259288 36.323511, -94.25926 36.324937, -94.259274 36.324938, -94.259273 36.324959, -94.259356 36.32496, -94.259354 36.325085, -94.259351 36.325085, -94.259351 36.325122, -94.259275 36.325121, -94.259275 36.325141, -94.259266 36.325141, -94.259261 36.325387, -94.260098 36.325397, -94.260134 36.323522)))",microsoft_us_building_footprints
ms-ar-000570,Microsoft footprint AR #179,AR,,155843.81,35.6911008,-89.9834558,,commercial_industrial_unknown,unknown,"MULTIPOLYGON (((-89.982895 35.690489, -89.98288 35.690857, -89.982849 35.690872, -89.982822 35.690835, -89.982773 35.690834, -89.982757 35.691222, -89.982903 35.691226, -89.982885 35.691677, -89.98379 35.691701, -89.983788 35.691743, -89.984033 35.691749, -89.984036 35.691685, -89.984159 35.691688, -89.984164 35.691546, -89.984001 35.691541, -89.984016 35.691156, -89.984008 35.691144, -89.984008 35.691129, -89.984036 35.691129, -89.984039 35.691062, -89.984093 35.691063, -89.984096 35.690982, -89.984032 35.69098, -89.984034 35.690923, -89.98399 35.690922, -89.983992 35.690859, -89.984075 35.69082, -89.984088 35.690514, -89.984073 35.69052, -89.982895 35.690489)))",microsoft_us_building_footprints
ms-ar-000571,Microsoft footprint AR #180,AR,,716560.96,34.8470552,-90.3317210,,commercial_industrial_unknown,unknown,"MULTIPOLYGON (((-90.332308 34.844991, -90.332451 34.846817, -90.331929 34.846588, -90.331488 34.846819, -90.33149 34.846848, -90.330979 34.846875, -90.330958 34.8466, -90.330497 34.846624, -90.330526 34.846999, -90.330195 34.847016, -90.329768 34.84767, -90.329583 34.84768, -90.329602 34.847932, -90.330048 34.848182, -90.330124 34.849145, -90.331057 34.849096, -90.331003 34.8484, -90.332118 34.848341, -90.332065 34.847664, -90.331651 34.847131, -90.333153 34.847052, -90.333124 34.846676, -90.33331 34.846205, -90.333633 34.845711, -90.334029 34.84569, -90.333962 34.84484, -90.333015 34.84489, -90.333039 34.845187, -90.332784 34.8452, -90.332308 34.844991)))",microsoft_us_building_footprints
ms-ar-000572,Microsoft footprint AR #181,AR,,115327.54,36.0516985,-90.4984955,,commercial_industrial_unknown,unknown,"MULTIPOLYGON (((-90.497927 36.052269, -90.498559 36.052268, -90.498562 36.052259, -90.498627 36.052259, -90.498627 36.052112, -90.498726 36.052112, -90.498725 36.051907, -90.498925 36.051907, -90.498982 36.051752, -90.499602 36.051751, -90.499601 36.051485, -90.49902 36.051486, -90.498798 36.051742, -90.498672 36.051743, -90.498672 36.051694, -90.49876 36.051588, -90.49876 36.051378, -90.498533 36.051379, -90.498577 36.051325, -90.498541 36.051305, -90.49854 36.051068, -90.498401 36.051069, -90.498401 36.050978, -90.498347 36.050978, -90.498347 36.051068, -90.498119 36.051068, -90.49812 36.051206, -90.498196 36.051206, -90.498196 36.051279, -90.497924 36.05128, -90.497927 36.052269)))",microsoft_us_building_footprints
ms-ar-000573,Microsoft footprint AR #182,AR,,711508.73,35.6737505,-90.5105224,,commercial_industrial_unknown,unknown,"MULTIPOLYGON (((-90.510361 35.672923, -90.513438 35.675026, -90.513921 35.67456, -90.512632 35.673679, -90.512514 35.673792, -90.512266 35.673623, -90.51208 35.673803, -90.511963 35.673723, -90.512254 35.673441, -90.510541 35.672271, -90.509377 35.672555, -90.509443 35.672733, -90.509751 35.672658, -90.509572 35.67283, -90.509337 35.672669, -90.508035 35.673926, -90.509538 35.674954, -90.510648 35.674683, -90.510853 35.674823, -90.511308 35.674383, -90.511039 35.674199, -90.510824 35.674407, -90.51034 35.674075, -90.510613 35.673811, -90.510239 35.673556, -90.5096 35.674173, -90.509554 35.674142, -90.510239 35.673481, -90.509982 35.673305, -90.510365 35.672935, -90.510361 35.672923)))",microsoft_us_building_footprints
ms-ar-000574,Microsoft footprint AR #183,AR,,102698.18,36.0576356,-90.5118869,,commercial_industrial_unknown,unknown,"MULTIPOLYGON (((-90.51284 36.057824, -90.512753 36.057747, -90.512754 36.05772, -90.512671 36.057645, -90.512697 36.057626, -90.512144 36.057132, -90.512107 36.05713, -90.512046 36.057175, -90.511852 36.057001, -90.511689 36.05712, -90.511685 36.057191, -90.511467 36.05735, -90.51152 36.057398, -90.511512 36.057561, -90.511673 36.057705, -90.511552 36.057794, -90.511534 36.057778, -90.511536 36.057743, -90.510936 36.057724, -90.510916 36.058142, -90.51109 36.058147, -90.511097 36.058007, -90.511549 36.058021, -90.511742 36.05788, -90.511871 36.057996, -90.511874 36.057996, -90.512382 36.057625, -90.512572 36.057795, -90.51228 36.058007, -90.512419 36.058131, -90.51284 36.057824)))",microsoft_us_building_footprints
ms-ar-000575,Microsoft footprint AR #184,AR,,748004.74,35.8232380,-90.6642586,,commercial_industrial_unknown,unknown,"MULTIPOLYGON (((-90.667379 35.822929, -90.666076 35.822906, -90.665867 35.823122, -90.665885 35.822433, -90.664681 35.822412, -90.664677 35.822569, -90.663803 35.822553, -90.66379 35.823043, -90.663391 35.823036, -90.663716 35.8227, -90.663718 35.822626, -90.663032 35.822614, -90.663023 35.822947, -90.662596 35.822676, -90.662266 35.82267, -90.662261 35.822853, -90.660679 35.822826, -90.660659 35.823606, -90.664066 35.823665, -90.664055 35.824072, -90.664651 35.824082, -90.66466 35.82373, -90.666189 35.823756, -90.666265 35.823677, -90.666256 35.824038, -90.667056 35.824052, -90.667358 35.82374, -90.667379 35.822929)))",microsoft_us_building_footprints
ms-ar-000576,Microsoft footprint AR #185,AR,,155548.68,35.0280505,-90.7936674,,commercial_industrial_unknown,unknown,"MULTIPOLYGON (((-90.794463 35.027688, -90.794117 35.027687, -90.794117 35.027555, -90.794003 35.027555, -90.794003 35.027557, -90.793052 35.027557, -90.793052 35.027638, -90.792929 35.027638, -90.792929 35.027671, -90.792738 35.027671, -90.792738 35.027827, -90.792929 35.027827, -90.792929 35.027886, -90.793041 35.027886, -90.793041 35.028227, -90.792784 35.028227, -90.792784 35.028446, -90.793336 35.028446, -90.793336 35.028563, -90.79416 35.028563, -90.79416 35.028441, -90.794463 35.028441, -90.794463 35.027688)))",microsoft_us_building_footprints
ms-ar-000577,Microsoft footprint AR #186,AR,,181441.65,36.1050006,-90.9415703,,commercial_industrial_unknown,unknown,"MULTIPOLYGON (((-90.941481 36.104108, -90.941472 36.10433, -90.941036 36.104319, -90.94098 36.105751, -90.942084 36.105779, -90.942108 36.105166, -90.942119 36.105167, -90.94215 36.104353, -90.941909 36.104347, -90.941918 36.104119, -90.941481 36.104108)))",microsoft_us_building_footprints
ms-ar-000578,Microsoft footprint AR #187,AR,,154265.15,36.2444082,-90.9475977,,commercial_industrial_unknown,unknown,"MULTIPOLYGON (((-90.948584 36.244079, -90.947324 36.244057, -90.947328 36.243929, -90.946866 36.243921, -90.946863 36.244044, -90.9467 36.244041, -90.946685 36.244592, -90.946588 36.24459, -90.946583 36.244766, -90.948565 36.2448, -90.948584 36.244079)))",microsoft_us_building_footprints
ms-ar-000579,Microsoft footprint AR #188,AR,,119260.07,36.2486460,-90.9514103,,commercial_industrial_unknown,unknown,"MULTIPOLYGON (((-90.950894 36.248104, -90.950884 36.248612, -90.950811 36.248611, -90.95081 36.248678, -90.950874 36.248679, -90.950866 36.249101, -90.951319 36.249106, -90.951317 36.24923, -90.951902 36.249237, -90.95191 36.248785, -90.951916 36.248785, -90.951929 36.248117, -90.950894 36.248104)))",microsoft_us_building_footprints
ms-ar-000580,Microsoft footprint AR #189,AR,,118952.0,35.6386550,-91.1856934,,commercial_industrial_unknown,unknown,"MULTIPOLYGON (((-91.186448 35.638276, -91.185773 35.638271, -91.185772 35.638358, -91.185673 35.638357, -91.185674 35.63832, -91.185725 35.638321, -91.185725 35.638276, -91.185578 35.638275, -91.185577 35.638319, -91.185626 35.63832, -91.185626 35.638356, -91.185521 35.638355, -91.185522 35.638273, -91.185184 35.63827, -91.185183 35.638351, -91.184925 35.638349, -91.184921 35.638702, -91.184843 35.638702, -91.184842 35.638754, -91.18492 35.638754, -91.184917 35.638975, -91.185419 35.638979, -91.185418 35.639068, -91.185651 35.63907, -91.18565 35.639116, -91.185713 35.639116, -91.185714 35.63907, -91.185943 35.639072, -91.185944 35.638985, -91.186439 35.638989, -91.186448 35.638276)))",microsoft_us_building_footprints
ms-ar-000581,Microsoft footprint AR #190,AR,,113779.63,33.3242095,-91.3130515,,commercial_industrial_unknown,unknown,"MULTIPOLYGON (((-91.311828 33.324372, -91.311936 33.324619, -91.31219 33.324541, -91.312348 33.324899, -91.312589 33.324825, -91.312669 33.324682, -91.312731 33.324663, -91.312661 33.324505, -91.312742 33.324525, -91.312768 33.324453, -91.31283 33.3245, -91.312906 33.324564, -91.313178 33.32448, -91.313166 33.324367, -91.313089 33.324191, -91.313424 33.324089, -91.313562 33.324402, -91.313753 33.324243, -91.313639 33.323984, -91.314134 33.323832, -91.314208 33.324, -91.314321 33.323965, -91.314335 33.324092, -91.314457 33.324054, -91.314275 33.323641, -91.314078 33.323475, -91.313998 33.323695, -91.313406 33.323737, -91.313357 33.323902, -91.311828 33.324372)))",microsoft_us_building_footprints
ms-ar-000582,Microsoft footprint AR #191,AR,,121914.8,33.4125377,-91.3270132,,commercial_industrial_unknown,unknown,"MULTIPOLYGON (((-91.32657 33.41272, -91.326798 33.412814, -91.326799 33.412839, -91.326711 33.412989, -91.326712 33.413107, -91.327614 33.413098, -91.32758 33.413067, -91.327672 33.412909, -91.327667 33.412524, -91.32741 33.412289, -91.327401 33.412285, -91.327374 33.412286, -91.327156 33.412085, -91.327099 33.412086, -91.327014 33.412051, -91.326857 33.412053, -91.326838 33.412035, -91.326678 33.41197, -91.326643 33.411938, -91.326442 33.411855, -91.326359 33.411856, -91.32635 33.411848, -91.326286 33.411897, -91.326279 33.411909, -91.326281 33.412021, -91.326345 33.41208, -91.326346 33.412165, -91.326428 33.412239, -91.32643 33.412413, -91.326567 33.412538, -91.32657 33.41272)))",microsoft_us_building_footprints
ms-ar-000583,Microsoft footprint AR #192,AR,,142457.79,33.4323711,-91.3298415,,commercial_industrial_unknown,unknown,"MULTIPOLYGON (((-91.329982 33.43145, -91.329351 33.431438, -91.329344 33.431707, -91.329363 33.431682, -91.329464 33.431964, -91.329514 33.431965, -91.329516 33.431894, -91.329559 33.431895, -91.329772 33.43213, -91.329766 33.432347, -91.329547 33.432486, -91.329358 33.432278, -91.329352 33.432473, -91.329382 33.432433, -91.329431 33.432487, -91.329428 33.432594, -91.329362 33.432521, -91.329345 33.433143, -91.329352 33.433147, -91.329695 33.433061, -91.329692 33.433178, -91.329786 33.433281, -91.329813 33.433264, -91.329811 33.433346, -91.329833 33.433358, -91.329942 33.433289, -91.329907 33.433193, -91.330071 33.432973, -91.330308 33.432823, -91.330442 33.43297, -91.330522 33.43295, -91.329982 33.43145)))",microsoft_us_building_footprints
ms-ar-000584,Microsoft footprint AR #193,AR,,166808.39,35.4916882,-91.3945285,,commercial_industrial_unknown,unknown,"MULTIPOLYGON (((-91.394934 35.492406, -91.394873 35.49233, -91.395025 35.491943, -91.394901 35.49179, -91.395177 35.491862, -91.395291 35.491571, -91.395232 35.491498, -91.395272 35.491477, -91.394987 35.491124, -91.39441 35.490974, -91.394114 35.490988, -91.393959 35.49107, -91.394041 35.491091, -91.393978 35.491252, -91.39391 35.491168, -91.393875 35.491257, -91.393891 35.491489, -91.394047 35.491529, -91.393863 35.491628, -91.393957 35.491745, -91.393879 35.491945, -91.393932 35.491958, -91.393941 35.491937, -91.39414 35.492184, -91.394144 35.492234, -91.394205 35.492202, -91.394222 35.492453, -91.394571 35.492543, -91.394863 35.492387, -91.394934 35.492406)))",microsoft_us_building_footprints
ms-ar-000585,Microsoft footprint AR #194,AR,,294635.9,33.8922393,-91.5016507,,commercial_industrial_unknown,unknown,"MULTIPOLYGON (((-91.502893 33.892554, -91.502933 33.891644, -91.501753 33.891609, -91.501758 33.891482, -91.50109 33.891462, -91.501085 33.891582, -91.500556 33.891566, -91.500528 33.892201, -91.500696 33.892206, -91.500679 33.892595, -91.50053 33.892591, -91.500524 33.892734, -91.501283 33.892757, -91.501246 33.893606, -91.501652 33.893619, -91.501674 33.893123, -91.501813 33.893127, -91.501839 33.892521, -91.50173 33.892518, -91.501729 33.89252, -91.501139 33.892502, -91.501153 33.892175, -91.501591 33.892188, -91.501717 33.892421, -91.502381 33.892455, -91.502493 33.892413, -91.502488 33.892541, -91.502893 33.892554)))",microsoft_us_building_footprints
ms-ar-000586,Microsoft footprint AR #195,AR,,123568.66,33.8710764,-91.4902850,,commercial_industrial_unknown,unknown,"MULTIPOLYGON (((-91.489589 33.871537, -91.489957 33.871549, -91.489957 33.871552, -91.490291 33.871562, -91.490301 33.871342, -91.491066 33.871366, -91.491072 33.871233, -91.491177 33.871236, -91.491181 33.871154, -91.49109 33.871151, -91.491105 33.870822, -91.490874 33.870815, -91.490876 33.870759, -91.490836 33.870758, -91.490839 33.87069, -91.489629 33.870652, -91.489589 33.871537)))",microsoft_us_building_footprints
ms-ar-000587,Microsoft footprint AR #196,AR,,124694.87,35.7196373,-91.5241428,,commercial_industrial_unknown,unknown,"MULTIPOLYGON (((-91.524694 35.719075, -91.523753 35.719075, -91.523753 35.719041, -91.523628 35.719041, -91.523628 35.719457, -91.523587 35.719457, -91.523587 35.719522, -91.523627 35.719522, -91.523627 35.719803, -91.52358 35.719803, -91.52358 35.719858, -91.52364 35.719858, -91.52364 35.720298, -91.523896 35.720298, -91.523896 35.720193, -91.523875 35.720193, -91.523875 35.720083, -91.524389 35.720083, -91.524389 35.720254, -91.524464 35.720254, -91.524464 35.720313, -91.524681 35.720313, -91.524681 35.719698, -91.52456 35.719698, -91.52456 35.719416, -91.524694 35.719416, -91.524694 35.719075)))",microsoft_us_building_footprints
ms-ar-000588,Microsoft footprint AR #197,AR,,160854.79,34.4901411,-91.5473013,,commercial_industrial_unknown,unknown,"MULTIPOLYGON (((-91.546763 34.490876, -91.547772 34.490892, -91.547791 34.490054, -91.547444 34.490049, -91.547446 34.489984, -91.547828 34.489989, -91.547841 34.489393, -91.546856 34.489377, -91.546839 34.490137, -91.54678 34.490136, -91.546763 34.490876)))",microsoft_us_building_footprints
ms-ar-000589,Microsoft footprint AR #198,AR,,175774.47,34.0198757,-91.5875486,,commercial_industrial_unknown,unknown,"MULTIPOLYGON (((-91.587871 34.019252, -91.587867 34.01926, -91.58757 34.019168, -91.587513 34.019215, -91.587454 34.019166, -91.58723 34.01935, -91.587336 34.019638, -91.586883 34.02001, -91.586846 34.019998, -91.586858 34.020032, -91.58682 34.020041, -91.58671 34.019949, -91.586672 34.01998, -91.586428 34.019776, -91.586305 34.020051, -91.586373 34.020433, -91.58685 34.020312, -91.586899 34.020202, -91.587795 34.020479, -91.587883 34.020285, -91.588387 34.020157, -91.588498 34.019908, -91.588425 34.019711, -91.588478 34.019698, -91.588443 34.019601, -91.588431 34.019598, -91.588393 34.019684, -91.58835 34.019671, -91.588397 34.019566, -91.588334 34.019396, -91.587871 34.019252)))",microsoft_us_building_footprints
ms-ar-000590,Microsoft footprint AR #199,AR,,219706.19,35.7672421,-91.6195904,,commercial_industrial_unknown,unknown,"MULTIPOLYGON (((-91.618555 35.767513, -91.620127 35.768153, -91.620344 35.767802, -91.620255 35.767766, -91.620313 35.767672, -91.620233 35.767639, -91.620194 35.767702, -91.620106 35.767667, -91.620503 35.767024, -91.620433 35.766995, -91.620451 35.766966, -91.620402 35.766946, -91.620387 35.76697, -91.620157 35.766877, -91.620211 35.766789, -91.620358 35.766849, -91.620418 35.766752, -91.619827 35.766512, -91.619822 35.766521, -91.619614 35.766436, -91.619528 35.766576, -91.619157 35.766425, -91.618989 35.766696, -91.619071 35.76673, -91.619023 35.766807, -91.618929 35.766769, -91.618803 35.766972, -91.618872 35.767, -91.618555 35.767513)))",microsoft_us_building_footprints
ms-ar-000591,Microsoft footprint AR #200,AR,,1135673.72,35.2194629,-91.7279718,,commercial_industrial_unknown,unknown,"MULTIPOLYGON (((-91.725165 35.220603, -91.72911 35.220714, -91.729084 35.220659, -91.729556 35.220672, -91.729629 35.218943, -91.73147 35.218995, -91.73151 35.21805, -91.731042 35.217991, -91.731042 35.217986, -91.731116 35.217985, -91.731179 35.217903, -91.730822 35.217892, -91.730891 35.218039, -91.730189 35.218019, -91.730193 35.217929, -91.730179 35.217934, -91.730073 35.217931, -91.730118 35.218027, -91.729615 35.218013, -91.729582 35.218809, -91.72891 35.21879, -91.728491 35.218577, -91.728592 35.218792, -91.728223 35.218781, -91.727979 35.218259, -91.72752 35.218246, -91.727497 35.218793, -91.725244 35.218729, -91.725165 35.220603)))",microsoft_us_building_footprints
ms-ar-000592,Microsoft footprint AR #201,AR,,170688.27,35.2525476,-91.7596666,,commercial_industrial_unknown,unknown,"MULTIPOLYGON (((-91.75846 35.252777, -91.760237 35.252853, -91.760231 35.252942, -91.759624 35.252916, -91.759601 35.253272, -91.760229 35.253011, -91.76061 35.253137, -91.760726 35.252904, -91.760744 35.252621, -91.760234 35.252599, -91.760242 35.252474, -91.760493 35.252485, -91.760527 35.251961, -91.760211 35.251947, -91.760192 35.252253, -91.759288 35.252214, -91.759296 35.252083, -91.759019 35.252071, -91.758858 35.252004, -91.758488 35.252158, -91.75849 35.252132, -91.758536 35.252039, -91.75842 35.252034, -91.758499 35.252357, -91.758664 35.252364, -91.758654 35.252521, -91.758946 35.2524, -91.758929 35.252663, -91.758413 35.252641, -91.75846 35.252777)))",microsoft_us_building_footprints
ms-ar-000593,Microsoft footprint AR #202,AR,,100156.98,36.0600662,-91.9203476,,commercial_industrial_unknown,unknown,"MULTIPOLYGON (((-91.919566 36.060283, -91.919987 36.060287, -91.919986 36.060353, -91.920116 36.060354, -91.920115 36.060407, -91.920242 36.060408, -91.920243 36.060355, -91.920451 36.060357, -91.92045 36.060434, -91.92069 36.060436, -91.920689 36.060526, -91.920732 36.060526, -91.920733 36.06043, -91.921303 36.060435, -91.92131 36.05995, -91.920522 36.059943, -91.920522 36.05996, -91.920447 36.059959, -91.920445 36.060085, -91.920385 36.060084, -91.920386 36.060044, -91.920332 36.060044, -91.920332 36.060086, -91.920046 36.060084, -91.920054 36.059473, -91.919577 36.059469, -91.919566 36.060283)))",microsoft_us_building_footprints
ms-ar-000594,Microsoft footprint AR #203,AR,,116840.87,33.1446366,-91.9612076,,commercial_industrial_unknown,unknown,"MULTIPOLYGON (((-91.961801 33.145145, -91.961617 33.144535, -91.961618 33.14453, -91.961442 33.143946, -91.961391 33.143937, -91.960868 33.144047, -91.960939 33.144283, -91.960852 33.144301, -91.960828 33.144297, -91.96084 33.144248, -91.960832 33.144221, -91.960614 33.144267, -91.960644 33.144367, -91.960615 33.144373, -91.960805 33.145004, -91.960875 33.144989, -91.960973 33.145006, -91.961015 33.145143, -91.960971 33.14532, -91.961801 33.145145)))",microsoft_us_building_footprints
ms-ar-000595,Microsoft footprint AR #204,AR,,155970.17,33.1331270,-91.9780147,,commercial_industrial_unknown,unknown,"MULTIPOLYGON (((-91.978498 33.132933, -91.978223 33.132934, -91.97821 33.132961, -91.978039 33.132961, -91.977952 33.133141, -91.97754 33.133142, -91.977538 33.132679, -91.977987 33.132678, -91.977988 33.132823, -91.978657 33.132822, -91.978656 33.132339, -91.978573 33.132339, -91.978545 33.132398, -91.977858 33.1324, -91.977857 33.132202, -91.977639 33.132203, -91.977639 33.132268, -91.977469 33.132268, -91.977473 33.133851, -91.977546 33.133851, -91.977546 33.133961, -91.97757 33.13397, -91.977571 33.134075, -91.977712 33.134075, -91.977711 33.133896, -91.97784 33.133896, -91.97784 33.133855, -91.978501 33.133854, -91.978498 33.132933)))",microsoft_us_building_footprints
ms-ar-000596,Microsoft footprint AR #205,AR,,199144.28,34.2271627,-91.9764254,,commercial_industrial_unknown,unknown,"MULTIPOLYGON (((-91.977514 34.226786, -91.975472 34.226708, -91.975463 34.226859, -91.975146 34.226846, -91.975123 34.227254, -91.975129 34.227254, -91.975122 34.227374, -91.975952 34.227406, -91.97595 34.22743, -91.976393 34.227447, -91.976392 34.227458, -91.976672 34.227469, -91.976665 34.227603, -91.976499 34.227597, -91.976492 34.227711, -91.976696 34.227718, -91.976695 34.227737, -91.976767 34.22774, -91.976764 34.227796, -91.977278 34.227816, -91.977298 34.227455, -91.977476 34.227462, -91.977514 34.226786)))",microsoft_us_building_footprints
ms-ar-000597,Microsoft footprint AR #206,AR,,235082.65,34.2618783,-92.0626380,,commercial_industrial_unknown,unknown,"MULTIPOLYGON (((-92.061853 34.261135, -92.061814 34.262462, -92.062755 34.262481, -92.06275 34.262662, -92.06309 34.262669, -92.063095 34.262492, -92.063554 34.262501, -92.063568 34.262007, -92.063702 34.26201, -92.063707 34.261832, -92.063182 34.261822, -92.063201 34.261162, -92.061853 34.261135)))",microsoft_us_building_footprints
ms-ar-000598,Microsoft footprint AR #207,AR,,272490.13,33.6072361,-92.0699381,,commercial_industrial_unknown,unknown,"MULTIPOLYGON (((-92.070623 33.608302, -92.070624 33.606795, -92.070465 33.606573, -92.070505 33.606573, -92.070505 33.60648, -92.069986 33.60648, -92.069986 33.606572, -92.069776 33.606572, -92.069776 33.606375, -92.069585 33.606375, -92.069586 33.605486, -92.069242 33.605486, -92.069242 33.606632, -92.06973 33.606632, -92.06973 33.606799, -92.069861 33.606799, -92.069861 33.607178, -92.069798 33.607178, -92.069798 33.606982, -92.069252 33.606981, -92.069252 33.607539, -92.069582 33.607539, -92.069582 33.608149, -92.069531 33.608149, -92.069531 33.608196, -92.06958 33.608196, -92.06958 33.608473, -92.070161 33.608473, -92.070161 33.608302, -92.070623 33.608302)))",microsoft_us_building_footprints
ms-ar-000599,Microsoft footprint AR #208,AR,,219288.57,34.9764620,-92.0407162,,commercial_industrial_unknown,unknown,"MULTIPOLYGON (((-92.041248 34.977287, -92.041259 34.976877, -92.041445 34.976881, -92.041456 34.97648, -92.041274 34.976477, -92.041293 34.975805, -92.041421 34.975808, -92.041425 34.975656, -92.040259 34.975634, -92.040262 34.975509, -92.040089 34.975506, -92.040081 34.975794, -92.040249 34.975797, -92.04024 34.976119, -92.040077 34.976116, -92.04007 34.976374, -92.040129 34.976375, -92.040118 34.976756, -92.040046 34.976755, -92.040036 34.977102, -92.040106 34.977103, -92.040102 34.977262, -92.040181 34.977264, -92.040179 34.977332, -92.040284 34.977334, -92.040286 34.977269, -92.041248 34.977287)))",microsoft_us_building_footprints
ms-ar-000600,Microsoft footprint AR #209,AR,,473156.3,34.2576986,-92.0516850,,commercial_industrial_unknown,unknown,"MULTIPOLYGON (((-92.049192 34.256884, -92.049185 34.257628, -92.049433 34.25763, -92.049455 34.257672, -92.049536 34.257672, -92.049536 34.257632, -92.051266 34.257643, -92.051604 34.258285, -92.051963 34.258156, -92.05218 34.258568, -92.051981 34.25864, -92.051981 34.25865, -92.052097 34.258871, -92.052363 34.258775, -92.052422 34.258887, -92.052359 34.25891, -92.052467 34.259115, -92.052559 34.259082, -92.052569 34.2591, -92.053102 34.258909, -92.052892 34.25851, -92.052959 34.258486, -92.052893 34.258359, -92.053728 34.258059, -92.053169 34.256996, -92.052932 34.257081, -92.0529 34.257108, -92.051562 34.257589, -92.051511 34.257491, -92.051431 34.257491, -92.051437 34.256899, -92.049192 34.256884)))",microsoft_us_building_footprints
ms-ar-000601,Microsoft footprint AR #210,AR,,101307.19,34.7348170,-92.1639682,,commercial_industrial_unknown,unknown,"MULTIPOLYGON (((-92.164851 34.734578, -92.164458 34.734577, -92.164458 34.734548, -92.16285 34.734545, -92.16285 34.734636, -92.162694 34.734636, -92.162694 34.734916, -92.16282 34.734916, -92.162854 34.734828, -92.162895 34.734828, -92.162894 34.735147, -92.163228 34.735234, -92.163229 34.73505, -92.163111 34.73505, -92.163111 34.735046, -92.163071 34.735069, -92.163021 34.735009, -92.163021 34.734832, -92.163123 34.734833, -92.163123 34.734772, -92.163131 34.734774, -92.163266 34.734698, -92.163335 34.734698, -92.163335 34.734843, -92.164311 34.734845, -92.16431 34.735203, -92.165013 34.735204, -92.165014 34.734944, -92.165083 34.734944, -92.165084 34.734893, -92.16485 34.734833, -92.164851 34.734578)))",microsoft_us_building_footprints
ms-ar-000602,Microsoft footprint AR #211,AR,,288027.1,34.7056488,-92.1831317,,commercial_industrial_unknown,unknown,"MULTIPOLYGON (((-92.182312 34.706463, -92.183722 34.706497, -92.183727 34.706364, -92.183932 34.706369, -92.183979 34.705071, -92.183787 34.705066, -92.183795 34.704842, -92.183511 34.704835, -92.183514 34.70477, -92.183111 34.70476, -92.183108 34.704822, -92.182372 34.704804, -92.182312 34.706463)))",microsoft_us_building_footprints
ms-ar-000603,Microsoft footprint AR #212,AR,,170724.13,34.7111722,-92.1939350,,commercial_industrial_unknown,unknown,"MULTIPOLYGON (((-92.193446 34.71039, -92.193444 34.711995, -92.193773 34.711995, -92.193773 34.712021, -92.193869 34.712021, -92.193869 34.711995, -92.19412 34.711995, -92.19412 34.711852, -92.194445 34.711852, -92.194446 34.71039, -92.193446 34.71039)))",microsoft_us_building_footprints
ms-ar-000604,Microsoft footprint AR #213,AR,,220619.79,34.7125146,-92.1875560,,commercial_industrial_unknown,unknown,"MULTIPOLYGON (((-92.188724 34.712895, -92.188741 34.712088, -92.187528 34.71207, -92.187529 34.712026, -92.187415 34.712024, -92.187414 34.71206, -92.186464 34.712046, -92.186446 34.712853, -92.186796 34.712858, -92.186791 34.713096, -92.187368 34.713104, -92.187367 34.713128, -92.187512 34.71313, -92.187518 34.712878, -92.188724 34.712895)))",microsoft_us_building_footprints
ms-ar-000605,Microsoft footprint AR #214,AR,,158853.31,34.7452373,-92.2863969,,commercial_industrial_unknown,unknown,"MULTIPOLYGON (((-92.285917 34.746058, -92.286158 34.746094, -92.286171 34.746036, -92.287097 34.746112, -92.287114 34.746036, -92.287141 34.74604, -92.287238 34.745598, -92.286413 34.745476, -92.286449 34.745311, -92.286363 34.745298, -92.286476 34.745128, -92.286615 34.745149, -92.286779 34.744397, -92.286631 34.744375, -92.286639 34.744341, -92.286478 34.744317, -92.286467 34.744333, -92.285874 34.744246, -92.285707 34.745006, -92.286059 34.745058, -92.286108 34.745003, -92.286201 34.745017, -92.286192 34.745058, -92.286442 34.745095, -92.286311 34.745291, -92.286178 34.745271, -92.286159 34.745357, -92.286073 34.745344, -92.285917 34.746058)))",microsoft_us_building_footprints
ms-ar-000606,Microsoft footprint AR #215,AR,,197768.42,34.6854157,-92.3105216,,commercial_industrial_unknown,unknown,"MULTIPOLYGON (((-92.310719 34.685043, -92.311242 34.684547, -92.310939 34.684332, -92.31059 34.684664, -92.310442 34.684558, -92.310156 34.684829, -92.310308 34.684937, -92.309998 34.685232, -92.309869 34.68514, -92.309561 34.685433, -92.309618 34.685474, -92.309654 34.68544, -92.309922 34.685631, -92.309655 34.685885, -92.310182 34.68626, -92.310274 34.686173, -92.310255 34.68616, -92.310421 34.686003, -92.310707 34.686207, -92.311184 34.685752, -92.3112 34.685763, -92.311287 34.68568, -92.31141 34.685767, -92.31155 34.685634, -92.310719 34.685043)))",microsoft_us_building_footprints
ms-ar-000607,Microsoft footprint AR #216,AR,,145862.43,34.8575330,-92.3887654,,commercial_industrial_unknown,unknown,"MULTIPOLYGON (((-92.390009 34.857528, -92.389839 34.856996, -92.389485 34.857071, -92.389555 34.857291, -92.389465 34.85731, -92.389375 34.857027, -92.389186 34.857067, -92.389174 34.857161, -92.389116 34.857174, -92.38909 34.857093, -92.388887 34.857137, -92.388981 34.857434, -92.388875 34.857456, -92.388782 34.857163, -92.388576 34.857207, -92.388603 34.857292, -92.388527 34.857308, -92.3885 34.857224, -92.388293 34.857268, -92.388387 34.857566, -92.388282 34.857589, -92.388192 34.857307, -92.387972 34.857288, -92.388011 34.857411, -92.387933 34.857428, -92.387902 34.85733, -92.387693 34.857375, -92.387791 34.857685, -92.387719 34.857701, -92.387876 34.858192, -92.388382 34.858083, -92.38832 34.85789, -92.390009 34.857528)))",microsoft_us_building_footprints
ms-ar-000608,Microsoft footprint AR #217,AR,,172944.88,34.7483780,-92.4105299,,commercial_industrial_unknown,unknown,"MULTIPOLYGON (((-92.41 34.747682, -92.409981 34.748517, -92.410016 34.748518, -92.410013 34.748681, -92.410056 34.748682, -92.410052 34.748847, -92.409867 34.748844, -92.409858 34.749222, -92.410098 34.749226, -92.410096 34.749321, -92.410344 34.749325, -92.410355 34.748856, -92.411193 34.748869, -92.411204 34.748359, -92.411159 34.748358, -92.411174 34.7477, -92.41 34.747682)))",microsoft_us_building_footprints
ms-ar-000609,Microsoft footprint AR #218,AR,,115349.88,34.8013028,-92.4545348,,commercial_industrial_unknown,unknown,"MULTIPOLYGON (((-92.453968 34.80086, -92.453971 34.801133, -92.453928 34.801133, -92.453928 34.801186, -92.453984 34.801186, -92.453993 34.802057, -92.454175 34.802056, -92.454176 34.802101, -92.454489 34.802099, -92.454488 34.802011, -92.45455 34.80201, -92.454543 34.801286, -92.454566 34.801286, -92.454565 34.801147, -92.454647 34.801146, -92.454647 34.801182, -92.455218 34.801178, -92.455218 34.801207, -92.455526 34.801205, -92.455525 34.801099, -92.455593 34.801098, -92.455591 34.800847, -92.455389 34.800849, -92.455389 34.800831, -92.454839 34.800835, -92.45484 34.800945, -92.454757 34.800945, -92.454756 34.80085, -92.454593 34.800852, -92.454592 34.800807, -92.454181 34.80081, -92.454181 34.800859, -92.453968 34.80086)))",microsoft_us_building_footprints
ms-ar-000610,Microsoft footprint AR #219,AR,,153513.15,34.6065878,-92.5399977,,commercial_industrial_unknown,unknown,"MULTIPOLYGON (((-92.538704 34.606808, -92.53891 34.607228, -92.539168 34.607142, -92.53924 34.607288, -92.539519 34.607196, -92.539535 34.607227, -92.539588 34.60721, -92.539563 34.607159, -92.539971 34.607023, -92.539931 34.606942, -92.540007 34.606916, -92.539964 34.606829, -92.540493 34.606653, -92.540518 34.606705, -92.540614 34.606673, -92.540572 34.606587, -92.540909 34.606475, -92.540853 34.606361, -92.541092 34.606281, -92.541072 34.606239, -92.541102 34.606229, -92.541084 34.606192, -92.541508 34.606051, -92.541387 34.605804, -92.540204 34.606198, -92.540211 34.606213, -92.539996 34.606284, -92.540017 34.606327, -92.539393 34.606535, -92.539385 34.606518, -92.539155 34.606595, -92.539181 34.606649, -92.538704 34.606808)))",microsoft_us_building_footprints
ms-ar-000611,Microsoft footprint AR #220,AR,,131292.68,33.2156403,-92.6107788,,commercial_industrial_unknown,unknown,"MULTIPOLYGON (((-92.611112 33.215133, -92.610938 33.215135, -92.610935 33.214993, -92.610785 33.214995, -92.610776 33.214488, -92.610885 33.214486, -92.610884 33.214383, -92.610811 33.214384, -92.610811 33.214368, -92.610564 33.214372, -92.610575 33.214986, -92.610441 33.214988, -92.610444 33.215147, -92.610396 33.215148, -92.610397 33.215193, -92.61043 33.215192, -92.61045 33.216242, -92.610295 33.216244, -92.610299 33.216424, -92.611084 33.216414, -92.611085 33.216459, -92.611326 33.216455, -92.61132 33.216128, -92.611076 33.216131, -92.611075 33.216039, -92.611166 33.216038, -92.611161 33.215755, -92.611088 33.215756, -92.611084 33.215536, -92.611119 33.215536, -92.611112 33.215133)))",microsoft_us_building_footprints
ms-ar-000612,Microsoft footprint AR #221,AR,,238080.76,33.2164398,-92.6850149,,commercial_industrial_unknown,unknown,"MULTIPOLYGON (((-92.685543 33.215316, -92.684438 33.21579, -92.684475 33.215937, -92.684445 33.21609, -92.68466 33.216957, -92.684962 33.216905, -92.684978 33.216972, -92.684598 33.217038, -92.684503 33.216655, -92.684147 33.216717, -92.68421 33.216972, -92.684468 33.216927, -92.684483 33.216984, -92.684161 33.21704, -92.684298 33.217592, -92.684892 33.217337, -92.684818 33.21704, -92.684947 33.217018, -92.685012 33.217279, -92.685672 33.217196, -92.68558 33.216823, -92.685231 33.216972, -92.685143 33.216949, -92.685088 33.216727, -92.68578 33.216607, -92.685769 33.216562, -92.685819 33.216435, -92.685576 33.215454, -92.685577 33.215454, -92.685543 33.215316)))",microsoft_us_building_footprints
ms-ar-000613,Microsoft footprint AR #222,AR,,107340.76,33.6180964,-92.7201141,,commercial_industrial_unknown,unknown,"MULTIPOLYGON (((-92.720718 33.618501, -92.720702 33.617617, -92.720247 33.617623, -92.720249 33.617692, -92.720296 33.617691, -92.720298 33.617834, -92.720255 33.617835, -92.720256 33.61786, -92.720009 33.617863, -92.720009 33.617838, -92.719966 33.617838, -92.719966 33.617827, -92.719925 33.617828, -92.719924 33.617736, -92.719878 33.617737, -92.719876 33.617631, -92.719506 33.617635, -92.719522 33.618516, -92.720718 33.618501)))",microsoft_us_building_footprints
ms-ar-000614,Microsoft footprint AR #223,AR,,182539.69,34.4414249,-92.8840538,,commercial_industrial_unknown,unknown,"MULTIPOLYGON (((-92.884624 34.442064, -92.884693 34.441092, -92.884449 34.44108, -92.884485 34.440574, -92.883778 34.44054, -92.883751 34.440922, -92.883677 34.440919, -92.883687 34.440773, -92.883569 34.440767, -92.883481 34.441984, -92.883393 34.44198, -92.883377 34.4422, -92.883858 34.442224, -92.883864 34.442151, -92.884282 34.442171, -92.884291 34.442048, -92.884624 34.442064)))",microsoft_us_building_footprints
ms-ar-000615,Microsoft footprint AR #224,AR,,150087.44,34.4862143,-93.0357163,,commercial_industrial_unknown,unknown,"MULTIPOLYGON (((-93.034688 34.485856, -93.034692 34.486154, -93.03544 34.486379, -93.035445 34.486774, -93.035688 34.486561, -93.03569 34.486761, -93.035505 34.486762, -93.035508 34.487019, -93.03603 34.487014, -93.035778 34.48654, -93.035902 34.486577, -93.035903 34.486593, -93.036383 34.486589, -93.03641 34.486527, -93.036419 34.48653, -93.036771 34.486527, -93.036767 34.486241, -93.035964 34.486248, -93.035916 34.486355, -93.035822 34.486179, -93.036284 34.486175, -93.03628 34.485859, -93.036419 34.485808, -93.036328 34.485738, -93.035977 34.485864, -93.035916 34.485846, -93.035745 34.485524, -93.035559 34.485526, -93.035362 34.485597, -93.035365 34.48585, -93.034688 34.485856)))",microsoft_us_building_footprints
ms-ar-000616,Microsoft footprint AR #225,AR,,122586.25,35.2698306,-93.0866511,,commercial_industrial_unknown,unknown,"MULTIPOLYGON (((-93.085611 35.269524, -93.08559 35.270007, -93.085938 35.270018, -93.085947 35.270029, -93.085945 35.270082, -93.086455 35.270097, -93.086491 35.270141, -93.08662 35.270145, -93.086635 35.270164, -93.08678 35.270168, -93.086784 35.270089, -93.086927 35.270093, -93.086925 35.270142, -93.087619 35.270162, -93.087643 35.269621, -93.087499 35.269617, -93.087428 35.269528, -93.087431 35.269475, -93.087391 35.269497, -93.087394 35.269431, -93.087302 35.269428, -93.0873 35.269482, -93.087193 35.269479, -93.087223 35.269517, -93.087223 35.269526, -93.087251 35.269561, -93.087188 35.26956, -93.087163 35.269528, -93.087159 35.269618, -93.086822 35.269608, -93.086782 35.269559, -93.085611 35.269524)))",microsoft_us_building_footprints
ms-ar-000617,Microsoft footprint AR #226,AR,,252082.75,34.4679762,-93.0664821,,commercial_industrial_unknown,unknown,"MULTIPOLYGON (((-93.065546 34.468212, -93.065794 34.468309, -93.065684 34.468395, -93.065745 34.468448, -93.066166 34.468452, -93.06596 34.468809, -93.066188 34.468811, -93.066187 34.468908, -93.066421 34.46891, -93.066428 34.468359, -93.067367 34.468367, -93.067583 34.467992, -93.067431 34.46799, -93.067433 34.467809, -93.068408 34.467818, -93.068411 34.467556, -93.068025 34.467552, -93.068025 34.467535, -93.067098 34.467527, -93.067094 34.467801, -93.067079 34.467801, -93.066469 34.46727, -93.066464 34.467655, -93.066022 34.467651, -93.066222 34.467303, -93.066121 34.467263, -93.065566 34.467698, -93.065666 34.467785, -93.064888 34.467778, -93.064883 34.468206, -93.065546 34.468212)))",microsoft_us_building_footprints
ms-ar-000618,Microsoft footprint AR #227,AR,,158601.7,35.2601776,-93.0687839,,commercial_industrial_unknown,unknown,"MULTIPOLYGON (((-93.069107 35.258899, -93.068782 35.258893, -93.068619 35.259005, -93.068619 35.259033, -93.06846 35.259087, -93.068458 35.259195, -93.068565 35.259196, -93.068629 35.259258, -93.068618 35.259688, -93.06859 35.259697, -93.068448 35.259695, -93.068445 35.259802, -93.068617 35.259805, -93.068608 35.260175, -93.068569 35.260202, -93.068429 35.260199, -93.068426 35.260314, -93.068578 35.260317, -93.068587 35.260334, -93.068582 35.26053, -93.06849 35.260441, -93.068218 35.260534, -93.068204 35.261129, -93.06904 35.261142, -93.06905 35.260757, -93.069354 35.260762, -93.069363 35.260398, -93.069071 35.260393, -93.069107 35.258899)))",microsoft_us_building_footprints
ms-ar-000619,Microsoft footprint AR #228,AR,,142575.94,34.5194897,-93.1269566,,commercial_industrial_unknown,unknown,"MULTIPOLYGON (((-93.12621 34.519223, -93.126503 34.519753, -93.126624 34.519708, -93.126657 34.519767, -93.12656 34.519804, -93.126894 34.520408, -93.127523 34.520172, -93.127413 34.519974, -93.127359 34.519995, -93.127129 34.519578, -93.127468 34.519451, -93.127447 34.519414, -93.127619 34.519349, -93.12734 34.518843, -93.127187 34.5189, -93.127017 34.518592, -93.126619 34.518741, -93.126808 34.519082, -93.126546 34.51918, -93.126508 34.519112, -93.12621 34.519223)))",microsoft_us_building_footprints
ms-ar-000620,Microsoft footprint AR #229,AR,,287723.75,35.2802127,-93.0962528,,commercial_industrial_unknown,unknown,"MULTIPOLYGON (((-93.096961 35.280633, -93.096373 35.28073, -93.095717 35.280092, -93.094167 35.280348, -93.094213 35.280534, -93.094413 35.280569, -93.094498 35.280653, -93.094242 35.280695, -93.094207 35.280828, -93.094517 35.280883, -93.094504 35.280932, -93.095698 35.281143, -93.095856 35.280545, -93.096166 35.280846, -93.096788 35.280956, -93.096819 35.280839, -93.097024 35.280806, -93.097283 35.281058, -93.097686 35.280783, -93.097401 35.280505, -93.097438 35.280367, -93.097568 35.280345, -93.097919 35.279021, -93.09759 35.278963, -93.097654 35.278719, -93.097889 35.278681, -93.09795 35.278448, -93.097553 35.278378, -93.097399 35.278961, -93.09708 35.279014, -93.097407 35.280327, -93.096961 35.280633)))",microsoft_us_building_footprints
ms-ar-000621,Microsoft footprint AR #230,AR,,420978.55,36.2569255,-93.1112062,,commercial_industrial_unknown,unknown,"MULTIPOLYGON (((-93.11231 36.257461, -93.112419 36.256069, -93.110248 36.255959, -93.110099 36.257881, -93.111775 36.257966, -93.111816 36.257436, -93.11231 36.257461)))",microsoft_us_building_footprints
ms-ar-000622,Microsoft footprint AR #231,AR,,102351.76,35.2179073,-93.1665120,,commercial_industrial_unknown,unknown,"MULTIPOLYGON (((-93.166408 35.218427, -93.166929 35.218438, -93.166967 35.217306, -93.166731 35.217301, -93.166727 35.217406, -93.166083 35.217392, -93.166048 35.218431, -93.166204 35.218434, -93.166203 35.218474, -93.166406 35.218478, -93.166408 35.218427)))",microsoft_us_building_footprints
ms-ar-000623,Microsoft footprint AR #232,AR,,136669.74,35.3105091,-93.2311409,,commercial_industrial_unknown,unknown,"MULTIPOLYGON (((-93.231409 35.309956, -93.231655 35.310155, -93.231831 35.310087, -93.231825 35.309883, -93.231738 35.309812, -93.231203 35.309822, -93.231198 35.309645, -93.231101 35.309616, -93.230795 35.309621, -93.2308 35.309807, -93.23055 35.309812, -93.230557 35.310093, -93.230731 35.310233, -93.230805 35.310172, -93.230815 35.310567, -93.230981 35.310617, -93.230715 35.311206, -93.230757 35.31119, -93.230766 35.31153, -93.23152 35.311517, -93.231089 35.310779, -93.231288 35.310776, -93.231418 35.31088, -93.231491 35.310879, -93.231502 35.310855, -93.231796 35.31085, -93.231854 35.310721, -93.231746 35.310536, -93.231287 35.310714, -93.231157 35.310609, -93.231282 35.310331, -93.231419 35.310329, -93.231409 35.309956)))",microsoft_us_building_footprints
ms-ar-000624,Microsoft footprint AR #233,AR,,261459.66,36.3716853,-93.5704133,,commercial_industrial_unknown,unknown,"MULTIPOLYGON (((-93.568967 36.372381, -93.570333 36.372317, -93.57038 36.372957, -93.570615 36.372946, -93.570578 36.37244, -93.570671 36.372436, -93.570773 36.372466, -93.570794 36.372313, -93.571021 36.372371, -93.571011 36.372238, -93.570818 36.372247, -93.570962 36.371878, -93.571095 36.371871, -93.570808 36.371309, -93.570768 36.371343, -93.570645 36.371348, -93.570832 36.371193, -93.570888 36.371237, -93.570839 36.371292, -93.571989 36.371601, -93.571966 36.371275, -93.571464 36.371148, -93.571401 36.37131, -93.571261 36.371033, -93.569745 36.370747, -93.569813 36.371679, -93.568967 36.372381)))",microsoft_us_building_footprints
ms-ar-000625,Microsoft footprint AR #234,AR,,108917.78,33.4344093,-94.0017359,,commercial_industrial_unknown,unknown,"MULTIPOLYGON (((-94.000949 33.434616, -94.001339 33.434636, -94.001328 33.434777, -94.001924 33.434808, -94.001928 33.434758, -94.002223 33.434773, -94.002229 33.434695, -94.002428 33.434705, -94.002452 33.434379, -94.002562 33.434385, -94.002583 33.434101, -94.002376 33.43409, -94.002372 33.434136, -94.001305 33.434081, -94.001309 33.434024, -94.001177 33.434017, -94.001173 33.434065, -94.000998 33.434056, -94.000985 33.434231, -94.000926 33.434228, -94.000919 33.434325, -94.00097 33.434328, -94.000949 33.434616)))",microsoft_us_building_footprints
ms-ar-000626,Microsoft footprint AR #235,AR,,1874218.32,33.4197083,-94.0017995,,commercial_industrial_unknown,unknown,"MULTIPOLYGON (((-94.000353 33.416212, -94.000154 33.420763, -94.000214 33.420734, -94.000142 33.422371, -94.003759 33.422481, -94.003774 33.422138, -94.003371 33.422126, -94.003543 33.421702, -94.003653 33.421705, -94.003683 33.421031, -94.003815 33.421035, -94.003836 33.420559, -94.003336 33.420544, -94.003344 33.420362, -94.003701 33.420373, -94.003711 33.420139, -94.003371 33.420304, -94.00344 33.41872, -94.002951 33.418582, -94.002973 33.418094, -94.00277 33.418088, -94.002759 33.418351, -94.00247 33.418343, -94.002452 33.418747, -94.000396 33.418685, -94.000357 33.418014, -94.001538 33.41805, -94.001556 33.417634, -94.002848 33.417673, -94.002908 33.41629, -94.000353 33.416212)))",microsoft_us_building_footprints
ms-ar-000627,Microsoft footprint AR #236,AR,,236645.41,36.1600404,-94.0836494,,commercial_industrial_unknown,unknown,"MULTIPOLYGON (((-94.084556 36.160993, -94.084562 36.160784, -94.084629 36.160786, -94.084664 36.159492, -94.084592 36.159491, -94.084596 36.159333, -94.084027 36.159323, -94.083957 36.159446, -94.083762 36.159443, -94.08377 36.159136, -94.082802 36.159119, -94.082781 36.159909, -94.082507 36.159904, -94.082496 36.160308, -94.08278 36.160313, -94.082769 36.160736, -94.083245 36.160587, -94.08325 36.16042, -94.083134 36.160418, -94.083151 36.159812, -94.083266 36.159814, -94.083269 36.15971, -94.08444 36.159731, -94.084434 36.159975, -94.0843 36.159973, -94.084291 36.160303, -94.084422 36.160305, -94.084421 36.160355, -94.083192 36.16074, -94.083303 36.160971, -94.084556 36.160993)))",microsoft_us_building_footprints
ms-ar-000628,Microsoft footprint AR #237,AR,,130262.58,36.1927592,-94.1222315,,commercial_industrial_unknown,unknown,"MULTIPOLYGON (((-94.121961 36.192367, -94.121687 36.192355, -94.121513 36.192517, -94.121641 36.192522, -94.12167 36.192495, -94.121665 36.192564, -94.12129 36.192548, -94.121452 36.192662, -94.121291 36.192708, -94.121279 36.192887, -94.12135 36.192937, -94.121204 36.193072, -94.123024 36.19315, -94.123062 36.192575, -94.12303 36.192574, -94.123044 36.192364, -94.122197 36.192328, -94.122188 36.192467, -94.122308 36.192505, -94.122321 36.192534, -94.12223 36.19253, -94.122177 36.192493, -94.122116 36.192491, -94.122115 36.192514, -94.122055 36.192531, -94.12188 36.192442, -94.121961 36.192367)))",microsoft_us_building_footprints
ms-ar-000629,Microsoft footprint AR #238,AR,,123681.12,36.3360952,-94.1478885,,commercial_industrial_unknown,unknown,"MULTIPOLYGON (((-94.148619 36.335703, -94.147214 36.335671, -94.147184 36.336526, -94.147986 36.336544, -94.147989 36.336451, -94.148485 36.336462, -94.148488 36.336385, -94.148659 36.336388, -94.148668 36.336129, -94.148604 36.336128, -94.148619 36.335703)))",microsoft_us_building_footprints
ms-ar-000630,Microsoft footprint AR #239,AR,,140645.16,36.0361833,-94.1709046,,commercial_industrial_unknown,unknown,"MULTIPOLYGON (((-94.172022 36.036096, -94.171741 36.035937, -94.171633 36.036191, -94.17152 36.036127, -94.171459 36.036127, -94.171375 36.036325, -94.171179 36.036326, -94.171243 36.036289, -94.171183 36.036255, -94.170826 36.036462, -94.170983 36.036091, -94.170983 36.035985, -94.171203 36.035984, -94.171203 36.036074, -94.171284 36.036073, -94.171281 36.035685, -94.17109 36.035632, -94.171088 36.035353, -94.170666 36.035355, -94.170374 36.036042, -94.170348 36.036072, -94.170283 36.036053, -94.170288 36.036809, -94.171162 36.036805, -94.171427 36.036651, -94.171425 36.036436, -94.171793 36.036434, -94.171673 36.036299, -94.172022 36.036096)))",microsoft_us_building_footprints
ms-ar-000631,Microsoft footprint AR #240,AR,,100025.5,36.3033767,-94.1729829,,commercial_industrial_unknown,unknown,"MULTIPOLYGON (((-94.1727 36.302808, -94.172271 36.303503, -94.172305 36.303517, -94.172222 36.303652, -94.172306 36.303686, -94.172373 36.303576, -94.173281 36.30394, -94.173726 36.303219, -94.1727 36.302808)))",microsoft_us_building_footprints
ms-ar-000632,Microsoft footprint AR #241,AR,,667041.37,36.0347262,-94.1337346,,commercial_industrial_unknown,unknown,"MULTIPOLYGON (((-94.135532 36.033911, -94.131 36.033832, -94.130974 36.034793, -94.1332 36.034832, -94.133198 36.034918, -94.133305 36.03492, -94.133308 36.034839, -94.134218 36.034855, -94.134215 36.034966, -94.134307 36.034967, -94.13427 36.03637, -94.135466 36.036391, -94.135532 36.033911)))",microsoft_us_building_footprints
ms-ar-000633,Microsoft footprint AR #242,AR,,150082.09,36.0809657,-94.1600868,,commercial_industrial_unknown,unknown,"MULTIPOLYGON (((-94.159214 36.080559, -94.159283 36.080806, -94.159099 36.080892, -94.159743 36.080972, -94.159781 36.081025, -94.15955 36.081133, -94.159971 36.081719, -94.159974 36.081701, -94.160826 36.081547, -94.160717 36.081152, -94.160483 36.081261, -94.160362 36.081093, -94.160419 36.081066, -94.16046 36.081212, -94.16066 36.081118, -94.160672 36.081056, -94.160615 36.081028, -94.160581 36.081074, -94.160524 36.080996, -94.160657 36.080934, -94.160545 36.080777, -94.160572 36.080611, -94.160457 36.080194, -94.160332 36.080253, -94.160262 36.080156, -94.160089 36.080237, -94.160211 36.080296, -94.159754 36.080511, -94.159775 36.0804, -94.159343 36.080603, -94.159287 36.080525, -94.159214 36.080559)))",microsoft_us_building_footprints
ms-ar-000634,Microsoft footprint AR #243,AR,,155452.75,36.3695389,-94.1869647,,commercial_industrial_unknown,unknown,"MULTIPOLYGON (((-94.187484 36.368835, -94.186461 36.368823, -94.186436 36.3702, -94.186932 36.370206, -94.18693 36.370318, -94.187294 36.370322, -94.187296 36.370213, -94.18746 36.370215, -94.187484 36.368835)))",microsoft_us_building_footprints
ms-ar-000635,Microsoft footprint AR #244,AR,,105693.55,36.0505754,-94.1873976,,commercial_industrial_unknown,unknown,"MULTIPOLYGON (((-94.188117 36.050252, -94.187225 36.050234, -94.187226 36.05019, -94.18688 36.050184, -94.186879 36.050223, -94.186711 36.050219, -94.18669 36.050911, -94.188096 36.050939, -94.188117 36.050252)))",microsoft_us_building_footprints
ms-ar-000636,Microsoft footprint AR #245,AR,,174723.58,36.3390247,-94.1766250,,commercial_industrial_unknown,unknown,"MULTIPOLYGON (((-94.17583 36.339539, -94.176581 36.339547, -94.17658 36.339608, -94.176628 36.339608, -94.176625 36.339802, -94.177166 36.339808, -94.177175 36.339256, -94.177214 36.339256, -94.177218 36.339025, -94.177171 36.339025, -94.177178 36.338638, -94.177216 36.338638, -94.17722 36.338445, -94.177182 36.338445, -94.177184 36.338333, -94.177144 36.338333, -94.177145 36.338285, -94.177169 36.338286, -94.17717 36.338193, -94.177149 36.338192, -94.17715 36.338143, -94.17671 36.338138, -94.176707 36.33833, -94.176453 36.338327, -94.176447 36.338684, -94.176306 36.338682, -94.176305 36.338738, -94.175844 36.338733, -94.17583 36.339539)))",microsoft_us_building_footprints
ms-ar-000637,Microsoft footprint AR #246,AR,,104979.16,36.1784687,-94.1759193,,commercial_industrial_unknown,unknown,"MULTIPOLYGON (((-94.176669 36.177915, -94.176158 36.177908, -94.176148 36.17837, -94.174877 36.178352, -94.174868 36.178768, -94.17665 36.178793, -94.176669 36.177915)))",microsoft_us_building_footprints
ms-ar-000638,Microsoft footprint AR #247,AR,,109442.62,36.0530859,-94.1910546,,commercial_industrial_unknown,unknown,"MULTIPOLYGON (((-94.192023 36.053233, -94.191924 36.052734, -94.191642 36.052771, -94.191634 36.052734, -94.191459 36.052756, -94.191466 36.052793, -94.191372 36.052806, -94.191361 36.052746, -94.191246 36.052761, -94.191238 36.052722, -94.191091 36.052741, -94.1911 36.052783, -94.190286 36.052888, -94.190298 36.052946, -94.190081 36.052974, -94.190109 36.053117, -94.190232 36.053101, -94.190244 36.053165, -94.190116 36.053181, -94.190125 36.053226, -94.190197 36.053217, -94.190251 36.053489, -94.190877 36.053408, -94.190882 36.053433, -94.191008 36.053416, -94.190998 36.053366, -94.192023 36.053233)))",microsoft_us_building_footprints
ms-ar-000639,Microsoft footprint AR #248,AR,,155298.29,36.3718350,-94.2502112,,commercial_industrial_unknown,unknown,"MULTIPOLYGON (((-94.251398 36.371232, -94.251052 36.370927, -94.250316 36.371468, -94.250281 36.371437, -94.250103 36.371568, -94.249881 36.371373, -94.249517 36.37164, -94.249757 36.371852, -94.249185 36.372273, -94.249683 36.372713, -94.25008 36.372421, -94.250137 36.372471, -94.250344 36.37232, -94.250278 36.372262, -94.25036 36.372201, -94.250421 36.372256, -94.250506 36.372193, -94.25048 36.37217, -94.250585 36.372093, -94.250462 36.371984, -94.250705 36.371806, -94.250665 36.37177, -94.251398 36.371232)))",microsoft_us_building_footprints
ms-ar-000640,Microsoft footprint AR #249,AR,,151136.7,36.3285070,-94.2605060,,commercial_industrial_unknown,unknown,"MULTIPOLYGON (((-94.261781 36.328795, -94.26179 36.328244, -94.259244 36.328217, -94.259237 36.328623, -94.259203 36.328623, -94.259201 36.328802, -94.259268 36.328803, -94.259268 36.328768, -94.261781 36.328795)))",microsoft_us_building_footprints
ms-ar-000641,Microsoft footprint AR #250,AR,,181803.92,35.4230738,-94.3230667,,commercial_industrial_unknown,unknown,"MULTIPOLYGON (((-94.322355 35.423688, -94.323732 35.423719, -94.323759 35.422931, -94.323581 35.422927, -94.323604 35.422254, -94.323016 35.422241, -94.32301 35.422411, -94.323243 35.422416, -94.323239 35.422534, -94.322462 35.422516, -94.322459 35.422605, -94.322486 35.422605, -94.322483 35.422694, -94.322384 35.422692, -94.322377 35.422883, -94.322382 35.422883, -94.322355 35.423688)))",microsoft_us_building_footprints
ms-ar-000642,Microsoft footprint AR #251,AR,,177027.94,35.3643143,-94.3788054,,commercial_industrial_unknown,unknown,"MULTIPOLYGON (((-94.378391 35.363403, -94.378384 35.36381, -94.37833 35.363809, -94.378321 35.364305, -94.378376 35.364306, -94.378373 35.364453, -94.378321 35.364452, -94.378318 35.364591, -94.378367 35.364591, -94.378364 35.364744, -94.378312 35.364744, -94.378309 35.364884, -94.378359 35.364884, -94.378357 35.364993, -94.378305 35.364992, -94.378302 35.365133, -94.378352 35.365134, -94.378351 35.365172, -94.379297 35.365183, -94.3793 35.365019, -94.379341 35.36502, -94.379341 35.364984, -94.379303 35.364983, -94.37931 35.364572, -94.379381 35.364573, -94.379382 35.364512, -94.379315 35.364511, -94.379319 35.364302, -94.379187 35.364301, -94.379205 35.363344, -94.378843 35.363339, -94.378841 35.363408, -94.378391 35.363403)))",microsoft_us_building_footprints
ms-ar-000643,Microsoft footprint AR #252,AR,,123001.5,35.3531927,-94.3458401,,commercial_industrial_unknown,unknown,"MULTIPOLYGON (((-94.345072 35.3536, -94.345536 35.353609, -94.345534 35.353657, -94.345679 35.35366, -94.345683 35.353531, -94.346157 35.353541, -94.34616 35.353442, -94.346193 35.353443, -94.34619 35.353541, -94.346294 35.353543, -94.346297 35.353447, -94.346664 35.353455, -94.346672 35.353214, -94.346682 35.353214, -94.346693 35.352867, -94.346532 35.352864, -94.346533 35.35282, -94.346311 35.352815, -94.34631 35.352846, -94.345096 35.352821, -94.345072 35.3536)))",microsoft_us_building_footprints
ms-ar-000644,Microsoft footprint AR #253,AR,,266135.13,35.3066680,-94.3850798,,commercial_industrial_unknown,unknown,"MULTIPOLYGON (((-94.386242 35.307188, -94.386272 35.306187, -94.385148 35.306164, -94.385151 35.306048, -94.385019 35.306045, -94.385015 35.306158, -94.384946 35.306157, -94.38495 35.306019, -94.384431 35.306008, -94.384427 35.30614, -94.384422 35.30614, -94.384421 35.306171, -94.384004 35.306162, -94.383969 35.307297, -94.384554 35.307309, -94.384558 35.307189, -94.384758 35.307193, -94.384759 35.307156, -94.384862 35.307158, -94.384861 35.307195, -94.384922 35.307196, -94.384923 35.307161, -94.386242 35.307188)))",microsoft_us_building_footprints
ms-ar-000645,Microsoft footprint AR #254,AR,,378209.12,35.3032863,-94.3894313,,commercial_industrial_unknown,unknown,"MULTIPOLYGON (((-94.388708 35.301923, -94.388662 35.304147, -94.388454 35.304144, -94.388451 35.304308, -94.388524 35.304309, -94.388525 35.304266, -94.38967 35.304282, -94.389666 35.304502, -94.389878 35.304505, -94.389875 35.304621, -94.39024 35.304626, -94.390252 35.304044, -94.390401 35.303894, -94.390523 35.303895, -94.390445 35.303735, -94.390266 35.303733, -94.390271 35.303532, -94.390388 35.303533, -94.39039 35.303473, -94.390161 35.30347, -94.390164 35.303288, -94.390186 35.303203, -94.390193 35.302847, -94.390218 35.30284, -94.39022 35.302729, -94.390155 35.302598, -94.389914 35.302594, -94.389909 35.302861, -94.389716 35.302859, -94.389735 35.301937, -94.388708 35.301923)))",microsoft_us_building_footprints
ms-ar-000646,Microsoft footprint AR #255,AR,,221657.02,35.3816443,-94.4302283,,commercial_industrial_unknown,unknown,"MULTIPOLYGON (((-94.430848 35.382616, -94.430888 35.381485, -94.430518 35.381476, -94.430514 35.381601, -94.430438 35.381599, -94.430475 35.380559, -94.430202 35.380552, -94.430208 35.380399, -94.429539 35.380383, -94.429514 35.381077, -94.429642 35.38108, -94.429639 35.381178, -94.429741 35.38118, -94.42973 35.381481, -94.429807 35.381483, -94.429822 35.381088, -94.429981 35.381092, -94.429969 35.381439, -94.429958 35.381439, -94.429953 35.381592, -94.429974 35.381592, -94.429924 35.382971, -94.430405 35.382982, -94.430409 35.382872, -94.430436 35.382873, -94.430446 35.382606, -94.430848 35.382616)))",microsoft_us_building_footprints
ms-ar-000647,Microsoft footprint AR #256,AR,,101173.65,35.9357537,-89.9113852,,commercial_industrial_unknown,unknown,"MULTIPOLYGON (((-89.910358 35.935785, -89.911412 35.935769, -89.911418 35.936071, -89.911446 35.936071, -89.911447 35.936121, -89.911525 35.936119, -89.911526 35.936148, -89.911645 35.936146, -89.911648 35.936247, -89.911825 35.936245, -89.911831 35.936525, -89.91202 35.936523, -89.912011 35.936123, -89.912059 35.936122, -89.912058 35.936065, -89.912089 35.936065, -89.912086 35.935926, -89.912063 35.935926, -89.912054 35.935544, -89.911936 35.935546, -89.911934 35.935451, -89.911713 35.935454, -89.911712 35.93543, -89.911468 35.935434, -89.911467 35.935368, -89.9108 35.935378, -89.910801 35.93542, -89.91035 35.935427, -89.910358 35.935785)))",microsoft_us_building_footprints
ms-ar-000648,Microsoft footprint AR #257,AR,,240035.19,35.6960591,-89.9713503,,commercial_industrial_unknown,unknown,"MULTIPOLYGON (((-89.971151 35.695909, -89.971152 35.694839, -89.97076 35.694839, -89.97076 35.695018, -89.970875 35.695063, -89.970819 35.69516, -89.970819 35.695192, -89.97079 35.69524, -89.970655 35.69524, -89.970655 35.695342, -89.970572 35.69531, -89.970555 35.69534, -89.970504 35.69532, -89.97045 35.695412, -89.970415 35.695399, -89.970312 35.695399, -89.970312 35.695638, -89.971049 35.695639, -89.971049 35.695741, -89.970926 35.695741, -89.970926 35.695907, -89.970228 35.695906, -89.970228 35.696572, -89.970291 35.696597, -89.972741 35.696598, -89.972742 35.69592, -89.972589 35.69592, -89.972589 35.695877, -89.972404 35.695877, -89.972404 35.695909, -89.971151 35.695909)))",microsoft_us_building_footprints
ms-ar-000649,Microsoft footprint AR #258,AR,,320709.02,35.1624957,-90.1607673,,commercial_industrial_unknown,unknown,"MULTIPOLYGON (((-90.160665 35.162604, -90.161456 35.163056, -90.161564 35.163263, -90.161555 35.163389, -90.162516 35.163434, -90.162575 35.162616, -90.162021 35.162589, -90.161795 35.162159, -90.161652 35.162209, -90.161645 35.162313, -90.161391 35.162301, -90.161423 35.161845, -90.16115 35.161832, -90.161132 35.162085, -90.161208 35.162088, -90.161203 35.162148, -90.160819 35.162283, -90.160326 35.162002, -90.160342 35.161771, -90.160252 35.161719, -90.160157 35.16183, -90.160093 35.161827, -90.160099 35.161748, -90.159237 35.161707, -90.159215 35.162008, -90.158859 35.161991, -90.158937 35.162141, -90.158588 35.162263, -90.158575 35.162451, -90.15848 35.162484, -90.158489 35.162501, -90.160665 35.162604)))",microsoft_us_building_footprints
ms-ar-000650,Microsoft footprint AR #259,AR,,847241.57,35.1789533,-90.2162446,,commercial_industrial_unknown,unknown,"MULTIPOLYGON (((-90.218725 35.179587, -90.218727 35.179453, -90.218617 35.179452, -90.21864 35.177879, -90.218601 35.177842, -90.218193 35.177964, -90.218191 35.178096, -90.217866 35.178193, -90.217726 35.178207, -90.217658 35.178323, -90.217622 35.178348, -90.217543 35.178272, -90.217667 35.178273, -90.217623 35.178235, -90.217584 35.178262, -90.217586 35.17815, -90.216514 35.17814, -90.216515 35.178065, -90.213926 35.17804, -90.213904 35.179548, -90.215678 35.179565, -90.21566 35.180821, -90.216255 35.180827, -90.216274 35.179563, -90.218725 35.179587)))",microsoft_us_building_footprints
ms-ar-000651,Microsoft footprint AR #260,AR,,133339.6,34.6666284,-90.5682683,,commercial_industrial_unknown,unknown,"MULTIPOLYGON (((-90.568744 34.665822, -90.568201 34.666395, -90.568146 34.666396, -90.567297 34.667292, -90.567298 34.667336, -90.567375 34.667334, -90.567319 34.667393, -90.567296 34.667393, -90.567252 34.667365, -90.567219 34.667399, -90.567162 34.667401, -90.566855 34.667724, -90.567047 34.667847, -90.567361 34.667516, -90.567459 34.667579, -90.567948 34.667063, -90.568057 34.667133, -90.568475 34.666691, -90.568561 34.666746, -90.568601 34.666745, -90.569415 34.665886, -90.569414 34.665846, -90.56946 34.665845, -90.569183 34.665667, -90.569142 34.665711, -90.568983 34.665715, -90.568884 34.665818, -90.568744 34.665822)))",microsoft_us_building_footprints
ms-ar-000652,Microsoft footprint AR #261,AR,,184088.59,35.8178115,-90.6454429,,commercial_industrial_unknown,unknown,"MULTIPOLYGON (((-90.646537 35.817409, -90.646252 35.817408, -90.646252 35.817408, -90.64442 35.817399, -90.644417 35.817799, -90.644326 35.817798, -90.644326 35.817814, -90.644417 35.817814, -90.644415 35.818066, -90.644517 35.818067, -90.644515 35.818315, -90.644823 35.818316, -90.644824 35.818201, -90.645345 35.818204, -90.645344 35.818273, -90.645687 35.818275, -90.645688 35.818205, -90.645768 35.818206, -90.645768 35.818275, -90.645942 35.818276, -90.645943 35.818208, -90.646275 35.818209, -90.646277 35.818018, -90.646533 35.818019, -90.646537 35.817409)))",microsoft_us_building_footprints
ms-ar-000653,Microsoft footprint AR #262,AR,,140549.3,35.7767217,-90.7396100,,commercial_industrial_unknown,unknown,"MULTIPOLYGON (((-90.739501 35.776024, -90.739494 35.776241, -90.739849 35.776249, -90.740064 35.776706, -90.738996 35.776683, -90.739224 35.777169, -90.738992 35.777164, -90.739 35.776927, -90.738721 35.776921, -90.738711 35.777239, -90.738518 35.777298, -90.738535 35.777306, -90.738455 35.777438, -90.738808 35.777612, -90.739008 35.777344, -90.739097 35.777534, -90.739486 35.777542, -90.739675 35.77729, -90.739385 35.777105, -90.739389 35.777, -90.740158 35.777017, -90.740182 35.776275, -90.740738 35.776103, -90.740743 35.775952, -90.740349 35.775944, -90.740358 35.775648, -90.740098 35.775643, -90.740095 35.775744, -90.739879 35.776032, -90.739501 35.776024)))",microsoft_us_building_footprints
ms-ar-000654,Microsoft footprint AR #263,AR,,483651.94,34.4729249,-90.8278620,,commercial_industrial_unknown,unknown,"MULTIPOLYGON (((-90.826669 34.47342, -90.827295 34.473596, -90.827616 34.473903, -90.827783 34.473897, -90.82782 34.473808, -90.828395 34.47397, -90.828397 34.47401, -90.828761 34.474113, -90.828891 34.474021, -90.828978 34.474018, -90.828971 34.473865, -90.829046 34.473685, -90.829163 34.473602, -90.829156 34.473452, -90.829182 34.473389, -90.829356 34.473265, -90.829346 34.47304, -90.82903 34.472738, -90.828871 34.472693, -90.828856 34.472362, -90.82812 34.472155, -90.828053 34.472203, -90.827981 34.472134, -90.828044 34.47209, -90.828039 34.471994, -90.827911 34.471998, -90.827835 34.471977, -90.827644 34.471795, -90.826914 34.471817, -90.826373 34.472203, -90.826377 34.472296, -90.82662 34.472365, -90.826669 34.47342)))",microsoft_us_building_footprints
ms-ar-000655,Microsoft footprint AR #264,AR,,110071.66,36.0614125,-90.9667426,,commercial_industrial_unknown,unknown,"MULTIPOLYGON (((-90.9668 36.061898, -90.9668 36.06226, -90.966808 36.062269, -90.967026 36.062126, -90.96692 36.06202, -90.96692 36.061992, -90.967516 36.061601, -90.967516 36.061588, -90.966659 36.060737, -90.965951 36.061202, -90.966574 36.061821, -90.966688 36.061821, -90.966723 36.061856, -90.966757 36.061856, -90.9668 36.061898)))",microsoft_us_building_footprints
ms-ar-000656,Microsoft footprint AR #265,AR,,3057149.91,33.3526516,-91.2427068,,commercial_industrial_unknown,unknown,"MULTIPOLYGON (((-91.246177 33.354238, -91.246137 33.354194, -91.246298 33.353673, -91.246279 33.353515, -91.246348 33.35347, -91.24599 33.350495, -91.245747 33.350233, -91.243201 33.350446, -91.243017 33.350248, -91.242939 33.350254, -91.242301 33.350666, -91.242191 33.350643, -91.24221 33.35058, -91.242093 33.350554, -91.242026 33.350598, -91.242016 33.35063, -91.242062 33.350679, -91.241904 33.350782, -91.241869 33.350895, -91.241691 33.35091, -91.241556 33.350764, -91.241442 33.350838, -91.241479 33.351145, -91.239555 33.351307, -91.239441 33.35138, -91.238788 33.353495, -91.238935 33.354717, -91.239159 33.354765, -91.239173 33.35488, -91.245343 33.354306, -91.245345 33.354308, -91.246177 33.354238)))",microsoft_us_building_footprints
ms-ar-000657,Microsoft footprint AR #266,AR,,101013.54,33.8716285,-91.4871284,,commercial_industrial_unknown,unknown,"MULTIPOLYGON (((-91.486302 33.871408, -91.486405 33.871944, -91.487429 33.87181, -91.487498 33.872172, -91.487854 33.872126, -91.487842 33.872065, -91.487884 33.872059, -91.487859 33.871925, -91.48779 33.871934, -91.487652 33.87121, -91.487276 33.87126, -91.487249 33.871118, -91.487071 33.871142, -91.487101 33.871303, -91.486302 33.871408)))",microsoft_us_building_footprints
ms-ar-000658,Microsoft footprint AR #267,AR,,1178623.4,34.1755741,-91.7108561,,commercial_industrial_unknown,unknown,"MULTIPOLYGON (((-91.706972 34.175911, -91.707176 34.176222, -91.712904 34.177008, -91.713456 34.17676, -91.713266 34.176469, -91.713361 34.17639, -91.71258 34.175751, -91.713718 34.17524, -91.713608 34.175072, -91.713126 34.174875, -91.712958 34.174951, -91.712534 34.174838, -91.712051 34.174771, -91.712173 34.174165, -91.711316 34.174549, -91.711184 34.174496, -91.71121 34.174367, -91.711155 34.174255, -91.711504 34.17367, -91.710609 34.173547, -91.70997 34.174618, -91.709494 34.174553, -91.709313 34.174277, -91.709189 34.174892, -91.709147 34.174875, -91.709109 34.175066, -91.709842 34.175668, -91.708866 34.176106, -91.707771 34.175208, -91.707322 34.175959, -91.706972 34.175911)))",microsoft_us_building_footprints
ms-ar-000659,Microsoft footprint AR #268,AR,,299413.87,34.5833534,-91.8842702,,commercial_industrial_unknown,unknown,"MULTIPOLYGON (((-91.883558 34.583877, -91.883567 34.583887, -91.883997 34.584068, -91.884165 34.584538, -91.884239 34.584618, -91.884179 34.584656, -91.884204 34.584727, -91.884554 34.584741, -91.884587 34.584687, -91.884592 34.58461, -91.884632 34.584545, -91.884726 34.584487, -91.885013 34.584023, -91.884997 34.583976, -91.885044 34.5839, -91.885066 34.583513, -91.885111 34.583441, -91.884969 34.583036, -91.884569 34.58302, -91.88443 34.582869, -91.884378 34.582722, -91.884432 34.581823, -91.884284 34.58176, -91.884204 34.58178, -91.883995 34.58191, -91.883639 34.582484, -91.883558 34.583877)))",microsoft_us_building_footprints
ms-ar-000660,Microsoft footprint AR #269,AR,,193080.14,34.2556880,-91.9433515,,commercial_industrial_unknown,unknown,"MULTIPOLYGON (((-91.942197 34.255534, -91.944229 34.256619, -91.944364 34.256446, -91.944246 34.256383, -91.944272 34.256349, -91.944012 34.25621, -91.944072 34.256134, -91.944047 34.256121, -91.944101 34.256052, -91.94429 34.256153, -91.944342 34.256086, -91.944432 34.256134, -91.944541 34.255995, -91.944395 34.255917, -91.944465 34.255828, -91.942873 34.254978, -91.942906 34.254936, -91.942589 34.254767, -91.942409 34.254998, -91.942555 34.255075, -91.942197 34.255534)))",microsoft_us_building_footprints
ms-ar-000661,Microsoft footprint AR #270,AR,,224502.26,33.1368750,-91.9715415,,commercial_industrial_unknown,unknown,"MULTIPOLYGON (((-91.970792 33.137561, -91.972243 33.137539, -91.972227 33.136803, -91.97249 33.136799, -91.972482 33.136457, -91.972225 33.136461, -91.972219 33.136212, -91.970763 33.136235, -91.970792 33.137561)))",microsoft_us_building_footprints
ms-ar-000662,Microsoft footprint AR #271,AR,,201147.73,34.2100352,-92.0303633,,commercial_industrial_unknown,unknown,"MULTIPOLYGON (((-92.0297 34.210677, -92.030465 34.210683, -92.030463 34.210809, -92.030737 34.210811, -92.030738 34.21068, -92.031073 34.210683, -92.031079 34.210164, -92.031205 34.210165, -92.031211 34.209626, -92.03099 34.209624, -92.03099 34.209584, -92.03008 34.209577, -92.030086 34.209003, -92.029732 34.209, -92.02973 34.209215, -92.0297 34.209215, -92.029698 34.20941, -92.029671 34.20941, -92.02967 34.209552, -92.029712 34.209552, -92.0297 34.210677)))",microsoft_us_building_footprints
ms-ar-000663,Microsoft footprint AR #272,AR,,716162.11,34.7525817,-92.1590422,,commercial_industrial_unknown,unknown,"MULTIPOLYGON (((-92.15971 34.75095, -92.159501 34.751024, -92.159552 34.751121, -92.158035 34.751656, -92.158033 34.751652, -92.157965 34.751676, -92.158006 34.751756, -92.157206 34.752037, -92.158287 34.754111, -92.160882 34.753198, -92.15971 34.75095)))",microsoft_us_building_footprints
ms-ar-000664,Microsoft footprint AR #273,AR,,147682.37,34.7252532,-92.1966868,,commercial_industrial_unknown,unknown,"MULTIPOLYGON (((-92.196477 34.726305, -92.196828 34.726426, -92.19679 34.726107, -92.197108 34.726081, -92.197099 34.726009, -92.196863 34.725928, -92.19698 34.725698, -92.196942 34.725631, -92.197248 34.725383, -92.197221 34.725147, -92.197019 34.724978, -92.197084 34.724952, -92.197063 34.724769, -92.196699 34.724465, -92.196872 34.724325, -92.196858 34.7242, -92.19672 34.724152, -92.196418 34.724176, -92.19647 34.724623, -92.196115 34.72476, -92.196122 34.724816, -92.196315 34.724977, -92.196331 34.725118, -92.196206 34.725166, -92.196342 34.725279, -92.196361 34.725443, -92.196262 34.725524, -92.196425 34.725661, -92.196327 34.725852, -92.196448 34.725894, -92.19643 34.725909, -92.196477 34.726305)))",microsoft_us_building_footprints
ms-ar-000665,Microsoft footprint AR #274,AR,,344851.3,34.7051726,-92.2001842,,commercial_industrial_unknown,unknown,"MULTIPOLYGON (((-92.19853 34.705694, -92.20152 34.705735, -92.201537 34.704908, -92.201909 34.704913, -92.20192 34.704401, -92.2018 34.7044, -92.201801 34.704335, -92.201631 34.704332, -92.201629 34.704461, -92.200913 34.704452, -92.20091 34.704597, -92.200864 34.704596, -92.200858 34.704883, -92.200648 34.70488, -92.200649 34.70483, -92.200076 34.704823, -92.200076 34.704864, -92.198662 34.704845, -92.198665 34.704707, -92.197829 34.704696, -92.197826 34.704826, -92.198547 34.704836, -92.19853 34.705694)))",microsoft_us_building_footprints
ms-ar-000666,Microsoft footprint AR #275,AR,,199357.64,34.7888070,-92.2290067,,commercial_industrial_unknown,unknown,"MULTIPOLYGON (((-92.229439 34.789852, -92.229545 34.789027, -92.229441 34.789018, -92.229449 34.788958, -92.229348 34.788949, -92.229385 34.788662, -92.229189 34.788645, -92.229618 34.788161, -92.229312 34.787978, -92.229317 34.787941, -92.229214 34.787879, -92.229221 34.787822, -92.229084 34.78774, -92.229059 34.787767, -92.22899 34.787726, -92.228971 34.787747, -92.228559 34.787501, -92.228044 34.788082, -92.228175 34.788161, -92.228171 34.788198, -92.229122 34.788767, -92.229087 34.789044, -92.229047 34.789041, -92.22887 34.790415, -92.229397 34.790461, -92.229414 34.790328, -92.229333 34.790321, -92.22934 34.790262, -92.229443 34.790271, -92.229496 34.789857, -92.229439 34.789852)))",microsoft_us_building_footprints
ms-ar-000667,Microsoft footprint AR #276,AR,,150866.8,34.7981892,-92.2566462,,commercial_industrial_unknown,unknown,"MULTIPOLYGON (((-92.25613 34.799451, -92.256598 34.799503, -92.256659 34.799132, -92.256774 34.799144, -92.256933 34.798173, -92.256849 34.798164, -92.256896 34.797881, -92.256982 34.797891, -92.257081 34.79729, -92.257121 34.797294, -92.257139 34.797184, -92.257065 34.797176, -92.257124 34.796817, -92.256758 34.796776, -92.256757 34.796784, -92.256695 34.796777, -92.256608 34.797304, -92.256582 34.797301, -92.256494 34.797834, -92.256441 34.797828, -92.256436 34.797861, -92.256461 34.797864, -92.256373 34.798397, -92.256269 34.798386, -92.256261 34.798435, -92.256281 34.798438, -92.256151 34.799227, -92.256167 34.799229, -92.25613 34.799451)))",microsoft_us_building_footprints
ms-ar-000668,Microsoft footprint AR #277,AR,,126403.12,34.8329970,-92.2722827,,commercial_industrial_unknown,unknown,"MULTIPOLYGON (((-92.273591 34.832814, -92.273402 34.832623, -92.273231 34.832738, -92.272797 34.832302, -92.272582 34.832446, -92.273026 34.832893, -92.272725 34.833095, -92.272307 34.832674, -92.272091 34.832818, -92.27252 34.83325, -92.272211 34.833457, -92.271227 34.832468, -92.271071 34.832573, -92.271023 34.832524, -92.270832 34.832653, -92.270887 34.832708, -92.27083 34.832746, -92.27092 34.832836, -92.271099 34.832715, -92.27122 34.832837, -92.271047 34.832953, -92.27114 34.833047, -92.271169 34.833027, -92.271196 34.833054, -92.271294 34.832989, -92.271263 34.832958, -92.271315 34.832923, -92.271458 34.833067, -92.271373 34.833124, -92.271487 34.833239, -92.271603 34.833161, -92.272191 34.833752, -92.273591 34.832814)))",microsoft_us_building_footprints
ms-ar-000669,Microsoft footprint AR #278,AR,,159293.82,34.6907534,-92.3172384,,commercial_industrial_unknown,unknown,"MULTIPOLYGON (((-92.317831 34.690267, -92.317526 34.690258, -92.317535 34.690028, -92.317137 34.690017, -92.317135 34.690076, -92.316721 34.690064, -92.316667 34.691393, -92.317784 34.691424, -92.317831 34.690267)))",microsoft_us_building_footprints
ms-ar-000670,Microsoft footprint AR #279,AR,,216328.16,34.7191755,-92.3401913,,commercial_industrial_unknown,unknown,"MULTIPOLYGON (((-92.341711 34.718882, -92.338578 34.718807, -92.338574 34.718922, -92.338555 34.718921, -92.338548 34.71913, -92.338802 34.719136, -92.3388 34.719214, -92.338977 34.719218, -92.338966 34.719517, -92.340609 34.719556, -92.340617 34.719316, -92.340703 34.719318, -92.340702 34.71936, -92.340825 34.719363, -92.340821 34.719484, -92.341046 34.71949, -92.341041 34.719628, -92.341405 34.719637, -92.341406 34.719604, -92.341543 34.719607, -92.341554 34.719288, -92.341696 34.719291, -92.341711 34.718882)))",microsoft_us_building_footprints
ms-ar-000671,Microsoft footprint AR #280,AR,,203994.66,36.2932877,-92.4864840,,commercial_industrial_unknown,unknown,"MULTIPOLYGON (((-92.485898 36.294065, -92.487034 36.294093, -92.487052 36.293613, -92.48701 36.293612, -92.487012 36.293549, -92.48709 36.293551, -92.487091 36.293518, -92.487131 36.293519, -92.487135 36.293412, -92.487089 36.293411, -92.487092 36.293335, -92.487171 36.293337, -92.487173 36.29329, -92.487118 36.293288, -92.487122 36.293195, -92.487012 36.293193, -92.487028 36.292769, -92.487143 36.292772, -92.487131 36.293081, -92.487363 36.293087, -92.487373 36.292821, -92.487171 36.292816, -92.487173 36.292763, -92.487095 36.292761, -92.487096 36.29273, -92.487128 36.292731, -92.487134 36.292573, -92.485932 36.292544, -92.485925 36.292749, -92.48572 36.292744, -92.485703 36.293196, -92.485931 36.293201, -92.485898 36.294065)))",microsoft_us_building_footprints
ms-ar-000672,Microsoft footprint AR #281,AR,,106944.57,34.5741248,-92.5774816,,commercial_industrial_unknown,unknown,"MULTIPOLYGON (((-92.578693 34.574379, -92.577729 34.573623, -92.577498 34.573823, -92.577226 34.57361, -92.576583 34.574167, -92.576643 34.574214, -92.576473 34.574361, -92.576848 34.574655, -92.577239 34.574316, -92.577262 34.574334, -92.577676 34.573975, -92.577694 34.573989, -92.577707 34.573978, -92.57773 34.573996, -92.577755 34.573974, -92.577815 34.574021, -92.577757 34.574071, -92.578435 34.574602, -92.578693 34.574379)))",microsoft_us_building_footprints
ms-ar-000673,Microsoft footprint AR #282,AR,,236943.61,33.2013940,-92.6114636,,commercial_industrial_unknown,unknown,"MULTIPOLYGON (((-92.610241 33.200971, -92.610238 33.201061, -92.610152 33.201059, -92.610135 33.201672, -92.610576 33.20168, -92.610668 33.201828, -92.610774 33.20183, -92.610779 33.201658, -92.610862 33.201659, -92.61086 33.201736, -92.610996 33.201738, -92.610999 33.201662, -92.611066 33.201663, -92.611062 33.201778, -92.611304 33.201783, -92.611302 33.201835, -92.611383 33.201858, -92.611387 33.201714, -92.611494 33.201716, -92.611488 33.201926, -92.612589 33.201948, -92.612614 33.201087, -92.612404 33.201082, -92.61231 33.200931, -92.612404 33.200933, -92.612406 33.200862, -92.611938 33.200853, -92.61187 33.201015, -92.611546 33.201009, -92.61155 33.200885, -92.611126 33.200877, -92.611123 33.200989, -92.610241 33.200971)))",microsoft_us_building_footprints
ms-ar-000674,Microsoft footprint AR #283,AR,,202020.63,33.2420242,-92.6686949,,commercial_industrial_unknown,unknown,"MULTIPOLYGON (((-92.669292 33.24125, -92.668187 33.241262, -92.668191 33.241502, -92.668159 33.241502, -92.66816 33.241575, -92.66804 33.241576, -92.668052 33.242355, -92.668161 33.242354, -92.668162 33.242423, -92.668225 33.242422, -92.668232 33.242947, -92.668509 33.242944, -92.668506 33.242737, -92.668811 33.242733, -92.668814 33.242938, -92.668985 33.242936, -92.668982 33.242733, -92.66903 33.242733, -92.669029 33.242641, -92.669313 33.242638, -92.669292 33.24125)))",microsoft_us_building_footprints
ms-ar-000675,Microsoft footprint AR #284,AR,,173167.97,35.1643607,-92.7345405,,commercial_industrial_unknown,unknown,"MULTIPOLYGON (((-92.734086 35.164581, -92.733083 35.164326, -92.73308 35.164528, -92.733071 35.164616, -92.73307 35.164726, -92.734084 35.164733, -92.734083 35.164827, -92.734424 35.16483, -92.73452 35.164813, -92.735408 35.16482, -92.73541 35.164655, -92.734695 35.16465, -92.734669 35.164586, -92.735419 35.164592, -92.735341 35.1644, -92.735525 35.164402, -92.735526 35.164309, -92.735594 35.16431, -92.735614 35.164122, -92.735014 35.164117, -92.735032 35.164069, -92.735553 35.164073, -92.735556 35.163854, -92.734134 35.163843, -92.734021 35.16414, -92.734018 35.164379, -92.734088 35.16438, -92.734086 35.164581)))",microsoft_us_building_footprints
ms-ar-000676,Microsoft footprint AR #285,AR,,138459.96,34.4700884,-93.0696932,,commercial_industrial_unknown,unknown,"MULTIPOLYGON (((-93.069032 34.469663, -93.069036 34.470028, -93.068754 34.47003, -93.068755 34.470171, -93.06904 34.470169, -93.069044 34.470561, -93.070291 34.470551, -93.070288 34.470225, -93.070417 34.470224, -93.070414 34.46992, -93.070492 34.46992, -93.070489 34.469692, -93.070314 34.469693, -93.070313 34.469594, -93.070067 34.469596, -93.070068 34.469655, -93.069032 34.469663)))",microsoft_us_building_footprints
ms-ar-000677,Microsoft footprint AR #286,AR,,272566.37,36.2216766,-93.0807399,,commercial_industrial_unknown,unknown,"MULTIPOLYGON (((-93.077973 36.221858, -93.081447 36.222334, -93.081519 36.222267, -93.081461 36.22226, -93.081453 36.222227, -93.081815 36.222277, -93.081963 36.221574, -93.082304 36.221621, -93.082382 36.221249, -93.082044 36.221202, -93.082134 36.220775, -93.081801 36.22073, -93.081806 36.220703, -93.081656 36.220597, -93.081689 36.220439, -93.081671 36.220426, -93.08155 36.22041, -93.081309 36.221557, -93.081261 36.221601, -93.081236 36.221507, -93.08065 36.221609, -93.080603 36.221645, -93.080259 36.221705, -93.080292 36.221829, -93.080182 36.221848, -93.080171 36.221903, -93.080274 36.221917, -93.080235 36.222102, -93.080107 36.222085, -93.080162 36.221826, -93.078041 36.221535, -93.077973 36.221858)))",microsoft_us_building_footprints
ms-ar-000678,Microsoft footprint AR #287,AR,,188951.65,36.2690198,-93.1390539,,commercial_industrial_unknown,unknown,"MULTIPOLYGON (((-93.138096 36.268623, -93.138096 36.268986, -93.138174 36.268986, -93.138174 36.269398, -93.137932 36.269398, -93.137932 36.269502, -93.139783 36.269501, -93.139783 36.269339, -93.139914 36.269339, -93.139914 36.269276, -93.140145 36.269276, -93.140145 36.269125, -93.13989 36.269125, -93.13989 36.268875, -93.140115 36.268875, -93.140115 36.268833, -93.140156 36.268833, -93.140156 36.268616, -93.139925 36.268616, -93.139925 36.268614, -93.139555 36.268614, -93.139555 36.268591, -93.139474 36.268591, -93.139474 36.268614, -93.139403 36.268614, -93.139403 36.268502, -93.138535 36.268502, -93.138536 36.268623, -93.138096 36.268623)))",microsoft_us_building_footprints
ms-ar-000679,Microsoft footprint AR #288,AR,,440848.49,33.2872002,-93.2436805,,commercial_industrial_unknown,unknown,"MULTIPOLYGON (((-93.244006 33.287423, -93.244007 33.287393, -93.244345 33.287398, -93.244348 33.287262, -93.244557 33.287266, -93.24456 33.287116, -93.244356 33.287113, -93.244358 33.287025, -93.244898 33.287033, -93.244898 33.287021, -93.244982 33.287022, -93.244989 33.286673, -93.24432 33.286663, -93.244271 33.286915, -93.244157 33.286954, -93.24418 33.285859, -93.243141 33.285843, -93.243119 33.286907, -93.242362 33.286895, -93.242286 33.287082, -93.242821 33.28709, -93.242815 33.28736, -93.242717 33.287358, -93.242717 33.287385, -93.243378 33.287572, -93.242185 33.287554, -93.242174 33.288076, -93.245125 33.288119, -93.245136 33.287598, -93.244597 33.28759, -93.244006 33.287423)))",microsoft_us_building_footprints
ms-ar-000680,Microsoft footprint AR #289,AR,,112462.97,35.3816861,-93.3499781,,commercial_industrial_unknown,unknown,"MULTIPOLYGON (((-93.349074 35.381419, -93.349067 35.381844, -93.348922 35.381842, -93.348921 35.381945, -93.350004 35.381956, -93.350004 35.38201, -93.350438 35.382015, -93.350439 35.381967, -93.350846 35.381971, -93.350855 35.381374, -93.349952 35.381365, -93.349951 35.381428, -93.349074 35.381419)))",microsoft_us_building_footprints
ms-ar-000681,Microsoft footprint AR #290,AR,,121863.4,33.6381754,-94.1118849,,commercial_industrial_unknown,unknown,"MULTIPOLYGON (((-94.111306 33.637659, -94.111283 33.638407, -94.111218 33.638405, -94.111212 33.638614, -94.111276 33.638615, -94.111274 33.638685, -94.111578 33.638691, -94.111588 33.638373, -94.111943 33.638381, -94.111942 33.638429, -94.112064 33.638432, -94.112054 33.638758, -94.112194 33.638761, -94.112187 33.638975, -94.112329 33.638978, -94.112333 33.638862, -94.112314 33.638861, -94.112319 33.638717, -94.112453 33.63872, -94.112481 33.637825, -94.112327 33.637822, -94.112331 33.637681, -94.111306 33.637659)))",microsoft_us_building_footprints
ms-ar-000682,Microsoft footprint AR #291,AR,,369442.81,36.1900789,-94.1131221,,commercial_industrial_unknown,unknown,"MULTIPOLYGON (((-94.112413 36.188852, -94.112364 36.19068, -94.112564 36.190684, -94.112549 36.191231, -94.112506 36.19123, -94.112502 36.191388, -94.113055 36.191398, -94.113059 36.191249, -94.113863 36.191263, -94.113892 36.190152, -94.113772 36.19015, -94.113803 36.188961, -94.113951 36.188963, -94.113953 36.188879, -94.112413 36.188852)))",microsoft_us_building_footprints
ms-ar-000683,Microsoft footprint AR #292,AR,,201991.66,36.3524973,-94.1275092,,commercial_industrial_unknown,unknown,"MULTIPOLYGON (((-94.125799 36.352742, -94.127864 36.352776, -94.127863 36.352817, -94.128066 36.35282, -94.128067 36.352786, -94.129193 36.352805, -94.129207 36.352248, -94.125813 36.352191, -94.125799 36.352742)))",microsoft_us_building_footprints
ms-ar-000684,Microsoft footprint AR #293,AR,,142314.0,36.1132712,-94.1173917,,commercial_industrial_unknown,unknown,"MULTIPOLYGON (((-94.118532 36.113564, -94.118541 36.112986, -94.117867 36.112979, -94.117869 36.112884, -94.117772 36.112883, -94.117771 36.112972, -94.117083 36.112965, -94.117083 36.11298, -94.117001 36.112979, -94.116994 36.113428, -94.11686 36.113426, -94.116867 36.112957, -94.116341 36.112952, -94.116248 36.113104, -94.116205 36.113104, -94.116198 36.113551, -94.116362 36.113553, -94.116361 36.11361, -94.116718 36.113614, -94.116719 36.11357, -94.116791 36.113571, -94.116792 36.113469, -94.116948 36.113471, -94.116947 36.113546, -94.117068 36.113548, -94.117067 36.113558, -94.118373 36.113571, -94.118373 36.113596, -94.118437 36.113597, -94.118438 36.113563, -94.118532 36.113564)))",microsoft_us_building_footprints
ms-ar-000685,Microsoft footprint AR #294,AR,,186506.33,36.1561876,-94.1282554,,commercial_industrial_unknown,unknown,"MULTIPOLYGON (((-94.128934 36.155397, -94.128336 36.155365, -94.128286 36.155971, -94.12816 36.155965, -94.128188 36.15563, -94.127785 36.155609, -94.127723 36.155569, -94.127761 36.155571, -94.127777 36.155381, -94.127691 36.155376, -94.127649 36.155887, -94.127605 36.155885, -94.127454 36.156037, -94.127434 36.156276, -94.127541 36.156282, -94.127533 36.156386, -94.127658 36.156392, -94.127615 36.156908, -94.128128 36.156935, -94.128178 36.156327, -94.128307 36.156334, -94.128256 36.156949, -94.128809 36.156978, -94.128867 36.156266, -94.128778 36.156209, -94.128784 36.156135, -94.128898 36.156021, -94.128932 36.155608, -94.129002 36.155612, -94.129011 36.155501, -94.128926 36.155496, -94.128934 36.155397)))",microsoft_us_building_footprints
ms-ar-000686,Microsoft footprint AR #295,AR,,102841.46,36.1249349,-94.1511464,,commercial_industrial_unknown,unknown,"MULTIPOLYGON (((-94.150249 36.124666, -94.150227 36.125216, -94.151001 36.125236, -94.150997 36.125346, -94.151065 36.125348, -94.151071 36.125205, -94.151583 36.125218, -94.151592 36.124983, -94.151849 36.12499, -94.151847 36.125046, -94.152268 36.125057, -94.152281 36.124715, -94.152177 36.124713, -94.152178 36.124691, -94.152064 36.124688, -94.152063 36.124723, -94.151846 36.124717, -94.151847 36.124681, -94.151706 36.124678, -94.151705 36.124711, -94.151373 36.124702, -94.151374 36.124671, -94.151228 36.124667, -94.151227 36.124692, -94.150249 36.124666)))",microsoft_us_building_footprints
ms-ar-000687,Microsoft footprint AR #296,AR,,275671.64,36.3513094,-94.1666689,,commercial_industrial_unknown,unknown,"MULTIPOLYGON (((-94.165365 36.350789, -94.165344 36.35175, -94.166224 36.351762, -94.166223 36.35179, -94.166294 36.351791, -94.166295 36.351768, -94.16717 36.35178, -94.167166 36.351955, -94.16751 36.35196, -94.16751 36.351955, -94.167782 36.351959, -94.167789 36.351626, -94.16786 36.351627, -94.167861 36.351587, -94.167931 36.351588, -94.167947 36.350825, -94.165365 36.350789)))",microsoft_us_building_footprints
ms-ar-000688,Microsoft footprint AR #297,AR,,116670.07,36.1781160,-94.2523491,,commercial_industrial_unknown,unknown,"MULTIPOLYGON (((-94.251365 36.17838, -94.252697 36.178435, -94.252719 36.17809, -94.252917 36.178098, -94.252878 36.178705, -94.253152 36.178716, -94.253187 36.178172, -94.253275 36.178176, -94.253279 36.178117, -94.253224 36.178115, -94.253238 36.177896, -94.252962 36.177884, -94.252952 36.178043, -94.252712 36.178033, -94.252736 36.177653, -94.252382 36.177639, -94.252383 36.177632, -94.252353 36.177631, -94.252354 36.177617, -94.252312 36.177615, -94.25231 36.177642, -94.251911 36.177626, -94.251896 36.177865, -94.251867 36.177864, -94.251861 36.177946, -94.251898 36.177948, -94.251893 36.178017, -94.251389 36.177996, -94.251365 36.17838)))",microsoft_us_building_footprints
ms-ar-000689,Microsoft footprint AR #298,AR,,140004.84,35.4135610,-94.3370725,,commercial_industrial_unknown,unknown,"MULTIPOLYGON (((-94.337812 35.413816, -94.337789 35.413765, -94.337742 35.413719, -94.33776 35.413707, -94.337722 35.41367, -94.337698 35.413643, -94.337614 35.413561, -94.338073 35.413423, -94.337945 35.413141, -94.337905 35.413102, -94.337834 35.413124, -94.337885 35.413237, -94.337498 35.413354, -94.337391 35.413117, -94.337252 35.413159, -94.337148 35.41293, -94.336402 35.413154, -94.336531 35.41344, -94.336306 35.413508, -94.336425 35.413772, -94.336358 35.413793, -94.336453 35.414002, -94.336564 35.413969, -94.336668 35.414198, -94.337665 35.413898, -94.337763 35.413831, -94.337812 35.413816)))",microsoft_us_building_footprints
ms-ar-000690,Microsoft footprint AR #299,AR,,598114.01,35.4207630,-94.3797771,,commercial_industrial_unknown,unknown,"MULTIPOLYGON (((-94.377575 35.421756, -94.377593 35.421771, -94.377547 35.421807, -94.377637 35.421881, -94.377668 35.421855, -94.378488 35.422531, -94.378585 35.422453, -94.378472 35.42236, -94.378609 35.422329, -94.378755 35.42245, -94.379034 35.422225, -94.37909 35.422387, -94.379103 35.422398, -94.379563 35.422028, -94.379482 35.421961, -94.379197 35.42219, -94.379199 35.422195, -94.379149 35.422235, -94.37908 35.422178, -94.379499 35.42184, -94.379364 35.421728, -94.379496 35.421622, -94.379557 35.421673, -94.379712 35.421548, -94.379776 35.421601, -94.379884 35.421576, -94.379865 35.42152, -94.380266 35.421197, -94.380192 35.421136, -94.382002 35.419679, -94.38198 35.419615, -94.381119 35.418904, -94.377575 35.421756)))",microsoft_us_building_footprints
ms-ar-000691,Microsoft footprint AR #300,AR,,189562.33,35.4050553,-94.4007219,,commercial_industrial_unknown,unknown,"MULTIPOLYGON (((-94.400669 35.405381, -94.400722 35.405652, -94.400864 35.405633, -94.400903 35.405829, -94.401141 35.405798, -94.401225 35.405657, -94.40113 35.405178, -94.400747 35.405228, -94.400725 35.40512, -94.401669 35.404996, -94.401581 35.404547, -94.401655 35.404537, -94.401629 35.404405, -94.401657 35.404401, -94.401633 35.404284, -94.400625 35.404416, -94.400442 35.404555, -94.40052 35.404585, -94.399909 35.404665, -94.399945 35.404847, -94.400685 35.405137, -94.399736 35.405262, -94.399858 35.405883, -94.400064 35.405856, -94.400149 35.405712, -94.400165 35.405795, -94.400446 35.405758, -94.400669 35.405381)))",microsoft_us_building_footprints
ms-az-000692,Microsoft footprint AZ #1,AZ,,151798.86,36.1576099,-109.6080166,,commercial_industrial_unknown,unknown,"MULTIPOLYGON (((-109.608848 36.156888, -109.607712 36.157411, -109.607562 36.157199, -109.60713 36.157398, -109.607499 36.15792, -109.607353 36.157987, -109.607168 36.157725, -109.60694 36.15783, -109.607279 36.15831, -109.607529 36.158195, -109.607422 36.158043, -109.60756 36.15798, -109.607607 36.158047, -109.60751 36.158091, -109.60756 36.158163, -109.607678 36.158109, -109.607822 36.158314, -109.608051 36.158208, -109.608139 36.158332, -109.60828 36.158267, -109.608041 36.157929, -109.608324 36.157799, -109.608266 36.157717, -109.608749 36.157495, -109.608773 36.157529, -109.608865 36.157487, -109.60895 36.157608, -109.609115 36.157532, -109.609025 36.157404, -109.6091 36.15737, -109.609068 36.157324, -109.609135 36.157293, -109.608848 36.156888)))",microsoft_us_building_footprints
ms-az-000693,Microsoft footprint AZ #2,AZ,,134023.52,32.2235825,-110.8278677,,commercial_industrial_unknown,unknown,"MULTIPOLYGON (((-110.827086 32.223971, -110.827212 32.223969, -110.827212 32.223975, -110.828615 32.223949, -110.828611 32.223779, -110.828681 32.223778, -110.828671 32.223376, -110.828861 32.223373, -110.828859 32.223307, -110.828676 32.223311, -110.828675 32.223272, -110.828633 32.223273, -110.828631 32.223206, -110.828194 32.223214, -110.828195 32.22325, -110.827712 32.223259, -110.827711 32.22322, -110.82759 32.223223, -110.827591 32.223252, -110.82754 32.223253, -110.827536 32.22311, -110.827263 32.223115, -110.827266 32.223252, -110.827183 32.223254, -110.827182 32.223225, -110.827089 32.223227, -110.8271 32.223683, -110.827048 32.223684, -110.827051 32.223814, -110.827082 32.223814, -110.827086 32.223971)))",microsoft_us_building_footprints
ms-az-000694,Microsoft footprint AZ #3,AZ,,180540.78,32.1244790,-110.8428470,,commercial_industrial_unknown,unknown,"MULTIPOLYGON (((-110.841893 32.124039, -110.841861 32.124865, -110.843801 32.124919, -110.843833 32.124093, -110.841893 32.124039)))",microsoft_us_building_footprints
ms-az-000695,Microsoft footprint AZ #4,AZ,,249618.78,32.2447095,-110.9149587,,commercial_industrial_unknown,unknown,"MULTIPOLYGON (((-110.914267 32.245474, -110.915253 32.245494, -110.915597 32.245661, -110.915912 32.245198, -110.915167 32.245183, -110.915176 32.244873, -110.916054 32.244891, -110.91607 32.244325, -110.91574 32.244318, -110.91573 32.24469, -110.915596 32.244688, -110.915604 32.244412, -110.914883 32.244061, -110.914896 32.243573, -110.914383 32.243563, -110.914378 32.24374, -110.914712 32.243746, -110.914708 32.243876, -110.914219 32.243866, -110.914215 32.243988, -110.914577 32.243995, -110.914574 32.244105, -110.914224 32.244098, -110.91422 32.244239, -110.914163 32.244329, -110.914154 32.244627, -110.914212 32.244737, -110.914207 32.244909, -110.914281 32.244989, -110.914267 32.245474)))",microsoft_us_building_footprints
ms-az-000696,Microsoft footprint AZ #5,AZ,,116441.9,32.1443051,-110.9141240,,commercial_industrial_unknown,unknown,"MULTIPOLYGON (((-110.91499 32.14407, -110.914366 32.14409, -110.914358 32.143905, -110.913718 32.143926, -110.913723 32.144035, -110.913241 32.14405, -110.913256 32.144398, -110.913318 32.144396, -110.913325 32.144555, -110.913665 32.144544, -110.91367 32.14464, -110.913792 32.144637, -110.913793 32.144673, -110.914141 32.144662, -110.91414 32.144621, -110.91493 32.144595, -110.914926 32.144515, -110.914961 32.144514, -110.914964 32.144594, -110.915066 32.144591, -110.915058 32.144399, -110.914954 32.144402, -110.914946 32.144213, -110.914997 32.144211, -110.91499 32.14407)))",microsoft_us_building_footprints
ms-az-000697,Microsoft footprint AZ #6,AZ,,128269.67,32.1899712,-110.9192439,,commercial_industrial_unknown,unknown,"MULTIPOLYGON (((-110.919746 32.190561, -110.919739 32.189409, -110.919672 32.18941, -110.919672 32.189373, -110.919566 32.189374, -110.919567 32.189424, -110.918653 32.189427, -110.918656 32.189828, -110.918782 32.189828, -110.918784 32.190313, -110.918819 32.190313, -110.918821 32.190565, -110.919746 32.190561)))",microsoft_us_building_footprints
ms-az-000698,Microsoft footprint AZ #7,AZ,,132952.5,32.2326136,-110.9521344,,commercial_industrial_unknown,unknown,"MULTIPOLYGON (((-110.952226 32.233047, -110.952277 32.232398, -110.952408 32.232405, -110.952359 32.233022, -110.952885 32.233052, -110.95289 32.232987, -110.952907 32.232981, -110.952957 32.23235, -110.952823 32.232343, -110.952834 32.232212, -110.952817 32.232207, -110.952396 32.232183, -110.952383 32.232346, -110.952334 32.232343, -110.952344 32.232319, -110.952326 32.232314, -110.95224 32.232147, -110.952145 32.232182, -110.952142 32.232217, -110.95146 32.232178, -110.951447 32.23235, -110.951396 32.232347, -110.951364 32.232426, -110.951411 32.23244, -110.951263 32.232799, -110.951349 32.232804, -110.951456 32.233013, -110.951921 32.233039, -110.951952 32.232963, -110.951976 32.23301, -110.952226 32.233047)))",microsoft_us_building_footprints
ms-az-000699,Microsoft footprint AZ #8,AZ,,137046.0,32.2271457,-110.9609309,,commercial_industrial_unknown,unknown,"MULTIPOLYGON (((-110.961934 32.226709, -110.961362 32.226717, -110.961336 32.226721, -110.961334 32.226622, -110.961133 32.226625, -110.961142 32.227102, -110.961367 32.227098, -110.96137 32.227248, -110.960585 32.227259, -110.960582 32.227125, -110.96032 32.227129, -110.960323 32.227245, -110.960016 32.227249, -110.960003 32.226623, -110.959684 32.226627, -110.9597 32.227403, -110.959788 32.227402, -110.95979 32.227479, -110.959873 32.227478, -110.959874 32.227526, -110.961161 32.227507, -110.961157 32.227317, -110.961371 32.227314, -110.961476 32.227514, -110.961941 32.227508, -110.961939 32.227403, -110.962028 32.227402, -110.962016 32.226817, -110.961936 32.226818, -110.961934 32.226709)))",microsoft_us_building_footprints
ms-az-000700,Microsoft footprint AZ #9,AZ,,115306.52,32.1460302,-110.9900912,,commercial_industrial_unknown,unknown,"MULTIPOLYGON (((-110.990798 32.146482, -110.990793 32.145821, -110.990134 32.145825, -110.990068 32.14574, -110.990068 32.145705, -110.990024 32.145649, -110.990023 32.145544, -110.989983 32.145544, -110.989848 32.14537, -110.989847 32.145322, -110.989448 32.145324, -110.98945 32.145561, -110.989393 32.145593, -110.989394 32.145718, -110.989558 32.145717, -110.989558 32.145654, -110.989845 32.145652, -110.989845 32.1457, -110.989597 32.145839, -110.989634 32.145838, -110.989638 32.146314, -110.989533 32.146315, -110.989535 32.146488, -110.989602 32.146488, -110.989603 32.1466, -110.989675 32.1466, -110.989674 32.146489, -110.990798 32.146482)))",microsoft_us_building_footprints
ms-az-000701,Microsoft footprint AZ #10,AZ,,117412.45,32.1350482,-111.0306305,,commercial_industrial_unknown,unknown,"MULTIPOLYGON (((-111.031553 32.134954, -111.029449 32.134935, -111.029441 32.1355, -111.029608 32.135502, -111.029608 32.135448, -111.03033 32.135455, -111.030331 32.135353, -111.030571 32.135355, -111.030573 32.135223, -111.030866 32.135226, -111.030867 32.135158, -111.031268 32.135162, -111.031267 32.135245, -111.03137 32.135246, -111.03137 32.135267, -111.031453 32.135268, -111.031454 32.135241, -111.031543 32.135242, -111.031546 32.135034, -111.031628 32.135035, -111.031629 32.134992, -111.031867 32.134994, -111.031869 32.134827, -111.031945 32.134827, -111.031949 32.134478, -111.0318 32.134476, -111.031802 32.134339, -111.031692 32.134338, -111.031693 32.134282, -111.031561 32.134281, -111.031553 32.134954)))",microsoft_us_building_footprints
ms-az-000702,Microsoft footprint AZ #11,AZ,,128818.72,32.1181085,-111.0557938,,commercial_industrial_unknown,unknown,"MULTIPOLYGON (((-111.055129 32.117504, -111.055068 32.117626, -111.055051 32.117631, -111.055184 32.117928, -111.055133 32.117945, -111.055111 32.117988, -111.05535 32.118522, -111.055675 32.118638, -111.055685 32.118661, -111.055755 32.118638, -111.055788 32.118712, -111.056897 32.118357, -111.056607 32.117707, -111.056481 32.117747, -111.056732 32.118307, -111.056106 32.118508, -111.056082 32.118454, -111.056587 32.118292, -111.056532 32.118168, -111.056042 32.118325, -111.055991 32.118211, -111.056132 32.11812, -111.056126 32.118108, -111.056228 32.118042, -111.056175 32.117923, -111.056064 32.117959, -111.05597 32.117748, -111.055875 32.117779, -111.055748 32.117494, -111.055389 32.117609, -111.055315 32.117444, -111.055129 32.117504)))",microsoft_us_building_footprints
ms-az-000703,Microsoft footprint AZ #12,AZ,,118809.79,36.1323177,-111.2412552,,commercial_industrial_unknown,unknown,"MULTIPOLYGON (((-111.242512 36.132379, -111.2425 36.131696, -111.242188 36.13179, -111.242197 36.13229, -111.241952 36.132179, -111.241916 36.131752, -111.241753 36.131678, -111.241752 36.131627, -111.241614 36.131628, -111.241623 36.132133, -111.241204 36.132138, -111.241206 36.132249, -111.240917 36.132432, -111.240914 36.132224, -111.240734 36.132144, -111.240686 36.132213, -111.240314 36.131829, -111.240139 36.132083, -111.240535 36.132493, -111.24061 36.132446, -111.240625 36.132462, -111.240135 36.133172, -111.240431 36.133306, -111.240427 36.13309, -111.240578 36.133088, -111.241049 36.132407, -111.241053 36.132417, -111.241434 36.132303, -111.241482 36.132302, -111.241522 36.132391, -111.242512 36.132379)))",microsoft_us_building_footprints
ms-az-000704,Microsoft footprint AZ #13,AZ,,141651.89,34.2421634,-111.3207257,,commercial_industrial_unknown,unknown,"MULTIPOLYGON (((-111.318917 34.241898, -111.318912 34.242141, -111.319703 34.242151, -111.319698 34.24238, -111.320117 34.242385, -111.320121 34.242188, -111.320235 34.24219, -111.320244 34.242214, -111.320369 34.242216, -111.320366 34.242409, -111.320702 34.242413, -111.320716 34.242451, -111.321253 34.242459, -111.321268 34.242499, -111.321436 34.242456, -111.321716 34.24246, -111.321722 34.242188, -111.321907 34.24219, -111.321901 34.242505, -111.322122 34.242508, -111.322166 34.242497, -111.322176 34.241987, -111.321546 34.241978, -111.321531 34.241939, -111.320845 34.24193, -111.320844 34.241965, -111.318917 34.241898)))",microsoft_us_building_footprints
ms-az-000705,Microsoft footprint AZ #14,AZ,,139635.55,33.2180903,-111.5655425,,commercial_industrial_unknown,unknown,"MULTIPOLYGON (((-111.566525 33.217692, -111.566347 33.21769, -111.566347 33.217724, -111.565964 33.21772, -111.565963 33.217782, -111.565751 33.21778, -111.565753 33.217697, -111.565393 33.217693, -111.565391 33.217808, -111.565004 33.217804, -111.564998 33.218136, -111.564583 33.218131, -111.564584 33.21807, -111.564581 33.21807, -111.564587 33.21773, -111.564357 33.217727, -111.564347 33.218323, -111.565 33.218331, -111.564999 33.218405, -111.56508 33.218406, -111.565079 33.218472, -111.565816 33.218481, -111.565817 33.218404, -111.566131 33.218408, -111.56613 33.218468, -111.566237 33.218469, -111.566238 33.218403, -111.566418 33.218405, -111.566424 33.218084, -111.566519 33.218085, -111.566525 33.217692)))",microsoft_us_building_footprints
ms-az-000706,Microsoft footprint AZ #15,AZ,,219388.4,33.2969988,-111.5946014,,commercial_industrial_unknown,unknown,"MULTIPOLYGON (((-111.59415 33.297736, -111.594547 33.297732, -111.594552 33.298054, -111.595298 33.298046, -111.595292 33.297701, -111.595 33.297704, -111.594997 33.297487, -111.595266 33.297484, -111.595258 33.296968, -111.595062 33.29697, -111.59505 33.296177, -111.594726 33.29618, -111.594727 33.296267, -111.594598 33.296268, -111.594594 33.296004, -111.594058 33.296009, -111.594059 33.296072, -111.593853 33.296298, -111.593855 33.296402, -111.59384 33.296393, -111.593842 33.296515, -111.593892 33.296459, -111.593893 33.296515, -111.593602 33.296518, -111.593921 33.29672, -111.593923 33.296855, -111.594448 33.296849, -111.594451 33.297065, -111.59414 33.297068, -111.59415 33.297736)))",microsoft_us_building_footprints
ms-az-000707,Microsoft footprint AZ #16,AZ,,121573.77,33.2874265,-111.7153793,,commercial_industrial_unknown,unknown,"MULTIPOLYGON (((-111.716266 33.28744, -111.715881 33.286739, -111.715621 33.286839, -111.715804 33.287173, -111.715637 33.287237, -111.71559 33.28715, -111.715532 33.287172, -111.715509 33.287131, -111.715559 33.287112, -111.715532 33.287064, -111.715418 33.287107, -111.715323 33.286933, -111.715271 33.286953, -111.71526 33.286935, -111.715218 33.286951, -111.715196 33.286911, -111.715119 33.286941, -111.715146 33.28699, -111.714947 33.287067, -111.715024 33.287208, -111.714874 33.287266, -111.714902 33.287318, -111.714867 33.287331, -111.714978 33.287534, -111.714838 33.287588, -111.714727 33.287386, -111.714488 33.287478, -111.714805 33.288055, -111.715753 33.287691, -111.715728 33.287646, -111.716266 33.28744)))",microsoft_us_building_footprints
ms-az-000708,Microsoft footprint AZ #17,AZ,,258079.89,33.4491342,-111.7338272,,commercial_industrial_unknown,unknown,"MULTIPOLYGON (((-111.735324 33.449544, -111.735323 33.448702, -111.735116 33.448769, -111.735117 33.449249, -111.734816 33.449249, -111.734817 33.449315, -111.734618 33.449379, -111.734617 33.448444, -111.734497 33.448444, -111.734497 33.448607, -111.732931 33.448609, -111.732931 33.448479, -111.732817 33.448479, -111.732818 33.448871, -111.732458 33.448871, -111.732458 33.449028, -111.73267 33.449028, -111.732735 33.449167, -111.732735 33.449279, -111.732387 33.44928, -111.732493 33.449507, -111.733248 33.449506, -111.733248 33.449665, -111.733348 33.449665, -111.733348 33.449716, -111.73346 33.449716, -111.73346 33.449683, -111.734393 33.449682, -111.734393 33.449545, -111.735324 33.449544)))",microsoft_us_building_footprints
ms-az-000709,Microsoft footprint AZ #18,AZ,,138349.28,33.2433290,-111.8593806,,commercial_industrial_unknown,unknown,"MULTIPOLYGON (((-111.859274 33.244353, -111.859802 33.244355, -111.859811 33.24297, -111.859737 33.24297, -111.859738 33.242872, -111.859582 33.242872, -111.859583 33.242723, -111.859676 33.242724, -111.859676 33.242621, -111.859583 33.24262, -111.859583 33.242538, -111.858805 33.242535, -111.858804 33.242732, -111.858744 33.242732, -111.858741 33.243133, -111.858807 33.243134, -111.858805 33.243397, -111.858911 33.243398, -111.858912 33.243187, -111.859281 33.243189, -111.859274 33.244353)))",microsoft_us_building_footprints
ms-az-000710,Microsoft footprint AZ #19,AZ,,302997.01,33.4095599,-111.8669824,,commercial_industrial_unknown,unknown,"MULTIPOLYGON (((-111.867639 33.410574, -111.867602 33.40849, -111.867456 33.408491, -111.867455 33.408467, -111.867129 33.408471, -111.867128 33.408426, -111.866847 33.40843, -111.866848 33.408468, -111.866524 33.408472, -111.866525 33.40849, -111.866372 33.408492, -111.866375 33.408638, -111.866346 33.408638, -111.866348 33.40871, -111.866361 33.40871, -111.866379 33.409698, -111.866226 33.4097, -111.866227 33.409745, -111.866364 33.409743, -111.866382 33.410748, -111.866872 33.410742, -111.866869 33.410583, -111.867639 33.410574)))",microsoft_us_building_footprints
ms-az-000711,Microsoft footprint AZ #20,AZ,,154375.39,33.4103638,-111.8758836,,commercial_industrial_unknown,unknown,"MULTIPOLYGON (((-111.876822 33.410707, -111.876819 33.409986, -111.874963 33.409991, -111.874964 33.410199, -111.874931 33.410199, -111.874932 33.410349, -111.874978 33.410349, -111.874978 33.410423, -111.874935 33.410423, -111.874936 33.410571, -111.874978 33.410571, -111.874979 33.410716, -111.875671 33.410714, -111.875672 33.4109, -111.875902 33.4109, -111.875902 33.410709, -111.876822 33.410707)))",microsoft_us_building_footprints
ms-az-000712,Microsoft footprint AZ #21,AZ,,280624.68,33.5803075,-111.8850536,,commercial_industrial_unknown,unknown,"MULTIPOLYGON (((-111.884496 33.578747, -111.884603 33.580613, -111.884784 33.580937, -111.884617 33.580944, -111.88443 33.58144, -111.88469 33.581339, -111.884735 33.582123, -111.885204 33.582104, -111.885196 33.581957, -111.885356 33.58195, -111.885235 33.581733, -111.88482 33.581527, -111.884997 33.581136, -111.885389 33.58112, -111.885337 33.581027, -111.88564 33.581015, -111.885628 33.580818, -111.885326 33.580668, -111.885521 33.58066, -111.885504 33.58035, -111.885945 33.580332, -111.885916 33.579817, -111.88507 33.579398, -111.885056 33.579154, -111.884876 33.579405, -111.884795 33.57926, -111.884786 33.579102, -111.885115 33.579089, -111.885094 33.578724, -111.884496 33.578747)))",microsoft_us_building_footprints
ms-az-000713,Microsoft footprint AZ #22,AZ,,241949.29,33.3079127,-111.8917477,,commercial_industrial_unknown,unknown,"MULTIPOLYGON (((-111.889765 33.307686, -111.88977 33.308182, -111.890227 33.308179, -111.890227 33.308147, -111.890394 33.308146, -111.890393 33.307976, -111.890572 33.307975, -111.890644 33.308184, -111.890755 33.308184, -111.890755 33.308102, -111.891016 33.3081, -111.891014 33.307931, -111.891397 33.307928, -111.8914 33.308285, -111.892231 33.308279, -111.892233 33.308434, -111.893004 33.308429, -111.893002 33.308274, -111.893235 33.308273, -111.893233 33.308062, -111.892944 33.308064, -111.892943 33.307982, -111.893231 33.307913, -111.893227 33.307523, -111.891734 33.307533, -111.891732 33.307397, -111.891479 33.307399, -111.89148 33.307557, -111.891184 33.307559, -111.890998 33.307678, -111.889765 33.307686)))",microsoft_us_building_footprints
ms-az-000714,Microsoft footprint AZ #23,AZ,,104691.57,33.6127218,-111.9093028,,commercial_industrial_unknown,unknown,"MULTIPOLYGON (((-111.909556 33.611807, -111.909059 33.61181, -111.90906 33.611985, -111.909021 33.611985, -111.909021 33.612058, -111.909051 33.612058, -111.909053 33.612421, -111.909016 33.612421, -111.909016 33.612538, -111.909039 33.612538, -111.909044 33.613295, -111.909002 33.613295, -111.909003 33.613409, -111.909034 33.613409, -111.909035 33.613606, -111.909584 33.613603, -111.909581 33.613147, -111.909565 33.613147, -111.909556 33.611807)))",microsoft_us_building_footprints
ms-az-000715,Microsoft footprint AZ #24,AZ,,119714.04,33.4297098,-111.9301557,,commercial_industrial_unknown,unknown,"MULTIPOLYGON (((-111.930892 33.429435, -111.930782 33.429408, -111.930798 33.429362, -111.930465 33.42928, -111.930456 33.429306, -111.930317 33.429272, -111.929674 33.429284, -111.929658 33.429329, -111.92958 33.42931, -111.929363 33.429928, -111.930296 33.430178, -111.930297 33.430216, -111.930592 33.430289, -111.930892 33.429435)))",microsoft_us_building_footprints
ms-az-000716,Microsoft footprint AZ #25,AZ,,129881.01,33.3935077,-111.9457685,,commercial_industrial_unknown,unknown,"MULTIPOLYGON (((-111.946549 33.393853, -111.946554 33.393078, -111.945741 33.393075, -111.945741 33.393133, -111.945698 33.393133, -111.945698 33.3931, -111.945628 33.393099, -111.945628 33.393165, -111.945507 33.393165, -111.945507 33.393232, -111.945584 33.393232, -111.945584 33.393278, -111.944892 33.393276, -111.944889 33.393884, -111.945625 33.393886, -111.945625 33.39385, -111.946549 33.393853)))",microsoft_us_building_footprints
ms-az-000717,Microsoft footprint AZ #26,AZ,,131440.88,33.4125517,-111.9676903,,commercial_industrial_unknown,unknown,"MULTIPOLYGON (((-111.968491 33.41216, -111.96789 33.41216, -111.96789 33.412231, -111.967498 33.412231, -111.967498 33.412164, -111.9669 33.412164, -111.9669 33.412791, -111.966951 33.412791, -111.966951 33.412972, -111.967005 33.412972, -111.967005 33.412932, -111.967557 33.412932, -111.967557 33.412977, -111.967895 33.412977, -111.967895 33.412892, -111.968491 33.412892, -111.968491 33.41216)))",microsoft_us_building_footprints
ms-az-000718,Microsoft footprint AZ #27,AZ,,144870.96,33.3214104,-111.9782388,,commercial_industrial_unknown,unknown,"MULTIPOLYGON (((-111.976385 33.321457, -111.976464 33.321796, -111.976813 33.321739, -111.976782 33.32161, -111.977212 33.32154, -111.977247 33.321693, -111.977676 33.321624, -111.977624 33.321397, -111.977815 33.321366, -111.977862 33.321571, -111.977932 33.32156, -111.977976 33.321748, -111.978271 33.3217, -111.978186 33.321335, -111.978395 33.321301, -111.978492 33.321718, -111.978854 33.321659, -111.978878 33.321763, -111.978957 33.32175, -111.97896 33.32174, -111.979031 33.321729, -111.979036 33.321712, -111.979364 33.321659, -111.979274 33.321274, -111.979813 33.321392, -111.979867 33.321219, -111.979277 33.321089, -111.979252 33.320985, -111.978482 33.32111, -111.97849 33.321086, -111.978447 33.321093, -111.978438 33.321124, -111.976385 33.321457)))",microsoft_us_building_footprints
ms-az-000719,Microsoft footprint AZ #28,AZ,,435971.88,33.4773331,-111.9840676,,commercial_industrial_unknown,unknown,"MULTIPOLYGON (((-111.984752 33.474922, -111.983968 33.474832, -111.983922 33.475108, -111.983843 33.475099, -111.983605 33.476535, -111.98366 33.476541, -111.983655 33.476568, -111.984197 33.476631, -111.984163 33.476836, -111.983812 33.476796, -111.983766 33.477071, -111.983903 33.477087, -111.983893 33.477148, -111.983574 33.477112, -111.983544 33.477293, -111.983476 33.477316, -111.983326 33.478219, -111.983929 33.478288, -111.983868 33.478657, -111.983752 33.478644, -111.983575 33.479171, -111.983787 33.479612, -111.983424 33.47957, -111.983396 33.47974, -111.984456 33.479862, -111.984507 33.479553, -111.984372 33.479598, -111.984582 33.478328, -111.984199 33.478264, -111.984752 33.474922)))",microsoft_us_building_footprints
ms-az-000720,Microsoft footprint AZ #29,AZ,,107862.66,33.4592518,-112.1054494,,commercial_industrial_unknown,unknown,"MULTIPOLYGON (((-112.105848 33.458471, -112.105581 33.458468, -112.10558 33.45851, -112.105468 33.458509, -112.10547 33.458369, -112.105309 33.458367, -112.105304 33.458707, -112.105276 33.458707, -112.105275 33.458779, -112.105308 33.458779, -112.105306 33.45893, -112.105215 33.458929, -112.105209 33.459334, -112.105299 33.459335, -112.105295 33.459613, -112.104533 33.459606, -112.10453 33.459822, -112.105577 33.459832, -112.105577 33.459867, -112.105893 33.45987, -112.105897 33.459612, -112.105831 33.459611, -112.105848 33.458471)))",microsoft_us_building_footprints
ms-az-000721,Microsoft footprint AZ #30,AZ,,223113.15,33.4318762,-112.1361901,,commercial_industrial_unknown,unknown,"MULTIPOLYGON (((-112.136242 33.431731, -112.136268 33.431795, -112.138449 33.431795, -112.138369 33.431598, -112.138436 33.431453, -112.135481 33.431453, -112.135636 33.431833, -112.136075 33.431833, -112.136031 33.431929, -112.135352 33.431929, -112.135513 33.431578, -112.134815 33.431578, -112.134815 33.431981, -112.134828 33.43209, -112.134828 33.432362, -112.135426 33.432362, -112.135486 33.432345, -112.135486 33.432409, -112.134836 33.432409, -112.134836 33.432537, -112.136215 33.432537, -112.136215 33.43242, -112.136062 33.432371, -112.136173 33.43234, -112.136173 33.431795, -112.136242 33.431731)))",microsoft_us_building_footprints
ms-az-000722,Microsoft footprint AZ #31,AZ,,301332.04,33.4379565,-112.1591329,,commercial_industrial_unknown,unknown,"MULTIPOLYGON (((-112.159925 33.438761, -112.159927 33.437892, -112.160113 33.437893, -112.160113 33.437776, -112.160058 33.437776, -112.160058 33.437752, -112.159927 33.437751, -112.159929 33.437059, -112.158968 33.437057, -112.158968 33.437148, -112.158786 33.437148, -112.158785 33.437256, -112.158721 33.437256, -112.158721 33.437286, -112.158465 33.437286, -112.158465 33.437355, -112.158281 33.437355, -112.158278 33.438868, -112.158554 33.438868, -112.158554 33.438759, -112.159925 33.438761)))",microsoft_us_building_footprints
ms-az-000723,Microsoft footprint AZ #32,AZ,,129968.71,33.6094384,-112.1813653,,commercial_industrial_unknown,unknown,"MULTIPOLYGON (((-112.180617 33.609358, -112.181171 33.609808, -112.181122 33.609914, -112.181221 33.609995, -112.181382 33.609996, -112.18166 33.610222, -112.181938 33.609984, -112.181945 33.609463, -112.181739 33.609461, -112.181742 33.60929, -112.181797 33.609171, -112.181938 33.609172, -112.18194 33.609007, -112.181551 33.609004, -112.181698 33.608879, -112.181593 33.608794, -112.181432 33.608931, -112.181263 33.608793, -112.18116 33.608881, -112.181308 33.609001, -112.181024 33.608999, -112.181135 33.608904, -112.181028 33.608817, -112.180897 33.608929, -112.180762 33.608819, -112.180659 33.608907, -112.180778 33.609004, -112.180659 33.609003, -112.180658 33.609101, -112.180815 33.609103, -112.180781 33.609174, -112.180807 33.609195, -112.180617 33.609358)))",microsoft_us_building_footprints
ms-az-000724,Microsoft footprint AZ #33,AZ,,120844.64,33.5832310,-112.1842832,,commercial_industrial_unknown,unknown,"MULTIPOLYGON (((-112.182632 33.582994, -112.182625 33.583191, -112.182814 33.583195, -112.182813 33.583218, -112.183014 33.583223, -112.18301 33.583354, -112.183555 33.583366, -112.183559 33.583259, -112.184269 33.583276, -112.18427 33.583249, -112.184337 33.58325, -112.184327 33.583551, -112.184619 33.583557, -112.184618 33.583583, -112.184768 33.583587, -112.18477 33.583549, -112.185282 33.583561, -112.185281 33.583581, -112.185468 33.583585, -112.185488 33.58301, -112.185271 33.583005, -112.185269 33.583062, -112.185172 33.58306, -112.185173 33.583024, -112.18508 33.583022, -112.18508 33.58302, -112.184994 33.583018, -112.184993 33.583038, -112.182734 33.582985, -112.182733 33.582997, -112.182632 33.582994)))",microsoft_us_building_footprints
ms-az-000725,Microsoft footprint AZ #34,AZ,,148607.67,33.6259722,-112.1952101,,commercial_industrial_unknown,unknown,"MULTIPOLYGON (((-112.19588 33.625333, -112.194877 33.625338, -112.194878 33.62555, -112.194631 33.625551, -112.194642 33.627043, -112.194849 33.627042, -112.194847 33.626729, -112.195007 33.626729, -112.195007 33.626664, -112.195066 33.626664, -112.195065 33.626525, -112.195167 33.626525, -112.195163 33.626002, -112.195367 33.626001, -112.195366 33.625914, -112.195549 33.625913, -112.195552 33.626346, -112.195992 33.626344, -112.195989 33.625975, -112.195884 33.625976, -112.19588 33.625333)))",microsoft_us_building_footprints
ms-az-000726,Microsoft footprint AZ #35,AZ,,151267.69,33.4545975,-112.2191920,,commercial_industrial_unknown,unknown,"MULTIPOLYGON (((-112.21781 33.454836, -112.22057 33.454853, -112.220574 33.454359, -112.217814 33.454342, -112.21781 33.454836)))",microsoft_us_building_footprints
ms-az-000727,Microsoft footprint AZ #36,AZ,,189912.89,33.4390305,-112.2401182,,commercial_industrial_unknown,unknown,"MULTIPOLYGON (((-112.241392 33.438661, -112.238817 33.438736, -112.238845 33.4394, -112.241419 33.439325, -112.241392 33.438661)))",microsoft_us_building_footprints
ms-az-000728,Microsoft footprint AZ #37,AZ,,240083.25,33.4572276,-112.2435412,,commercial_industrial_unknown,unknown,"MULTIPOLYGON (((-112.242666 33.457484, -112.243626 33.458185, -112.24359 33.45822, -112.243666 33.458276, -112.24365 33.458292, -112.243724 33.458346, -112.243825 33.45825, -112.243815 33.458242, -112.24472 33.45738, -112.244048 33.456889, -112.2438 33.457125, -112.243464 33.456879, -112.243761 33.456597, -112.242876 33.45595, -112.242481 33.456326, -112.242761 33.45653, -112.242773 33.45652, -112.243226 33.456851, -112.243199 33.456876, -112.243216 33.456888, -112.243235 33.45687, -112.243261 33.456889, -112.243238 33.456911, -112.243255 33.456923, -112.242666 33.457484)))",microsoft_us_building_footprints
ms-az-000729,Microsoft footprint AZ #38,AZ,,114156.21,33.6132556,-112.2428209,,commercial_industrial_unknown,unknown,"MULTIPOLYGON (((-112.243602 33.613225, -112.243123 33.612844, -112.243165 33.612808, -112.242945 33.612633, -112.242944 33.612603, -112.242861 33.612605, -112.242505 33.612917, -112.242483 33.612917, -112.242406 33.612984, -112.242407 33.613, -112.242076 33.613289, -112.242041 33.61329, -112.242044 33.613379, -112.242068 33.613379, -112.242296 33.613559, -112.242325 33.613534, -112.242341 33.613534, -112.242741 33.613851, -112.242856 33.613848, -112.242874 33.613862, -112.243602 33.613225)))",microsoft_us_building_footprints
ms-az-000730,Microsoft footprint AZ #39,AZ,,198336.42,33.4781394,-112.2578612,,commercial_industrial_unknown,unknown,"MULTIPOLYGON (((-112.258421 33.477439, -112.257515 33.477447, -112.257516 33.477551, -112.257437 33.477623, -112.257433 33.477334, -112.257146 33.477336, -112.25715 33.477629, -112.257278 33.477628, -112.257282 33.47791, -112.25725 33.47791, -112.257252 33.478134, -112.257097 33.478135, -112.257098 33.47826, -112.257272 33.478393, -112.257278 33.478892, -112.258238 33.478884, -112.258232 33.478383, -112.258315 33.478382, -112.258317 33.478534, -112.258467 33.478533, -112.258466 33.478443, -112.259037 33.478438, -112.259036 33.478364, -112.258983 33.478412, -112.258981 33.478206, -112.258313 33.478212, -112.258312 33.478111, -112.25843 33.47811, -112.258421 33.477439)))",microsoft_us_building_footprints
ms-az-000731,Microsoft footprint AZ #40,AZ,,112763.66,33.4465893,-112.2870567,,commercial_industrial_unknown,unknown,"MULTIPOLYGON (((-112.287382 33.445818, -112.286722 33.44582, -112.286732 33.447361, -112.287391 33.447359, -112.287382 33.445818)))",microsoft_us_building_footprints
ms-az-000732,Microsoft footprint AZ #41,AZ,,102672.83,34.5880274,-112.3419250,,commercial_industrial_unknown,unknown,"MULTIPOLYGON (((-112.341598 34.588726, -112.342239 34.58873, -112.34224 34.588706, -112.342291 34.588706, -112.342291 34.588636, -112.342243 34.588635, -112.342244 34.588534, -112.341844 34.588531, -112.341845 34.588476, -112.34233 34.588479, -112.342332 34.588284, -112.342262 34.588283, -112.342263 34.588194, -112.342338 34.588194, -112.342341 34.587932, -112.342223 34.587931, -112.342228 34.587337, -112.34177 34.587334, -112.34177 34.587279, -112.341679 34.587278, -112.341678 34.587321, -112.341586 34.587321, -112.341576 34.588404, -112.341601 34.588404, -112.341598 34.588726)))",microsoft_us_building_footprints
ms-az-000733,Microsoft footprint AZ #42,AZ,,204255.33,33.4380614,-112.3988551,,commercial_industrial_unknown,unknown,"MULTIPOLYGON (((-112.397767 33.438671, -112.398999 33.43864, -112.399005 33.438788, -112.399468 33.438776, -112.399464 33.438662, -112.399649 33.438658, -112.399645 33.438537, -112.399701 33.438535, -112.399689 33.438207, -112.398625 33.438233, -112.398623 33.438166, -112.398776 33.438162, -112.398765 33.437863, -112.398822 33.437861, -112.399001 33.437993, -112.399721 33.437975, -112.399696 33.437278, -112.399487 33.437283, -112.399495 33.437486, -112.398951 33.4375, -112.398941 33.437214, -112.398348 33.437228, -112.398362 33.437603, -112.398419 33.437646, -112.398424 33.437779, -112.39828 33.437783, -112.398289 33.438056, -112.398391 33.438053, -112.398395 33.438174, -112.398503 33.438171, -112.398504 33.438209, -112.397751 33.438228, -112.397767 33.438671)))",microsoft_us_building_footprints
ms-az-000734,Microsoft footprint AZ #43,AZ,,966248.61,33.4981770,-112.4150391,,commercial_industrial_unknown,unknown,"MULTIPOLYGON (((-112.418208 33.497511, -112.410543 33.4975, -112.410542 33.497982, -112.413613 33.497986, -112.413612 33.498462, -112.41223 33.49846, -112.412229 33.498932, -112.418246 33.49894, -112.418246 33.498835, -112.41823 33.498835, -112.418231 33.498626, -112.418201 33.498626, -112.418202 33.498359, -112.418227 33.498359, -112.418228 33.498011, -112.418207 33.498011, -112.418208 33.497511)))",microsoft_us_building_footprints
ms-az-000735,Microsoft footprint AZ #44,AZ,,219553.98,33.4369574,-112.5603143,,commercial_industrial_unknown,unknown,"MULTIPOLYGON (((-112.560862 33.437771, -112.560861 33.43736, -112.561044 33.43736, -112.561044 33.436952, -112.560863 33.436953, -112.560861 33.436286, -112.560982 33.436285, -112.560982 33.436138, -112.559835 33.436139, -112.559835 33.436016, -112.559664 33.436017, -112.559665 33.436301, -112.559834 33.436301, -112.559835 33.436627, -112.559668 33.436628, -112.559669 33.436883, -112.559736 33.436883, -112.559737 33.437262, -112.55967 33.437262, -112.55967 33.437614, -112.559735 33.437613, -112.559735 33.437771, -112.55981 33.437771, -112.55981 33.437841, -112.559915 33.43784, -112.559915 33.437772, -112.560862 33.437771)))",microsoft_us_building_footprints
ms-az-000736,Microsoft footprint AZ #45,AZ,,183016.01,32.9805403,-112.7721905,,commercial_industrial_unknown,unknown,"MULTIPOLYGON (((-112.773128 32.980464, -112.77307 32.980465, -112.773043 32.980509, -112.772816 32.980568, -112.772805 32.980014, -112.772505 32.980018, -112.772504 32.979949, -112.77246 32.979931, -112.772416 32.979942, -112.772206 32.979854, -112.772181 32.979784, -112.772122 32.979785, -112.772019 32.979853, -112.772012 32.979845, -112.771896 32.979875, -112.771898 32.980005, -112.771861 32.97999, -112.771647 32.98013, -112.771497 32.980382, -112.771448 32.980414, -112.771449 32.9805, -112.771367 32.980554, -112.771294 32.980676, -112.771265 32.980684, -112.771269 32.980885, -112.771221 32.980886, -112.771221 32.980923, -112.771248 32.980996, -112.771203 32.980977, -112.771118 32.981033, -112.773138 32.981006, -112.773128 32.980464)))",microsoft_us_building_footprints
ms-az-000737,Microsoft footprint AZ #46,AZ,,208819.13,33.5287451,-113.1605595,,commercial_industrial_unknown,unknown,"MULTIPOLYGON (((-113.161555 33.529168, -113.161581 33.528621, -113.161332 33.528408, -113.161092 33.528498, -113.160831 33.528421, -113.160797 33.528359, -113.160482 33.528349, -113.160501 33.527937, -113.160437 33.527882, -113.160441 33.527879, -113.160349 33.527708, -113.16029 33.52769, -113.160266 33.527747, -113.160212 33.527731, -113.15993 33.528399, -113.159844 33.528432, -113.159849 33.528318, -113.159742 33.528358, -113.159734 33.528544, -113.159677 33.528542, -113.159634 33.528558, -113.15963 33.528559, -113.159622 33.52872, -113.159908 33.52925, -113.160026 33.529351, -113.160272 33.529359, -113.160292 33.529395, -113.160537 33.529304, -113.161117 33.529323, -113.161401 33.529216, -113.161423 33.529164, -113.161555 33.529168)))",microsoft_us_building_footprints
ms-az-000738,Microsoft footprint AZ #47,AZ,,207147.03,34.5716278,-114.3680915,,commercial_industrial_unknown,unknown,"MULTIPOLYGON (((-114.368651 34.570856, -114.3675 34.570852, -114.3675 34.571013, -114.367443 34.571013, -114.367441 34.57136, -114.367508 34.57136, -114.367506 34.571738, -114.367445 34.571738, -114.367443 34.571998, -114.36761 34.571999, -114.367607 34.572504, -114.367563 34.572504, -114.367562 34.572618, -114.367676 34.572619, -114.367677 34.572503, -114.368071 34.572504, -114.368072 34.57238, -114.368648 34.572382, -114.368652 34.571665, -114.368832 34.571665, -114.368834 34.571267, -114.368649 34.571266, -114.368651 34.570856)))",microsoft_us_building_footprints
ms-az-000739,Microsoft footprint AZ #48,AZ,,136766.4,32.6857860,-114.5100139,,commercial_industrial_unknown,unknown,"MULTIPOLYGON (((-114.510431 32.685582, -114.510433 32.685525, -114.508806 32.685484, -114.508795 32.685793, -114.508876 32.685795, -114.508865 32.686095, -114.509517 32.686111, -114.50951 32.686294, -114.510159 32.68631, -114.510172 32.685933, -114.509419 32.685915, -114.509422 32.685828, -114.50947 32.685738, -114.509513 32.685739, -114.509518 32.685617, -114.509671 32.685621, -114.509666 32.685752, -114.510572 32.685774, -114.510567 32.685896, -114.510825 32.685902, -114.51083 32.685749, -114.511739 32.685771, -114.511748 32.685514, -114.510965 32.685495, -114.510961 32.6856, -114.510995 32.685613, -114.510981 32.68564, -114.510928 32.685621, -114.510933 32.685499, -114.510513 32.685488, -114.510431 32.685582)))",microsoft_us_building_footprints
ms-az-000740,Microsoft footprint AZ #49,AZ,,119816.06,32.7074467,-114.6120287,,commercial_industrial_unknown,unknown,"MULTIPOLYGON (((-114.611305 32.707121, -114.611416 32.70787, -114.611534 32.707858, -114.611553 32.707989, -114.6118 32.707963, -114.611784 32.707857, -114.612017 32.707832, -114.612011 32.707796, -114.612262 32.707769, -114.612267 32.707798, -114.612515 32.707772, -114.61251 32.707739, -114.612959 32.707691, -114.61295 32.707634, -114.612765 32.707653, -114.612687 32.707131, -114.612613 32.707139, -114.612591 32.706985, -114.611305 32.707121)))",microsoft_us_building_footprints
ms-az-000741,Microsoft footprint AZ #50,AZ,,2918376.91,32.5575360,-114.6193896,,commercial_industrial_unknown,unknown,"MULTIPOLYGON (((-114.617942 32.55481, -114.618427 32.555669, -114.618412 32.555692, -114.620213 32.556499, -114.618806 32.557064, -114.618079 32.556739, -114.618168 32.557238, -114.617189 32.556799, -114.617363 32.557784, -114.616379 32.557908, -114.616072 32.556171, -114.615441 32.557171, -114.614809 32.556888, -114.615572 32.558239, -114.615016 32.559122, -114.616767 32.559906, -114.618141 32.559355, -114.618167 32.559501, -114.62055 32.559203, -114.621365 32.559786, -114.623437 32.559526, -114.623086 32.557538, -114.621696 32.557712, -114.62281 32.555946, -114.620474 32.556239, -114.620032 32.553729, -114.618894 32.55322, -114.618331 32.554112, -114.618968 32.554398, -114.617942 32.55481)))",microsoft_us_building_footprints
ms-az-000742,Microsoft footprint AZ #51,AZ,,117392.56,33.8285188,-109.9740149,,commercial_industrial_unknown,unknown,"MULTIPOLYGON (((-109.973853 33.828303, -109.973793 33.828014, -109.973522 33.828053, -109.973574 33.828302, -109.973316 33.828277, -109.973303 33.828377, -109.973252 33.828384, -109.973301 33.828617, -109.973057 33.828652, -109.973107 33.828893, -109.973425 33.828923, -109.973388 33.828748, -109.973518 33.828729, -109.973527 33.82877, -109.973614 33.828757, -109.973687 33.829103, -109.973961 33.829063, -109.973874 33.828648, -109.974193 33.828602, -109.974268 33.828958, -109.974436 33.828933, -109.974443 33.828886, -109.974544 33.828871, -109.974525 33.828779, -109.974773 33.828743, -109.974691 33.828348, -109.975143 33.828282, -109.975127 33.828204, -109.975031 33.828195, -109.975027 33.828175, -109.97422 33.828098, -109.97425 33.828245, -109.973853 33.828303)))",microsoft_us_building_footprints
ms-az-000743,Microsoft footprint AZ #52,AZ,,117048.7,34.9202963,-110.1386245,,commercial_industrial_unknown,unknown,"MULTIPOLYGON (((-110.139374 34.920137, -110.139053 34.919903, -110.139178 34.919787, -110.139178 34.919767, -110.138898 34.919562, -110.138786 34.919665, -110.138746 34.919665, -110.137714 34.920615, -110.137938 34.920778, -110.13794 34.920558, -110.138473 34.920946, -110.138799 34.920646, -110.138931 34.920742, -110.139157 34.920533, -110.139038 34.920446, -110.139374 34.920137)))",microsoft_us_building_footprints
ms-az-000744,Microsoft footprint AZ #53,AZ,,116735.76,31.5565770,-110.2536854,,commercial_industrial_unknown,unknown,"MULTIPOLYGON (((-110.253615 31.555773, -110.253031 31.55599, -110.253023 31.556207, -110.253055 31.556271, -110.253095 31.556272, -110.253232 31.55654, -110.253298 31.556516, -110.253339 31.556596, -110.253309 31.556608, -110.253429 31.556844, -110.253428 31.556845, -110.253459 31.556905, -110.253816 31.556773, -110.253841 31.556822, -110.253563 31.556925, -110.253716 31.557225, -110.253665 31.557244, -110.253691 31.557294, -110.253876 31.557226, -110.253895 31.557263, -110.253998 31.557265, -110.254074 31.557414, -110.254414 31.557288, -110.253615 31.555773)))",microsoft_us_building_footprints
ms-az-000745,Microsoft footprint AZ #54,AZ,,101880.38,32.2221977,-110.8220680,,commercial_industrial_unknown,unknown,"MULTIPOLYGON (((-110.821543 32.221743, -110.821552 32.222151, -110.8217 32.222149, -110.821699 32.222144, -110.821719 32.222144, -110.821721 32.222228, -110.82172 32.222228, -110.821724 32.222413, -110.821547 32.222416, -110.82155 32.222521, -110.82152 32.222522, -110.821524 32.222683, -110.822517 32.222666, -110.822516 32.22261, -110.82256 32.222609, -110.822549 32.222121, -110.822552 32.222121, -110.822547 32.221906, -110.82252 32.221906, -110.822515 32.221698, -110.8221 32.221704, -110.8221 32.221734, -110.821543 32.221743)))",microsoft_us_building_footprints
ms-az-000746,Microsoft footprint AZ #55,AZ,,170346.03,32.2347249,-110.8566557,,commercial_industrial_unknown,unknown,"MULTIPOLYGON (((-110.857451 32.234182, -110.856789 32.234183, -110.856789 32.234252, -110.856722 32.234185, -110.856014 32.234187, -110.856016 32.234888, -110.85599 32.234888, -110.855961 32.234908, -110.855909 32.234908, -110.855911 32.235333, -110.856012 32.235332, -110.85604 32.235312, -110.85608 32.235312, -110.856098 32.23533, -110.856229 32.23533, -110.856226 32.235332, -110.85697 32.23533, -110.856969 32.235047, -110.856938 32.235017, -110.856908 32.235017, -110.856972 32.234971, -110.857066 32.235064, -110.857066 32.235074, -110.857158 32.235165, -110.857228 32.235115, -110.857033 32.234922, -110.857033 32.234915, -110.857337 32.234914, -110.857338 32.23495, -110.857454 32.23495, -110.857451 32.234182)))",microsoft_us_building_footprints
ms-az-000747,Microsoft footprint AZ #56,AZ,,100104.84,32.1732389,-110.8597298,,commercial_industrial_unknown,unknown,"MULTIPOLYGON (((-110.860376 32.172884, -110.86001 32.172979, -110.859976 32.172885, -110.859647 32.172887, -110.859647 32.172896, -110.85958 32.172897, -110.859579 32.172792, -110.859377 32.172794, -110.859379 32.172899, -110.859169 32.1729, -110.859172 32.17317, -110.858899 32.173172, -110.858901 32.173384, -110.859373 32.17338, -110.859374 32.173433, -110.859315 32.173448, -110.859318 32.173734, -110.859517 32.173733, -110.859515 32.173554, -110.860153 32.173548, -110.860153 32.173592, -110.860097 32.173592, -110.860098 32.173662, -110.860294 32.173661, -110.860293 32.173595, -110.860285 32.173573, -110.860284 32.173509, -110.860399 32.173508, -110.860394 32.172995, -110.860377 32.172995, -110.860376 32.172884)))",microsoft_us_building_footprints
ms-az-000748,Microsoft footprint AZ #57,AZ,,109549.66,32.0944636,-110.8129088,,commercial_industrial_unknown,unknown,"MULTIPOLYGON (((-110.813322 32.093862, -110.812544 32.093856, -110.812539 32.094347, -110.812108 32.094343, -110.812108 32.094407, -110.812535 32.09441, -110.812528 32.095069, -110.813309 32.095075, -110.813322 32.093862)))",microsoft_us_building_footprints
ms-az-000749,Microsoft footprint AZ #58,AZ,,120476.89,32.2734581,-110.9454017,,commercial_industrial_unknown,unknown,"MULTIPOLYGON (((-110.946088 32.273381, -110.94493 32.273396, -110.94493 32.273428, -110.944222 32.273437, -110.944233 32.274017, -110.944506 32.274014, -110.944501 32.273693, -110.944876 32.273688, -110.944881 32.273964, -110.945061 32.273961, -110.94506 32.273916, -110.945569 32.273909, -110.945567 32.273782, -110.94578 32.27378, -110.945778 32.273646, -110.946 32.273643, -110.946 32.273592, -110.946164 32.27359, -110.946161 32.273387, -110.946398 32.273384, -110.946382 32.272495, -110.946054 32.272499, -110.946055 32.272583, -110.946109 32.272583, -110.946111 32.27268, -110.94606 32.272681, -110.946062 32.272805, -110.946109 32.272805, -110.94611 32.27285, -110.946079 32.272851, -110.946088 32.273381)))",microsoft_us_building_footprints
ms-az-000750,Microsoft footprint AZ #59,AZ,,119626.0,32.1074173,-110.9498972,,commercial_industrial_unknown,unknown,"MULTIPOLYGON (((-110.949105 32.107847, -110.94975 32.107847, -110.94975 32.107735, -110.950552 32.107735, -110.950552 32.107667, -110.950655 32.107667, -110.950655 32.107133, -110.950555 32.107133, -110.950555 32.107024, -110.949289 32.107024, -110.949289 32.107533, -110.949105 32.107533, -110.949105 32.107847)))",microsoft_us_building_footprints
ms-az-000751,Microsoft footprint AZ #60,AZ,,225261.25,32.1293569,-110.9365641,,commercial_industrial_unknown,unknown,"MULTIPOLYGON (((-110.937916 32.129872, -110.937925 32.129214, -110.93708 32.129207, -110.937081 32.129162, -110.937183 32.129163, -110.937187 32.128781, -110.936413 32.128774, -110.936412 32.128875, -110.936519 32.128876, -110.936516 32.129145, -110.936831 32.129148, -110.936833 32.129051, -110.937028 32.129053, -110.937028 32.129112, -110.936946 32.129111, -110.936944 32.129203, -110.936203 32.129196, -110.936204 32.129151, -110.935946 32.129149, -110.935949 32.128957, -110.936076 32.128958, -110.936077 32.128892, -110.935754 32.128889, -110.935753 32.128962, -110.935506 32.12896, -110.935507 32.12888, -110.935097 32.128876, -110.935096 32.12896, -110.934975 32.128959, -110.934969 32.129453, -110.936208 32.129464, -110.936203 32.129856, -110.937916 32.129872)))",microsoft_us_building_footprints
ms-az-000752,Microsoft footprint AZ #61,AZ,,144976.73,32.2559436,-110.9877321,,commercial_industrial_unknown,unknown,"MULTIPOLYGON (((-110.988126 32.255087, -110.987475 32.255088, -110.987476 32.255491, -110.987231 32.255491, -110.987233 32.256394, -110.987474 32.256393, -110.987475 32.256798, -110.988127 32.256797, -110.988125 32.255958, -110.988204 32.255958, -110.988204 32.255994, -110.988283 32.255994, -110.988283 32.255874, -110.988205 32.255874, -110.988205 32.255913, -110.988125 32.255913, -110.988125 32.255937, -110.987476 32.255938, -110.987476 32.255983, -110.987361 32.255983, -110.98736 32.255903, -110.987484 32.255903, -110.987484 32.255862, -110.988127 32.255861, -110.988127 32.255743, -110.988178 32.255743, -110.988178 32.255697, -110.988127 32.255697, -110.988126 32.255087)))",microsoft_us_building_footprints
ms-az-000753,Microsoft footprint AZ #62,AZ,,163957.84,33.4137570,-111.5788144,,commercial_industrial_unknown,unknown,"MULTIPOLYGON (((-111.577488 33.414011, -111.577705 33.414015, -111.577704 33.414041, -111.577844 33.414044, -111.577844 33.414025, -111.580179 33.41407, -111.58018 33.414047, -111.580218 33.414047, -111.580233 33.41352, -111.579707 33.41351, -111.579709 33.413438, -111.579532 33.413435, -111.579531 33.413473, -111.579293 33.413468, -111.579283 33.413842, -111.578981 33.413836, -111.578984 33.413744, -111.57888 33.413742, -111.578889 33.413434, -111.578496 33.413426, -111.578498 33.413361, -111.578413 33.41336, -111.57841 33.413433, -111.577925 33.413424, -111.577927 33.413376, -111.577852 33.413375, -111.577851 33.413434, -111.577504 33.413427, -111.577488 33.414011)))",microsoft_us_building_footprints
ms-az-000754,Microsoft footprint AZ #63,AZ,,171260.26,35.1892322,-111.6556664,,commercial_industrial_unknown,unknown,"MULTIPOLYGON (((-111.656276 35.190032, -111.656236 35.189172, -111.65563 35.189191, -111.655623 35.189054, -111.655891 35.189046, -111.65589 35.189013, -111.656453 35.188995, -111.65644 35.188718, -111.655923 35.188735, -111.65591 35.188449, -111.655629 35.188458, -111.655639 35.188674, -111.655182 35.188505, -111.655179 35.188451, -111.655036 35.188455, -111.655039 35.188531, -111.654856 35.188619, -111.654869 35.188901, -111.655151 35.189005, -111.65506 35.189169, -111.655213 35.189164, -111.655065 35.189431, -111.655159 35.189732, -111.65528 35.189728, -111.655214 35.189637, -111.65533 35.189581, -111.65532 35.189374, -111.655403 35.189371, -111.655435 35.190058, -111.656276 35.190032)))",microsoft_us_building_footprints
ms-az-000755,Microsoft footprint AZ #64,AZ,,123590.1,33.3317980,-111.6940390,,commercial_industrial_unknown,unknown,"MULTIPOLYGON (((-111.692903 33.331562, -111.692909 33.332053, -111.695175 33.332034, -111.695169 33.331543, -111.692903 33.331562)))",microsoft_us_building_footprints
ms-az-000756,Microsoft footprint AZ #65,AZ,,158937.18,33.2962033,-111.7449849,,commercial_industrial_unknown,unknown,"MULTIPOLYGON (((-111.745079 33.295463, -111.744029 33.29637, -111.744083 33.296414, -111.744033 33.296458, -111.744172 33.29657, -111.744222 33.296526, -111.744539 33.296782, -111.744631 33.296702, -111.744712 33.296767, -111.744736 33.296767, -111.744754 33.296751, -111.744932 33.296896, -111.744997 33.29684, -111.745088 33.296914, -111.745244 33.296778, -111.745152 33.296704, -111.745734 33.296201, -111.745796 33.296252, -111.745868 33.29619, -111.745864 33.295996, -111.745796 33.295942, -111.745825 33.295917, -111.745521 33.295671, -111.745486 33.2957, -111.745378 33.295613, -111.745323 33.29566, -111.745079 33.295463)))",microsoft_us_building_footprints
ms-az-000757,Microsoft footprint AZ #66,AZ,,253888.43,32.8803270,-111.7841672,,commercial_industrial_unknown,unknown,"MULTIPOLYGON (((-111.783165 32.880878, -111.783057 32.880911, -111.783163 32.880995, -111.783339 32.880991, -111.783381 32.880909, -111.78349 32.880948, -111.783496 32.881118, -111.783533 32.881085, -111.783662 32.881187, -111.783646 32.880752, -111.783896 32.880842, -111.7839 32.88094, -111.784029 32.880824, -111.784351 32.880816, -111.784387 32.880776, -111.784542 32.880729, -111.784537 32.880597, -111.784872 32.880717, -111.785417 32.880703, -111.785422 32.880827, -111.785499 32.880825, -111.785281 32.880322, -111.785449 32.880317, -111.785443 32.880151, -111.785288 32.880155, -111.785275 32.87978, -111.783317 32.87983, -111.7833 32.879863, -111.783075 32.879869, -111.783112 32.880879, -111.783165 32.880878)))",microsoft_us_building_footprints
ms-az-000758,Microsoft footprint AZ #67,AZ,,314050.59,33.2794486,-111.7860263,,commercial_industrial_unknown,unknown,"MULTIPOLYGON (((-111.786206 33.277909, -111.785888 33.277915, -111.785892 33.278041, -111.785817 33.278043, -111.785813 33.277899, -111.78552 33.277905, -111.785524 33.278037, -111.785125 33.278046, -111.78516 33.279209, -111.785337 33.279205, -111.785344 33.279443, -111.785867 33.279432, -111.785879 33.279846, -111.786053 33.279843, -111.78606 33.280046, -111.786316 33.280225, -111.786184 33.280259, -111.786219 33.28142, -111.786075 33.281423, -111.786095 33.281479, -111.786869 33.281462, -111.786837 33.28038, -111.786796 33.280381, -111.786792 33.28024, -111.786728 33.280241, -111.786671 33.280086, -111.786308 33.279833, -111.786303 33.279656, -111.786227 33.279657, -111.786337 33.279547, -111.786296 33.278174, -111.786304 33.278174, -111.786206 33.277909)))",microsoft_us_building_footprints
ms-az-000759,Microsoft footprint AZ #68,AZ,,129512.02,33.3917133,-111.7903000,,commercial_industrial_unknown,unknown,"MULTIPOLYGON (((-111.790082 33.392992, -111.790687 33.392996, -111.790688 33.392828, -111.790348 33.392826, -111.790351 33.392445, -111.790544 33.392446, -111.790546 33.392241, -111.790672 33.392242, -111.790677 33.391705, -111.790542 33.391704, -111.790546 33.391283, -111.790571 33.391283, -111.790571 33.391245, -111.790545 33.391245, -111.790545 33.391201, -111.790309 33.3912, -111.790313 33.390808, -111.790327 33.390808, -111.790328 33.390724, -111.790362 33.390724, -111.790363 33.390615, -111.790328 33.390615, -111.790328 33.39055, -111.790362 33.39055, -111.790363 33.390425, -111.79049 33.390426, -111.790492 33.390234, -111.790066 33.390232, -111.790063 33.390559, -111.790069 33.390559, -111.790052 33.392506, -111.790087 33.392506, -111.790082 33.392992)))",microsoft_us_building_footprints
ms-az-000760,Microsoft footprint AZ #69,AZ,,135188.84,32.8734705,-111.7682903,,commercial_industrial_unknown,unknown,"MULTIPOLYGON (((-111.767564 32.873963, -111.767922 32.873969, -111.767921 32.874027, -111.768072 32.87403, -111.768098 32.873956, -111.768293 32.873959, -111.768298 32.87396, -111.768463 32.873963, -111.768466 32.873834, -111.76836 32.873833, -111.768362 32.873753, -111.768852 32.873761, -111.768857 32.87354, -111.769265 32.873547, -111.769267 32.873437, -111.769199 32.873436, -111.76921 32.872992, -111.768803 32.872985, -111.768799 32.873185, -111.76876 32.873175, -111.768719 32.873292, -111.768425 32.873221, -111.768409 32.873266, -111.768353 32.873265, -111.768358 32.873058, -111.768082 32.873053, -111.768081 32.873084, -111.767948 32.873081, -111.767949 32.873026, -111.767947 32.873025, -111.767586 32.873019, -111.767564 32.873963)))",microsoft_us_building_footprints
ms-az-000761,Microsoft footprint AZ #70,AZ,,248426.36,32.8776518,-111.7807780,,commercial_industrial_unknown,unknown,"MULTIPOLYGON (((-111.78126 32.876614, -111.780669 32.87661, -111.780665 32.876993, -111.780124 32.876989, -111.780122 32.87712, -111.780119 32.877144, -111.780116 32.877441, -111.779953 32.877439, -111.779948 32.877898, -111.779962 32.877935, -111.780068 32.877936, -111.780115 32.878063, -111.780112 32.878419, -111.780522 32.878422, -111.780523 32.878319, -111.780641 32.87832, -111.780639 32.878463, -111.781557 32.878469, -111.781564 32.877806, -111.781317 32.877804, -111.781318 32.877702, -111.781374 32.877687, -111.781378 32.877354, -111.781339 32.877249, -111.78134 32.87711, -111.781254 32.877109, -111.78126 32.876614)))",microsoft_us_building_footprints
ms-az-000762,Microsoft footprint AZ #71,AZ,,121874.6,33.2764834,-111.8132914,,commercial_industrial_unknown,unknown,"MULTIPOLYGON (((-111.814568 33.276284, -111.811867 33.276277, -111.811867 33.276349, -111.811842 33.276348, -111.811842 33.276461, -111.811869 33.276461, -111.811868 33.276606, -111.812153 33.276607, -111.812153 33.27663, -111.812485 33.276631, -111.812485 33.276653, -111.812783 33.276654, -111.812783 33.276676, -111.813123 33.276677, -111.813123 33.276702, -111.813306 33.276702, -111.813306 33.276722, -111.814421 33.276725, -111.814421 33.27669, -111.814574 33.27669, -111.814575 33.276544, -111.814596 33.276544, -111.814597 33.276316, -111.814568 33.276315, -111.814568 33.276284)))",microsoft_us_building_footprints
ms-az-000763,Microsoft footprint AZ #72,AZ,,123778.89,33.4242354,-111.7895566,,commercial_industrial_unknown,unknown,"MULTIPOLYGON (((-111.790628 33.423955, -111.790114 33.423951, -111.790114 33.423973, -111.789288 33.423967, -111.789287 33.42401, -111.789157 33.42401, -111.789158 33.423997, -111.789124 33.423997, -111.789121 33.42429, -111.78904 33.42429, -111.789044 33.423918, -111.788526 33.423915, -111.788523 33.424311, -111.789036 33.424314, -111.789036 33.424369, -111.788533 33.424366, -111.78853 33.424611, -111.78869 33.424612, -111.788691 33.42456, -111.789309 33.424565, -111.78931 33.424443, -111.789634 33.424445, -111.789634 33.424485, -111.790622 33.424492, -111.790628 33.423955)))",microsoft_us_building_footprints
ms-az-000764,Microsoft footprint AZ #73,AZ,,134562.9,33.3469972,-111.8252155,,commercial_industrial_unknown,unknown,"MULTIPOLYGON (((-111.825502 33.34808, -111.825488 33.345912, -111.824929 33.345915, -111.824943 33.348082, -111.825502 33.34808)))",microsoft_us_building_footprints
ms-az-000765,Microsoft footprint AZ #74,AZ,,164656.88,33.2436039,-111.8430827,,commercial_industrial_unknown,unknown,"MULTIPOLYGON (((-111.844002 33.243171, -111.843884 33.243169, -111.843883 33.243207, -111.842333 33.24318, -111.842329 33.243328, -111.842005 33.243322, -111.842001 33.243477, -111.842154 33.24348, -111.84215 33.243646, -111.842511 33.243652, -111.84251 33.243708, -111.842379 33.243706, -111.842375 33.243849, -111.842126 33.243845, -111.842127 33.243798, -111.841899 33.243794, -111.841895 33.243969, -111.842519 33.24398, -111.842521 33.243919, -111.842648 33.243921, -111.842646 33.244, -111.84353 33.244016, -111.843532 33.243915, -111.843685 33.243917, -111.843681 33.244079, -111.843745 33.24408, -111.843744 33.244111, -111.843895 33.244114, -111.843895 33.24408, -111.843979 33.244082, -111.844002 33.243171)))",microsoft_us_building_footprints
ms-az-000766,Microsoft footprint AZ #75,AZ,,331100.64,33.3522114,-111.8992837,,commercial_industrial_unknown,unknown,"MULTIPOLYGON (((-111.898309 33.351126, -111.898305 33.352289, -111.899048 33.352291, -111.899048 33.352311, -111.899094 33.352311, -111.899094 33.352287, -111.899145 33.352287, -111.899144 33.352452, -111.898753 33.352452, -111.898751 33.352841, -111.898945 33.352842, -111.898944 33.353017, -111.899003 33.353017, -111.899002 33.353301, -111.899237 33.353302, -111.899237 33.353241, -111.899725 33.353242, -111.899725 33.353287, -111.900378 33.353289, -111.900381 33.352437, -111.899777 33.352436, -111.899779 33.351952, -111.899621 33.351952, -111.899622 33.351685, -111.899756 33.351685, -111.899757 33.351275, -111.899569 33.351275, -111.89957 33.351128, -111.898309 33.351126)))",microsoft_us_building_footprints
ms-az-000767,Microsoft footprint AZ #76,AZ,,365258.11,33.4598744,-111.9056242,,commercial_industrial_unknown,unknown,"MULTIPOLYGON (((-111.904119 33.459076, -111.904121 33.460582, -111.904996 33.460581, -111.904995 33.459911, -111.904599 33.459911, -111.904599 33.459845, -111.905231 33.459845, -111.905232 33.460561, -111.905929 33.46056, -111.905928 33.459842, -111.906234 33.459842, -111.906235 33.460421, -111.906032 33.460319, -111.906032 33.460606, -111.90615 33.460444, -111.906236 33.460443, -111.906236 33.460558, -111.906933 33.460557, -111.906932 33.459852, -111.906944 33.459857, -111.907854 33.459856, -111.907853 33.45941, -111.907159 33.459411, -111.907159 33.459789, -111.90697 33.459789, -111.906969 33.459513, -111.905892 33.459268, -111.905893 33.459789, -111.905072 33.45979, -111.905071 33.459171, -111.905751 33.459171, -111.905751 33.459075, -111.904119 33.459076)))",microsoft_us_building_footprints
ms-az-000768,Microsoft footprint AZ #77,AZ,,188966.68,33.2551095,-111.8869790,,commercial_industrial_unknown,unknown,"MULTIPOLYGON (((-111.887984 33.254666, -111.88751 33.25427, -111.88747 33.254303, -111.887271 33.254138, -111.887018 33.254351, -111.887219 33.254518, -111.886693 33.254959, -111.886316 33.254646, -111.885938 33.254963, -111.886315 33.255277, -111.886206 33.255369, -111.886301 33.255448, -111.886188 33.255544, -111.886566 33.255859, -111.886755 33.2557, -111.886821 33.255755, -111.886852 33.255729, -111.887209 33.256026, -111.887587 33.255709, -111.887163 33.255355, -111.887984 33.254666)))",microsoft_us_building_footprints
ms-az-000769,Microsoft footprint AZ #78,AZ,,173443.88,33.4213615,-111.9031223,,commercial_industrial_unknown,unknown,"MULTIPOLYGON (((-111.902358 33.420834, -111.902358 33.420914, -111.902411 33.420914, -111.902411 33.420962, -111.902371 33.420962, -111.902371 33.42106, -111.902385 33.42106, -111.902387 33.421713, -111.902405 33.421713, -111.902405 33.421753, -111.902477 33.421753, -111.902478 33.421799, -111.902342 33.421799, -111.902342 33.421893, -111.903756 33.42189, -111.903756 33.421901, -111.903884 33.4219, -111.903884 33.421802, -111.903833 33.421802, -111.903833 33.421756, -111.903872 33.421756, -111.903872 33.42166, -111.903834 33.42166, -111.903834 33.421606, -111.903872 33.421606, -111.903872 33.421512, -111.903834 33.421512, -111.903834 33.421458, -111.903853 33.421458, -111.903851 33.420919, -111.903897 33.420919, -111.903897 33.420831, -111.902358 33.420834)))",microsoft_us_building_footprints
ms-az-000770,Microsoft footprint AZ #79,AZ,,156274.53,33.6130534,-111.9272808,,commercial_industrial_unknown,unknown,"MULTIPOLYGON (((-111.927069 33.611588, -111.927067 33.611722, -111.927051 33.611722, -111.927005 33.614637, -111.92705 33.614666, -111.927304 33.614669, -111.927304 33.614633, -111.927581 33.614636, -111.927583 33.6145, -111.927226 33.614496, -111.92723 33.614246, -111.927608 33.614251, -111.927619 33.613572, -111.927353 33.613569, -111.927352 33.613622, -111.927269 33.613621, -111.927272 33.613427, -111.927461 33.613429, -111.927465 33.613184, -111.927326 33.613182, -111.927334 33.612664, -111.927539 33.612666, -111.927543 33.612422, -111.927332 33.612419, -111.927338 33.612087, -111.92746 33.612088, -111.927457 33.61225, -111.927465 33.612255, -111.927516 33.612199, -111.927628 33.6122, -111.927639 33.611515, -111.927141 33.611509, -111.927069 33.611588)))",microsoft_us_building_footprints
ms-az-000771,Microsoft footprint AZ #80,AZ,,108002.44,33.3480831,-111.9526990,,commercial_industrial_unknown,unknown,"MULTIPOLYGON (((-111.951672 33.348273, -111.95173 33.34837, -111.951624 33.348414, -111.951773 33.348664, -111.951918 33.348695, -111.951989 33.348665, -111.952014 33.348584, -111.952136 33.34861, -111.952348 33.348522, -111.952364 33.348467, -111.95242 33.348479, -111.952433 33.348435, -111.952476 33.348444, -111.952707 33.348348, -111.952697 33.348331, -111.952701 33.348317, -111.952932 33.348221, -111.952954 33.348149, -111.953043 33.348168, -111.953253 33.348081, -111.95327 33.348026, -111.953327 33.348038, -111.95334 33.347994, -111.953384 33.348003, -111.953596 33.347915, -111.953631 33.347797, -111.953723 33.347816, -111.953798 33.347785, -111.953828 33.347685, -111.953674 33.347426, -111.953545 33.34748, -111.953552 33.347492, -111.951672 33.348273)))",microsoft_us_building_footprints
ms-az-000772,Microsoft footprint AZ #81,AZ,,157122.96,33.3043560,-111.9546132,,commercial_industrial_unknown,unknown,"MULTIPOLYGON (((-111.953947 33.303823, -111.953949 33.304884, -111.955103 33.304882, -111.955103 33.30494, -111.955327 33.30494, -111.955326 33.304882, -111.955266 33.304882, -111.955264 33.303821, -111.955037 33.303822, -111.955037 33.303779, -111.954937 33.303779, -111.954937 33.303822, -111.953947 33.303823)))",microsoft_us_building_footprints
ms-az-000773,Microsoft footprint AZ #82,AZ,,160612.17,33.3180822,-111.9656358,,commercial_industrial_unknown,unknown,"MULTIPOLYGON (((-111.967313 33.318393, -111.967319 33.317695, -111.967042 33.317693, -111.96704 33.317908, -111.966495 33.317905, -111.966494 33.318055, -111.964965 33.318045, -111.964964 33.318197, -111.964696 33.318195, -111.964659 33.318166, -111.964887 33.317955, -111.964498 33.317661, -111.964553 33.317611, -111.964424 33.317513, -111.964372 33.317561, -111.964492 33.317652, -111.964268 33.317859, -111.964072 33.317711, -111.964075 33.317468, -111.963794 33.317466, -111.963791 33.3178, -111.964538 33.318362, -111.964589 33.318362, -111.964589 33.318419, -111.96467 33.318392, -111.96468 33.318361, -111.965749 33.318367, -111.965736 33.318342, -111.966116 33.318344, -111.966115 33.318386, -111.967313 33.318393)))",microsoft_us_building_footprints
ms-az-000774,Microsoft footprint AZ #83,AZ,,295756.5,33.4152498,-111.9717075,,commercial_industrial_unknown,unknown,"MULTIPOLYGON (((-111.973695 33.415564, -111.973696 33.414828, -111.973009 33.414827, -111.973009 33.415143, -111.972883 33.415143, -111.972883 33.414827, -111.972084 33.414827, -111.972084 33.415091, -111.971538 33.41509, -111.971538 33.414958, -111.971086 33.414958, -111.971086 33.41479, -111.970856 33.41479, -111.970855 33.414913, -111.96996 33.414912, -111.96996 33.414992, -111.969884 33.414991, -111.969885 33.414908, -111.969727 33.414908, -111.969727 33.415123, -111.969836 33.415123, -111.969835 33.415698, -111.96997 33.415698, -111.969969 33.415862, -111.970235 33.415862, -111.970235 33.415676, -111.97027 33.415676, -111.97027 33.415772, -111.970399 33.415772, -111.970399 33.415562, -111.973695 33.415564)))",microsoft_us_building_footprints
ms-az-000775,Microsoft footprint AZ #84,AZ,,111463.5,33.6248128,-111.9588042,,commercial_industrial_unknown,unknown,"MULTIPOLYGON (((-111.958592 33.625354, -111.959269 33.625358, -111.959271 33.625119, -111.959373 33.62512, -111.959374 33.625034, -111.959626 33.625036, -111.959627 33.624931, -111.959708 33.624931, -111.95971 33.62479, -111.959373 33.624788, -111.959374 33.624703, -111.959271 33.624703, -111.959273 33.624464, -111.958604 33.62446, -111.958605 33.624374, -111.958559 33.624373, -111.958559 33.62435, -111.957983 33.624346, -111.957982 33.624469, -111.957928 33.624469, -111.957925 33.624765, -111.957933 33.624765, -111.957933 33.624811, -111.95797 33.624811, -111.957971 33.624782, -111.958597 33.624786, -111.958592 33.625354)))",microsoft_us_building_footprints
ms-az-000776,Microsoft footprint AZ #85,AZ,,109995.98,33.3545622,-111.9584059,,commercial_industrial_unknown,unknown,"MULTIPOLYGON (((-111.959052 33.354044, -111.958512 33.354044, -111.958512 33.354236, -111.958313 33.354237, -111.958313 33.354265, -111.958114 33.354265, -111.958114 33.354466, -111.95793 33.354466, -111.95793 33.354488, -111.957714 33.354488, -111.957714 33.354571, -111.957447 33.354571, -111.957447 33.354903, -111.959055 33.354903, -111.959055 33.354677, -111.959085 33.354677, -111.959085 33.354451, -111.959053 33.354451, -111.959052 33.354044)))",microsoft_us_building_footprints
ms-az-000777,Microsoft footprint AZ #86,AZ,,128139.1,33.4842002,-111.9622269,,commercial_industrial_unknown,unknown,"MULTIPOLYGON (((-111.961389 33.483881, -111.961382 33.48443, -111.961537 33.484552, -111.961638 33.484464, -111.961638 33.484428, -111.961673 33.484428, -111.961671 33.484642, -111.962336 33.484647, -111.962338 33.484488, -111.962729 33.484492, -111.96273 33.484435, -111.962795 33.484487, -111.962797 33.484378, -111.963063 33.48438, -111.963064 33.484318, -111.963125 33.484318, -111.963125 33.484245, -111.963065 33.484244, -111.963067 33.484112, -111.963185 33.484113, -111.963188 33.483851, -111.963091 33.483851, -111.963057 33.483857, -111.962784 33.483855, -111.962785 33.48381, -111.962775 33.483818, -111.962775 33.48385, -111.962721 33.48385, -111.962722 33.483785, -111.962343 33.483871, -111.962342 33.483889, -111.961389 33.483881)))",microsoft_us_building_footprints
ms-az-000778,Microsoft footprint AZ #87,AZ,,254062.9,33.4424567,-111.9624211,,commercial_industrial_unknown,unknown,"MULTIPOLYGON (((-111.962971 33.44139, -111.961912 33.441372, -111.961876 33.442849, -111.961795 33.442847, -111.961791 33.443011, -111.961875 33.443012, -111.961868 33.443301, -111.961945 33.443302, -111.961983 33.443276, -111.962 33.443293, -111.962041 33.443265, -111.962039 33.443324, -111.961999 33.443323, -111.961976 33.443339, -111.961974 33.443405, -111.961944 33.443375, -111.961943 33.443414, -111.961903 33.443413, -111.961902 33.443441, -111.961932 33.44347, -111.961871 33.443512, -111.961871 33.443523, -111.962053 33.443526, -111.962054 33.443496, -111.962075 33.443517, -111.962075 33.443527, -111.962922 33.443541, -111.962929 33.443229, -111.963058 33.443231, -111.963061 33.4431, -111.96293 33.443098, -111.962971 33.44139)))",microsoft_us_building_footprints
ms-az-000779,Microsoft footprint AZ #88,AZ,,140495.34,33.4735561,-111.9843059,,commercial_industrial_unknown,unknown,"MULTIPOLYGON (((-111.983516 33.473114, -111.983513 33.473671, -111.983736 33.473672, -111.983734 33.473998, -111.98455 33.474001, -111.98455 33.474055, -111.984926 33.474056, -111.984927 33.47398, -111.985001 33.47398, -111.985001 33.473855, -111.985069 33.473855, -111.985071 33.473457, -111.98494 33.473456, -111.984941 33.473119, -111.983516 33.473114)))",microsoft_us_building_footprints
ms-az-000780,Microsoft footprint AZ #89,AZ,,108732.71,33.3507976,-111.9647682,,commercial_industrial_unknown,unknown,"MULTIPOLYGON (((-111.964499 33.351723, -111.965164 33.351724, -111.965165 33.351382, -111.965206 33.351382, -111.965206 33.351305, -111.964838 33.351305, -111.964839 33.351087, -111.96474 33.351087, -111.964741 33.350874, -111.964859 33.350874, -111.964858 33.350978, -111.964933 33.350978, -111.964934 33.350868, -111.96503 33.350868, -111.965034 33.349838, -111.964505 33.349836, -111.964503 33.350437, -111.964477 33.350437, -111.964476 33.350688, -111.964503 33.350688, -111.964502 33.35088, -111.964475 33.35088, -111.964474 33.351297, -111.9645 33.351297, -111.964499 33.351723)))",microsoft_us_building_footprints
ms-az-000781,Microsoft footprint AZ #90,AZ,,104516.34,33.7524458,-111.9904764,,commercial_industrial_unknown,unknown,"MULTIPOLYGON (((-111.991327 33.751688, -111.991117 33.751597, -111.990827 33.752061, -111.990452 33.751898, -111.990422 33.751946, -111.990371 33.751946, -111.990311 33.752043, -111.990326 33.752049, -111.990303 33.752085, -111.990279 33.752085, -111.990196 33.752049, -111.990029 33.752316, -111.990095 33.752344, -111.989907 33.752645, -111.990283 33.752808, -111.990176 33.75298, -111.989726 33.752978, -111.989725 33.753008, -111.989684 33.753008, -111.989683 33.753183, -111.990309 33.753186, -111.99063 33.7527, -111.990706 33.752733, -111.990972 33.752306, -111.990942 33.752293, -111.991327 33.751688)))",microsoft_us_building_footprints
ms-az-000782,Microsoft footprint AZ #91,AZ,,271162.07,33.6021616,-111.9765098,,commercial_industrial_unknown,unknown,"MULTIPOLYGON (((-111.976865 33.600334, -111.976071 33.600312, -111.976038 33.601142, -111.976354 33.601151, -111.976346 33.601376, -111.976469 33.60138, -111.976466 33.601447, -111.976164 33.601438, -111.976156 33.601644, -111.976142 33.601643, -111.976119 33.602234, -111.976379 33.602306, -111.976305 33.602492, -111.976163 33.602488, -111.976141 33.603043, -111.976342 33.603048, -111.976336 33.603203, -111.976283 33.603202, -111.976273 33.603459, -111.976313 33.60346, -111.976286 33.604145, -111.976669 33.604155, -111.976608 33.604307, -111.976854 33.604375, -111.976884 33.602892, -111.976613 33.602885, -111.976867 33.602246, -111.976792 33.602222, -111.976865 33.600334)))",microsoft_us_building_footprints
ms-az-000783,Microsoft footprint AZ #92,AZ,,108772.89,33.3395023,-111.9954076,,commercial_industrial_unknown,unknown,"MULTIPOLYGON (((-111.994647 33.339737, -111.995168 33.339912, -111.995154 33.33994, -111.995398 33.340021, -111.995418 33.33998, -111.995562 33.340029, -111.995633 33.339881, -111.995756 33.339922, -111.99581 33.33981, -111.995867 33.33983, -111.995954 33.339649, -111.995899 33.339631, -111.996144 33.339122, -111.9961 33.339107, -111.996075 33.339158, -111.996035 33.339144, -111.996051 33.33911, -111.995552 33.338943, -111.995486 33.339081, -111.995406 33.339054, -111.995347 33.339177, -111.995154 33.339113, -111.995033 33.339365, -111.994956 33.339339, -111.994941 33.339371, -111.994737 33.339302, -111.994631 33.339522, -111.994625 33.33952, -111.994612 33.339548, -111.994668 33.339567, -111.994648 33.33961, -111.994699 33.339628, -111.994647 33.339737)))",microsoft_us_building_footprints
ms-az-000784,Microsoft footprint AZ #93,AZ,,105220.5,33.6536689,-111.9988889,,commercial_industrial_unknown,unknown,"MULTIPOLYGON (((-111.998677 33.654468, -111.998994 33.654485, -111.998989 33.654543, -111.999168 33.654552, -111.999174 33.654475, -111.999245 33.654478, -111.999333 33.65336, -111.999306 33.653359, -111.999318 33.653205, -111.999233 33.653201, -111.999218 33.653387, -111.998919 33.653371, -111.998951 33.652964, -111.998766 33.652954, -111.998771 33.65289, -111.998585 33.65288, -111.998581 33.652919, -111.998548 33.652917, -111.998562 33.652738, -111.998399 33.652729, -111.998385 33.652909, -111.998325 33.652906, -111.998308 33.653121, -111.998447 33.653129, -111.998434 33.6533, -111.998353 33.653296, -111.998345 33.653405, -111.998545 33.653416, -111.998546 33.653407, -111.998795 33.65342, -111.998782 33.653598, -111.998746 33.653596, -111.998677 33.654468)))",microsoft_us_building_footprints
ms-az-000785,Microsoft footprint AZ #94,AZ,,158679.3,33.4576542,-112.0261848,,commercial_industrial_unknown,unknown,"MULTIPOLYGON (((-112.025365 33.457284, -112.025393 33.457903, -112.025592 33.457897, -112.025594 33.45794, -112.025248 33.45795, -112.025259 33.458199, -112.025515 33.45819, -112.02565 33.457953, -112.025921 33.457945, -112.025923 33.457992, -112.025993 33.45799, -112.026001 33.458173, -112.026472 33.458158, -112.026469 33.458084, -112.026539 33.458082, -112.026533 33.457964, -112.026548 33.457963, -112.026636 33.457998, -112.02656 33.458131, -112.026836 33.458122, -112.026828 33.457957, -112.027021 33.457951, -112.026992 33.457321, -112.026689 33.4572, -112.026686 33.457122, -112.026517 33.457127, -112.026517 33.457132, -112.026014 33.457148, -112.026016 33.457198, -112.025922 33.457201, -112.025925 33.457267, -112.025365 33.457284)))",microsoft_us_building_footprints
ms-az-000786,Microsoft footprint AZ #95,AZ,,111597.69,33.4352070,-112.0400754,,commercial_industrial_unknown,unknown,"MULTIPOLYGON (((-112.039389 33.434879, -112.039393 33.435589, -112.039463 33.435589, -112.039462 33.435571, -112.039461 33.435571, -112.03946 33.435428, -112.039535 33.435427, -112.039536 33.435591, -112.040726 33.435586, -112.040725 33.435424, -112.040776 33.435424, -112.040775 33.43525, -112.040727 33.435251, -112.040725 33.434839, -112.040529 33.434839, -112.040529 33.434804, -112.040431 33.434804, -112.040431 33.43484, -112.040096 33.434841, -112.040095 33.434804, -112.039994 33.434804, -112.039993 33.434777, -112.039736 33.434778, -112.039736 33.434878, -112.039389 33.434879)))",microsoft_us_building_footprints
ms-az-000787,Microsoft footprint AZ #96,AZ,,109644.38,33.3949795,-112.0483509,,commercial_industrial_unknown,unknown,"MULTIPOLYGON (((-112.048975 33.395392, -112.048971 33.394648, -112.048638 33.39465, -112.048638 33.394562, -112.048065 33.394565, -112.048064 33.394491, -112.047889 33.394491, -112.047889 33.394556, -112.047771 33.394557, -112.047772 33.394779, -112.047719 33.394779, -112.047721 33.395082, -112.04779 33.395082, -112.047792 33.395337, -112.047873 33.395337, -112.047874 33.395387, -112.048235 33.395386, -112.048235 33.395419, -112.048374 33.395419, -112.048374 33.395394, -112.048975 33.395392)))",microsoft_us_building_footprints
ms-az-000788,Microsoft footprint AZ #97,AZ,,107894.25,33.5514275,-112.0579111,,commercial_industrial_unknown,unknown,"MULTIPOLYGON (((-112.057985 33.551236, -112.058003 33.552257, -112.058062 33.552257, -112.058062 33.552283, -112.058537 33.552278, -112.058528 33.551764, -112.058375 33.551765, -112.058371 33.551551, -112.058438 33.55155, -112.058428 33.55096, -112.058221 33.550963, -112.058224 33.551108, -112.057905 33.551112, -112.057901 33.550917, -112.05762 33.550921, -112.057617 33.550787, -112.057162 33.550792, -112.057163 33.550857, -112.056948 33.55086, -112.056955 33.551249, -112.057985 33.551236)))",microsoft_us_building_footprints
ms-az-000789,Microsoft footprint AZ #98,AZ,,100682.37,33.4928910,-112.0730741,,commercial_industrial_unknown,unknown,"MULTIPOLYGON (((-112.07252 33.492479, -112.072551 33.493323, -112.072884 33.493315, -112.072882 33.49327, -112.072957 33.493268, -112.072959 33.493326, -112.073321 33.493317, -112.07332 33.493299, -112.07339 33.493297, -112.073391 33.49333, -112.073477 33.493327, -112.073476 33.493302, -112.073615 33.493298, -112.073609 33.493131, -112.073625 33.49313, -112.073601 33.492462, -112.07341 33.492467, -112.073411 33.492478, -112.073344 33.49248, -112.073343 33.492457, -112.073257 33.49246, -112.073259 33.492496, -112.073186 33.492498, -112.073185 33.492462, -112.07252 33.492479)))",microsoft_us_building_footprints
ms-az-000790,Microsoft footprint AZ #99,AZ,,183207.75,33.7998208,-112.1320749,,commercial_industrial_unknown,unknown,"MULTIPOLYGON (((-112.130875 33.799534, -112.132739 33.800576, -112.132809 33.800576, -112.132775 33.800617, -112.132945 33.800712, -112.132974 33.800677, -112.133057 33.800723, -112.133034 33.800752, -112.133077 33.800776, -112.133138 33.800702, -112.133099 33.80068, -112.133436 33.800264, -112.133153 33.800106, -112.132948 33.800359, -112.132751 33.800249, -112.133022 33.799915, -112.132147 33.799425, -112.13209 33.799495, -112.131691 33.799272, -112.13153 33.799472, -112.131256 33.799319, -112.131215 33.799369, -112.131139 33.799327, -112.131138 33.799181, -112.131595 33.799178, -112.131593 33.798953, -112.13105 33.798956, -112.13105 33.798952, -112.13087 33.798953, -112.130875 33.799534)))",microsoft_us_building_footprints
ms-az-000791,Microsoft footprint AZ #100,AZ,,222057.97,33.4544895,-112.1558006,,commercial_industrial_unknown,unknown,"MULTIPOLYGON (((-112.157273 33.454821, -112.157267 33.454158, -112.156215 33.454165, -112.156215 33.454132, -112.156175 33.454132, -112.156175 33.454105, -112.156137 33.454105, -112.156137 33.454067, -112.156091 33.454067, -112.156091 33.454032, -112.155863 33.454033, -112.155863 33.454069, -112.155823 33.454069, -112.155823 33.454105, -112.155783 33.454105, -112.155783 33.454134, -112.155743 33.454135, -112.155743 33.454166, -112.154322 33.454175, -112.154328 33.45484, -112.157273 33.454821)))",microsoft_us_building_footprints
ms-az-000792,Microsoft footprint AZ #101,AZ,,153768.71,33.4491197,-112.1650090,,commercial_industrial_unknown,unknown,"MULTIPOLYGON (((-112.16468 33.448074, -112.164675 33.450165, -112.165338 33.450165, -112.165343 33.448075, -112.16468 33.448074)))",microsoft_us_building_footprints
ms-az-000793,Microsoft footprint AZ #102,AZ,,126805.89,33.4339380,-112.1446725,,commercial_industrial_unknown,unknown,"MULTIPOLYGON (((-112.143521 33.434188, -112.145825 33.434184, -112.145824 33.433688, -112.14352 33.433692, -112.143521 33.434188)))",microsoft_us_building_footprints
ms-az-000794,Microsoft footprint AZ #103,AZ,,434718.35,33.4612927,-112.1992238,,commercial_industrial_unknown,unknown,"MULTIPOLYGON (((-112.197419 33.461839, -112.199987 33.46184, -112.199987 33.461777, -112.201135 33.461777, -112.201136 33.460821, -112.199986 33.460821, -112.199986 33.460741, -112.197419 33.460741, -112.197419 33.461839)))",microsoft_us_building_footprints
ms-az-000795,Microsoft footprint AZ #104,AZ,,187121.21,33.4406077,-112.2019465,,commercial_industrial_unknown,unknown,"MULTIPOLYGON (((-112.203012 33.440218, -112.200889 33.440203, -112.200882 33.440998, -112.203004 33.441012, -112.203012 33.440218)))",microsoft_us_building_footprints
ms-az-000796,Microsoft footprint AZ #105,AZ,,105951.61,33.4791745,-112.2056948,,commercial_industrial_unknown,unknown,"MULTIPOLYGON (((-112.205163 33.478747, -112.205166 33.478912, -112.205107 33.478913, -112.205111 33.479166, -112.20517 33.479165, -112.205178 33.479626, -112.206321 33.479612, -112.206319 33.479534, -112.206223 33.479535, -112.206208 33.478691, -112.206082 33.478693, -112.206081 33.478653, -112.205987 33.478654, -112.205989 33.478737, -112.205163 33.478747)))",microsoft_us_building_footprints
ms-az-000797,Microsoft footprint AZ #106,AZ,,401716.93,33.4410722,-112.2232146,,commercial_industrial_unknown,unknown,"MULTIPOLYGON (((-112.224603 33.440392, -112.224392 33.440393, -112.224392 33.440424, -112.221779 33.440428, -112.221779 33.44049, -112.221805 33.44049, -112.221805 33.440569, -112.221803 33.440569, -112.221803 33.440601, -112.221798 33.440601, -112.221799 33.440752, -112.221834 33.440752, -112.221834 33.44087, -112.221826 33.44087, -112.221827 33.441421, -112.221808 33.441421, -112.221809 33.441721, -112.224224 33.441718, -112.224224 33.441737, -112.224605 33.441736, -112.224603 33.440392)))",microsoft_us_building_footprints
ms-az-000798,Microsoft footprint AZ #107,AZ,,249670.32,33.4388764,-112.1962410,,commercial_industrial_unknown,unknown,"MULTIPOLYGON (((-112.196658 33.437492, -112.195894 33.437488, -112.195893 33.437523, -112.195845 33.437522, -112.195823 33.440223, -112.195889 33.440223, -112.195889 33.440262, -112.196635 33.440267, -112.196658 33.437492)))",microsoft_us_building_footprints
ms-az-000799,Microsoft footprint AZ #108,AZ,,252501.56,33.4470970,-112.2013815,,commercial_industrial_unknown,unknown,"MULTIPOLYGON (((-112.203025 33.446756, -112.199741 33.446745, -112.199738 33.447438, -112.203022 33.447449, -112.203025 33.446756)))",microsoft_us_building_footprints
ms-az-000800,Microsoft footprint AZ #109,AZ,,143119.0,33.4571991,-112.2705364,,commercial_industrial_unknown,unknown,"MULTIPOLYGON (((-112.269704 33.456833, -112.269707 33.45731, -112.269274 33.457312, -112.269275 33.457509, -112.270733 33.457502, -112.270733 33.457531, -112.270999 33.45753, -112.270998 33.457498, -112.27134 33.457497, -112.271341 33.457559, -112.271555 33.457558, -112.271552 33.457139, -112.27149 33.457139, -112.271488 33.45697, -112.271511 33.45697, -112.27151 33.456895, -112.271488 33.456895, -112.271487 33.456761, -112.271423 33.456761, -112.271424 33.456897, -112.2708 33.4569, -112.270799 33.456828, -112.269704 33.456833)))",microsoft_us_building_footprints
ms-az-000801,Microsoft footprint AZ #110,AZ,,288752.16,33.4369810,-112.2689798,,commercial_industrial_unknown,unknown,"MULTIPOLYGON (((-112.270288 33.437464, -112.270284 33.436494, -112.269368 33.436497, -112.269368 33.436441, -112.269296 33.436442, -112.269295 33.436392, -112.268558 33.436395, -112.268558 33.436502, -112.267823 33.436504, -112.267826 33.437053, -112.267499 33.437054, -112.2675 33.437472, -112.270288 33.437464)))",microsoft_us_building_footprints
ms-az-000802,Microsoft footprint AZ #111,AZ,,107172.52,33.4581928,-112.2150845,,commercial_industrial_unknown,unknown,"MULTIPOLYGON (((-112.216332 33.458006, -112.213839 33.457992, -112.213836 33.458379, -112.216329 33.458394, -112.216332 33.458006)))",microsoft_us_building_footprints
ms-az-000803,Microsoft footprint AZ #112,AZ,,142522.52,33.4433440,-112.2195864,,commercial_industrial_unknown,unknown,"MULTIPOLYGON (((-112.219118 33.442651, -112.219114 33.443443, -112.219167 33.443443, -112.219164 33.444045, -112.219111 33.444045, -112.219111 33.444121, -112.219436 33.444122, -112.219436 33.444048, -112.219964 33.44405, -112.219967 33.443532, -112.220021 33.443532, -112.220021 33.443491, -112.220195 33.443491, -112.220196 33.443373, -112.220166 33.443372, -112.220167 33.44314, -112.220023 33.443139, -112.220025 33.442655, -112.219118 33.442651)))",microsoft_us_building_footprints
ms-az-000804,Microsoft footprint AZ #113,AZ,,164232.21,33.6774492,-112.2389061,,commercial_industrial_unknown,unknown,"MULTIPOLYGON (((-112.238183 33.677979, -112.239784 33.677968, -112.239783 33.677872, -112.239832 33.677872, -112.23983 33.677717, -112.239785 33.677717, -112.239784 33.67763, -112.239749 33.67763, -112.239748 33.677523, -112.239018 33.677528, -112.239016 33.677252, -112.239646 33.677248, -112.239643 33.676917, -112.239425 33.676918, -112.239425 33.676836, -112.239229 33.676837, -112.239229 33.676813, -112.239172 33.676814, -112.239173 33.676833, -112.238867 33.676835, -112.238868 33.676921, -112.238176 33.676925, -112.238179 33.677302, -112.238177 33.677302, -112.238183 33.677979)))",microsoft_us_building_footprints
ms-az-000805,Microsoft footprint AZ #114,AZ,,800885.68,33.4444204,-112.2866491,,commercial_industrial_unknown,unknown,"MULTIPOLYGON (((-112.288626 33.443499, -112.284662 33.443521, -112.284676 33.445385, -112.284773 33.445384, -112.284773 33.445364, -112.284869 33.445364, -112.284869 33.445339, -112.28864 33.445318, -112.288626 33.443499)))",microsoft_us_building_footprints
ms-az-000806,Microsoft footprint AZ #115,AZ,,138107.97,33.5100312,-112.3557776,,commercial_industrial_unknown,unknown,"MULTIPOLYGON (((-112.356843 33.509678, -112.356333 33.509678, -112.356333 33.509651, -112.356295 33.509651, -112.356295 33.509684, -112.355985 33.509684, -112.355985 33.509665, -112.355252 33.509665, -112.355252 33.509725, -112.354906 33.509725, -112.354905 33.51036, -112.35491 33.51036, -112.35491 33.510386, -112.355361 33.510386, -112.355361 33.510502, -112.355549 33.510502, -112.355549 33.510384, -112.355742 33.510384, -112.355742 33.5105, -112.356002 33.5105, -112.356002 33.510386, -112.356406 33.510387, -112.356406 33.509889, -112.356633 33.509889, -112.356633 33.510115, -112.356843 33.510115, -112.356843 33.509678)))",microsoft_us_building_footprints
ms-az-000807,Microsoft footprint AZ #116,AZ,,105525.68,33.6617146,-112.3758345,,commercial_industrial_unknown,unknown,"MULTIPOLYGON (((-112.375487 33.662039, -112.375878 33.662658, -112.37612 33.662553, -112.375717 33.661916, -112.376011 33.661788, -112.376033 33.661747, -112.376007 33.661737, -112.37599 33.661711, -112.376046 33.661606, -112.376877 33.661913, -112.376988 33.661706, -112.376194 33.661413, -112.375789 33.660773, -112.375548 33.660879, -112.375965 33.66154, -112.375856 33.661588, -112.375664 33.661517, -112.375681 33.66151, -112.375528 33.661453, -112.375501 33.661465, -112.375473 33.661517, -112.37559 33.66156, -112.375576 33.661587, -112.37566 33.661721, -112.375645 33.661749, -112.375621 33.66176, -112.375607 33.661785, -112.375627 33.661816, -112.375616 33.661836, -112.374821 33.661543, -112.37471 33.661752, -112.375487 33.662039)))",microsoft_us_building_footprints
ms-az-000808,Microsoft footprint AZ #117,AZ,,100293.26,33.4772826,-112.3490933,,commercial_industrial_unknown,unknown,"MULTIPOLYGON (((-112.348382 33.476888, -112.348379 33.477028, -112.348446 33.477029, -112.348444 33.477112, -112.348369 33.477111, -112.348363 33.477321, -112.348444 33.477322, -112.348442 33.477405, -112.348366 33.477404, -112.348364 33.477495, -112.348405 33.477496, -112.348404 33.477526, -112.349353 33.477542, -112.349345 33.47786, -112.3498 33.477752, -112.349804 33.477594, -112.34973 33.477592, -112.349732 33.477497, -112.349802 33.477499, -112.349807 33.477294, -112.349476 33.477288, -112.349484 33.477312, -112.349356 33.47731, -112.349362 33.477066, -112.3494 33.477057, -112.349398 33.477128, -112.349511 33.47713, -112.349744 33.477009, -112.349695 33.476866, -112.349605 33.476864, -112.349368 33.476987, -112.34934 33.476905, -112.348382 33.476888)))",microsoft_us_building_footprints
ms-az-000809,Microsoft footprint AZ #118,AZ,,165949.09,34.5622931,-112.4837651,,commercial_industrial_unknown,unknown,"MULTIPOLYGON (((-112.484109 34.562508, -112.482634 34.562492, -112.48263 34.562728, -112.48261 34.562728, -112.482576 34.562719, -112.482501 34.562718, -112.482487 34.562751, -112.482482 34.563075, -112.482529 34.563088, -112.483388 34.563098, -112.483387 34.563144, -112.483435 34.563157, -112.483464 34.563084, -112.483854 34.563089, -112.483859 34.562746, -112.484113 34.562749, -112.484116 34.56255, -112.484349 34.562553, -112.484358 34.562009, -112.48465 34.562012, -112.484652 34.56187, -112.484584 34.561852, -112.484901 34.561129, -112.484324 34.560973, -112.48432 34.561243, -112.484241 34.561242, -112.484081 34.561641, -112.484123 34.561652, -112.484109 34.562508)))",microsoft_us_building_footprints
ms-az-000810,Microsoft footprint AZ #119,AZ,,140322.58,35.1663237,-114.5635967,,commercial_industrial_unknown,unknown,"MULTIPOLYGON (((-114.564172 35.166843, -114.564123 35.165976, -114.564184 35.165974, -114.564174 35.165804, -114.564057 35.165809, -114.564047 35.165633, -114.563756 35.165644, -114.563759 35.165704, -114.563416 35.165717, -114.563422 35.165832, -114.563018 35.165847, -114.563088 35.167083, -114.563338 35.167074, -114.563327 35.166875, -114.564172 35.166843)))",microsoft_us_building_footprints
ms-az-000811,Microsoft footprint AZ #120,AZ,,214179.26,32.6816010,-114.6473255,,commercial_industrial_unknown,unknown,"MULTIPOLYGON (((-114.647963 32.681221, -114.647786 32.681221, -114.647787 32.680903, -114.647974 32.680903, -114.647974 32.680694, -114.647494 32.680693, -114.647493 32.68091, -114.647192 32.68091, -114.647192 32.680691, -114.647018 32.68069, -114.647017 32.680914, -114.64698 32.680914, -114.64698 32.681011, -114.646561 32.68101, -114.646561 32.68116, -114.646716 32.68116, -114.646713 32.682292, -114.646555 32.682291, -114.646555 32.682384, -114.647809 32.682386, -114.64781 32.682188, -114.64798 32.682189, -114.64798 32.681944, -114.647962 32.681944, -114.647963 32.681221)))",microsoft_us_building_footprints
ms-az-000812,Microsoft footprint AZ #121,AZ,,228385.18,35.1675245,-114.5713668,,commercial_industrial_unknown,unknown,"MULTIPOLYGON (((-114.570533 35.168156, -114.572201 35.168218, -114.572203 35.168177, -114.572241 35.168178, -114.572283 35.16743, -114.571932 35.167416, -114.571955 35.167007, -114.571618 35.166995, -114.571624 35.166887, -114.57156 35.166885, -114.57157 35.166695, -114.571498 35.166692, -114.571511 35.166464, -114.571251 35.166455, -114.571249 35.166485, -114.571153 35.166482, -114.571113 35.167193, -114.570891 35.167185, -114.570918 35.166701, -114.570704 35.166693, -114.570674 35.167227, -114.570682 35.167227, -114.57068 35.167269, -114.570583 35.167265, -114.570533 35.168156)))",microsoft_us_building_footprints
ms-az-000813,Microsoft footprint AZ #122,AZ,,105829.75,31.5557773,-110.2756765,,commercial_industrial_unknown,unknown,"MULTIPOLYGON (((-110.274504 31.555703, -110.274504 31.555744, -110.274481 31.555744, -110.274482 31.556219, -110.274715 31.556219, -110.274715 31.556131, -110.275014 31.556131, -110.275014 31.555926, -110.275274 31.555926, -110.275274 31.556064, -110.275615 31.556064, -110.275615 31.556009, -110.275981 31.556008, -110.275981 31.555925, -110.276201 31.555925, -110.276201 31.556098, -110.276381 31.556098, -110.27638 31.555825, -110.276461 31.555825, -110.276461 31.555797, -110.27671 31.555797, -110.276709 31.555233, -110.276203 31.555233, -110.276204 31.555672, -110.276147 31.555672, -110.276147 31.555701, -110.274504 31.555703)))",microsoft_us_building_footprints
ms-az-000814,Microsoft footprint AZ #123,AZ,,131241.23,32.0846481,-110.9449472,,commercial_industrial_unknown,unknown,"MULTIPOLYGON (((-110.943896 32.084365, -110.943893 32.084917, -110.945341 32.084924, -110.945341 32.084958, -110.945504 32.084959, -110.945505 32.084927, -110.945985 32.084929, -110.945984 32.084959, -110.946007 32.084959, -110.946008 32.084873, -110.945989 32.084872, -110.945993 32.084375, -110.943896 32.084365)))",microsoft_us_building_footprints
ms-az-000815,Microsoft footprint AZ #124,AZ,,132401.93,32.1063704,-110.9468450,,commercial_industrial_unknown,unknown,"MULTIPOLYGON (((-110.947925 32.106626, -110.947916 32.106092, -110.947318 32.106099, -110.947316 32.106022, -110.947172 32.106023, -110.947173 32.106093, -110.947111 32.106093, -110.947111 32.106059, -110.946842 32.106063, -110.946843 32.106091, -110.946237 32.106098, -110.946238 32.106172, -110.94617 32.106173, -110.94617 32.106192, -110.945963 32.106194, -110.945962 32.106138, -110.945863 32.106139, -110.945864 32.106176, -110.945761 32.106178, -110.945761 32.106192, -110.945713 32.106193, -110.94572 32.106652, -110.947925 32.106626)))",microsoft_us_building_footprints
ms-az-000816,Microsoft footprint AZ #125,AZ,,206884.48,32.2547054,-110.9917366,,commercial_industrial_unknown,unknown,"MULTIPOLYGON (((-110.992057 32.253734, -110.991284 32.253816, -110.991303 32.25394, -110.991008 32.253971, -110.991023 32.254069, -110.99096 32.254076, -110.991 32.254351, -110.991085 32.254342, -110.991101 32.254449, -110.991493 32.254408, -110.991506 32.254497, -110.991367 32.254512, -110.991376 32.25457, -110.991257 32.254582, -110.991251 32.254538, -110.991141 32.254549, -110.99121 32.255018, -110.991482 32.254989, -110.991504 32.255134, -110.99134 32.255152, -110.991351 32.255221, -110.991333 32.255223, -110.991389 32.255599, -110.991717 32.255564, -110.991724 32.255617, -110.99192 32.255596, -110.991925 32.255631, -110.99249 32.255571, -110.992416 32.255072, -110.992258 32.255089, -110.992057 32.253734)))",microsoft_us_building_footprints
ms-az-000817,Microsoft footprint AZ #126,AZ,,120139.99,31.8532947,-110.9959179,,commercial_industrial_unknown,unknown,"MULTIPOLYGON (((-110.996828 31.85236, -110.996704 31.852451, -110.996697 31.852444, -110.994906 31.853754, -110.995114 31.853959, -110.994909 31.854109, -110.99473 31.853933, -110.994548 31.854067, -110.994887 31.854401, -110.995328 31.854078, -110.995255 31.854006, -110.995209 31.85404, -110.99517 31.854001, -110.995365 31.853858, -110.99529 31.853785, -110.99558 31.853573, -110.995726 31.853717, -110.99604 31.853487, -110.99588 31.853329, -110.99634 31.852992, -110.996527 31.853177, -110.99692 31.852889, -110.996949 31.852918, -110.997205 31.852731, -110.996828 31.85236)))",microsoft_us_building_footprints
ms-az-000818,Microsoft footprint AZ #127,AZ,,127417.24,33.3850433,-111.7562579,,commercial_industrial_unknown,unknown,"MULTIPOLYGON (((-111.757163 33.384028, -111.757026 33.384028, -111.757026 33.38404, -111.756703 33.38404, -111.756705 33.385264, -111.756486 33.385265, -111.756486 33.385226, -111.756016 33.385227, -111.756016 33.38526, -111.755979 33.38526, -111.755957 33.385298, -111.755809 33.385239, -111.755809 33.385229, -111.755622 33.38523, -111.755622 33.385157, -111.755276 33.385157, -111.755258 33.385189, -111.754773 33.385189, -111.754774 33.385663, -111.754873 33.385663, -111.754873 33.385492, -111.755114 33.385492, -111.755114 33.385536, -111.755275 33.385536, -111.755275 33.385525, -111.756727 33.385523, -111.756727 33.385314, -111.757119 33.385313, -111.757117 33.384174, -111.757163 33.384174, -111.757163 33.384028)))",microsoft_us_building_footprints
ms-az-000819,Microsoft footprint AZ #128,AZ,,134917.21,33.4366694,-111.8665221,,commercial_industrial_unknown,unknown,"MULTIPOLYGON (((-111.865755 33.436653, -111.865936 33.436803, -111.865796 33.436922, -111.866083 33.437159, -111.86607 33.437204, -111.866124 33.437249, -111.866141 33.437355, -111.866211 33.437413, -111.866339 33.437438, -111.866441 33.437352, -111.866422 33.437231, -111.866434 33.437233, -111.866739 33.436976, -111.866814 33.437038, -111.866894 33.43697, -111.866956 33.437022, -111.867073 33.436923, -111.867012 33.436873, -111.867097 33.436802, -111.867045 33.436759, -111.867456 33.436413, -111.867204 33.436205, -111.867004 33.436374, -111.866703 33.436125, -111.866665 33.436117, -111.866642 33.435979, -111.866609 33.435951, -111.866496 33.435963, -111.866491 33.435982, -111.866457 33.435985, -111.866479 33.43612, -111.866405 33.436105, -111.865755 33.436653)))",microsoft_us_building_footprints
ms-az-000820,Microsoft footprint AZ #129,AZ,,121770.54,33.6254096,-111.8967871,,commercial_industrial_unknown,unknown,"MULTIPOLYGON (((-111.897241 33.624838, -111.897042 33.624837, -111.897042 33.62479, -111.896504 33.624788, -111.896505 33.624561, -111.896418 33.62456, -111.896416 33.625008, -111.896347 33.625007, -111.896346 33.62523, -111.896375 33.62523, -111.896373 33.6257, -111.896244 33.625699, -111.896243 33.625908, -111.896406 33.625909, -111.896406 33.626025, -111.897235 33.626028, -111.897241 33.624838)))",microsoft_us_building_footprints
ms-az-000821,Microsoft footprint AZ #130,AZ,,378906.26,33.3260204,-111.9267968,,commercial_industrial_unknown,unknown,"MULTIPOLYGON (((-111.927708 33.326867, -111.927665 33.325799, -111.927863 33.325662, -111.927626 33.325669, -111.927516 33.325432, -111.927671 33.325428, -111.927648 33.324881, -111.927195 33.324894, -111.927265 33.325047, -111.926458 33.324824, -111.926482 33.325417, -111.926202 33.325425, -111.926128 33.325613, -111.926061 33.325546, -111.926066 33.32566, -111.925991 33.325662, -111.925997 33.325816, -111.925864 33.325779, -111.925867 33.325857, -111.925789 33.325859, -111.925795 33.326001, -111.925479 33.32601, -111.925495 33.326386, -111.92592 33.326503, -111.926181 33.327066, -111.926438 33.327059, -111.926435 33.326971, -111.926703 33.326884, -111.926882 33.327064, -111.927095 33.326917, -111.927469 33.326906, -111.927514 33.327002, -111.927708 33.326867)))",microsoft_us_building_footprints
ms-az-000822,Microsoft footprint AZ #131,AZ,,181556.64,33.4056994,-111.9527534,,commercial_industrial_unknown,unknown,"MULTIPOLYGON (((-111.952809 33.404955, -111.952807 33.404662, -111.953161 33.40466, -111.95316 33.404487, -111.952771 33.40449, -111.952856 33.404352, -111.95249 33.404449, -111.952493 33.404901, -111.952203 33.404902, -111.952451 33.405554, -111.952372 33.405576, -111.952376 33.406134, -111.952334 33.406244, -111.952336 33.406458, -111.952435 33.406432, -111.952439 33.406979, -111.95317 33.406975, -111.953169 33.406902, -111.95297 33.406817, -111.952997 33.406773, -111.952672 33.406633, -111.952684 33.40663, -111.952681 33.406254, -111.953258 33.406503, -111.953027 33.405896, -111.953334 33.405815, -111.95333 33.405319, -111.952609 33.405009, -111.952809 33.404955)))",microsoft_us_building_footprints
ms-az-000823,Microsoft footprint AZ #132,AZ,,293909.15,33.4026365,-111.9595690,,commercial_industrial_unknown,unknown,"MULTIPOLYGON (((-111.959877 33.40127, -111.959257 33.401268, -111.959254 33.401902, -111.959222 33.401902, -111.959222 33.401968, -111.95919 33.401967, -111.959188 33.402193, -111.959264 33.402193, -111.959262 33.402457, -111.958763 33.402455, -111.958763 33.402572, -111.958693 33.402572, -111.958693 33.402659, -111.958593 33.402659, -111.958592 33.4029, -111.958661 33.402901, -111.958661 33.402988, -111.958597 33.402988, -111.958595 33.403431, -111.958697 33.403431, -111.958697 33.403456, -111.959268 33.403458, -111.959268 33.403454, -111.9604 33.403458, -111.960401 33.403313, -111.960481 33.403313, -111.960486 33.402307, -111.96007 33.402305, -111.96007 33.402479, -111.959871 33.402478, -111.959877 33.40127)))",microsoft_us_building_footprints
ms-az-000824,Microsoft footprint AZ #133,AZ,,134398.15,33.3755631,-111.9858546,,commercial_industrial_unknown,unknown,"MULTIPOLYGON (((-111.985778 33.374844, -111.985152 33.375776, -111.985174 33.375787, -111.985044 33.375981, -111.985232 33.376069, -111.985215 33.376094, -111.985268 33.376119, -111.985302 33.376068, -111.985556 33.376187, -111.985656 33.376039, -111.985997 33.376199, -111.986301 33.375747, -111.986345 33.375768, -111.986681 33.375267, -111.985778 33.374844)))",microsoft_us_building_footprints
ms-az-000825,Microsoft footprint AZ #134,AZ,,151193.66,33.5954786,-112.0118439,,commercial_industrial_unknown,unknown,"MULTIPOLYGON (((-112.012672 33.595082, -112.010856 33.595101, -112.010858 33.595256, -112.010993 33.595254, -112.011002 33.595862, -112.011401 33.595858, -112.011402 33.595907, -112.011589 33.595905, -112.011589 33.595883, -112.011986 33.595879, -112.011987 33.595927, -112.012132 33.595925, -112.012132 33.595887, -112.012176 33.595887, -112.012176 33.595853, -112.012428 33.595851, -112.012427 33.595791, -112.012812 33.595787, -112.012807 33.595454, -112.012677 33.595455, -112.012672 33.595082)))",microsoft_us_building_footprints
ms-az-000826,Microsoft footprint AZ #135,AZ,,165405.1,33.4471407,-112.0185188,,commercial_industrial_unknown,unknown,"MULTIPOLYGON (((-112.01806 33.446343, -112.018046 33.447943, -112.018355 33.447945, -112.018355 33.447961, -112.018515 33.447962, -112.018515 33.447947, -112.018974 33.44795, -112.018975 33.447801, -112.018966 33.447801, -112.018977 33.44652, -112.019143 33.446521, -112.019144 33.446421, -112.01898 33.44642, -112.018981 33.446349, -112.01806 33.446343)))",microsoft_us_building_footprints
ms-az-000827,Microsoft footprint AZ #136,AZ,,103601.21,33.4450589,-112.0253669,,commercial_industrial_unknown,unknown,"MULTIPOLYGON (((-112.025768 33.444478, -112.024968 33.444474, -112.02496 33.445633, -112.025773 33.445637, -112.025773 33.445593, -112.025797 33.445594, -112.025799 33.445424, -112.025761 33.445424, -112.025768 33.444478)))",microsoft_us_building_footprints
ms-az-000828,Microsoft footprint AZ #137,AZ,,142189.23,33.4379867,-112.0401838,,commercial_industrial_unknown,unknown,"MULTIPOLYGON (((-112.039528 33.438451, -112.039616 33.438452, -112.039618 33.43837, -112.039855 33.438373, -112.039854 33.438451, -112.039946 33.438453, -112.039948 33.438396, -112.040275 33.4384, -112.040275 33.438396, -112.040603 33.438401, -112.040604 33.43837, -112.040839 33.438373, -112.040837 33.438451, -112.040929 33.438453, -112.040931 33.43837, -112.041046 33.438372, -112.041055 33.437988, -112.040829 33.437985, -112.040841 33.437447, -112.040342 33.437439, -112.040334 33.437828, -112.04002 33.437824, -112.040027 33.437522, -112.03948 33.437513, -112.039472 33.437869, -112.039283 33.437866, -112.03928 33.438003, -112.039393 33.438004, -112.039385 33.438371, -112.03953 33.438373, -112.039528 33.438451)))",microsoft_us_building_footprints
ms-az-000829,Microsoft footprint AZ #138,AZ,,180717.43,33.4404518,-112.0398996,,commercial_industrial_unknown,unknown,"MULTIPOLYGON (((-112.040631 33.439926, -112.039451 33.439924, -112.039451 33.439799, -112.039151 33.439798, -112.039149 33.440788, -112.039295 33.440788, -112.039295 33.440833, -112.039344 33.440833, -112.039344 33.440875, -112.039392 33.440875, -112.039392 33.440916, -112.03945 33.440916, -112.03945 33.441041, -112.040629 33.441043, -112.040631 33.439926)))",microsoft_us_building_footprints
ms-az-000830,Microsoft footprint AZ #139,AZ,,153843.05,33.7106814,-112.1095959,,commercial_industrial_unknown,unknown,"MULTIPOLYGON (((-112.109172 33.709885, -112.109144 33.711351, -112.109304 33.711353, -112.109298 33.711648, -112.10948 33.711651, -112.109483 33.711524, -112.109681 33.711526, -112.109687 33.711223, -112.109742 33.711224, -112.10974 33.711339, -112.109862 33.71134, -112.109858 33.711564, -112.109972 33.711566, -112.109971 33.711598, -112.110004 33.711599, -112.110012 33.711219, -112.109951 33.711219, -112.109955 33.711045, -112.110034 33.711046, -112.110047 33.71034, -112.109956 33.710338, -112.10996 33.710147, -112.110154 33.710149, -112.110158 33.709923, -112.109956 33.70992, -112.109957 33.709896, -112.109172 33.709885)))",microsoft_us_building_footprints
ms-az-000831,Microsoft footprint AZ #140,AZ,,106381.16,33.4677348,-112.1507046,,commercial_industrial_unknown,unknown,"MULTIPOLYGON (((-112.150034 33.4681, -112.151295 33.468118, -112.151303 33.467681, -112.151427 33.467683, -112.151433 33.467357, -112.151099 33.467352, -112.151099 33.467372, -112.150993 33.467371, -112.150992 33.467417, -112.150859 33.467415, -112.15086 33.467355, -112.150755 33.467353, -112.150752 33.467476, -112.150615 33.467474, -112.150618 33.467341, -112.150305 33.467337, -112.150304 33.467415, -112.150043 33.467411, -112.15004 33.467563, -112.150013 33.467562, -112.150011 33.467663, -112.150043 33.467663, -112.150034 33.4681)))",microsoft_us_building_footprints
ms-az-000832,Microsoft footprint AZ #141,AZ,,113265.91,33.4451869,-112.1574377,,commercial_industrial_unknown,unknown,"MULTIPOLYGON (((-112.158098 33.444802, -112.157505 33.444805, -112.157505 33.444837, -112.156652 33.444841, -112.156653 33.444951, -112.156618 33.444951, -112.156619 33.445171, -112.156652 33.445171, -112.156653 33.445448, -112.156817 33.445447, -112.156817 33.445486, -112.15692 33.445486, -112.15692 33.445447, -112.157768 33.445444, -112.15777 33.445775, -112.158104 33.445774, -112.158098 33.444802)))",microsoft_us_building_footprints
ms-az-000833,Microsoft footprint AZ #142,AZ,,131228.69,33.4438453,-112.1984322,,commercial_industrial_unknown,unknown,"MULTIPOLYGON (((-112.19767 33.443564, -112.197671 33.443506, -112.197473 33.443504, -112.197472 33.443551, -112.197405 33.443551, -112.197399 33.444084, -112.197447 33.444084, -112.197446 33.444126, -112.199455 33.444143, -112.199461 33.443617, -112.19944 33.443617, -112.199441 33.443559, -112.199422 33.443559, -112.199422 33.443521, -112.199192 33.443519, -112.199191 33.443577, -112.19767 33.443564)))",microsoft_us_building_footprints
ms-az-000834,Microsoft footprint AZ #143,AZ,,389884.16,33.4423533,-112.2451666,,commercial_industrial_unknown,unknown,"MULTIPOLYGON (((-112.247634 33.442632, -112.247607 33.44193, -112.244866 33.442004, -112.24486 33.441859, -112.244548 33.441867, -112.244555 33.442033, -112.242717 33.442083, -112.242744 33.442783, -112.244623 33.442732, -112.244628 33.442859, -112.244864 33.442852, -112.244858 33.442707, -112.247634 33.442632)))",microsoft_us_building_footprints
ms-az-000835,Microsoft footprint AZ #144,AZ,,106587.17,33.5813758,-112.2711191,,commercial_industrial_unknown,unknown,"MULTIPOLYGON (((-112.271064 33.581594, -112.271974 33.581601, -112.271974 33.581637, -112.272147 33.581638, -112.272147 33.581601, -112.272171 33.581601, -112.272177 33.581102, -112.272059 33.581101, -112.272058 33.58115, -112.271409 33.581145, -112.27141 33.581125, -112.271388 33.581125, -112.271388 33.581149, -112.271356 33.581149, -112.271356 33.581147, -112.270119 33.581137, -112.270119 33.581197, -112.270089 33.581197, -112.270086 33.58149, -112.270099 33.58149, -112.270097 33.581664, -112.270199 33.581665, -112.270199 33.581683, -112.270574 33.581686, -112.270576 33.581556, -112.270817 33.581558, -112.270818 33.581502, -112.271065 33.581504, -112.271064 33.581594)))",microsoft_us_building_footprints
ms-az-000836,Microsoft footprint AZ #145,AZ,,869205.71,33.4444511,-112.2767715,,commercial_industrial_unknown,unknown,"MULTIPOLYGON (((-112.279495 33.44359, -112.276081 33.443593, -112.276081 33.443927, -112.27515 33.443927, -112.275151 33.444326, -112.273288 33.444327, -112.273289 33.444855, -112.273193 33.444855, -112.273193 33.444849, -112.273124 33.444849, -112.273124 33.445125, -112.274087 33.445124, -112.274087 33.445123, -112.274763 33.445123, -112.274763 33.445118, -112.276093 33.445117, -112.276093 33.445289, -112.276303 33.445289, -112.276302 33.445137, -112.276356 33.445137, -112.276356 33.445097, -112.27645 33.445097, -112.27645 33.445103, -112.279497 33.445101, -112.279495 33.44359)))",microsoft_us_building_footprints
ms-az-000837,Microsoft footprint AZ #146,AZ,,226912.97,33.4369028,-112.2824693,,commercial_industrial_unknown,unknown,"MULTIPOLYGON (((-112.28128 33.436502, -112.281296 33.437439, -112.281356 33.437439, -112.281357 33.437491, -112.282152 33.437482, -112.282147 33.437179, -112.28299 33.437169, -112.282993 33.437306, -112.283223 33.437303, -112.283221 33.437166, -112.283883 33.437158, -112.283874 33.436607, -112.283708 33.436608, -112.283706 33.436474, -112.28128 33.436502)))",microsoft_us_building_footprints
ms-az-000838,Microsoft footprint AZ #147,AZ,,143364.27,33.4620028,-112.3535304,,commercial_industrial_unknown,unknown,"MULTIPOLYGON (((-112.353225 33.462911, -112.353888 33.462937, -112.353955 33.461705, -112.353908 33.461703, -112.353907 33.461726, -112.353629 33.461715, -112.353622 33.461839, -112.353572 33.461837, -112.353575 33.461781, -112.353548 33.461762, -112.353554 33.461652, -112.353969 33.461668, -112.353973 33.461598, -112.353933 33.461571, -112.35395 33.461554, -112.353953 33.461489, -112.354169 33.461497, -112.354179 33.461314, -112.353935 33.461305, -112.353925 33.461487, -112.353635 33.461476, -112.353644 33.461298, -112.35356 33.461295, -112.353579 33.460961, -112.353382 33.460954, -112.353367 33.461218, -112.353284 33.461304, -112.352998 33.461293, -112.352971 33.461801, -112.353275 33.462007, -112.353225 33.462911)))",microsoft_us_building_footprints
ms-az-000839,Microsoft footprint AZ #148,AZ,,684354.95,33.4968372,-112.4236634,,commercial_industrial_unknown,unknown,"MULTIPOLYGON (((-112.421138 33.496243, -112.42114 33.496994, -112.420963 33.496995, -112.420964 33.497436, -112.422941 33.497432, -112.422941 33.497454, -112.423094 33.497454, -112.423094 33.497426, -112.426104 33.497419, -112.426104 33.497443, -112.426256 33.497443, -112.426252 33.496197, -112.426095 33.496197, -112.426095 33.496233, -112.421138 33.496243)))",microsoft_us_building_footprints
ms-az-000840,Microsoft footprint AZ #149,AZ,,178090.98,34.5595944,-112.4812690,,commercial_industrial_unknown,unknown,"MULTIPOLYGON (((-112.480587 34.56028, -112.480871 34.560285, -112.480868 34.56043, -112.481141 34.560435, -112.481139 34.560525, -112.481573 34.560532, -112.481503 34.560318, -112.481878 34.560324, -112.481752 34.559936, -112.481492 34.559932, -112.481732 34.559767, -112.48173 34.559846, -112.481801 34.559847, -112.481817 34.559173, -112.48199 34.559233, -112.481995 34.559053, -112.481285 34.558809, -112.4811 34.558936, -112.480798 34.558639, -112.48061 34.55901, -112.480849 34.559749, -112.481019 34.559807, -112.480858 34.559919, -112.481217 34.560042, -112.481351 34.55995, -112.481347 34.560125, -112.480985 34.560119, -112.480988 34.559997, -112.480851 34.559995, -112.480848 34.560132, -112.48059 34.560128, -112.480587 34.56028)))",microsoft_us_building_footprints
ms-az-000841,Microsoft footprint AZ #150,AZ,,248952.03,35.2647706,-113.9556432,,commercial_industrial_unknown,unknown,"MULTIPOLYGON (((-113.954037 35.265569, -113.954156 35.265669, -113.954196 35.265637, -113.954572 35.265951, -113.954864 35.265717, -113.955015 35.265843, -113.955119 35.26576, -113.955082 35.265729, -113.955119 35.2657, -113.95515 35.265726, -113.955211 35.265677, -113.955057 35.265549, -113.955634 35.265088, -113.955724 35.265163, -113.955759 35.265135, -113.955809 35.265177, -113.955835 35.265157, -113.956015 35.265307, -113.956328 35.265058, -113.956111 35.264876, -113.956098 35.264887, -113.95598 35.264788, -113.956842 35.2641, -113.957069 35.26429, -113.957325 35.264086, -113.957084 35.263885, -113.957151 35.263832, -113.956915 35.263634, -113.956676 35.263825, -113.956455 35.26364, -113.954037 35.265569)))",microsoft_us_building_footprints
ms-az-000842,Microsoft footprint AZ #151,AZ,,162418.57,35.1225849,-114.5791393,,commercial_industrial_unknown,unknown,"MULTIPOLYGON (((-114.578381 35.123098, -114.57918 35.123364, -114.579181 35.123362, -114.579367 35.123424, -114.579468 35.123223, -114.579293 35.123164, -114.579364 35.123021, -114.57948 35.12306, -114.5798 35.122417, -114.579753 35.122402, -114.579808 35.12229, -114.579864 35.122308, -114.579978 35.122078, -114.579538 35.121932, -114.57947 35.122069, -114.579397 35.122045, -114.579458 35.121923, -114.579107 35.121806, -114.578988 35.122047, -114.578771 35.121975, -114.578467 35.122587, -114.578612 35.122635, -114.578381 35.123098)))",microsoft_us_building_footprints
ms-az-000843,Microsoft footprint AZ #152,AZ,,225499.15,35.0514348,-114.5922559,,commercial_industrial_unknown,unknown,"MULTIPOLYGON (((-114.593963 35.051626, -114.593971 35.050947, -114.593287 35.050941, -114.593285 35.051105, -114.592948 35.051102, -114.592945 35.051353, -114.59273 35.051352, -114.592729 35.05142, -114.592541 35.051418, -114.59254 35.051488, -114.592347 35.051487, -114.592352 35.051107, -114.590773 35.051094, -114.590772 35.051197, -114.590678 35.051219, -114.590672 35.051694, -114.590993 35.051697, -114.590991 35.051833, -114.591044 35.051833, -114.591054 35.051862, -114.591923 35.051869, -114.591939 35.051915, -114.592277 35.051918, -114.592278 35.051889, -114.592356 35.05187, -114.592356 35.051814, -114.592544 35.051816, -114.592545 35.051747, -114.592743 35.051749, -114.592744 35.05168, -114.592949 35.051682, -114.59295 35.051618, -114.593963 35.051626)))",microsoft_us_building_footprints
ms-az-000844,Microsoft footprint AZ #153,AZ,,132931.94,36.1015442,-114.7014648,,commercial_industrial_unknown,unknown,"MULTIPOLYGON (((-114.701094 36.102297, -114.70154 36.102277, -114.701887 36.10181, -114.701916 36.101808, -114.701946 36.101823, -114.701883 36.101851, -114.701959 36.101961, -114.70259 36.101933, -114.70258 36.101783, -114.702371 36.101682, -114.701843 36.101705, -114.701653 36.101431, -114.701886 36.101116, -114.701537 36.100948, -114.701256 36.10096, -114.701019 36.10062, -114.701077 36.100541, -114.700855 36.100551, -114.70087 36.100766, -114.701027 36.100842, -114.70089 36.101026, -114.700822 36.10103, -114.700769 36.100953, -114.700706 36.100981, -114.700709 36.101019, -114.700912 36.101117, -114.700931 36.101395, -114.700984 36.101472, -114.701058 36.101469, -114.701094 36.102297)))",microsoft_us_building_footprints
ms-az-000845,Microsoft footprint AZ #154,AZ,,195619.23,33.0545287,-109.3585844,,commercial_industrial_unknown,unknown,"MULTIPOLYGON (((-109.357898 33.054733, -109.359589 33.054698, -109.359515 33.054754, -109.359577 33.054882, -109.359767 33.054878, -109.359762 33.054717, -109.359593 33.054721, -109.359586 33.054491, -109.359753 33.054038, -109.359627 33.053779, -109.359132 33.05379, -109.358948 33.053619, -109.358887 33.053786, -109.358763 33.053829, -109.358794 33.053858, -109.358524 33.054062, -109.358586 33.05412, -109.358497 33.054361, -109.358398 33.054395, -109.358397 33.054351, -109.358311 33.054329, -109.357909 33.054466, -109.357916 33.054712, -109.35723 33.054726, -109.357144 33.054792, -109.357152 33.055065, -109.357746 33.055616, -109.357832 33.055614, -109.35783 33.055532, -109.357898 33.055509, -109.357898 33.054733)))",microsoft_us_building_footprints
ms-az-000846,Microsoft footprint AZ #155,AZ,,110962.31,34.1202665,-109.2883008,,commercial_industrial_unknown,unknown,"MULTIPOLYGON (((-109.287647 34.12078, -109.288981 34.12082, -109.288996 34.120485, -109.288811 34.12048, -109.288806 34.120597, -109.288021 34.120573, -109.288028 34.120403, -109.288264 34.12041, -109.288267 34.120357, -109.288976 34.120148, -109.288981 34.120025, -109.288692 34.120016, -109.288694 34.11997, -109.288857 34.119975, -109.288871 34.11966, -109.288293 34.119642, -109.288279 34.119964, -109.288399 34.119967, -109.288397 34.120018, -109.2883 34.120016, -109.288298 34.120075, -109.288006 34.120067, -109.287979 34.120004, -109.288116 34.120008, -109.288127 34.119762, -109.287827 34.119752, -109.287815 34.120005, -109.287949 34.120009, -109.287946 34.120078, -109.287703 34.120071, -109.287696 34.120222, -109.287671 34.120229, -109.287647 34.12078)))",microsoft_us_building_footprints
ms-az-000847,Microsoft footprint AZ #156,AZ,,129908.93,33.0595933,-109.3294550,,commercial_industrial_unknown,unknown,"MULTIPOLYGON (((-109.330307 33.060494, -109.329117 33.058538, -109.328642 33.058741, -109.329253 33.059745, -109.329155 33.059787, -109.329429 33.060237, -109.329622 33.060154, -109.329928 33.060656, -109.330307 33.060494)))",microsoft_us_building_footprints
ms-az-000848,Microsoft footprint AZ #157,AZ,,113015.3,31.9352260,-109.7783079,,commercial_industrial_unknown,unknown,"MULTIPOLYGON (((-109.778264 31.934532, -109.778269 31.934637, -109.777916 31.934814, -109.777775 31.934819, -109.777743 31.934839, -109.777565 31.934929, -109.77752 31.935026, -109.778225 31.93526, -109.778245 31.935289, -109.778215 31.935356, -109.778312 31.935495, -109.777876 31.93551, -109.777846 31.935575, -109.778189 31.936066, -109.778547 31.935885, -109.778535 31.935627, -109.778961 31.935768, -109.778848 31.935607, -109.778639 31.935537, -109.778642 31.935609, -109.778518 31.935565, -109.778717 31.935465, -109.778554 31.935231, -109.778729 31.935147, -109.778911 31.934753, -109.778264 31.934532)))",microsoft_us_building_footprints
ms-az-000849,Microsoft footprint AZ #158,AZ,,152740.01,34.2027992,-110.0178135,,commercial_industrial_unknown,unknown,"MULTIPOLYGON (((-110.018612 34.202961, -110.018379 34.202726, -110.018525 34.202698, -110.018366 34.202116, -110.018122 34.202162, -110.018115 34.202166, -110.018036 34.202161, -110.018058 34.202267, -110.018039 34.20229, -110.018029 34.20239, -110.018045 34.202399, -110.01799 34.202436, -110.017809 34.202252, -110.017802 34.202322, -110.017713 34.202232, -110.017267 34.202315, -110.017332 34.202553, -110.017149 34.202445, -110.017066 34.203322, -110.017208 34.203157, -110.017747 34.203474, -110.017855 34.203454, -110.017789 34.203415, -110.017961 34.203383, -110.017955 34.20345, -110.018402 34.203147, -110.018413 34.203032, -110.01839 34.202947, -110.018612 34.202961)))",microsoft_us_building_footprints
ms-az-000850,Microsoft footprint AZ #159,AZ,,108813.53,34.1985708,-110.0159988,,commercial_industrial_unknown,unknown,"MULTIPOLYGON (((-110.016569 34.199196, -110.016527 34.199076, -110.016529 34.199075, -110.016278 34.198359, -110.016309 34.198352, -110.016231 34.198129, -110.016167 34.198144, -110.016125 34.198022, -110.016073 34.198035, -110.01588 34.197485, -110.015751 34.197516, -110.015903 34.19795, -110.015542 34.198037, -110.015567 34.198106, -110.015454 34.198133, -110.015854 34.199272, -110.01608 34.199218, -110.016095 34.199259, -110.016075 34.199264, -110.016092 34.199311, -110.016569 34.199196)))",microsoft_us_building_footprints
ms-az-000851,Microsoft footprint AZ #160,AZ,,190105.22,32.1430315,-110.8445218,,commercial_industrial_unknown,unknown,"MULTIPOLYGON (((-110.845124 32.142321, -110.844515 32.142311, -110.844516 32.142254, -110.844386 32.142252, -110.844362 32.142257, -110.844361 32.142306, -110.844046 32.142301, -110.844045 32.142334, -110.844005 32.142333, -110.844004 32.142366, -110.843967 32.142365, -110.843953 32.142969, -110.84385 32.142996, -110.843848 32.143092, -110.84388 32.143093, -110.843879 32.143125, -110.843948 32.143126, -110.843934 32.143711, -110.843988 32.143712, -110.844001 32.143755, -110.844149 32.143757, -110.84415 32.143715, -110.844242 32.143717, -110.84424 32.143805, -110.844527 32.14381, -110.844529 32.143726, -110.84464 32.143728, -110.844667 32.143722, -110.844687 32.143787, -110.845092 32.1437, -110.845124 32.142321)))",microsoft_us_building_footprints
ms-az-000852,Microsoft footprint AZ #161,AZ,,105842.51,32.2174245,-110.7908952,,commercial_industrial_unknown,unknown,"MULTIPOLYGON (((-110.791549 32.217588, -110.791284 32.217476, -110.79126 32.217321, -110.791013 32.217349, -110.79121 32.217015, -110.791185 32.216857, -110.791175 32.216846, -110.791169 32.216802, -110.791136 32.216766, -110.790842 32.216641, -110.790668 32.216753, -110.790657 32.216772, -110.790669 32.216848, -110.790572 32.216883, -110.790614 32.217144, -110.790549 32.217117, -110.79051 32.217184, -110.790593 32.217219, -110.790162 32.217268, -110.790409 32.217544, -110.790309 32.217714, -110.790469 32.217782, -110.790876 32.21752, -110.791023 32.217684, -110.791219 32.217661, -110.791029 32.217982, -110.790762 32.217869, -110.790674 32.218018, -110.790732 32.218084, -110.791151 32.218261, -110.791549 32.217588)))",microsoft_us_building_footprints
ms-az-000853,Microsoft footprint AZ #162,AZ,,111312.24,32.1414524,-110.8463994,,commercial_industrial_unknown,unknown,"MULTIPOLYGON (((-110.845606 32.141059, -110.845565 32.141095, -110.845516 32.141433, -110.845707 32.141589, -110.845861 32.141605, -110.845848 32.141691, -110.846161 32.141724, -110.846179 32.141605, -110.846275 32.141616, -110.846243 32.141832, -110.846418 32.141851, -110.84657 32.141718, -110.846587 32.14172, -110.846567 32.141855, -110.84685 32.141885, -110.846863 32.141797, -110.84699 32.141901, -110.84701 32.14176, -110.847047 32.141728, -110.847032 32.141715, -110.847062 32.141689, -110.847146 32.141698, -110.847135 32.141771, -110.847288 32.141787, -110.8473 32.141709, -110.847278 32.141727, -110.847224 32.141683, -110.847359 32.141697, -110.847236 32.141596, -110.84713 32.141585, -110.847183 32.141225, -110.845606 32.141059)))",microsoft_us_building_footprints
ms-az-000854,Microsoft footprint AZ #163,AZ,,861109.14,32.1252347,-110.9135916,,commercial_industrial_unknown,unknown,"MULTIPOLYGON (((-110.911508 32.126186, -110.914573 32.126213, -110.914571 32.126322, -110.91619 32.126337, -110.916194 32.125965, -110.914558 32.125951, -110.914565 32.125401, -110.91618 32.125415, -110.916184 32.125044, -110.914543 32.12503, -110.91455 32.12448, -110.91617 32.124494, -110.916174 32.124123, -110.914547 32.124108, -110.914544 32.124288, -110.912586 32.12427, -110.912587 32.124208, -110.91254 32.124207, -110.912539 32.124294, -110.912348 32.124292, -110.912348 32.124217, -110.911651 32.124211, -110.911647 32.124506, -110.911575 32.124505, -110.911574 32.12458, -110.911652 32.124581, -110.911651 32.124613, -110.911528 32.124612, -110.911508 32.126186)))",microsoft_us_building_footprints
ms-az-000855,Microsoft footprint AZ #164,AZ,,103878.79,32.2351441,-110.8596726,,commercial_industrial_unknown,unknown,"MULTIPOLYGON (((-110.858532 32.235321, -110.859253 32.235337, -110.859252 32.235365, -110.859552 32.235371, -110.859554 32.235326, -110.860194 32.23534, -110.860193 32.235388, -110.860874 32.235403, -110.860881 32.235161, -110.860715 32.235157, -110.860718 32.235073, -110.860367 32.235065, -110.860369 32.235004, -110.860138 32.234999, -110.860143 32.234849, -110.859967 32.234845, -110.859962 32.235022, -110.859909 32.235021, -110.859911 32.234969, -110.859812 32.234966, -110.859815 32.234851, -110.859148 32.234836, -110.859144 32.234961, -110.858624 32.234949, -110.858621 32.235035, -110.858595 32.235034, -110.858589 32.235219, -110.858535 32.235218, -110.858532 32.235321)))",microsoft_us_building_footprints
ms-az-000856,Microsoft footprint AZ #165,AZ,,108131.59,32.1247288,-110.9270175,,commercial_industrial_unknown,unknown,"MULTIPOLYGON (((-110.92658 32.124199, -110.926399 32.125043, -110.926677 32.125086, -110.926654 32.125193, -110.926789 32.125213, -110.92681 32.125115, -110.926895 32.125129, -110.926886 32.12517, -110.926962 32.125182, -110.926969 32.125147, -110.927222 32.125186, -110.927212 32.125234, -110.927478 32.125275, -110.927566 32.124866, -110.927501 32.124856, -110.927608 32.124357, -110.92658 32.124199)))",microsoft_us_building_footprints
ms-az-000857,Microsoft footprint AZ #166,AZ,,128655.76,33.4209491,-110.8619493,,commercial_industrial_unknown,unknown,"MULTIPOLYGON (((-110.862657 33.420615, -110.862212 33.42062, -110.862209 33.420454, -110.862147 33.420455, -110.862133 33.420423, -110.861457 33.42043, -110.861484 33.42049, -110.861473 33.420494, -110.861481 33.420513, -110.861451 33.420523, -110.861438 33.420494, -110.861419 33.420529, -110.861376 33.420529, -110.861433 33.420656, -110.861377 33.420764, -110.861405 33.420827, -110.861452 33.420874, -110.861614 33.420933, -110.86105 33.42111, -110.861192 33.421161, -110.861062 33.421202, -110.861136 33.421367, -110.862688 33.421352, -110.862687 33.421227, -110.862649 33.421213, -110.862665 33.421025, -110.862662 33.421025, -110.862657 33.420615)))",microsoft_us_building_footprints
ms-az-000858,Microsoft footprint AZ #167,AZ,,118516.66,32.0845747,-110.8689800,,commercial_industrial_unknown,unknown,"MULTIPOLYGON (((-110.869817 32.083884, -110.868728 32.083529, -110.868747 32.083509, -110.868705 32.08348, -110.868635 32.083493, -110.868478 32.083839, -110.868506 32.083858, -110.869031 32.083766, -110.869092 32.083786, -110.869184 32.084164, -110.86933 32.084139, -110.869471 32.083828, -110.869523 32.083845, -110.868765 32.085514, -110.868631 32.08542, -110.868785 32.085081, -110.868757 32.085062, -110.868233 32.085154, -110.868171 32.085133, -110.868079 32.084756, -110.867936 32.084781, -110.867806 32.085067, -110.867928 32.085152, -110.867913 32.085186, -110.86796 32.085201, -110.867958 32.085195, -110.868467 32.08536, -110.86855 32.085346, -110.868578 32.08546, -110.869034 32.085609, -110.869817 32.083884)))",microsoft_us_building_footprints
ms-az-000859,Microsoft footprint AZ #168,AZ,,185763.15,32.4386286,-110.9424715,,commercial_industrial_unknown,unknown,"MULTIPOLYGON (((-110.943264 32.43891, -110.942633 32.438587, -110.94296 32.43813, -110.942959 32.437952, -110.942496 32.437716, -110.942441 32.437792, -110.941888 32.437509, -110.941825 32.437596, -110.941831 32.43827, -110.941997 32.438355, -110.941956 32.438412, -110.942488 32.438684, -110.942378 32.438837, -110.942405 32.438851, -110.942277 32.43903, -110.942243 32.439031, -110.942313 32.439067, -110.942211 32.439067, -110.942187 32.439101, -110.942305 32.439161, -110.942111 32.439162, -110.941939 32.439402, -110.942176 32.439524, -110.94218 32.439524, -110.942243 32.439556, -110.942228 32.439576, -110.942673 32.439804, -110.942746 32.439702, -110.942699 32.439678, -110.94276 32.439593, -110.94276 32.439612, -110.943264 32.43891)))",microsoft_us_building_footprints
ms-az-000860,Microsoft footprint AZ #169,AZ,,129810.47,32.2350862,-110.9558996,,commercial_industrial_unknown,unknown,"MULTIPOLYGON (((-110.955267 32.234406, -110.955258 32.234552, -110.95513 32.234547, -110.955111 32.234871, -110.955239 32.234936, -110.955234 32.23501, -110.9561 32.235046, -110.956156 32.234967, -110.956209 32.234969, -110.956355 32.235105, -110.956346 32.235268, -110.956167 32.235406, -110.956296 32.235526, -110.956286 32.235708, -110.95612 32.235702, -110.956131 32.235512, -110.956106 32.235489, -110.955709 32.235472, -110.955699 32.235656, -110.955541 32.235649, -110.955505 32.235571, -110.955397 32.235566, -110.955395 32.235599, -110.955264 32.235699, -110.955259 32.235797, -110.956543 32.235851, -110.956603 32.234806, -110.956148 32.234787, -110.956167 32.234464, -110.955846 32.23445, -110.955847 32.23443, -110.955267 32.234406)))",microsoft_us_building_footprints
ms-az-000861,Microsoft footprint AZ #170,AZ,,131246.68,32.1410810,-110.9161169,,commercial_industrial_unknown,unknown,"MULTIPOLYGON (((-110.915063 32.140809, -110.915066 32.141363, -110.917139 32.141354, -110.917139 32.14127, -110.917233 32.14127, -110.917232 32.141161, -110.91714 32.141161, -110.917138 32.140938, -110.917152 32.140938, -110.917151 32.140854, -110.917159 32.140853, -110.917159 32.140782, -110.916896 32.140783, -110.916896 32.140801, -110.915063 32.140809)))",microsoft_us_building_footprints
ms-az-000862,Microsoft footprint AZ #171,AZ,,121638.08,32.2101917,-110.9509662,,commercial_industrial_unknown,unknown,"MULTIPOLYGON (((-110.950464 32.209647, -110.950493 32.210761, -110.950928 32.210753, -110.950927 32.210727, -110.951028 32.210725, -110.95103 32.210792, -110.951186 32.210789, -110.951179 32.210539, -110.951302 32.210537, -110.951305 32.210652, -110.951259 32.210653, -110.951261 32.210721, -110.951494 32.210717, -110.951492 32.210649, -110.951439 32.21065, -110.951438 32.210624, -110.951505 32.210623, -110.951483 32.209791, -110.951414 32.209793, -110.951417 32.209881, -110.951314 32.209883, -110.951306 32.209593, -110.95094 32.2096, -110.950941 32.209637, -110.950464 32.209647)))",microsoft_us_building_footprints
ms-az-000863,Microsoft footprint AZ #172,AZ,,140651.5,32.2919186,-110.9713019,,commercial_industrial_unknown,unknown,"MULTIPOLYGON (((-110.971689 32.291354, -110.970844 32.291544, -110.97083 32.2915, -110.970495 32.291575, -110.970784 32.292492, -110.97147 32.292338, -110.971478 32.292361, -110.972144 32.292211, -110.971976 32.291677, -110.971866 32.291701, -110.971762 32.291373, -110.9717 32.291387, -110.971689 32.291354)))",microsoft_us_building_footprints
ms-az-000864,Microsoft footprint AZ #173,AZ,,214907.7,32.2736015,-111.0094589,,commercial_industrial_unknown,unknown,"MULTIPOLYGON (((-111.010494 32.274052, -111.010509 32.273225, -111.00977 32.273215, -111.009771 32.273121, -111.009472 32.273118, -111.009474 32.273033, -111.008989 32.273027, -111.00899 32.272965, -111.00881 32.272963, -111.008809 32.273022, -111.008581 32.273019, -111.008561 32.274157, -111.00945 32.274169, -111.009452 32.274039, -111.010494 32.274052)))",microsoft_us_building_footprints
ms-az-000865,Microsoft footprint AZ #174,AZ,,151906.41,32.2749293,-110.9960236,,commercial_industrial_unknown,unknown,"MULTIPOLYGON (((-110.996488 32.274287, -110.99567 32.274285, -110.995601 32.274474, -110.995283 32.274576, -110.995282 32.274708, -110.995695 32.274709, -110.995695 32.274847, -110.995282 32.274846, -110.995281 32.274959, -110.995694 32.274961, -110.995694 32.275106, -110.995278 32.275105, -110.995278 32.275216, -110.995691 32.275217, -110.99569 32.27536, -110.995282 32.275359, -110.995282 32.275483, -110.99569 32.275484, -110.995689 32.27567, -110.995882 32.275671, -110.995932 32.275569, -110.996621 32.275571, -110.996666 32.275478, -110.996616 32.275367, -110.996221 32.275366, -110.996222 32.27522, -110.996632 32.275221, -110.996632 32.27511, -110.996222 32.275109, -110.996223 32.274966, -110.996794 32.274968, -110.996488 32.274287)))",microsoft_us_building_footprints
ms-az-000866,Microsoft footprint AZ #175,AZ,,116624.7,32.3386998,-111.0491349,,commercial_industrial_unknown,unknown,"MULTIPOLYGON (((-111.049989 32.338885, -111.049992 32.338579, -111.049946 32.338579, -111.049948 32.338393, -111.049897 32.338393, -111.049898 32.338226, -111.050035 32.338227, -111.050037 32.337978, -111.049602 32.337975, -111.049596 32.33859, -111.049557 32.33859, -111.049557 32.338627, -111.047868 32.338616, -111.047865 32.338994, -111.048322 32.338997, -111.048323 32.338882, -111.04844 32.338883, -111.048439 32.338922, -111.048761 32.338925, -111.048762 32.338882, -111.048927 32.338884, -111.048924 32.339162, -111.049475 32.339166, -111.049476 32.339053, -111.049606 32.339053, -111.049608 32.338883, -111.049989 32.338885)))",microsoft_us_building_footprints
ms-az-000867,Microsoft footprint AZ #176,AZ,,109748.16,34.2302080,-111.3212065,,commercial_industrial_unknown,unknown,"MULTIPOLYGON (((-111.321641 34.230221, -111.321556 34.230257, -111.321612 34.231087, -111.321861 34.231075, -111.321845 34.230842, -111.322118 34.230829, -111.322105 34.230641, -111.322125 34.23064, -111.322113 34.230461, -111.321809 34.230394, -111.321795 34.23018, -111.321699 34.230159, -111.321776 34.22992, -111.321556 34.229872, -111.32149 34.230079, -111.321398 34.230059, -111.321469 34.229839, -111.32124 34.229789, -111.321165 34.23002, -111.321019 34.229788, -111.321103 34.229688, -111.320843 34.229631, -111.32085 34.229729, -111.32043 34.229636, -111.320162 34.229956, -111.320351 34.230064, -111.32031 34.230191, -111.320986 34.23034, -111.320975 34.230177, -111.321424 34.230275, -111.321455 34.23018, -111.321641 34.230221)))",microsoft_us_building_footprints
ms-az-000868,Microsoft footprint AZ #177,AZ,,110589.53,34.2205103,-111.3301086,,commercial_industrial_unknown,unknown,"MULTIPOLYGON (((-111.329266 34.220497, -111.330616 34.221084, -111.330647 34.221033, -111.330701 34.22103, -111.330719 34.221001, -111.331083 34.220867, -111.331071 34.220751, -111.331048 34.220708, -111.331017 34.22071, -111.331003 34.220685, -111.330793 34.220699, -111.330787 34.220697, -111.330778 34.220609, -111.330622 34.220541, -111.330704 34.220413, -111.33057 34.220354, -111.330485 34.220488, -111.330331 34.220421, -111.330369 34.220362, -111.330347 34.220321, -111.330429 34.220191, -111.330242 34.22011, -111.330166 34.22023, -111.329729 34.22004, -111.329833 34.219875, -111.329827 34.219819, -111.32969 34.219759, -111.329423 34.220179, -111.329367 34.220183, -111.329304 34.220282, -111.329382 34.220316, -111.329266 34.220497)))",microsoft_us_building_footprints
ms-az-000869,Microsoft footprint AZ #178,AZ,,142992.03,36.9065563,-111.4797914,,commercial_industrial_unknown,unknown,"MULTIPOLYGON (((-111.481019 36.906871, -111.481094 36.906977, -111.480664 36.906831, -111.480675 36.906809, -111.480533 36.906761, -111.480506 36.906723, -111.480451 36.906827, -111.480299 36.906775, -111.480421 36.906545, -111.480077 36.906428, -111.479981 36.906608, -111.479604 36.90648, -111.479757 36.906191, -111.479052 36.905952, -111.479161 36.905747, -111.478952 36.905676, -111.478742 36.906071, -111.478466 36.905977, -111.47854 36.906083, -111.478374 36.906158, -111.47854 36.906394, -111.481317 36.907338, -111.481526 36.906945, -111.481236 36.906846, -111.481207 36.906899, -111.481147 36.906813, -111.481019 36.906871)))",microsoft_us_building_footprints
ms-az-000870,Microsoft footprint AZ #179,AZ,,104221.47,33.0579487,-111.4752425,,commercial_industrial_unknown,unknown,"MULTIPOLYGON (((-111.475413 33.057706, -111.474941 33.057351, -111.474872 33.057416, -111.474845 33.057426, -111.474634 33.057623, -111.475024 33.057916, -111.474972 33.057964, -111.474932 33.057933, -111.47476 33.058094, -111.474658 33.058017, -111.474491 33.058173, -111.474636 33.058281, -111.474648 33.058304, -111.474823 33.058436, -111.474795 33.058462, -111.474876 33.058523, -111.474914 33.058486, -111.474995 33.058547, -111.475088 33.05846, -111.475074 33.058435, -111.475122 33.058391, -111.475217 33.058462, -111.47535 33.058337, -111.475387 33.058365, -111.475442 33.058314, -111.475498 33.058357, -111.475678 33.058189, -111.475531 33.058078, -111.476062 33.057875, -111.476101 33.057839, -111.475924 33.057511, -111.475413 33.057706)))",microsoft_us_building_footprints
ms-az-000871,Microsoft footprint AZ #180,AZ,,172041.9,32.9501893,-111.5869220,,commercial_industrial_unknown,unknown,"MULTIPOLYGON (((-111.585769 32.950041, -111.58577 32.949901, -111.585493 32.9499, -111.585493 32.950038, -111.584842 32.950035, -111.58484 32.95039, -111.588835 32.950405, -111.588838 32.949828, -111.588782 32.949828, -111.588784 32.949425, -111.588682 32.949424, -111.58868 32.949829, -111.588608 32.949828, -111.588607 32.950006, -111.588561 32.950006, -111.588561 32.950052, -111.585769 32.950041)))",microsoft_us_building_footprints
ms-az-000872,Microsoft footprint AZ #181,AZ,,133591.26,33.3657210,-111.6039614,,commercial_industrial_unknown,unknown,"MULTIPOLYGON (((-111.603587 33.366453, -111.604375 33.366461, -111.604381 33.366071, -111.604508 33.366073, -111.604511 33.365923, -111.604381 33.365921, -111.604384 33.365742, -111.604511 33.365743, -111.604514 33.365533, -111.604381 33.365531, -111.604386 33.365199, -111.603815 33.365193, -111.603823 33.364712, -111.603734 33.364711, -111.603734 33.364685, -111.60356 33.364683, -111.603546 33.36561, -111.603592 33.36561, -111.60359 33.365696, -111.603531 33.365695, -111.603529 33.365849, -111.603599 33.36585, -111.603597 33.365958, -111.603534 33.365957, -111.603533 33.365986, -111.603594 33.365987, -111.603587 33.366453)))",microsoft_us_building_footprints
ms-az-000873,Microsoft footprint AZ #182,AZ,,151635.02,35.1893945,-111.6516892,,commercial_industrial_unknown,unknown,"MULTIPOLYGON (((-111.652241 35.189817, -111.652614 35.188904, -111.65238 35.18884, -111.652277 35.189092, -111.65219 35.189068, -111.652306 35.188786, -111.651932 35.188684, -111.651874 35.188826, -111.65178 35.1888, -111.65172 35.188947, -111.651788 35.188966, -111.651661 35.189278, -111.651513 35.189238, -111.651649 35.188908, -111.651454 35.188855, -111.651375 35.189048, -111.651239 35.188788, -111.651016 35.189334, -111.65118 35.189378, -111.651158 35.189432, -111.651059 35.189405, -111.650859 35.189895, -111.651008 35.190181, -111.651157 35.190222, -111.651225 35.190056, -111.651375 35.190097, -111.651587 35.18958, -111.651705 35.189613, -111.651654 35.189738, -111.652001 35.189833, -111.652031 35.18976, -111.652241 35.189817)))",microsoft_us_building_footprints
ms-az-000874,Microsoft footprint AZ #183,AZ,,217831.62,33.5731222,-111.7180179,,commercial_industrial_unknown,unknown,"MULTIPOLYGON (((-111.717821 33.573232, -111.717647 33.573507, -111.718799 33.574015, -111.719046 33.573625, -111.719215 33.573699, -111.719332 33.573515, -111.719206 33.57346, -111.719353 33.573228, -111.718505 33.572854, -111.71847 33.572909, -111.718398 33.572877, -111.718413 33.572854, -111.718376 33.572838, -111.71835 33.572878, -111.718146 33.572788, -111.717946 33.573103, -111.717897 33.573081, -111.717894 33.573043, -111.717822 33.573047, -111.718037 33.572708, -111.717497 33.572471, -111.717499 33.572467, -111.717272 33.572367, -111.717221 33.572447, -111.717155 33.572418, -111.717134 33.572451, -111.716929 33.572361, -111.716866 33.572461, -111.716755 33.572412, -111.716229 33.572443, -111.716248 33.57267, -111.716509 33.572655, -111.717821 33.573232)))",microsoft_us_building_footprints
ms-az-000875,Microsoft footprint AZ #184,AZ,,121301.45,33.4072220,-111.7516105,,commercial_industrial_unknown,unknown,"MULTIPOLYGON (((-111.751018 33.407593, -111.751261 33.407591, -111.751262 33.407722, -111.752031 33.407718, -111.752032 33.407841, -111.752114 33.40784, -111.752112 33.407504, -111.752176 33.407503, -111.752174 33.407282, -111.752153 33.407282, -111.752151 33.407024, -111.752258 33.407024, -111.752256 33.406816, -111.752112 33.406816, -111.752111 33.406751, -111.751011 33.406757, -111.751018 33.407593)))",microsoft_us_building_footprints
ms-az-000876,Microsoft footprint AZ #185,AZ,,130833.01,33.3371047,-111.7536183,,commercial_industrial_unknown,unknown,"MULTIPOLYGON (((-111.753174 33.337785, -111.753984 33.337774, -111.753984 33.337739, -111.75415 33.337736, -111.754146 33.337528, -111.753985 33.33753, -111.753984 33.337467, -111.754027 33.337467, -111.754021 33.337164, -111.753983 33.337165, -111.75398 33.336981, -111.75405 33.33698, -111.754046 33.336756, -111.753987 33.336757, -111.753977 33.336264, -111.753732 33.336267, -111.753733 33.336308, -111.753544 33.33631, -111.753548 33.336543, -111.753363 33.336546, -111.753364 33.336595, -111.753171 33.336597, -111.753172 33.33666, -111.753118 33.336661, -111.753119 33.336719, -111.753154 33.336719, -111.753174 33.337785)))",microsoft_us_building_footprints
ms-az-000877,Microsoft footprint AZ #186,AZ,,145486.26,33.2817140,-111.7830265,,commercial_industrial_unknown,unknown,"MULTIPOLYGON (((-111.783943 33.282073, -111.783946 33.28136, -111.78211 33.281355, -111.782107 33.282068, -111.783943 33.282073)))",microsoft_us_building_footprints
ms-az-000878,Microsoft footprint AZ #187,AZ,,131315.53,33.2811983,-111.7849414,,commercial_industrial_unknown,unknown,"MULTIPOLYGON (((-111.784531 33.280247, -111.784762 33.282206, -111.784857 33.282198, -111.784859 33.282209, -111.785353 33.282168, -111.785118 33.280179, -111.784612 33.28022, -111.784614 33.28024, -111.784531 33.280247)))",microsoft_us_building_footprints
ms-az-000879,Microsoft footprint AZ #188,AZ,,112415.37,34.8657586,-111.7942958,,commercial_industrial_unknown,unknown,"MULTIPOLYGON (((-111.794034 34.865927, -111.793936 34.864617, -111.793484 34.864639, -111.793457 34.864669, -111.793466 34.864795, -111.793449 34.864814, -111.793466 34.865042, -111.793594 34.865036, -111.793615 34.865308, -111.793748 34.865301, -111.793801 34.865998, -111.793913 34.865992, -111.79392 34.866083, -111.794048 34.866162, -111.794121 34.866159, -111.794128 34.86625, -111.794449 34.866234, -111.794468 34.866496, -111.794578 34.86649, -111.794584 34.866577, -111.794809 34.866565, -111.794815 34.866647, -111.79495 34.86664, -111.79494 34.866502, -111.795248 34.866486, -111.795211 34.865988, -111.795058 34.865996, -111.795053 34.865928, -111.794642 34.865949, -111.794637 34.865954, -111.794639 34.865978, -111.794154 34.866002, -111.794034 34.865927)))",microsoft_us_building_footprints
ms-az-000880,Microsoft footprint AZ #189,AZ,,116706.54,34.4994485,-111.8265527,,commercial_industrial_unknown,unknown,"MULTIPOLYGON (((-111.825886 34.499848, -111.82722 34.499847, -111.82722 34.499049, -111.825885 34.49905, -111.825886 34.499848)))",microsoft_us_building_footprints
ms-az-000881,Microsoft footprint AZ #190,AZ,,134701.62,33.2173692,-111.8253681,,commercial_industrial_unknown,unknown,"MULTIPOLYGON (((-111.825926 33.217018, -111.82553 33.217019, -111.82553 33.216912, -111.825189 33.216913, -111.82519 33.217025, -111.824771 33.217026, -111.824771 33.216949, -111.824452 33.216949, -111.824452 33.217029, -111.824409 33.217029, -111.824411 33.217462, -111.82451 33.217462, -111.82451 33.217501, -111.824462 33.217501, -111.824462 33.217619, -111.824663 33.217619, -111.824664 33.217689, -111.824766 33.217689, -111.824765 33.217622, -111.82507 33.217621, -111.82507 33.217677, -111.825871 33.217675, -111.82587 33.217621, -111.826186 33.21762, -111.826327 33.217741, -111.826328 33.217952, -111.826588 33.217951, -111.826587 33.21764, -111.826573 33.21764, -111.826297 33.217403, -111.825927 33.217404, -111.825926 33.217018)))",microsoft_us_building_footprints
ms-az-000882,Microsoft footprint AZ #191,AZ,,128571.34,33.3851105,-111.8158555,,commercial_industrial_unknown,unknown,"MULTIPOLYGON (((-111.816991 33.384851, -111.814707 33.384863, -111.81471 33.38527, -111.81472 33.38527, -111.814721 33.385373, -111.814891 33.385373, -111.814891 33.385365, -111.815482 33.385362, -111.815482 33.385366, -111.816851 33.385359, -111.816851 33.385365, -111.817012 33.385364, -111.817012 33.385268, -111.816995 33.385268, -111.816991 33.384851)))",microsoft_us_building_footprints
ms-az-000883,Microsoft footprint AZ #192,AZ,,207661.1,35.2329843,-111.8413249,,commercial_industrial_unknown,unknown,"MULTIPOLYGON (((-111.84051 35.234229, -111.841172 35.23439, -111.84214 35.231741, -111.841477 35.231579, -111.84051 35.234229)))",microsoft_us_building_footprints
ms-az-000884,Microsoft footprint AZ #193,AZ,,139877.07,33.2853788,-111.8382032,,commercial_industrial_unknown,unknown,"MULTIPOLYGON (((-111.837667 33.28485, -111.837624 33.285066, -111.837612 33.285072, -111.837566 33.285302, -111.837569 33.285305, -111.837529 33.285502, -111.837531 33.285505, -111.837527 33.285529, -111.837276 33.285494, -111.837235 33.285699, -111.83839 33.28586, -111.838359 33.285875, -111.838672 33.285919, -111.838739 33.285585, -111.838768 33.285589, -111.838787 33.285616, -111.838855 33.285626, -111.838898 33.285605, -111.838942 33.285382, -111.838913 33.28534, -111.839015 33.285354, -111.839061 33.285125, -111.838977 33.285113, -111.838853 33.284936, -111.838805 33.284959, -111.838689 33.284943, -111.83868 33.284991, -111.837667 33.28485)))",microsoft_us_building_footprints
ms-az-000885,Microsoft footprint AZ #194,AZ,,114261.83,34.6064899,-111.8624122,,commercial_industrial_unknown,unknown,"MULTIPOLYGON (((-111.862676 34.605783, -111.862173 34.605924, -111.862221 34.606039, -111.861877 34.606135, -111.861945 34.606301, -111.861881 34.60634, -111.861941 34.606486, -111.861887 34.606518, -111.861908 34.606567, -111.861755 34.606659, -111.86183 34.606841, -111.861888 34.606842, -111.861929 34.606942, -111.862069 34.606903, -111.862073 34.606804, -111.862114 34.606792, -111.86215 34.606833, -111.862202 34.606959, -111.862324 34.606962, -111.862346 34.607016, -111.862441 34.607123, -111.86251 34.607125, -111.862654 34.607039, -111.862969 34.606951, -111.862975 34.60677, -111.863004 34.606803, -111.863019 34.606794, -111.862983 34.606753, -111.862992 34.606748, -111.862858 34.606423, -111.862787 34.606443, -111.8628 34.606083, -111.862676 34.605783)))",microsoft_us_building_footprints
ms-az-000886,Microsoft footprint AZ #195,AZ,,140418.79,33.3009495,-111.8861357,,commercial_industrial_unknown,unknown,"MULTIPOLYGON (((-111.885814 33.299957, -111.885821 33.301941, -111.88621 33.30194, -111.88621 33.30196, -111.886298 33.30196, -111.886298 33.30194, -111.886457 33.301939, -111.88645 33.299955, -111.885814 33.299957)))",microsoft_us_building_footprints
ms-az-000887,Microsoft footprint AZ #196,AZ,,262506.77,33.2681577,-111.8857365,,commercial_industrial_unknown,unknown,"MULTIPOLYGON (((-111.886931 33.267617, -111.885919 33.267618, -111.885919 33.267319, -111.885643 33.26732, -111.885643 33.267382, -111.885257 33.267383, -111.885257 33.267636, -111.884906 33.267636, -111.884906 33.267966, -111.884691 33.267966, -111.884692 33.268486, -111.885266 33.268486, -111.885266 33.269008, -111.885293 33.269008, -111.885293 33.269078, -111.885529 33.269146, -111.885529 33.269172, -111.88599 33.269172, -111.88599 33.26861, -111.886017 33.26854, -111.886283 33.26854, -111.886291 33.268519, -111.886333 33.268519, -111.886333 33.268228, -111.886843 33.268227, -111.886842 33.268068, -111.886888 33.268068, -111.886888 33.267998, -111.886931 33.267998, -111.886931 33.267617)))",microsoft_us_building_footprints
ms-az-000888,Microsoft footprint AZ #197,AZ,,104416.13,33.6597767,-111.8942146,,commercial_industrial_unknown,unknown,"MULTIPOLYGON (((-111.894516 33.659454, -111.894242 33.660009, -111.893881 33.659885, -111.893876 33.660286, -111.894069 33.660288, -111.894071 33.660182, -111.89425 33.660341, -111.893841 33.660337, -111.893856 33.660387, -111.893976 33.660674, -111.894055 33.660674, -111.894057 33.660529, -111.894368 33.660532, -111.894369 33.660442, -111.894506 33.660562, -111.894615 33.660531, -111.894446 33.660381, -111.894673 33.660203, -111.894628 33.660163, -111.894909 33.659593, -111.894733 33.659644, -111.894513 33.659569, -111.894514 33.659509, -111.894589 33.659509, -111.894464 33.659209, -111.894602 33.65921, -111.894604 33.659103, -111.8935 33.659093, -111.893495 33.659445, -111.894516 33.659454)))",microsoft_us_building_footprints
ms-az-000889,Microsoft footprint AZ #198,AZ,,125899.22,32.8668620,-111.8875654,,commercial_industrial_unknown,unknown,"MULTIPOLYGON (((-111.887389 32.86523, -111.887388 32.868494, -111.887726 32.868494, -111.887726 32.866895, -111.888035 32.866895, -111.888035 32.866866, -111.888102 32.866866, -111.888102 32.866893, -111.888131 32.866893, -111.888131 32.866831, -111.888038 32.866831, -111.888038 32.866827, -111.887726 32.866827, -111.887727 32.86523, -111.887389 32.86523)))",microsoft_us_building_footprints
ms-az-000890,Microsoft footprint AZ #199,AZ,,190759.94,33.6268229,-111.8883662,,commercial_industrial_unknown,unknown,"MULTIPOLYGON (((-111.887294 33.627164, -111.888411 33.627157, -111.888411 33.627136, -111.889499 33.62713, -111.889498 33.626991, -111.889399 33.626992, -111.889397 33.626782, -111.889429 33.626782, -111.889429 33.626782, -111.889504 33.626781, -111.889502 33.626498, -111.889403 33.626498, -111.8894 33.626253, -111.888376 33.626259, -111.888377 33.626348, -111.888296 33.626349, -111.888296 33.62638, -111.888103 33.626381, -111.888107 33.626844, -111.88781 33.626845, -111.887807 33.626565, -111.887292 33.626568, -111.887297 33.627074, -111.8872 33.627075, -111.8872 33.627091, -111.887042 33.627092, -111.887048 33.627755, -111.887299 33.627753, -111.887294 33.627164)))",microsoft_us_building_footprints
ms-az-000891,Microsoft footprint AZ #200,AZ,,106125.13,33.6207466,-111.8952718,,commercial_industrial_unknown,unknown,"MULTIPOLYGON (((-111.894954 33.621437, -111.89567 33.621444, -111.895672 33.621236, -111.895756 33.621237, -111.895754 33.621371, -111.895697 33.62137, -111.895697 33.621394, -111.89581 33.621395, -111.895813 33.621153, -111.895711 33.621152, -111.895714 33.620939, -111.895634 33.620938, -111.895638 33.62066, -111.895509 33.620658, -111.895512 33.620451, -111.895447 33.62045, -111.895452 33.620099, -111.89527 33.620098, -111.895273 33.619863, -111.894856 33.619859, -111.894853 33.620067, -111.894892 33.620067, -111.894892 33.620094, -111.894937 33.620094, -111.894932 33.620452, -111.895002 33.620452, -111.895 33.62064, -111.894949 33.62064, -111.894947 33.620771, -111.894984 33.620772, -111.89498 33.621104, -111.894958 33.621104, -111.894954 33.621437)))",microsoft_us_building_footprints
ms-az-000892,Microsoft footprint AZ #201,AZ,,105003.27,33.3457352,-111.9008972,,commercial_industrial_unknown,unknown,"MULTIPOLYGON (((-111.901749 33.345322, -111.900561 33.345331, -111.900565 33.345645, -111.900294 33.345647, -111.900295 33.34577, -111.90036 33.34577, -111.90036 33.345783, -111.900038 33.345786, -111.900042 33.346113, -111.900871 33.346106, -111.900871 33.346158, -111.901056 33.346156, -111.901056 33.346102, -111.901407 33.3461, -111.901403 33.34577, -111.901146 33.345772, -111.901144 33.345642, -111.901753 33.345637, -111.901749 33.345322)))",microsoft_us_building_footprints
ms-az-000893,Microsoft footprint AZ #202,AZ,,171061.78,33.5489865,-111.9158858,,commercial_industrial_unknown,unknown,"MULTIPOLYGON (((-111.916758 33.548624, -111.916406 33.548177, -111.916098 33.54812, -111.916108 33.548195, -111.91603 33.548202, -111.915952 33.548103, -111.916133 33.547866, -111.915573 33.547762, -111.915412 33.547973, -111.915869 33.548215, -111.915794 33.548494, -111.915971 33.548526, -111.916018 33.548465, -111.916031 33.548567, -111.916172 33.548554, -111.916104 33.548644, -111.916226 33.548798, -111.91609 33.548873, -111.915786 33.548712, -111.915764 33.548795, -111.916023 33.548932, -111.915885 33.548944, -111.915765 33.549101, -111.915714 33.549074, -111.914898 33.54952, -111.914912 33.549627, -111.915 33.549738, -111.915122 33.549727, -111.915168 33.549667, -111.915093 33.549572, -111.915109 33.549564, -111.915582 33.550164, -111.916758 33.548624)))",microsoft_us_building_footprints
ms-az-000894,Microsoft footprint AZ #203,AZ,,101896.5,33.4339349,-111.9299619,,commercial_industrial_unknown,unknown,"MULTIPOLYGON (((-111.929146 33.434101, -111.930361 33.434107, -111.930359 33.434382, -111.93021 33.434381, -111.93021 33.434392, -111.930095 33.434391, -111.930093 33.434579, -111.930587 33.434581, -111.930592 33.433738, -111.930504 33.433737, -111.930505 33.433627, -111.930464 33.433627, -111.930465 33.433549, -111.930256 33.433548, -111.930255 33.433571, -111.930229 33.433571, -111.930229 33.43353, -111.930004 33.433529, -111.930003 33.433549, -111.929714 33.433548, -111.929713 33.433599, -111.929149 33.433597, -111.929146 33.434101)))",microsoft_us_building_footprints
ms-az-000895,Microsoft footprint AZ #204,AZ,,209741.6,33.5671176,-111.9188726,,commercial_industrial_unknown,unknown,"MULTIPOLYGON (((-111.91884 33.567268, -111.918656 33.567082, -111.918913 33.566748, -111.918828 33.566661, -111.918471 33.566905, -111.918271 33.566701, -111.918147 33.566635, -111.918545 33.566363, -111.918343 33.566255, -111.917978 33.566505, -111.91773 33.566254, -111.917936 33.565986, -111.917816 33.565865, -111.91733 33.566198, -111.917123 33.566467, -111.917676 33.566517, -111.91777 33.566613, -111.917548 33.566903, -111.918165 33.566959, -111.918227 33.567021, -111.917998 33.56732, -111.918112 33.567435, -111.918587 33.56711, -111.918493 33.567827, -111.918994 33.567484, -111.919391 33.567887, -111.919644 33.567557, -111.919918 33.567835, -111.920691 33.567905, -111.920751 33.567444, -111.919544 33.567335, -111.919221 33.567007, -111.91884 33.567268)))",microsoft_us_building_footprints
ms-az-000896,Microsoft footprint AZ #205,AZ,,116472.89,33.6581027,-111.9304765,,commercial_industrial_unknown,unknown,"MULTIPOLYGON (((-111.931358 33.658033, -111.931182 33.65799, -111.931197 33.657946, -111.931017 33.657903, -111.931007 33.657933, -111.93085 33.657895, -111.930846 33.657907, -111.930649 33.657859, -111.93067 33.657799, -111.930503 33.657759, -111.930491 33.657794, -111.930167 33.657716, -111.930187 33.657658, -111.929864 33.65758, -111.929853 33.65761, -111.929731 33.657581, -111.929552 33.658096, -111.929609 33.658109, -111.929576 33.658202, -111.929779 33.658251, -111.929805 33.658177, -111.93011 33.658251, -111.930118 33.658229, -111.930411 33.6583, -111.930374 33.658406, -111.930619 33.658465, -111.930599 33.658522, -111.930988 33.658616, -111.930956 33.658706, -111.93111 33.658743, -111.931358 33.658033)))",microsoft_us_building_footprints
ms-az-000897,Microsoft footprint AZ #206,AZ,,133250.08,33.3988585,-111.9455032,,commercial_industrial_unknown,unknown,"MULTIPOLYGON (((-111.94587 33.399763, -111.945859 33.398444, -111.945733 33.398444, -111.94573 33.398046, -111.9456 33.398047, -111.945599 33.397816, -111.945203 33.397818, -111.945206 33.398284, -111.945032 33.398285, -111.945033 33.398344, -111.945097 33.398344, -111.945098 33.398436, -111.945205 33.398435, -111.945212 33.399325, -111.945108 33.399326, -111.945109 33.399406, -111.94521 33.399406, -111.945211 33.399573, -111.945098 33.399573, -111.945098 33.399597, -111.945133 33.399596, -111.945134 33.39963, -111.945171 33.39963, -111.945171 33.399663, -111.945208 33.399663, -111.945208 33.399766, -111.94587 33.399763)))",microsoft_us_building_footprints
ms-az-000898,Microsoft footprint AZ #207,AZ,,106638.41,33.3329674,-111.9619633,,commercial_industrial_unknown,unknown,"MULTIPOLYGON (((-111.961215 33.332608, -111.961215 33.333027, -111.961623 33.333026, -111.961624 33.333465, -111.96229 33.333465, -111.96229 33.33326, -111.962628 33.333259, -111.962628 33.33307, -111.962573 33.33307, -111.962572 33.332641, -111.962382 33.332641, -111.962381 33.332524, -111.962029 33.332524, -111.962029 33.332608, -111.961215 33.332608)))",microsoft_us_building_footprints
ms-az-000899,Microsoft footprint AZ #208,AZ,,130922.29,33.5978792,-111.9833200,,commercial_industrial_unknown,unknown,"MULTIPOLYGON (((-111.983376 33.597928, -111.983386 33.597177, -111.983313 33.597177, -111.983312 33.597288, -111.982465 33.597281, -111.98238 33.597347, -111.982372 33.597993, -111.983375 33.598002, -111.983374 33.598085, -111.98343 33.598134, -111.983503 33.598135, -111.983556 33.598182, -111.983816 33.598184, -111.984004 33.598351, -111.984001 33.598595, -111.983928 33.598594, -111.983925 33.598777, -111.983966 33.598813, -111.983994 33.598814, -111.984032 33.598847, -111.984149 33.598848, -111.984232 33.598783, -111.984234 33.598594, -111.984299 33.598595, -111.984302 33.598374, -111.984363 33.598374, -111.984369 33.597937, -111.983376 33.597928)))",microsoft_us_building_footprints
ms-az-000900,Microsoft footprint AZ #209,AZ,,284382.56,33.2815870,-111.9732835,,commercial_industrial_unknown,unknown,"MULTIPOLYGON (((-111.973067 33.281252, -111.972835 33.28085, -111.972715 33.280899, -111.972749 33.281322, -111.972682 33.281349, -111.971951 33.280775, -111.97164 33.28149, -111.971635 33.281494, -111.972262 33.281985, -111.972371 33.281733, -111.972787 33.282059, -111.973116 33.281926, -111.973123 33.282017, -111.973297 33.282007, -111.973269 33.28195, -111.974433 33.282304, -111.974586 33.28195, -111.974856 33.282032, -111.974936 33.281848, -111.974846 33.281821, -111.974941 33.281603, -111.97496 33.281586, -111.974187 33.281352, -111.974183 33.281299, -111.974398 33.281364, -111.974383 33.28118, -111.973942 33.281205, -111.973943 33.281201, -111.973067 33.281252)))",microsoft_us_building_footprints
ms-az-000901,Microsoft footprint AZ #210,AZ,,111342.26,33.3117187,-111.9781444,,commercial_industrial_unknown,unknown,"MULTIPOLYGON (((-111.9782 33.311078, -111.977708 33.311466, -111.977754 33.311506, -111.977423 33.311768, -111.977391 33.311739, -111.977045 33.312012, -111.977302 33.31224, -111.977401 33.312161, -111.977467 33.312219, -111.978002 33.311796, -111.97802 33.311812, -111.978118 33.311735, -111.978178 33.311788, -111.978246 33.311734, -111.978337 33.311815, -111.978374 33.311786, -111.978785 33.312149, -111.978856 33.312093, -111.978938 33.312165, -111.979216 33.311945, -111.978888 33.311655, -111.978854 33.311682, -111.978718 33.311561, -111.978685 33.311587, -111.978602 33.311513, -111.978717 33.311423, -111.978617 33.311334, -111.978529 33.311404, -111.978492 33.311371, -111.978513 33.311355, -111.9782 33.311078)))",microsoft_us_building_footprints
ms-az-000902,Microsoft footprint AZ #211,AZ,,153464.04,33.4935176,-111.9813514,,commercial_industrial_unknown,unknown,"MULTIPOLYGON (((-111.980613 33.494118, -111.980898 33.494409, -111.981716 33.494429, -111.982 33.494038, -111.981753 33.493786, -111.98217 33.493796, -111.982185 33.49337, -111.982174 33.493369, -111.98219 33.492918, -111.981657 33.492905, -111.98162 33.493946, -111.98166 33.493947, -111.981377 33.494338, -111.981367 33.494338, -111.981374 33.494146, -111.981128 33.49414, -111.98112 33.494343, -111.980921 33.494139, -111.98093 33.493879, -111.980729 33.493874, -111.980892 33.493649, -111.98113 33.493576, -111.98088 33.493321, -111.981051 33.493084, -111.980841 33.492978, -111.980992 33.49277, -111.98084 33.492766, -111.981054 33.49262, -111.981063 33.492363, -111.980676 33.492354, -111.980613 33.494118)))",microsoft_us_building_footprints
ms-az-000903,Microsoft footprint AZ #212,AZ,,146217.4,33.4046468,-111.9989479,,commercial_industrial_unknown,unknown,"MULTIPOLYGON (((-111.999543 33.404128, -111.998811 33.404124, -111.998812 33.404017, -111.998458 33.404014, -111.998457 33.40412, -111.998351 33.404119, -111.998344 33.405006, -111.998511 33.405007, -111.998509 33.405226, -111.999534 33.405232, -111.999543 33.404128)))",microsoft_us_building_footprints
ms-az-000904,Microsoft footprint AZ #213,AZ,,108511.25,33.4097810,-112.0008960,,commercial_industrial_unknown,unknown,"MULTIPOLYGON (((-112.001844 33.410033, -112.001839 33.409516, -111.999948 33.409529, -111.999953 33.410046, -112.001844 33.410033)))",microsoft_us_building_footprints
ms-az-000905,Microsoft footprint AZ #214,AZ,,111555.48,33.4061646,-111.9922501,,commercial_industrial_unknown,unknown,"MULTIPOLYGON (((-111.993036 33.405845, -111.992292 33.405848, -111.992292 33.405821, -111.992258 33.405821, -111.992258 33.405728, -111.992218 33.405728, -111.992218 33.40582, -111.99214 33.40582, -111.99214 33.405853, -111.991458 33.405856, -111.991461 33.406458, -111.99202 33.406456, -111.99202 33.406547, -111.99248 33.406546, -111.99248 33.406455, -111.993039 33.406453, -111.993036 33.405845)))",microsoft_us_building_footprints
ms-az-000906,Microsoft footprint AZ #215,AZ,,163978.44,33.4360433,-111.9944550,,commercial_industrial_unknown,unknown,"MULTIPOLYGON (((-111.995038 33.434648, -111.994403 33.434661, -111.994401 33.434567, -111.994515 33.434565, -111.994493 33.433806, -111.994174 33.433813, -111.994241 33.436141, -111.994054 33.436145, -111.994063 33.436438, -111.994014 33.436484, -111.994015 33.436521, -111.993991 33.436542, -111.993992 33.436583, -111.994134 33.43658, -111.994174 33.437971, -111.994264 33.43797, -111.994274 33.437987, -111.99463 33.43798, -111.994625 33.437808, -111.994537 33.43781, -111.994534 33.437725, -111.994532 33.437725, -111.994491 33.436315, -111.994403 33.436316, -111.994401 33.436258, -111.996293 33.436221, -111.996241 33.43613, -111.994412 33.436166, -111.994376 33.434915, -111.995038 33.434648)))",microsoft_us_building_footprints
ms-az-000907,Microsoft footprint AZ #216,AZ,,139219.75,33.4344378,-111.9982335,,commercial_industrial_unknown,unknown,"MULTIPOLYGON (((-111.99911 33.434633, -111.997005 33.434658, -111.996991 33.433809, -111.996642 33.433813, -111.996655 33.43456, -111.996523 33.434605, -111.996874 33.434687, -111.996877 33.434829, -111.996971 33.434797, -111.997236 33.434859, -111.997765 33.434852, -111.997806 33.434936, -111.997811 33.434923, -111.997898 33.434944, -111.997903 33.434928, -111.997881 33.434882, -111.997957 33.434881, -111.998097 33.434914, -111.998256 33.43486, -111.998984 33.434851, -111.999031 33.434794, -111.999174 33.434745, -111.999144 33.434834, -111.999343 33.434832, -111.999373 33.434742, -111.999555 33.434784, -111.999538 33.433741, -111.999401 33.433709, -111.999087 33.433713, -111.999101 33.434555, -111.999109 33.434555, -111.99911 33.434633)))",microsoft_us_building_footprints
ms-az-000908,Microsoft footprint AZ #217,AZ,,112653.34,33.4538784,-111.9963861,,commercial_industrial_unknown,unknown,"MULTIPOLYGON (((-111.997104 33.454221, -111.997117 33.453517, -111.995815 33.4535, -111.99581 33.4538, -111.995643 33.453798, -111.995642 33.453858, -111.995597 33.453857, -111.995589 33.454279, -111.995786 33.454281, -111.995788 33.454205, -111.997104 33.454221)))",microsoft_us_building_footprints
ms-az-000909,Microsoft footprint AZ #218,AZ,,114872.87,34.7205048,-112.0047783,,commercial_industrial_unknown,unknown,"MULTIPOLYGON (((-112.005271 34.721048, -112.005259 34.720006, -112.004891 34.720008, -112.00489 34.719898, -112.004563 34.719901, -112.004564 34.719954, -112.004352 34.719955, -112.004354 34.720204, -112.004169 34.720206, -112.004172 34.7204, -112.0043 34.720399, -112.004301 34.720445, -112.004346 34.720445, -112.004348 34.720579, -112.004347 34.720579, -112.004351 34.720967, -112.004414 34.720967, -112.004417 34.721187, -112.004548 34.721186, -112.004547 34.721053, -112.005271 34.721048)))",microsoft_us_building_footprints
ms-az-000910,Microsoft footprint AZ #219,AZ,,120990.58,33.4144913,-112.0106762,,commercial_industrial_unknown,unknown,"MULTIPOLYGON (((-112.011423 33.415231, -112.011285 33.414798, -112.011135 33.414832, -112.011001 33.414411, -112.010851 33.414444, -112.010717 33.414024, -112.010823 33.414001, -112.01072 33.413678, -112.010582 33.413709, -112.010551 33.413611, -112.010255 33.413676, -112.010293 33.413794, -112.010135 33.413829, -112.010171 33.413942, -112.010043 33.41397, -112.01028 33.414716, -112.01046 33.414676, -112.010593 33.415093, -112.010772 33.415053, -112.010837 33.41526, -112.010992 33.415226, -112.011022 33.41532, -112.011423 33.415231)))",microsoft_us_building_footprints
ms-az-000911,Microsoft footprint AZ #220,AZ,,100686.54,33.4217508,-112.0244521,,commercial_industrial_unknown,unknown,"MULTIPOLYGON (((-112.02377 33.421416, -112.023765 33.422079, -112.025135 33.422085, -112.025139 33.421423, -112.02377 33.421416)))",microsoft_us_building_footprints
ms-az-000912,Microsoft footprint AZ #221,AZ,,125001.89,33.6385490,-112.0536657,,commercial_industrial_unknown,unknown,"MULTIPOLYGON (((-112.054422 33.638913, -112.054419 33.638208, -112.054015 33.638208, -112.054015 33.6381, -112.053755 33.638101, -112.053755 33.638209, -112.053549 33.63821, -112.053548 33.638101, -112.053365 33.638102, -112.053365 33.638214, -112.052902 33.638216, -112.052904 33.638684, -112.052848 33.638685, -112.052848 33.638763, -112.052906 33.638763, -112.052906 33.638882, -112.053165 33.638882, -112.053165 33.638937, -112.054007 33.638935, -112.054007 33.638914, -112.054422 33.638913)))",microsoft_us_building_footprints
ms-az-000913,Microsoft footprint AZ #222,AZ,,177045.85,33.4476755,-112.0804024,,commercial_industrial_unknown,unknown,"MULTIPOLYGON (((-112.081304 33.448038, -112.081295 33.447865, -112.081338 33.447835, -112.081336 33.447834, -112.081334 33.447803, -112.081315 33.447806, -112.081354 33.447769, -112.081412 33.447749, -112.081575 33.447385, -112.08144 33.447351, -112.081434 33.447235, -112.079697 33.4473, -112.079664 33.447275, -112.079681 33.447587, -112.079084 33.44761, -112.0791 33.447903, -112.079284 33.447735, -112.079356 33.447789, -112.079373 33.447774, -112.079332 33.447887, -112.079349 33.4479, -112.079355 33.447884, -112.079494 33.448114, -112.080959 33.448059, -112.081199 33.447958, -112.081304 33.448038)))",microsoft_us_building_footprints
ms-az-000914,Microsoft footprint AZ #223,AZ,,116978.61,33.5080930,-112.0639895,,commercial_industrial_unknown,unknown,"MULTIPOLYGON (((-112.06295 33.508295, -112.064457 33.508308, -112.064456 33.508378, -112.064429 33.508377, -112.064427 33.508525, -112.064457 33.508525, -112.064456 33.508564, -112.064856 33.508568, -112.064865 33.5078, -112.064777 33.507799, -112.064777 33.507811, -112.063017 33.507796, -112.063017 33.507817, -112.062977 33.507817, -112.062975 33.507945, -112.062968 33.507945, -112.062966 33.508144, -112.062951 33.508143, -112.06295 33.508295)))",microsoft_us_building_footprints
ms-az-000915,Microsoft footprint AZ #224,AZ,,220263.74,33.6372118,-112.0980568,,commercial_industrial_unknown,unknown,"MULTIPOLYGON (((-112.097086 33.636747, -112.097078 33.637543, -112.097 33.637543, -112.096999 33.637632, -112.097083 33.637633, -112.097082 33.637695, -112.097272 33.637697, -112.097272 33.637752, -112.097698 33.637755, -112.097699 33.637691, -112.098144 33.637693, -112.098144 33.637752, -112.09846 33.637754, -112.098461 33.637606, -112.098842 33.637609, -112.098841 33.637749, -112.099183 33.637752, -112.099184 33.637604, -112.099034 33.637603, -112.099039 33.637067, -112.099065 33.637068, -112.099066 33.636957, -112.099296 33.636959, -112.099297 33.636863, -112.098907 33.63686, -112.098908 33.636748, -112.098051 33.636743, -112.098053 33.636594, -112.097571 33.636591, -112.09757 33.636751, -112.097086 33.636747)))",microsoft_us_building_footprints
ms-az-000916,Microsoft footprint AZ #225,AZ,,112591.28,33.7085690,-112.1103152,,commercial_industrial_unknown,unknown,"MULTIPOLYGON (((-112.109066 33.708355, -112.109065 33.708788, -112.110616 33.708788, -112.110616 33.708818, -112.11138 33.708818, -112.111381 33.708162, -112.111297 33.708162, -112.111297 33.708229, -112.110925 33.708229, -112.110925 33.708267, -112.110858 33.708267, -112.110857 33.708307, -112.110612 33.708307, -112.110612 33.708449, -112.109632 33.708449, -112.109632 33.708339, -112.109385 33.708339, -112.109385 33.708355, -112.109066 33.708355)))",microsoft_us_building_footprints
ms-az-000917,Microsoft footprint AZ #226,AZ,,120546.17,33.6845162,-112.0941330,,commercial_industrial_unknown,unknown,"MULTIPOLYGON (((-112.093422 33.684007, -112.093422 33.684074, -112.093398 33.684074, -112.093393 33.684863, -112.09501 33.68487, -112.095014 33.684275, -112.09437 33.684272, -112.09437 33.684307, -112.094319 33.684307, -112.094319 33.684338, -112.094295 33.684338, -112.094294 33.684372, -112.094136 33.684371, -112.094136 33.684337, -112.09411 33.684337, -112.09411 33.684304, -112.094057 33.684304, -112.094058 33.684203, -112.094002 33.684203, -112.094002 33.684147, -112.09395 33.684147, -112.09395 33.684072, -112.093899 33.684072, -112.0939 33.684008, -112.093422 33.684007)))",microsoft_us_building_footprints
ms-az-000918,Microsoft footprint AZ #227,AZ,,246903.46,33.4845125,-112.1269066,,commercial_industrial_unknown,unknown,"MULTIPOLYGON (((-112.127583 33.483701, -112.126471 33.483703, -112.126471 33.483707, -112.126362 33.483707, -112.126362 33.483686, -112.126208 33.483686, -112.126209 33.484062, -112.126141 33.484062, -112.126141 33.484113, -112.126221 33.484112, -112.126223 33.485312, -112.126446 33.485311, -112.126446 33.485394, -112.126465 33.485394, -112.126465 33.485312, -112.127575 33.485311, -112.127575 33.485418, -112.127707 33.485418, -112.127707 33.485254, -112.127586 33.485255, -112.127583 33.483701)))",microsoft_us_building_footprints
ms-az-000919,Microsoft footprint AZ #228,AZ,,131173.7,33.6333954,-112.1140642,,commercial_industrial_unknown,unknown,"MULTIPOLYGON (((-112.112845 33.633104, -112.112856 33.633553, -112.114387 33.633527, -112.114391 33.633695, -112.114439 33.633694, -112.114446 33.633957, -112.114978 33.633948, -112.114956 33.633069, -112.112845 33.633104)))",microsoft_us_building_footprints
ms-az-000920,Microsoft footprint AZ #229,AZ,,109406.49,33.6382211,-112.1199672,,commercial_industrial_unknown,unknown,"MULTIPOLYGON (((-112.119348 33.637863, -112.119365 33.638289, -112.119232 33.638292, -112.119246 33.638624, -112.119577 33.638615, -112.119576 33.63859, -112.11968 33.638587, -112.119679 33.638552, -112.119919 33.638546, -112.119922 33.638619, -112.120372 33.638607, -112.120369 33.638544, -112.120629 33.638537, -112.120617 33.638238, -112.120648 33.638237, -112.120641 33.638071, -112.120583 33.638073, -112.120582 33.638037, -112.120617 33.638036, -112.120612 33.637927, -112.120641 33.637926, -112.120635 33.637787, -112.120481 33.637791, -112.120483 33.637837, -112.12043 33.637838, -112.120429 33.637811, -112.120295 33.637815, -112.120296 33.637836, -112.119348 33.637863)))",microsoft_us_building_footprints
ms-az-000921,Microsoft footprint AZ #230,AZ,,128941.8,33.6310872,-112.1195764,,commercial_industrial_unknown,unknown,"MULTIPOLYGON (((-112.120409 33.631548, -112.120324 33.631056, -112.120253 33.631065, -112.120239 33.630984, -112.120513 33.630951, -112.120446 33.630566, -112.120053 33.630613, -112.120128 33.631046, -112.119712 33.631096, -112.119732 33.631212, -112.119579 33.63123, -112.119568 33.631167, -112.119516 33.631173, -112.119459 33.630845, -112.119165 33.63088, -112.119158 33.630843, -112.119253 33.630832, -112.119234 33.630722, -112.119147 33.630733, -112.119095 33.630431, -112.118506 33.630502, -112.118574 33.630893, -112.118969 33.630846, -112.118975 33.630876, -112.119006 33.630873, -112.119013 33.630912, -112.118933 33.630922, -112.11899 33.631248, -112.119187 33.631225, -112.119266 33.631685, -112.120409 33.631548)))",microsoft_us_building_footprints
ms-az-000922,Microsoft footprint AZ #231,AZ,,605199.19,33.4238969,-112.1581525,,commercial_industrial_unknown,unknown,"MULTIPOLYGON (((-112.160036 33.42319, -112.159851 33.42319, -112.159851 33.423185, -112.156233 33.423177, -112.156232 33.42339, -112.156256 33.42339, -112.156253 33.424397, -112.156226 33.424397, -112.156226 33.424608, -112.159849 33.424616, -112.159849 33.424616, -112.160034 33.424616, -112.160035 33.424594, -112.16008 33.424594, -112.160081 33.424404, -112.160049 33.424404, -112.160052 33.423401, -112.160084 33.423401, -112.160085 33.423208, -112.160036 33.423208, -112.160036 33.42319)))",microsoft_us_building_footprints
ms-az-000923,Microsoft footprint AZ #232,AZ,,115241.42,33.4595969,-112.1748328,,commercial_industrial_unknown,unknown,"MULTIPOLYGON (((-112.174456 33.460298, -112.175194 33.460304, -112.175209 33.458895, -112.174472 33.45889, -112.174456 33.460298)))",microsoft_us_building_footprints
ms-az-000924,Microsoft footprint AZ #233,AZ,,110044.19,33.4320397,-112.1541645,,commercial_industrial_unknown,unknown,"MULTIPOLYGON (((-112.153765 33.432648, -112.154575 33.432651, -112.154581 33.43145, -112.153688 33.431447, -112.153687 33.431677, -112.15377 33.431677, -112.153765 33.432648)))",microsoft_us_building_footprints
ms-az-000925,Microsoft footprint AZ #234,AZ,,103247.42,33.4376038,-112.1787428,,commercial_industrial_unknown,unknown,"MULTIPOLYGON (((-112.17808 33.43795, -112.179391 33.437967, -112.179405 33.437257, -112.17853 33.437245, -112.17853 33.437248, -112.178093 33.437243, -112.17808 33.43795)))",microsoft_us_building_footprints
ms-az-000926,Microsoft footprint AZ #235,AZ,,250803.8,33.4285630,-112.1570388,,commercial_industrial_unknown,unknown,"MULTIPOLYGON (((-112.158213 33.429042, -112.158209 33.428078, -112.155865 33.428084, -112.155868 33.429048, -112.158213 33.429042)))",microsoft_us_building_footprints
ms-az-000927,Microsoft footprint AZ #236,AZ,,366791.21,33.5002447,-112.1595272,,commercial_industrial_unknown,unknown,"MULTIPOLYGON (((-112.159041 33.501757, -112.158845 33.501756, -112.158845 33.501899, -112.160022 33.501902, -112.160035 33.498592, -112.158852 33.498589, -112.158851 33.498737, -112.159052 33.498737, -112.159041 33.501757)))",microsoft_us_building_footprints
ms-az-000928,Microsoft footprint AZ #237,AZ,,164129.39,33.4969962,-112.1532523,,commercial_industrial_unknown,unknown,"MULTIPOLYGON (((-112.152023 33.497166, -112.152025 33.497822, -112.152259 33.497821, -112.152258 33.497463, -112.152323 33.497463, -112.152324 33.497755, -112.152545 33.497754, -112.152545 33.49778, -112.15331 33.497779, -112.153308 33.497365, -112.153423 33.497365, -112.153628 33.497132, -112.153603 33.497117, -112.153648 33.497066, -112.153686 33.497066, -112.153838 33.497158, -112.154027 33.496943, -112.154027 33.496886, -112.153875 33.496793, -112.154057 33.496585, -112.154056 33.496315, -112.154441 33.496315, -112.15444 33.495931, -112.154107 33.495932, -112.154107 33.495875, -112.154222 33.495875, -112.154222 33.495678, -112.153829 33.495678, -112.153832 33.496455, -112.153434 33.496908, -112.153434 33.496906, -112.153208 33.497164, -112.152023 33.497166)))",microsoft_us_building_footprints
ms-az-000929,Microsoft footprint AZ #238,AZ,,165078.69,33.4559594,-112.1704386,,commercial_industrial_unknown,unknown,"MULTIPOLYGON (((-112.169534 33.456358, -112.170911 33.456356, -112.170911 33.456202, -112.171091 33.456202, -112.171091 33.456394, -112.171526 33.456394, -112.171526 33.456465, -112.171741 33.456465, -112.171741 33.456121, -112.17127 33.456122, -112.17127 33.456039, -112.171104 33.456039, -112.171103 33.45563, -112.170479 33.45563, -112.170479 33.455386, -112.169987 33.455386, -112.169987 33.455306, -112.169714 33.455306, -112.169715 33.455683, -112.169593 33.455683, -112.169593 33.455805, -112.169717 33.455805, -112.169717 33.455939, -112.169502 33.45594, -112.169502 33.456002, -112.169461 33.456002, -112.169461 33.456038, -112.169533 33.456038, -112.169534 33.456358)))",microsoft_us_building_footprints
ms-az-000930,Microsoft footprint AZ #239,AZ,,485509.61,33.4209244,-112.1800053,,commercial_industrial_unknown,unknown,"MULTIPOLYGON (((-112.181539 33.42028, -112.178473 33.420282, -112.178473 33.420157, -112.178332 33.420157, -112.178333 33.42169, -112.178473 33.42169, -112.178472 33.421569, -112.181538 33.421567, -112.181538 33.421688, -112.181679 33.421688, -112.181678 33.420159, -112.181538 33.420159, -112.181539 33.42028)))",microsoft_us_building_footprints
ms-az-000931,Microsoft footprint AZ #240,AZ,,285114.34,33.6414674,-112.1839796,,commercial_industrial_unknown,unknown,"MULTIPOLYGON (((-112.182612 33.641963, -112.182931 33.641966, -112.18293 33.642021, -112.183138 33.641958, -112.183138 33.641926, -112.183307 33.641928, -112.183307 33.641968, -112.183698 33.641972, -112.183711 33.641134, -112.183752 33.641122, -112.183745 33.641555, -112.184399 33.641562, -112.184392 33.642033, -112.185601 33.642046, -112.185613 33.64127, -112.184385 33.641256, -112.18439 33.640928, -112.183749 33.640921, -112.183749 33.640975, -112.183711 33.640974, -112.183713 33.640872, -112.18368 33.640871, -112.183663 33.640831, -112.183576 33.64083, -112.183576 33.640839, -112.182946 33.640832, -112.182946 33.640859, -112.182798 33.640857, -112.182799 33.640824, -112.182707 33.640823, -112.182707 33.640863, -112.182629 33.640862, -112.182612 33.641963)))",microsoft_us_building_footprints
ms-az-000932,Microsoft footprint AZ #241,AZ,,216210.66,33.4359113,-112.1667321,,commercial_industrial_unknown,unknown,"MULTIPOLYGON (((-112.168206 33.436232, -112.1682 33.43557, -112.165259 33.43559, -112.165265 33.436253, -112.168206 33.436232)))",microsoft_us_building_footprints
ms-az-000933,Microsoft footprint AZ #242,AZ,,108364.62,33.4405502,-112.1704811,,commercial_industrial_unknown,unknown,"MULTIPOLYGON (((-112.169518 33.440797, -112.171438 33.440812, -112.171444 33.440303, -112.169523 33.440289, -112.169518 33.440797)))",microsoft_us_building_footprints
ms-az-000934,Microsoft footprint AZ #243,AZ,,100684.6,33.5797167,-112.1940281,,commercial_industrial_unknown,unknown,"MULTIPOLYGON (((-112.194669 33.579318, -112.194109 33.579326, -112.19411 33.579413, -112.194042 33.579414, -112.19404 33.579329, -112.193476 33.579336, -112.193479 33.579519, -112.193435 33.579519, -112.193441 33.579821, -112.193488 33.57982, -112.193496 33.580234, -112.193979 33.580228, -112.193974 33.579996, -112.194052 33.579995, -112.19405 33.579907, -112.194121 33.579906, -112.194123 33.579994, -112.194682 33.579986, -112.194669 33.579318)))",microsoft_us_building_footprints
ms-az-000935,Microsoft footprint AZ #244,AZ,,133167.71,33.4491761,-112.1838532,,commercial_industrial_unknown,unknown,"MULTIPOLYGON (((-112.183636 33.450128, -112.184291 33.450131, -112.1843 33.449046, -112.18394 33.449044, -112.183943 33.448725, -112.183878 33.448725, -112.183878 33.448638, -112.183944 33.448639, -112.183945 33.448461, -112.18388 33.448461, -112.18388 33.448374, -112.183945 33.448375, -112.183946 33.448197, -112.18388 33.448197, -112.183881 33.448109, -112.183945 33.44811, -112.183946 33.44805, -112.183452 33.448047, -112.183444 33.449033, -112.18364 33.449035, -112.183638 33.449256, -112.183589 33.449256, -112.183588 33.449379, -112.18364 33.449379, -112.183637 33.449798, -112.183588 33.449797, -112.183587 33.449921, -112.183637 33.449921, -112.183636 33.450128)))",microsoft_us_building_footprints
ms-az-000936,Microsoft footprint AZ #245,AZ,,189893.44,33.6357296,-112.2286651,,commercial_industrial_unknown,unknown,"MULTIPOLYGON (((-112.228933 33.635909, -112.228947 33.635362, -112.228746 33.635358, -112.228747 33.635328, -112.228664 33.635327, -112.228667 33.635225, -112.228904 33.635229, -112.228907 33.635106, -112.228222 33.635094, -112.228218 33.635241, -112.227703 33.635232, -112.2277 33.635368, -112.22758 33.635366, -112.227577 33.635475, -112.227477 33.635473, -112.227472 33.635678, -112.227587 33.635681, -112.227578 33.636004, -112.227476 33.636002, -112.227474 33.636076, -112.228389 33.636093, -112.228388 33.63612, -112.229478 33.63614, -112.229478 33.636126, -112.230321 33.636142, -112.230332 33.63572, -112.229533 33.635705, -112.229528 33.63592, -112.228933 33.635909)))",microsoft_us_building_footprints
ms-az-000937,Microsoft footprint AZ #246,AZ,,225267.37,33.4448217,-112.2480443,,commercial_industrial_unknown,unknown,"MULTIPOLYGON (((-112.247562 33.443756, -112.247565 33.445869, -112.248562 33.445868, -112.248562 33.445827, -112.248595 33.445827, -112.248594 33.445595, -112.248517 33.445595, -112.248514 33.443796, -112.248477 33.443796, -112.248477 33.443755, -112.247562 33.443756)))",microsoft_us_building_footprints
ms-az-000938,Microsoft footprint AZ #247,AZ,,213041.5,33.6416906,-112.2485330,,commercial_industrial_unknown,unknown,"MULTIPOLYGON (((-112.247669 33.640912, -112.247145 33.641671, -112.247685 33.641929, -112.248397 33.641691, -112.248246 33.64191, -112.248228 33.642168, -112.247397 33.642128, -112.247383 33.642319, -112.247562 33.642328, -112.247544 33.642578, -112.247909 33.64234, -112.248168 33.642353, -112.248285 33.642595, -112.248465 33.642604, -112.24851 33.64197, -112.248876 33.641988, -112.248899 33.64167, -112.249273 33.642067, -112.249353 33.64204, -112.249363 33.641891, -112.249568 33.641901, -112.250276 33.641439, -112.250087 33.641238, -112.249917 33.641484, -112.249387 33.640922, -112.248885 33.641649, -112.248635 33.64153, -112.248539 33.641636, -112.248342 33.641627, -112.247669 33.640912)))",microsoft_us_building_footprints
ms-az-000939,Microsoft footprint AZ #248,AZ,,300251.9,33.4419788,-112.2527910,,commercial_industrial_unknown,unknown,"MULTIPOLYGON (((-112.251011 33.442177, -112.251021 33.442371, -112.251195 33.442365, -112.251223 33.442874, -112.252548 33.442824, -112.25252 33.442308, -112.253243 33.442281, -112.253262 33.442636, -112.253872 33.442613, -112.253825 33.441744, -112.253734 33.441747, -112.253685 33.440837, -112.253574 33.440841, -112.253572 33.440798, -112.252919 33.440822, -112.25294 33.441215, -112.253084 33.44121, -112.253092 33.441344, -112.252631 33.441361, -112.25264 33.44153, -112.252087 33.441551, -112.252098 33.441751, -112.252358 33.441741, -112.252387 33.442277, -112.25122 33.442321, -112.251211 33.442169, -112.251011 33.442177)))",microsoft_us_building_footprints
ms-az-000940,Microsoft footprint AZ #249,AZ,,126408.79,33.4441374,-112.2563349,,commercial_industrial_unknown,unknown,"MULTIPOLYGON (((-112.257413 33.443718, -112.256683 33.443905, -112.256682 33.443964, -112.256571 33.443962, -112.256452 33.443992, -112.256443 33.443969, -112.256261 33.443929, -112.256229 33.443843, -112.256097 33.443841, -112.256054 33.443852, -112.25609 33.44395, -112.256042 33.44395, -112.25599 33.443808, -112.255395 33.443799, -112.255382 33.444425, -112.255554 33.444428, -112.25559 33.444527, -112.255948 33.444557, -112.256004 33.44459, -112.256263 33.444523, -112.256266 33.444412, -112.256246 33.444358, -112.256571 33.444274, -112.257085 33.444282, -112.257083 33.44437, -112.257218 33.444372, -112.257216 33.44446, -112.257397 33.444462, -112.257413 33.443718)))",microsoft_us_building_footprints
ms-az-000941,Microsoft footprint AZ #250,AZ,,147327.1,33.6085054,-112.2593815,,commercial_industrial_unknown,unknown,"MULTIPOLYGON (((-112.259977 33.608539, -112.259487 33.60867, -112.259489 33.608517, -112.259936 33.608397, -112.259938 33.608201, -112.259753 33.6082, -112.259754 33.608135, -112.260087 33.608138, -112.259928 33.607967, -112.260022 33.607942, -112.260023 33.607838, -112.259197 33.607831, -112.259193 33.608184, -112.259122 33.608183, -112.259125 33.607903, -112.258915 33.608039, -112.258845 33.607964, -112.25875 33.607989, -112.258741 33.60869, -112.258977 33.608537, -112.259021 33.60865, -112.258736 33.608833, -112.25907 33.608991, -112.259224 33.608892, -112.259218 33.609334, -112.259765 33.609339, -112.259772 33.608841, -112.259911 33.608842, -112.259912 33.608769, -112.259754 33.608767, -112.259754 33.608709, -112.259974 33.608711, -112.259977 33.608539)))",microsoft_us_building_footprints
ms-az-000942,Microsoft footprint AZ #251,AZ,,322129.77,33.4577049,-112.2186999,,commercial_industrial_unknown,unknown,"MULTIPOLYGON (((-112.216873 33.458089, -112.2172 33.458096, -112.217201 33.458057, -112.218374 33.458082, -112.218374 33.45811, -112.218971 33.458123, -112.218972 33.458107, -112.220146 33.458132, -112.220144 33.458182, -112.220482 33.458189, -112.220508 33.457341, -112.216899 33.457264, -112.216873 33.458089)))",microsoft_us_building_footprints
ms-az-000943,Microsoft footprint AZ #252,AZ,,119096.72,33.4528365,-112.2192033,,commercial_industrial_unknown,unknown,"MULTIPOLYGON (((-112.217822 33.453023, -112.220581 33.453039, -112.220585 33.45265, -112.217825 33.452634, -112.217822 33.453023)))",microsoft_us_building_footprints
ms-az-000944,Microsoft footprint AZ #253,AZ,,682650.74,33.4353934,-112.2235845,,commercial_industrial_unknown,unknown,"MULTIPOLYGON (((-112.225518 33.434603, -112.22198 33.434603, -112.22198 33.434454, -112.221681 33.434454, -112.221681 33.435937, -112.221616 33.435937, -112.221616 33.436039, -112.221689 33.436039, -112.221689 33.436324, -112.221984 33.436324, -112.221984 33.43617, -112.22522 33.43617, -112.22522 33.43632, -112.225517 33.43632, -112.225518 33.434603)))",microsoft_us_building_footprints
ms-az-000945,Microsoft footprint AZ #254,AZ,,154122.73,33.4555284,-112.2844156,,commercial_industrial_unknown,unknown,"MULTIPOLYGON (((-112.284001 33.454678, -112.28401 33.456303, -112.284193 33.456302, -112.284194 33.456432, -112.284639 33.45643, -112.284638 33.4563, -112.284825 33.456299, -112.284824 33.456114, -112.284956 33.456113, -112.284956 33.456059, -112.284824 33.45606, -112.284816 33.454675, -112.284001 33.454678)))",microsoft_us_building_footprints
ms-az-000946,Microsoft footprint AZ #255,AZ,,102192.83,33.6849281,-112.2651735,,commercial_industrial_unknown,unknown,"MULTIPOLYGON (((-112.265719 33.684458, -112.265518 33.68454, -112.265471 33.684461, -112.265082 33.684622, -112.265065 33.684594, -112.264946 33.684642, -112.264983 33.684703, -112.264922 33.684728, -112.264838 33.684586, -112.264381 33.684774, -112.264485 33.684949, -112.26454 33.684926, -112.264629 33.685075, -112.264576 33.685097, -112.264823 33.68551, -112.264915 33.685472, -112.264901 33.685449, -112.265015 33.685402, -112.265035 33.685434, -112.26516 33.685382, -112.265135 33.685339, -112.265595 33.685149, -112.265604 33.685165, -112.265692 33.685128, -112.265678 33.685105, -112.265792 33.685058, -112.265739 33.684969, -112.265967 33.684875, -112.265719 33.684458)))",microsoft_us_building_footprints
ms-az-000947,Microsoft footprint AZ #256,AZ,,105132.79,33.4907092,-112.2929936,,commercial_industrial_unknown,unknown,"MULTIPOLYGON (((-112.294152 33.490554, -112.293324 33.490568, -112.293322 33.490503, -112.293256 33.490505, -112.293257 33.490552, -112.293172 33.490553, -112.29317 33.490486, -112.292824 33.490375, -112.292827 33.490503, -112.292682 33.490619, -112.292686 33.490751, -112.292722 33.490763, -112.292724 33.490838, -112.292669 33.490839, -112.292658 33.490388, -112.292397 33.490304, -112.292291 33.490534, -112.291893 33.49054, -112.291901 33.490843, -112.291981 33.490842, -112.291983 33.490942, -112.292929 33.490926, -112.292926 33.490808, -112.293064 33.490805, -112.293067 33.490939, -112.2937 33.490928, -112.293701 33.490982, -112.293984 33.490978, -112.293982 33.490881, -112.294161 33.490938, -112.294152 33.490554)))",microsoft_us_building_footprints
ms-az-000948,Microsoft footprint AZ #257,AZ,,147010.38,33.4555792,-112.3387333,,commercial_industrial_unknown,unknown,"MULTIPOLYGON (((-112.338281 33.456248, -112.338675 33.456248, -112.338675 33.456545, -112.338882 33.456545, -112.338882 33.456522, -112.338919 33.456522, -112.338919 33.456544, -112.338922 33.456544, -112.338922 33.456438, -112.339104 33.456438, -112.339103 33.455344, -112.339263 33.455344, -112.339263 33.455127, -112.339106 33.455127, -112.339106 33.455043, -112.33904 33.455043, -112.33904 33.454657, -112.338553 33.454658, -112.338553 33.45485, -112.338538 33.45485, -112.338538 33.455039, -112.33828 33.45504, -112.338281 33.456248)))",microsoft_us_building_footprints
ms-az-000949,Microsoft footprint AZ #258,AZ,,186616.08,33.4511468,-112.3268758,,commercial_industrial_unknown,unknown,"MULTIPOLYGON (((-112.326045 33.451652, -112.327712 33.451649, -112.32771 33.450642, -112.32604 33.450645, -112.326041 33.451126, -112.326002 33.451126, -112.326002 33.45117, -112.326044 33.45117, -112.326045 33.451652)))",microsoft_us_building_footprints
ms-az-000950,Microsoft footprint AZ #259,AZ,,215030.87,33.4590741,-112.3380714,,commercial_industrial_unknown,unknown,"MULTIPOLYGON (((-112.338996 33.458661, -112.337832 33.458619, -112.337835 33.458554, -112.336856 33.458519, -112.33685 33.458634, -112.337114 33.458644, -112.337073 33.459449, -112.337314 33.459458, -112.337307 33.459584, -112.337716 33.459598, -112.338202 33.45949, -112.338235 33.459594, -112.338417 33.459601, -112.338473 33.459589, -112.338561 33.459592, -112.338566 33.459479, -112.339128 33.459499, -112.339143 33.45937, -112.339183 33.459361, -112.339177 33.459488, -112.339287 33.459492, -112.339302 33.459207, -112.338975 33.459196, -112.338982 33.459064, -112.339276 33.459074, -112.339283 33.458924, -112.339094 33.458917, -112.339096 33.458886, -112.339053 33.458884, -112.339043 33.458854, -112.338987 33.458851, -112.338996 33.458661)))",microsoft_us_building_footprints
ms-az-000951,Microsoft footprint AZ #260,AZ,,163685.7,33.4625878,-112.3389555,,commercial_industrial_unknown,unknown,"MULTIPOLYGON (((-112.3393 33.461827, -112.338893 33.461229, -112.338324 33.461227, -112.338323 33.461426, -112.338573 33.461465, -112.338704 33.461656, -112.338874 33.461575, -112.338983 33.461735, -112.338783 33.461734, -112.338782 33.461914, -112.338715 33.461946, -112.338714 33.462036, -112.338787 33.462036, -112.338785 33.462447, -112.33869 33.462446, -112.338689 33.462506, -112.338956 33.462581, -112.338955 33.462628, -112.338666 33.462627, -112.338665 33.462682, -112.338617 33.462682, -112.338616 33.462859, -112.338614 33.462859, -112.33861 33.463495, -112.338994 33.463523, -112.338993 33.463661, -112.338666 33.46366, -112.338665 33.463857, -112.33929 33.463859, -112.3393 33.461827)))",microsoft_us_building_footprints
ms-az-000952,Microsoft footprint AZ #261,AZ,,136491.74,33.4691384,-112.3897079,,commercial_industrial_unknown,unknown,"MULTIPOLYGON (((-112.388912 33.468268, -112.389064 33.468774, -112.38921 33.468743, -112.389258 33.468901, -112.389366 33.468879, -112.389383 33.468933, -112.389458 33.468918, -112.389513 33.469101, -112.389768 33.469048, -112.389915 33.469536, -112.389624 33.469597, -112.389685 33.469799, -112.389594 33.469818, -112.389615 33.469887, -112.38964 33.469882, -112.389667 33.469973, -112.389695 33.469967, -112.389716 33.470038, -112.389717 33.470038, -112.389809 33.470344, -112.390335 33.470234, -112.390322 33.470187, -112.390385 33.470174, -112.390176 33.469478, -112.390138 33.469486, -112.390046 33.469178, -112.390021 33.469183, -112.389683 33.468056, -112.389479 33.468099, -112.389493 33.468147, -112.388912 33.468268)))",microsoft_us_building_footprints
ms-az-000953,Microsoft footprint AZ #262,AZ,,102930.41,33.4327639,-112.3590529,,commercial_industrial_unknown,unknown,"MULTIPOLYGON (((-112.359409 33.433444, -112.359367 33.432062, -112.358702 33.432076, -112.358731 33.433042, -112.358702 33.433043, -112.358708 33.433246, -112.358743 33.433246, -112.35875 33.433485, -112.358852 33.433483, -112.358851 33.433456, -112.359409 33.433444)))",microsoft_us_building_footprints
ms-az-000954,Microsoft footprint AZ #263,AZ,,450424.33,33.6364239,-112.3516316,,commercial_industrial_unknown,unknown,"MULTIPOLYGON (((-112.349998 33.63671, -112.350121 33.636633, -112.350399 33.636781, -112.353314 33.637252, -112.35461 33.636988, -112.354716 33.636534, -112.354439 33.63649, -112.354433 33.636516, -112.353083 33.636298, -112.352957 33.63684, -112.352882 33.636828, -112.352928 33.636632, -112.351124 33.63634, -112.351141 33.636265, -112.351055 33.636251, -112.350991 33.636524, -112.350726 33.636481, -112.350696 33.636609, -112.350594 33.636629, -112.350443 33.636549, -112.350918 33.635931, -112.350565 33.635743, -112.350489 33.635791, -112.349938 33.63518, -112.349778 33.63528, -112.349442 33.635101, -112.349289 33.635198, -112.349486 33.635416, -112.349363 33.63543, -112.349215 33.635351, -112.348931 33.635528, -112.349998 33.63671)))",microsoft_us_building_footprints
ms-az-000955,Microsoft footprint AZ #264,AZ,,130232.95,34.5543828,-112.4226685,,commercial_industrial_unknown,unknown,"MULTIPOLYGON (((-112.423098 34.55503, -112.423094 34.55449, -112.423132 34.554508, -112.423183 34.554435, -112.423183 34.554387, -112.423122 34.554357, -112.423096 34.554394, -112.423095 34.554252, -112.423147 34.554252, -112.42318 34.554206, -112.423221 34.554205, -112.42322 34.554156, -112.423199 34.554146, -112.423133 34.554146, -112.423129 34.554145, -112.423097 34.55419, -112.423095 34.553945, -112.423342 34.553944, -112.42334 34.553697, -112.423217 34.553697, -112.423186 34.553742, -112.423005 34.553743, -112.423007 34.553886, -112.422752 34.553887, -112.422751 34.553775, -112.422279 34.553777, -112.422281 34.554056, -112.422093 34.554056, -112.422098 34.554701, -112.422294 34.5547, -112.422296 34.555034, -112.423098 34.55503)))",microsoft_us_building_footprints
ms-az-000956,Microsoft footprint AZ #265,AZ,,241668.96,33.4486821,-112.3653847,,commercial_industrial_unknown,unknown,"MULTIPOLYGON (((-112.366103 33.44788, -112.364888 33.447867, -112.364878 33.448512, -112.364798 33.44853, -112.364763 33.448485, -112.364579 33.448483, -112.364577 33.448649, -112.364648 33.448633, -112.364648 33.448677, -112.364408 33.448732, -112.364385 33.448732, -112.364333 33.448665, -112.364357 33.448652, -112.364269 33.448537, -112.364263 33.44889, -112.364773 33.448895, -112.364629 33.448972, -112.364614 33.448996, -112.364693 33.449239, -112.364735 33.449217, -112.36473 33.449418, -112.366037 33.449432, -112.366195 33.449396, -112.366197 33.449268, -112.366081 33.449267, -112.366103 33.44788)))",microsoft_us_building_footprints
ms-az-000957,Microsoft footprint AZ #266,AZ,,216535.06,34.5547174,-112.4086078,,commercial_industrial_unknown,unknown,"MULTIPOLYGON (((-112.40758 34.555187, -112.407678 34.555195, -112.407679 34.555187, -112.409227 34.555313, -112.409253 34.555098, -112.409365 34.555107, -112.409369 34.555074, -112.409642 34.555096, -112.40966 34.554948, -112.409399 34.554926, -112.409429 34.554675, -112.40969 34.554696, -112.409739 34.554283, -112.409176 34.554237, -112.40917 34.554287, -112.40915 34.554285, -112.409155 34.554242, -112.407952 34.554144, -112.407937 34.55427, -112.407693 34.554251, -112.40758 34.555187)))",microsoft_us_building_footprints
ms-az-000958,Microsoft footprint AZ #267,AZ,,159216.96,34.5655926,-112.4860639,,commercial_industrial_unknown,unknown,"MULTIPOLYGON (((-112.487033 34.565757, -112.486781 34.565265, -112.486737 34.56528, -112.486582 34.564978, -112.486393 34.565044, -112.486341 34.564943, -112.486098 34.565027, -112.486115 34.565061, -112.485428 34.565301, -112.48549 34.565421, -112.485267 34.565498, -112.485233 34.565432, -112.485008 34.56551, -112.485163 34.565813, -112.485425 34.565722, -112.48556 34.565984, -112.485288 34.566079, -112.48536 34.566219, -112.48555 34.566153, -112.485561 34.566175, -112.485682 34.566133, -112.485723 34.566214, -112.487033 34.565757)))",microsoft_us_building_footprints
ms-az-000959,Microsoft footprint AZ #268,AZ,,142049.62,33.0751907,-112.6555962,,commercial_industrial_unknown,unknown,"MULTIPOLYGON (((-112.657729 33.075034, -112.653459 33.075049, -112.653461 33.075347, -112.657731 33.075333, -112.657729 33.075034)))",microsoft_us_building_footprints
ms-az-000960,Microsoft footprint AZ #269,AZ,,1777185.47,33.3879397,-112.5625244,,commercial_industrial_unknown,unknown,"MULTIPOLYGON (((-112.561915 33.383338, -112.560987 33.383397, -112.561037 33.383946, -112.561321 33.384134, -112.561082 33.384386, -112.561738 33.391555, -112.563887 33.391418, -112.563954 33.391131, -112.563832 33.391139, -112.56357 33.391097, -112.563184 33.390841, -112.563159 33.390868, -112.563127 33.390519, -112.563203 33.390569, -112.563348 33.390593, -112.563339 33.390491, -112.563345 33.390492, -112.563318 33.390427, -112.563222 33.390411, -112.563202 33.390417, -112.563201 33.390392, -112.563458 33.390121, -112.563547 33.39033, -112.564175 33.390746, -112.563703 33.385593, -112.563372 33.385614, -112.563395 33.385591, -112.563194 33.385603, -112.563171 33.385627, -112.56213 33.385694, -112.561915 33.383338)))",microsoft_us_building_footprints
ms-az-000961,Microsoft footprint AZ #270,AZ,,142097.99,33.0742940,-112.6601598,,commercial_industrial_unknown,unknown,"MULTIPOLYGON (((-112.662291 33.074134, -112.658028 33.074155, -112.65803 33.074338, -112.658025 33.074339, -112.658026 33.074454, -112.662293 33.074433, -112.662291 33.074134)))",microsoft_us_building_footprints
ms-az-000962,Microsoft footprint AZ #271,AZ,,1280839.74,32.9339204,-112.7652138,,commercial_industrial_unknown,unknown,"MULTIPOLYGON (((-112.763826 32.931861, -112.763661 32.933127, -112.764082 32.933313, -112.763837 32.933403, -112.763713 32.934348, -112.764238 32.93458, -112.764643 32.934431, -112.764746 32.934629, -112.7648 32.934634, -112.764758 32.934955, -112.764294 32.934912, -112.764127 32.936194, -112.765202 32.93667, -112.765221 32.93664, -112.765234 32.936642, -112.76643 32.936204, -112.766241 32.935575, -112.766074 32.935254, -112.765785 32.93536, -112.765425 32.934668, -112.765682 32.934574, -112.765852 32.934589, -112.765812 32.934892, -112.766676 32.934971, -112.766845 32.933674, -112.766732 32.933664, -112.767047 32.933199, -112.766147 32.932801, -112.766253 32.931987, -112.764998 32.931432, -112.763826 32.931861)))",microsoft_us_building_footprints
ms-az-000963,Microsoft footprint AZ #272,AZ,,335290.22,33.3880399,-113.1515650,,commercial_industrial_unknown,unknown,"MULTIPOLYGON (((-113.152301 33.388648, -113.152489 33.388043, -113.152267 33.387848, -113.152258 33.387693, -113.152486 33.387511, -113.152479 33.387373, -113.152254 33.386987, -113.151873 33.386654, -113.151637 33.38675, -113.151551 33.386849, -113.151257 33.387538, -113.15086 33.3877, -113.150625 33.387649, -113.150649 33.388078, -113.150523 33.388129, -113.150705 33.388441, -113.150888 33.388481, -113.150914 33.388934, -113.150814 33.388912, -113.1508 33.388955, -113.150841 33.388991, -113.150896 33.388948, -113.150923 33.389433, -113.151343 33.389524, -113.151418 33.389282, -113.151579 33.389217, -113.151544 33.388599, -113.151768 33.388421, -113.151781 33.388668, -113.152301 33.388648)))",microsoft_us_building_footprints
ms-az-000964,Microsoft footprint AZ #273,AZ,,121703.76,33.9448391,-113.1712303,,commercial_industrial_unknown,unknown,"MULTIPOLYGON (((-113.172258 33.945039, -113.172129 33.944555, -113.172004 33.944578, -113.171993 33.944536, -113.171784 33.944574, -113.17178 33.944574, -113.171743 33.944433, -113.171363 33.944503, -113.171345 33.944435, -113.171333 33.944434, -113.171199 33.944458, -113.171219 33.94453, -113.171216 33.94456, -113.1705 33.944694, -113.170487 33.944642, -113.170356 33.944635, -113.170174 33.944668, -113.170165 33.944781, -113.170008 33.94481, -113.170044 33.944945, -113.17028 33.944902, -113.170296 33.944903, -113.17037 33.945182, -113.17087 33.94509, -113.170893 33.945176, -113.171497 33.945063, -113.171526 33.945173, -113.172258 33.945039)))",microsoft_us_building_footprints
ms-az-000965,Microsoft footprint AZ #274,AZ,,118563.71,35.2190824,-113.9858206,,commercial_industrial_unknown,unknown,"MULTIPOLYGON (((-113.986637 35.21853, -113.985739 35.218817, -113.985722 35.218783, -113.985496 35.218855, -113.985456 35.218769, -113.985295 35.21882, -113.985362 35.218961, -113.984776 35.219148, -113.98489 35.219388, -113.985079 35.219328, -113.985103 35.219379, -113.984966 35.219423, -113.985015 35.219526, -113.98518 35.219473, -113.98523 35.219577, -113.985414 35.219519, -113.985473 35.219642, -113.98565 35.219586, -113.985576 35.21943, -113.985901 35.219326, -113.98595 35.219427, -113.986464 35.219263, -113.986378 35.219084, -113.986832 35.218939, -113.986637 35.21853)))",microsoft_us_building_footprints
ms-az-000966,Microsoft footprint AZ #275,AZ,,155691.5,35.2437549,-114.0104163,,commercial_industrial_unknown,unknown,"MULTIPOLYGON (((-114.011115 35.243246, -114.009484 35.243249, -114.009485 35.243605, -114.009511 35.243605, -114.009511 35.243703, -114.010276 35.243702, -114.010277 35.243969, -114.009875 35.24397, -114.009876 35.244395, -114.010434 35.244394, -114.010434 35.244306, -114.011118 35.244305, -114.011115 35.243246)))",microsoft_us_building_footprints
ms-az-000967,Microsoft footprint AZ #276,AZ,,101063.78,35.1046673,-114.5966544,,commercial_industrial_unknown,unknown,"MULTIPOLYGON (((-114.59762 35.104887, -114.59761 35.104402, -114.597478 35.104404, -114.597477 35.104336, -114.597313 35.104338, -114.597314 35.10438, -114.597105 35.104383, -114.597104 35.104324, -114.596828 35.104328, -114.596829 35.104385, -114.59648 35.10439, -114.596486 35.104664, -114.596095 35.10467, -114.59609 35.104475, -114.59572 35.10448, -114.595725 35.104695, -114.595588 35.104697, -114.595587 35.104616, -114.595369 35.104619, -114.595374 35.104841, -114.595723 35.104836, -114.595725 35.104936, -114.596087 35.104931, -114.596087 35.104909, -114.59762 35.104887)))",microsoft_us_building_footprints
ms-az-000968,Microsoft footprint AZ #277,AZ,,196776.56,32.5923304,-114.6268509,,commercial_industrial_unknown,unknown,"MULTIPOLYGON (((-114.626046 32.592153, -114.626048 32.592937, -114.626087 32.592937, -114.62615 32.593026, -114.627294 32.593024, -114.627293 32.592993, -114.627097 32.592714, -114.627096 32.592523, -114.627223 32.592459, -114.627503 32.592459, -114.62755 32.592386, -114.62763 32.592386, -114.627822 32.59229, -114.627821 32.592103, -114.627721 32.591962, -114.627721 32.591887, -114.627611 32.591836, -114.627561 32.591766, -114.627505 32.591794, -114.627504 32.591657, -114.627395 32.591606, -114.627375 32.591578, -114.627331 32.591578, -114.627316 32.591601, -114.627278 32.591602, -114.627253 32.59164, -114.626801 32.591641, -114.626801 32.591688, -114.626512 32.591833, -114.626369 32.59205, -114.626262 32.59205, -114.626267 32.592041, -114.626046 32.592153)))",microsoft_us_building_footprints
ms-az-000969,Microsoft footprint AZ #278,AZ,,103246.34,32.6681208,-114.6256325,,commercial_industrial_unknown,unknown,"MULTIPOLYGON (((-114.626384 32.66843, -114.626377 32.667811, -114.62587 32.667816, -114.625869 32.667748, -114.625794 32.667748, -114.625795 32.667809, -114.625281 32.667814, -114.625282 32.667855, -114.625104 32.667778, -114.624909 32.66778, -114.624838 32.667898, -114.624839 32.667968, -114.624942 32.668012, -114.624942 32.668063, -114.624819 32.668267, -114.624821 32.668418, -114.624874 32.668441, -114.625206 32.668438, -114.625254 32.668358, -114.625253 32.66823, -114.625158 32.66819, -114.625127 32.66819, -114.625015 32.668142, -114.625052 32.66808, -114.625077 32.66808, -114.625099 32.668043, -114.625176 32.668076, -114.625269 32.668075, -114.625273 32.668439, -114.626384 32.66843)))",microsoft_us_building_footprints
ms-az-000970,Microsoft footprint AZ #279,AZ,,129423.9,32.6579098,-114.6167574,,commercial_industrial_unknown,unknown,"MULTIPOLYGON (((-114.616169 32.657418, -114.616167 32.658368, -114.616417 32.658368, -114.616417 32.658425, -114.617005 32.658425, -114.617005 32.658365, -114.617279 32.658365, -114.617279 32.658437, -114.617345 32.658437, -114.617347 32.65742, -114.616169 32.657418)))",microsoft_us_building_footprints
ms-az-000971,Microsoft footprint AZ #280,AZ,,162560.91,32.6676897,-114.6211522,,commercial_industrial_unknown,unknown,"MULTIPOLYGON (((-114.620347 32.667322, -114.620328 32.668102, -114.620447 32.668104, -114.620443 32.668256, -114.62071 32.668261, -114.620715 32.668094, -114.621243 32.668103, -114.621242 32.66814, -114.621632 32.668147, -114.621633 32.668088, -114.622026 32.668095, -114.622028 32.668005, -114.621972 32.668004, -114.62198 32.667678, -114.621791 32.667674, -114.621793 32.667579, -114.622023 32.667583, -114.622029 32.667325, -114.621603 32.667318, -114.621608 32.667144, -114.62114 32.667136, -114.621139 32.667202, -114.620837 32.667196, -114.620833 32.66733, -114.620347 32.667322)))",microsoft_us_building_footprints
ms-az-000972,Microsoft footprint AZ #281,AZ,,146850.68,34.3167599,-109.1670801,,commercial_industrial_unknown,unknown,"MULTIPOLYGON (((-109.166192 34.316352, -109.166197 34.316776, -109.16624 34.316856, -109.166389 34.316854, -109.166391 34.317059, -109.166523 34.317058, -109.16664 34.317274, -109.16672 34.317245, -109.16672 34.317183, -109.166931 34.317182, -109.166876 34.317272, -109.166877 34.317396, -109.167102 34.317394, -109.167099 34.317183, -109.167244 34.317182, -109.167243 34.317097, -109.167215 34.317085, -109.167212 34.316843, -109.167334 34.316842, -109.167348 34.316868, -109.1673 34.316949, -109.167412 34.316948, -109.167414 34.317187, -109.167929 34.317183, -109.167924 34.316709, -109.167769 34.316665, -109.167803 34.316609, -109.167802 34.316549, -109.167855 34.316548, -109.167911 34.316456, -109.16791 34.31634, -109.166192 34.316352)))",microsoft_us_building_footprints
ms-az-000973,Microsoft footprint AZ #282,AZ,,136046.67,31.5613826,-110.2558596,,commercial_industrial_unknown,unknown,"MULTIPOLYGON (((-110.256787 31.561067, -110.255789 31.561066, -110.255789 31.560995, -110.255033 31.560993, -110.255031 31.561742, -110.256109 31.561744, -110.256109 31.561752, -110.256528 31.561752, -110.256528 31.561647, -110.256792 31.561648, -110.256793 31.561486, -110.256624 31.561485, -110.256624 31.56136, -110.256786 31.56136, -110.256787 31.561067)))",microsoft_us_building_footprints
ms-az-000974,Microsoft footprint AZ #283,AZ,,106404.21,31.5563006,-110.2557322,,commercial_industrial_unknown,unknown,"MULTIPOLYGON (((-110.256448 31.556469, -110.256095 31.555859, -110.256121 31.555848, -110.256021 31.555675, -110.255749 31.555789, -110.255779 31.555841, -110.255065 31.556141, -110.255118 31.556233, -110.255038 31.556266, -110.255367 31.556834, -110.255565 31.556751, -110.255607 31.556822, -110.256448 31.556469)))",microsoft_us_building_footprints
ms-az-000975,Microsoft footprint AZ #284,AZ,,289482.22,31.5702623,-110.2382168,,commercial_industrial_unknown,unknown,"MULTIPOLYGON (((-110.237036 31.569703, -110.236978 31.570889, -110.237465 31.570907, -110.237466 31.570877, -110.237697 31.570885, -110.237702 31.570768, -110.237989 31.570778, -110.237997 31.570615, -110.23834 31.570627, -110.238345 31.57052, -110.238393 31.570404, -110.238596 31.57056, -110.238584 31.570803, -110.239543 31.570837, -110.239556 31.570561, -110.239404 31.570556, -110.239433 31.569965, -110.239279 31.569959, -110.239282 31.569894, -110.239473 31.569901, -110.239482 31.569704, -110.238516 31.569669, -110.238287 31.569886, -110.23806 31.569878, -110.238066 31.569756, -110.237938 31.569802, -110.237946 31.569644, -110.237844 31.56964, -110.237839 31.569732, -110.237036 31.569703)))",microsoft_us_building_footprints
ms-az-000976,Microsoft footprint AZ #285,AZ,,161029.66,32.2195252,-110.8392069,,commercial_industrial_unknown,unknown,"MULTIPOLYGON (((-110.840469 32.219198, -110.838795 32.219201, -110.838796 32.219387, -110.838892 32.219386, -110.838893 32.219455, -110.83875 32.219455, -110.83875 32.2193, -110.838693 32.219301, -110.838671 32.219357, -110.838426 32.219358, -110.838426 32.219539, -110.838359 32.219539, -110.838359 32.219358, -110.837766 32.219359, -110.837766 32.219459, -110.837739 32.219459, -110.83774 32.219795, -110.837777 32.219805, -110.837789 32.219772, -110.837936 32.219772, -110.837936 32.219808, -110.838191 32.219807, -110.838195 32.219796, -110.838889 32.219795, -110.838889 32.219773, -110.838986 32.219799, -110.840155 32.219797, -110.840155 32.21982, -110.840441 32.219819, -110.84044 32.219319, -110.840469 32.219319, -110.840469 32.219198)))",microsoft_us_building_footprints
ms-az-000977,Microsoft footprint AZ #286,AZ,,183654.83,32.2335808,-110.8396221,,commercial_industrial_unknown,unknown,"MULTIPOLYGON (((-110.840539 32.23403, -110.840541 32.233166, -110.839967 32.233165, -110.839968 32.233055, -110.83945 32.233054, -110.83945 32.233165, -110.83898 32.233164, -110.83898 32.233112, -110.838855 32.233111, -110.838855 32.233343, -110.838588 32.233342, -110.838588 32.233488, -110.838751 32.233489, -110.838751 32.23354, -110.838866 32.23354, -110.838866 32.23367, -110.838544 32.233669, -110.838543 32.233957, -110.839094 32.233958, -110.839094 32.234026, -110.840539 32.23403)))",microsoft_us_building_footprints
ms-az-000978,Microsoft footprint AZ #287,AZ,,129401.52,32.1316849,-110.8568345,,commercial_industrial_unknown,unknown,"MULTIPOLYGON (((-110.857323 32.13081, -110.856193 32.130779, -110.856182 32.131064, -110.856238 32.13104, -110.856242 32.131032, -110.856438 32.131002, -110.856498 32.130977, -110.856979 32.131153, -110.856887 32.131192, -110.856944 32.131213, -110.856929 32.131618, -110.856947 32.13161, -110.856943 32.131724, -110.856754 32.132093, -110.856492 32.132086, -110.856459 32.132032, -110.856356 32.131994, -110.856352 32.131987, -110.856378 32.131937, -110.85638 32.131874, -110.856369 32.13187, -110.856254 32.131836, -110.856197 32.131861, -110.856147 32.131843, -110.856125 32.132428, -110.857261 32.132459, -110.857323 32.13081)))",microsoft_us_building_footprints
ms-az-000979,Microsoft footprint AZ #288,AZ,,140544.31,32.1610342,-110.9214534,,commercial_industrial_unknown,unknown,"MULTIPOLYGON (((-110.921827 32.160199, -110.921093 32.160199, -110.921093 32.160303, -110.921047 32.160303, -110.921047 32.160406, -110.921092 32.160406, -110.921092 32.160932, -110.921001 32.160932, -110.921001 32.160985, -110.921039 32.160985, -110.921039 32.161, -110.921002 32.161, -110.921002 32.161032, -110.921092 32.161032, -110.921092 32.161146, -110.921044 32.161146, -110.921044 32.161243, -110.92109 32.161243, -110.921089 32.161872, -110.921827 32.161873, -110.921827 32.160199)))",microsoft_us_building_footprints
ms-az-000980,Microsoft footprint AZ #289,AZ,,105587.4,32.1257662,-110.9277314,,commercial_industrial_unknown,unknown,"MULTIPOLYGON (((-110.926917 32.12596, -110.928344 32.126182, -110.928409 32.125878, -110.928555 32.125901, -110.928619 32.125603, -110.927527 32.125434, -110.92753 32.125419, -110.92705 32.125345, -110.926917 32.12596)))",microsoft_us_building_footprints
ms-az-000981,Microsoft footprint AZ #290,AZ,,152764.74,31.8593996,-110.9743611,,commercial_industrial_unknown,unknown,"MULTIPOLYGON (((-110.973995 31.859631, -110.973932 31.859616, -110.973421 31.860069, -110.973879 31.860442, -110.973951 31.860378, -110.974023 31.860437, -110.974537 31.859983, -110.974474 31.859932, -110.974509 31.859827, -110.974363 31.859589, -110.974451 31.859511, -110.974612 31.859641, -110.974679 31.859582, -110.974533 31.859463, -110.974611 31.859225, -110.9748 31.859197, -110.975259 31.858791, -110.975181 31.858727, -110.975261 31.858656, -110.974953 31.858404, -110.974857 31.858419, -110.974844 31.858354, -110.974704 31.858375, -110.974138 31.858877, -110.974573 31.859232, -110.974514 31.859284, -110.974362 31.859159, -110.974269 31.859173, -110.973958 31.859449, -110.973995 31.859631)))",microsoft_us_building_footprints
ms-az-000982,Microsoft footprint AZ #291,AZ,,285241.37,32.1292245,-110.9233390,,commercial_industrial_unknown,unknown,"MULTIPOLYGON (((-110.923935 32.128131, -110.92277 32.128136, -110.922781 32.129955, -110.922767 32.129955, -110.922769 32.130204, -110.922746 32.130204, -110.922747 32.130462, -110.923057 32.130461, -110.923057 32.13036, -110.923322 32.130359, -110.923322 32.130271, -110.923517 32.13027, -110.923517 32.130173, -110.923946 32.130171, -110.923935 32.128131)))",microsoft_us_building_footprints
ms-az-000983,Microsoft footprint AZ #292,AZ,,120792.26,31.3654530,-110.9379981,,commercial_industrial_unknown,unknown,"MULTIPOLYGON (((-110.937512 31.364902, -110.937535 31.366052, -110.937803 31.366048, -110.937801 31.365958, -110.938044 31.365954, -110.938046 31.366037, -110.938442 31.366031, -110.938438 31.365832, -110.938487 31.365831, -110.938468 31.364888, -110.937512 31.364902)))",microsoft_us_building_footprints
ms-az-000984,Microsoft footprint AZ #293,AZ,,101925.67,32.2516521,-110.9622294,,commercial_industrial_unknown,unknown,"MULTIPOLYGON (((-110.96138 32.251383, -110.961386 32.251927, -110.961587 32.251926, -110.961586 32.251877, -110.962019 32.251874, -110.96202 32.251961, -110.96207 32.251961, -110.96207 32.25194, -110.962515 32.251936, -110.962516 32.252012, -110.962626 32.252011, -110.962625 32.251936, -110.963041 32.251933, -110.963035 32.251371, -110.96138 32.251383)))",microsoft_us_building_footprints
ms-az-000985,Microsoft footprint AZ #294,AZ,,114970.36,32.3356720,-110.9751619,,commercial_industrial_unknown,unknown,"MULTIPOLYGON (((-110.97505 32.33549, -110.97509 32.335453, -110.976388 32.335456, -110.97639 32.335028, -110.976146 32.335027, -110.976145 32.335247, -110.976072 32.335247, -110.976073 32.33519, -110.975929 32.33519, -110.975929 32.335241, -110.975851 32.33524, -110.975852 32.335108, -110.975547 32.335107, -110.975547 32.33524, -110.974986 32.335238, -110.974808 32.335403, -110.974808 32.335493, -110.974464 32.335492, -110.974463 32.335747, -110.974365 32.335746, -110.974363 32.336083, -110.974452 32.336083, -110.974452 32.336151, -110.974556 32.336152, -110.974555 32.336433, -110.974992 32.336435, -110.974992 32.336469, -110.975043 32.336469, -110.975045 32.336123, -110.975104 32.336068, -110.975106 32.335577, -110.975049 32.335534, -110.97505 32.33549)))",microsoft_us_building_footprints
ms-az-000986,Microsoft footprint AZ #295,AZ,,148044.44,32.2918138,-110.9768597,,commercial_industrial_unknown,unknown,"MULTIPOLYGON (((-110.97709 32.291889, -110.977981 32.291886, -110.97798 32.291618, -110.977749 32.291618, -110.977749 32.291576, -110.977714 32.291576, -110.977713 32.291341, -110.976651 32.291343, -110.976652 32.291441, -110.976244 32.291442, -110.976245 32.29177, -110.97622 32.29177, -110.97622 32.29192, -110.975975 32.29192, -110.975977 32.292436, -110.976414 32.292435, -110.976414 32.292394, -110.976449 32.292394, -110.976448 32.292253, -110.977029 32.292252, -110.977029 32.292197, -110.977092 32.292197, -110.97709 32.291889)))",microsoft_us_building_footprints
ms-az-000987,Microsoft footprint AZ #296,AZ,,172330.56,32.2816581,-110.9801619,,commercial_industrial_unknown,unknown,"MULTIPOLYGON (((-110.979755 32.282556, -110.980043 32.282546, -110.980041 32.282506, -110.980115 32.282503, -110.980104 32.282271, -110.980078 32.282272, -110.980074 32.282196, -110.980168 32.282193, -110.980186 32.28255, -110.980481 32.28254, -110.980465 32.282196, -110.980706 32.282187, -110.980653 32.281116, -110.980603 32.281117, -110.980592 32.280879, -110.980482 32.280882, -110.980479 32.280834, -110.980221 32.280843, -110.980223 32.280878, -110.97983 32.280892, -110.979828 32.280841, -110.979733 32.280844, -110.979739 32.280966, -110.97956 32.280973, -110.979571 32.281204, -110.979737 32.281198, -110.979746 32.281383, -110.979672 32.281386, -110.979711 32.282177, -110.979737 32.282176, -110.979755 32.282556)))",microsoft_us_building_footprints
ms-az-000988,Microsoft footprint AZ #297,AZ,,215361.22,32.1608387,-110.9903592,,commercial_industrial_unknown,unknown,"MULTIPOLYGON (((-110.989609 32.159988, -110.989754 32.160669, -110.989732 32.160672, -110.989809 32.161033, -110.990116 32.161067, -110.990341 32.162118, -110.991129 32.161997, -110.99115 32.161859, -110.990661 32.161805, -110.990642 32.161715, -110.990942 32.161669, -110.990893 32.161437, -110.990959 32.161427, -110.990919 32.161241, -110.990869 32.161235, -110.990755 32.161022, -110.990768 32.16102, -110.990758 32.160974, -110.990319 32.161041, -110.990302 32.160962, -110.990794 32.160887, -110.990733 32.160599, -110.990825 32.160585, -110.990656 32.159793, -110.990361 32.159838, -110.990336 32.159717, -110.990097 32.159754, -110.99013 32.159909, -110.989609 32.159988)))",microsoft_us_building_footprints
ms-az-000989,Microsoft footprint AZ #298,AZ,,295325.24,32.3200762,-111.0096452,,commercial_industrial_unknown,unknown,"MULTIPOLYGON (((-111.009133 32.319653, -111.009012 32.319599, -111.008221 32.319608, -111.008227 32.320033, -111.008679 32.320237, -111.008679 32.320272, -111.00857 32.320274, -111.008571 32.320337, -111.008935 32.320501, -111.008934 32.320473, -111.009565 32.320466, -111.009655 32.320616, -111.009658 32.320777, -111.00987 32.320774, -111.009873 32.320958, -111.009626 32.320961, -111.009629 32.321124, -111.010716 32.320653, -111.010709 32.32022, -111.010942 32.320217, -111.010939 32.320038, -111.010462 32.320044, -111.010459 32.319852, -111.01061 32.31985, -111.010609 32.319748, -111.010489 32.31975, -111.010484 32.319395, -111.009192 32.31941, -111.009131 32.319505, -111.009133 32.319653)))",microsoft_us_building_footprints
ms-az-000990,Microsoft footprint AZ #299,AZ,,209309.62,32.3795170,-111.0486394,,commercial_industrial_unknown,unknown,"MULTIPOLYGON (((-111.048298 32.378797, -111.048171 32.378965, -111.048297 32.378996, -111.048219 32.3791, -111.048157 32.379019, -111.047898 32.379362, -111.048136 32.379491, -111.047672 32.379562, -111.047591 32.379669, -111.04775 32.379709, -111.047299 32.379955, -111.04767 32.380155, -111.047866 32.379895, -111.048112 32.380217, -111.048099 32.380254, -111.049449 32.380047, -111.049073 32.379554, -111.049194 32.379535, -111.049237 32.379735, -111.049451 32.379702, -111.049339 32.379642, -111.049721 32.379135, -111.048856 32.379268, -111.048823 32.379362, -111.048602 32.379243, -111.048093 32.379918, -111.047948 32.37984, -111.048603 32.378972, -111.048639 32.378952, -111.04949 32.379164, -111.049374 32.378631, -111.048298 32.378797)))",microsoft_us_building_footprints
ms-az-000991,Microsoft footprint AZ #300,AZ,,139380.63,36.1269353,-111.2230252,,commercial_industrial_unknown,unknown,"MULTIPOLYGON (((-111.222142 36.126591, -111.222328 36.126924, -111.222208 36.126968, -111.222591 36.127653, -111.222777 36.127586, -111.222609 36.127286, -111.223397 36.126999, -111.223541 36.127256, -111.223218 36.127374, -111.223346 36.127603, -111.224024 36.127357, -111.223784 36.126928, -111.223578 36.127003, -111.223533 36.126922, -111.22366 36.126876, -111.223539 36.12666, -111.223543 36.12665, -111.223477 36.126531, -111.223489 36.126527, -111.223469 36.126491, -111.223415 36.12651, -111.223326 36.12635, -111.223349 36.126341, -111.223294 36.126242, -111.222995 36.126351, -111.223033 36.126418, -111.222972 36.12644, -111.222733 36.126384, -111.222671 36.126561, -111.222553 36.126604, -111.222477 36.126469, -111.222142 36.126591)))",microsoft_us_building_footprints
