id,name,state,city,county,geocode_display_name,roof_area_sqft,latitude,longitude,company_id,building_type,land_use_type,footprint_wkt,data_source
ms-tx-000000,Microsoft footprint TX #1,TX,Ennis,Ellis County,"901, National Drive, Ennis, Ellis County, Texas, 75119, United States",242367.4,32.3025810,-96.5915369,,commercial_industrial_unknown,unknown,"MULTIPOLYGON (((-96.591738 32.301626, -96.590909 32.301977, -96.590859 32.301894, -96.590493 32.302049, -96.591379 32.303544, -96.591566 32.303465, -96.591636 32.303583, -96.591889 32.303475, -96.591798 32.303323, -96.592555 32.303002, -96.591738 32.301626)))",microsoft_us_building_footprints
ms-tx-000001,Microsoft footprint TX #2,TX,,Lipscomb County,"County Road H, Lipscomb County, Texas, 79034, United States",157712.79,36.4026593,-100.1379106,,commercial_industrial_unknown,unknown,"MULTIPOLYGON (((-100.138519 36.402809, -100.137863 36.402116, -100.137607 36.40203, -100.1376 36.401945, -100.137461 36.401899, -100.137375 36.401903, -100.137279 36.401962, -100.137284 36.40202, -100.137204 36.401993, -100.137123 36.402042, -100.137087 36.402111, -100.136975 36.402118, -100.136872 36.402009, -100.136655 36.402021, -100.137244 36.402644, -100.137288 36.402617, -100.137476 36.402681, -100.13749 36.402841, -100.137759 36.402931, -100.137785 36.40324, -100.137843 36.4033, -100.138253 36.403277, -100.138258 36.403283, -100.138738 36.403445, -100.13861 36.403309, -100.138647 36.403238, -100.138559 36.403144, -100.138988 36.40312, -100.139156 36.403017, -100.139151 36.402959, -100.138985 36.402784, -100.138519 36.402809)))",microsoft_us_building_footprints
ms-tx-000002,Microsoft footprint TX #3,TX,Sweetwater,Nolan County,"County Road 119, Sweetwater, Nolan County, Texas, 79556, United States",336658.79,32.4927996,-100.3628598,,commercial_industrial_unknown,unknown,"MULTIPOLYGON (((-100.362734 32.491587, -100.362727 32.491572, -100.362328 32.491691, -100.362154 32.491592, -100.361698 32.491729, -100.361945 32.49187, -100.362199 32.491794, -100.362114 32.4919, -100.362083 32.491882, -100.362099 32.491922, -100.361671 32.49205, -100.361784 32.49232, -100.361737 32.492335, -100.361697 32.49224, -100.36169 32.492242, -100.361866 32.49266, -100.362175 32.492568, -100.362368 32.493025, -100.362504 32.492984, -100.363067 32.494323, -100.363722 32.494127, -100.363525 32.493657, -100.363824 32.493283, -100.364136 32.49346, -100.364246 32.493322, -100.3638 32.493067, -100.363671 32.493228, -100.363033 32.491712, -100.362981 32.491728, -100.362734 32.491587)))",microsoft_us_building_footprints
ms-tx-000003,Microsoft footprint TX #4,TX,Balch Springs,Dallas County,"Young Women's STEAM Academy, 710, Cheyenne Road, Balch Springs, Dallas County, Texas, 75180, United States",121145.32,32.7257737,-96.6383136,,commercial_industrial_unknown,unknown,"MULTIPOLYGON (((-96.63788 32.726352, -96.638051 32.726355, -96.638048 32.726498, -96.638303 32.726502, -96.638301 32.72661, -96.639049 32.726621, -96.638956 32.726362, -96.638322 32.726352, -96.638324 32.726269, -96.638425 32.72627, -96.638438 32.725648, -96.638285 32.725645, -96.638262 32.725579, -96.638615 32.725585, -96.638617 32.725497, -96.638578 32.725496, -96.63857 32.725474, -96.638785 32.725477, -96.638791 32.725186, -96.638723 32.725185, -96.638726 32.725019, -96.638295 32.725012, -96.638296 32.724962, -96.637918 32.724956, -96.637915 32.725106, -96.637886 32.725113, -96.63797 32.725347, -96.638046 32.725348, -96.638043 32.725502, -96.637898 32.725499, -96.63788 32.726352)))",microsoft_us_building_footprints
ms-tx-000004,Microsoft footprint TX #5,TX,Garland,Dallas County,"Sellers Middle School, Castle Drive, Garland, Dallas County, Texas, 75040, United States",112297.7,32.9213006,-96.6225811,,commercial_industrial_unknown,unknown,"MULTIPOLYGON (((-96.622029 32.920782, -96.622009 32.921626, -96.622385 32.921632, -96.62239 32.921396, -96.622468 32.921397, -96.622456 32.921897, -96.623081 32.921907, -96.623086 32.921691, -96.623027 32.92169, -96.623035 32.921327, -96.623078 32.921328, -96.623089 32.920871, -96.622995 32.92087, -96.622998 32.920739, -96.622746 32.920735, -96.622743 32.920877, -96.622393 32.920871, -96.622395 32.920788, -96.622029 32.920782)))",microsoft_us_building_footprints
ms-tx-000005,Microsoft footprint TX #6,TX,Mesquite,Dallas County,"Chase Road, Mesquite, Dallas County, Texas, 75149, United States",263020.51,32.7791482,-96.6516478,,commercial_industrial_unknown,unknown,"MULTIPOLYGON (((-96.651041 32.77809, -96.650685 32.778081, -96.650215 32.778469, -96.650325 32.778563, -96.650325 32.778559, -96.652278 32.780231, -96.652285 32.780232, -96.652392 32.780323, -96.653036 32.779792, -96.65292 32.779693, -96.652989 32.779636, -96.652761 32.779441, -96.6527 32.779491, -96.652676 32.77949, -96.651041 32.77809)))",microsoft_us_building_footprints
ms-tx-000006,Microsoft footprint TX #7,TX,Mesquite,Dallas County,"700, North Sam Houston Road, Mesquite, Dallas County, Texas, 75149, United States",279616.5,32.7751198,-96.6567539,,commercial_industrial_unknown,unknown,"MULTIPOLYGON (((-96.656324 32.773975, -96.655808 32.7744, -96.655775 32.774372, -96.655736 32.774404, -96.655772 32.774435, -96.655471 32.774683, -96.657399 32.776338, -96.657875 32.775946, -96.657856 32.775929, -96.657972 32.775834, -96.657712 32.775611, -96.65771 32.775613, -96.657364 32.775315, -96.65763 32.775096, -96.656324 32.773975)))",microsoft_us_building_footprints
ms-tx-000007,Microsoft footprint TX #8,TX,Garland,Dallas County,"2328, West Kingsley Road, Garland, Dallas County, Texas, 75041, United States",243234.5,32.8780465,-96.6635098,,commercial_industrial_unknown,unknown,"MULTIPOLYGON (((-96.662632 32.878578, -96.663825 32.878587, -96.663824 32.878684, -96.664307 32.878687, -96.664308 32.878586, -96.664587 32.878588, -96.664588 32.878457, -96.664427 32.878456, -96.664432 32.877964, -96.664521 32.877965, -96.664522 32.877839, -96.664433 32.877838, -96.664434 32.877714, -96.664523 32.877715, -96.664524 32.877621, -96.664421 32.877621, -96.664423 32.877491, -96.662637 32.877478, -96.662635 32.877609, -96.662399 32.877607, -96.662398 32.877703, -96.662501 32.877703, -96.662494 32.878376, -96.662634 32.878377, -96.662632 32.878578)))",microsoft_us_building_footprints
ms-tx-000008,Microsoft footprint TX #9,TX,Garland,Dallas County,"Miller Park North, Garland, Dallas County, Texas, 75042, United States",335705.49,32.9048685,-96.6725883,,commercial_industrial_unknown,unknown,"MULTIPOLYGON (((-96.671458 32.904199, -96.671444 32.90552, -96.673718 32.905538, -96.673733 32.904217, -96.671458 32.904199)))",microsoft_us_building_footprints
ms-tx-000009,Microsoft footprint TX #10,TX,Allen,Collin County,"505, Century Parkway, Allen, Collin County, Texas, 75003, United States",100874.29,33.0953565,-96.6740015,,commercial_industrial_unknown,unknown,"MULTIPOLYGON (((-96.673415 33.095913, -96.674033 33.096098, -96.674588 33.0948, -96.67397 33.094615, -96.673415 33.095913)))",microsoft_us_building_footprints
ms-tx-000010,Microsoft footprint TX #11,TX,Plano,Collin County,"East Plano Parkway, Plano, Collin County, Texas, 75082, United States",187859.23,33.0057517,-96.6685746,,commercial_industrial_unknown,unknown,"MULTIPOLYGON (((-96.668172 33.004667, -96.668157 33.006778, -96.668556 33.00678, -96.668556 33.006668, -96.66868 33.006669, -96.66868 33.00666, -96.669101 33.006662, -96.669107 33.005879, -96.668905 33.005878, -96.668914 33.004671, -96.668172 33.004667)))",microsoft_us_building_footprints
ms-tx-000011,Microsoft footprint TX #12,TX,Garland,Dallas County,"1179, Nicholson Road, Garland, Dallas County, Texas, 75042, United States",107624.14,32.9047320,-96.6680305,,commercial_industrial_unknown,unknown,"MULTIPOLYGON (((-96.668449 32.904153, -96.66762 32.904149, -96.667612 32.905311, -96.668441 32.905315, -96.668449 32.904153)))",microsoft_us_building_footprints
ms-tx-000012,Microsoft footprint TX #13,TX,Plano,Collin County,"3077, East Plano Parkway, Plano, Collin County, Texas, 75074, United States",101527.82,33.0061698,-96.6706207,,commercial_industrial_unknown,unknown,"MULTIPOLYGON (((-96.670284 33.006642, -96.670126 33.006641, -96.670125 33.006841, -96.670659 33.006843, -96.67066 33.006649, -96.671011 33.006651, -96.671017 33.005543, -96.67029 33.00554, -96.670284 33.006642)))",microsoft_us_building_footprints
ms-tx-000013,Microsoft footprint TX #14,TX,Dallas,Dallas County,"Harold Wendell Lang Sr Middle School, 1678, Chenault Street, Dallas, Dallas County, Texas, 75228, United States",103426.04,32.8018893,-96.6864082,,commercial_industrial_unknown,unknown,"MULTIPOLYGON (((-96.68754 32.801695, -96.687334 32.801683, -96.687329 32.801744, -96.686159 32.801676, -96.686181 32.801411, -96.685768 32.801387, -96.685755 32.801552, -96.685587 32.801542, -96.68558 32.801627, -96.685713 32.801635, -96.685729 32.801649, -96.685688 32.802157, -96.686175 32.802185, -96.686154 32.802434, -96.686403 32.802448, -96.686478 32.802385, -96.686509 32.802001, -96.686693 32.802012, -96.686636 32.802061, -96.686634 32.802061, -96.686637 32.802031, -96.686574 32.802028, -96.68657 32.802073, -96.68668 32.802079, -96.686679 32.802085, -96.687202 32.802115, -96.687168 32.802087, -96.686848 32.802068, -96.686856 32.801976, -96.687514 32.802015, -96.68754 32.801695)))",microsoft_us_building_footprints
ms-tx-000014,Microsoft footprint TX #15,TX,Garland,Dallas County,"Oakland Avenue, Garland, Dallas County, Texas, 75041, United States",297177.23,32.8772837,-96.6731578,,commercial_industrial_unknown,unknown,"MULTIPOLYGON (((-96.673084 32.876127, -96.672938 32.876129, -96.672942 32.8763, -96.672018 32.876317, -96.672044 32.877305, -96.673423 32.877279, -96.673429 32.877505, -96.672345 32.877525, -96.672355 32.877898, -96.672998 32.877885, -96.672993 32.877685, -96.673176 32.877682, -96.67318 32.877801, -96.673388 32.877797, -96.673409 32.878591, -96.673782 32.878584, -96.673776 32.878364, -96.67425 32.878355, -96.674237 32.877856, -96.674099 32.877859, -96.674092 32.87762, -96.674003 32.877622, -96.674009 32.877861, -96.673857 32.877864, -96.673848 32.877507, -96.67347 32.877514, -96.673464 32.877284, -96.674363 32.877267, -96.674351 32.876805, -96.673404 32.876822, -96.673411 32.877051, -96.673103 32.876827, -96.673084 32.876127)))",microsoft_us_building_footprints
ms-tx-000015,Microsoft footprint TX #16,TX,Snyder,Scurry County,"Snyder Junior High School, 3806, 37th Street, Snyder, Scurry County, Texas, 79549, United States",132603.11,32.7034234,-100.9446319,,commercial_industrial_unknown,unknown,"MULTIPOLYGON (((-100.944125 32.702982, -100.944092 32.703107, -100.943903 32.703072, -100.943985 32.703351, -100.944102 32.703391, -100.944029 32.703406, -100.944047 32.703468, -100.944077 32.703473, -100.944099 32.703551, -100.943974 32.703577, -100.944056 32.703858, -100.944345 32.703912, -100.944378 32.704023, -100.944872 32.703921, -100.944877 32.7039, -100.945118 32.70385, -100.945139 32.703772, -100.945237 32.703751, -100.945174 32.703538, -100.94513 32.70353, -100.945107 32.703453, -100.945152 32.703444, -100.945173 32.703365, -100.94546 32.703305, -100.945389 32.703063, -100.945073 32.703004, -100.945053 32.702933, -100.944673 32.703012, -100.944634 32.702877, -100.944125 32.702982)))",microsoft_us_building_footprints
ms-tx-000016,Microsoft footprint TX #17,TX,Richardson,Dallas County,"Richardson Square Mall, Richardson Square, Richardson, Dallas County, Texas, 75081, United States",138673.22,32.9436290,-96.6975968,,commercial_industrial_unknown,unknown,"MULTIPOLYGON (((-96.698364 32.94318, -96.697074 32.943188, -96.697075 32.943342, -96.696999 32.943343, -96.697001 32.943645, -96.696894 32.943646, -96.696894 32.943706, -96.696676 32.943707, -96.696679 32.944081, -96.696929 32.944079, -96.696929 32.944049, -96.697433 32.944046, -96.697432 32.943983, -96.697667 32.943981, -96.697667 32.944021, -96.697854 32.944019, -96.697853 32.943988, -96.698371 32.943985, -96.698364 32.94318)))",microsoft_us_building_footprints
ms-tx-000017,Microsoft footprint TX #18,TX,Allen,Collin County,"800, Guardians Way, Watters Creek, Allen, Collin County, Texas, 75013, United States",128301.79,33.0959621,-96.6815402,,commercial_industrial_unknown,unknown,"MULTIPOLYGON (((-96.68239 33.095587, -96.681645 33.095616, -96.681647 33.095657, -96.681172 33.095675, -96.681168 33.095602, -96.680732 33.095619, -96.680737 33.095726, -96.680663 33.095729, -96.680698 33.096374, -96.680897 33.096366, -96.680891 33.096257, -96.680948 33.096255, -96.680947 33.09624, -96.681208 33.096229, -96.681217 33.096399, -96.681538 33.096387, -96.681531 33.096261, -96.681617 33.096258, -96.681615 33.096229, -96.682133 33.096209, -96.682142 33.096377, -96.682331 33.096369, -96.682322 33.096209, -96.682424 33.096205, -96.68239 33.095587)))",microsoft_us_building_footprints
ms-tx-000018,Microsoft footprint TX #19,TX,Dallas,Dallas County,"Albertsons, 320, Casa Linda Plaza, Reinhardt, Dallas, Dallas County, Texas, 75218, United States",103812.95,32.8338996,-96.6998680,,commercial_industrial_unknown,unknown,"MULTIPOLYGON (((-96.700865 32.834399, -96.700321 32.833965, -96.700265 32.834015, -96.700197 32.833961, -96.700302 32.833868, -96.699742 32.833421, -96.699715 32.833445, -96.699604 32.833356, -96.69962 32.833341, -96.699399 32.833164, -96.69943 32.833137, -96.699388 32.833103, -96.69936 32.833128, -96.699313 32.833091, -96.699263 32.833136, -96.699309 32.833173, -96.69913 32.833332, -96.699416 32.83356, -96.699371 32.8336, -96.699407 32.83363, -96.699159 32.833849, -96.699374 32.83402, -96.699323 32.834065, -96.699404 32.83413, -96.699448 32.834091, -96.699762 32.834341, -96.700007 32.834124, -96.700622 32.834615, -96.700865 32.834399)))",microsoft_us_building_footprints
ms-tx-000019,Microsoft footprint TX #20,TX,Garland,Dallas County,"3838, West Miller Road, Garland, Dallas County, Texas, 75041, United States",201861.86,32.8935599,-96.6891858,,commercial_industrial_unknown,unknown,"MULTIPOLYGON (((-96.688374 32.893002, -96.688367 32.89411, -96.689997 32.894118, -96.690005 32.89301, -96.688374 32.893002)))",microsoft_us_building_footprints
ms-tx-000020,Microsoft footprint TX #21,TX,Dallas,Dallas County,"11333, Pagemill Road, Lake Highlands, Audelia, Dallas, Dallas County, Texas, 75042, United States",103474.95,32.9017959,-96.7090709,,commercial_industrial_unknown,unknown,"MULTIPOLYGON (((-96.709617 32.901303, -96.709198 32.901234, -96.709206 32.901198, -96.70893 32.901152, -96.708825 32.901598, -96.708616 32.901563, -96.708493 32.902086, -96.70861 32.902106, -96.708601 32.902147, -96.708559 32.90214, -96.708534 32.90225, -96.709362 32.902387, -96.709617 32.901303)))",microsoft_us_building_footprints
ms-tx-000021,Microsoft footprint TX #22,TX,Plano,Collin County,"1120, East Parker Road, Plano, Collin County, Texas, 75074, United States",163138.01,33.0364424,-96.6969311,,commercial_industrial_unknown,unknown,"MULTIPOLYGON (((-96.698419 33.036422, -96.698428 33.035826, -96.697742 33.035819, -96.697743 33.035772, -96.697665 33.035771, -96.697664 33.035821, -96.69749 33.035819, -96.69749 33.035767, -96.697399 33.035766, -96.697399 33.035818, -96.697222 33.035816, -96.697215 33.036223, -96.696139 33.036211, -96.696053 33.036277, -96.696053 33.0363, -96.696023 33.0363, -96.695866 33.036419, -96.695861 33.036766, -96.695654 33.036764, -96.695656 33.036669, -96.695468 33.036667, -96.695457 33.037387, -96.69607 33.037393, -96.696073 33.03713, -96.696108 33.037104, -96.696117 33.03651, -96.696262 33.036399, -96.698419 33.036422)))",microsoft_us_building_footprints
ms-tx-000022,Microsoft footprint TX #23,TX,Dallas,Dallas County,"9009, White Rock Trail, Lake Highlands, Dallas, Dallas County, Texas, 75238, United States",140289.76,32.8704426,-96.7301001,,commercial_industrial_unknown,unknown,"MULTIPOLYGON (((-96.730877 32.870522, -96.730944 32.870732, -96.731152 32.870685, -96.731068 32.870422, -96.731422 32.870342, -96.731376 32.870197, -96.730434 32.87041, -96.730392 32.870278, -96.731297 32.870074, -96.731274 32.870002, -96.731034 32.869909, -96.729513 32.870252, -96.729437 32.870223, -96.729261 32.870544, -96.729184 32.870305, -96.72901 32.870345, -96.729055 32.870485, -96.728762 32.870552, -96.72926 32.870744, -96.728998 32.870804, -96.729051 32.870969, -96.729252 32.870923, -96.729311 32.871107, -96.729464 32.870829, -96.729943 32.870721, -96.729979 32.870831, -96.730154 32.870792, -96.730111 32.870657, -96.730347 32.870604, -96.730395 32.870754, -96.730551 32.870719, -96.730515 32.870604, -96.730877 32.870522)))",microsoft_us_building_footprints
ms-tx-000023,Microsoft footprint TX #24,TX,Dallas,Dallas County,"3114, South Haskell Avenue, Dallas, Dallas County, Texas, 75223, United States",124112.15,32.7840686,-96.7385014,,commercial_industrial_unknown,unknown,"MULTIPOLYGON (((-96.7386 32.784851, -96.738592 32.784098, -96.738989 32.784095, -96.738985 32.783784, -96.739593 32.783732, -96.739591 32.783497, -96.738886 32.783503, -96.738794 32.783711, -96.73857 32.783713, -96.738588 32.783759, -96.738532 32.783775, -96.73855 32.783734, -96.73851 32.783695, -96.738519 32.783641, -96.738475 32.783531, -96.738231 32.783533, -96.738233 32.783722, -96.738002 32.783724, -96.7379 32.783955, -96.737665 32.783957, -96.737666 32.784026, -96.737884 32.784094, -96.737885 32.784181, -96.737997 32.784149, -96.737998 32.784259, -96.737883 32.784259, -96.737885 32.784442, -96.737949 32.784505, -96.738105 32.784503, -96.738109 32.784855, -96.7386 32.784851)))",microsoft_us_building_footprints
ms-tx-000024,Microsoft footprint TX #25,TX,,Swisher County,"Swisher County, Texas, United States",277967.54,34.3623049,-101.4952682,,commercial_industrial_unknown,unknown,"MULTIPOLYGON (((-101.494407 34.361563, -101.494291 34.3616, -101.494398 34.361826, -101.494362 34.361864, -101.494889 34.362004, -101.49466 34.362079, -101.494442 34.362021, -101.494123 34.362352, -101.494151 34.362411, -101.494535 34.362417, -101.494529 34.362648, -101.494692 34.362754, -101.494655 34.362847, -101.494551 34.362846, -101.49451 34.362952, -101.494987 34.363264, -101.495083 34.363266, -101.495165 34.363056, -101.495231 34.363194, -101.4955 34.363266, -101.495697 34.363202, -101.495757 34.363049, -101.495931 34.362992, -101.495941 34.362529, -101.495976 34.362518, -101.495988 34.362019, -101.495947 34.361992, -101.495948 34.361968, -101.496584 34.361762, -101.496587 34.361627, -101.496511 34.361607, -101.496512 34.361596, -101.494407 34.361563)))",microsoft_us_building_footprints
ms-tx-000025,Microsoft footprint TX #26,TX,,Howard County,"North County Road 29, Howard County, Texas, United States",105207.95,32.4684877,-101.5046260,,commercial_industrial_unknown,unknown,"MULTIPOLYGON (((-101.505364 32.468268, -101.504461 32.468054, -101.504339 32.468133, -101.50439 32.467982, -101.504334 32.467987, -101.504115 32.46813, -101.504107 32.468153, -101.504141 32.468131, -101.504188 32.468182, -101.503925 32.468353, -101.50385 32.468579, -101.503868 32.468713, -101.504101 32.468691, -101.504212 32.468812, -101.504239 32.468732, -101.50432 32.468751, -101.504385 32.468803, -101.504529 32.468709, -101.504556 32.468913, -101.504716 32.468951, -101.504726 32.46892, -101.504832 32.468851, -101.504911 32.468937, -101.504914 32.468926, -101.505128 32.468977, -101.505364 32.468268)))",microsoft_us_building_footprints
ms-tx-000026,Microsoft footprint TX #27,TX,,Howard County,"West Leatherwood Road, Howard County, Texas, 79720, United States",171138.5,32.2840227,-101.5085441,,commercial_industrial_unknown,unknown,"MULTIPOLYGON (((-101.5077 32.283645, -101.507962 32.284663, -101.509388 32.284401, -101.509126 32.283382, -101.5077 32.283645)))",microsoft_us_building_footprints
ms-tx-000027,Microsoft footprint TX #28,TX,,Randall County,"Pullman Road, Randall County, Texas, United States",205342.49,35.1673477,-101.7101066,,commercial_industrial_unknown,unknown,"MULTIPOLYGON (((-101.711343 35.167738, -101.71135 35.166954, -101.710624 35.166949, -101.710623 35.166979, -101.710632 35.16701, -101.710665 35.167002, -101.710672 35.16702, -101.710685 35.167017, -101.710684 35.167059, -101.710499 35.167058, -101.710429 35.167076, -101.710405 35.167064, -101.710343 35.167063, -101.710344 35.167067, -101.710309 35.167066, -101.710309 35.167045, -101.710346 35.167046, -101.710347 35.167008, -101.710353 35.167, -101.710338 35.16696, -101.708875 35.16695, -101.708867 35.167721, -101.711343 35.167738)))",microsoft_us_building_footprints
ms-tx-000028,Microsoft footprint TX #29,TX,Dallas,Dallas County,"5327, South Lamar Street, Dallas, Dallas County, Texas, 75215, United States",120002.57,32.7417227,-96.7594682,,commercial_industrial_unknown,unknown,"MULTIPOLYGON (((-96.759279 32.74226, -96.75948 32.742328, -96.759579 32.742121, -96.760332 32.741903, -96.760177 32.741763, -96.76017 32.741636, -96.760093 32.741566, -96.760092 32.741567, -96.759864 32.741359, -96.759241 32.741844, -96.759128 32.741742, -96.760079 32.741003, -96.759966 32.740901, -96.759433 32.741316, -96.759173 32.741079, -96.758909 32.741284, -96.758909 32.742344, -96.75928 32.74247, -96.759382 32.74239, -96.759046 32.742084, -96.759276 32.741905, -96.759601 32.742015, -96.75948 32.742043, -96.759405 32.742043, -96.759455 32.742005, -96.759307 32.742005, -96.759176 32.742107, -96.75922 32.742215, -96.759279 32.742215, -96.759279 32.74226)))",microsoft_us_building_footprints
ms-tx-000029,Microsoft footprint TX #30,TX,Dallas,Dallas County,"TI Boulevard, Texas Instruments, Dallas, Dallas County, Texas, 75243, United States",184120.41,32.9254757,-96.7485435,,commercial_industrial_unknown,unknown,"MULTIPOLYGON (((-96.749091 32.924645, -96.748135 32.92459, -96.747996 32.926307, -96.748952 32.926361, -96.749091 32.924645)))",microsoft_us_building_footprints
ms-tx-000030,Microsoft footprint TX #31,TX,Dallas,Dallas County,"Lincoln High School and Humanities/Communications Magnet School, 2826, Elsie Faye Heggins Street, Bonton, Dallas, Dallas County, Texas, 75215, United States",106494.62,32.7561564,-96.7508505,,commercial_industrial_unknown,unknown,"MULTIPOLYGON (((-96.751071 32.755456, -96.750578 32.755873, -96.750643 32.755928, -96.750533 32.756021, -96.750434 32.755938, -96.750395 32.755971, -96.75029 32.755883, -96.750263 32.755906, -96.750292 32.755931, -96.75 32.756178, -96.750243 32.756382, -96.750305 32.756329, -96.750457 32.756456, -96.750676 32.756271, -96.750763 32.756345, -96.750601 32.756482, -96.750722 32.756583, -96.750641 32.756651, -96.75086 32.756834, -96.750942 32.756766, -96.751027 32.756837, -96.751405 32.756516, -96.751049 32.756219, -96.751513 32.755826, -96.751071 32.755456)))",microsoft_us_building_footprints
ms-tx-000031,Microsoft footprint TX #32,TX,Lubbock,Lubbock County,"4388, Locust Avenue, Lubbock, Lubbock County, Texas, 79404, United States",120108.67,33.5551923,-101.8243933,,commercial_industrial_unknown,unknown,"MULTIPOLYGON (((-101.82401 33.555929, -101.824799 33.55593, -101.8248 33.55523, -101.824345 33.55523, -101.824345 33.555107, -101.824756 33.555107, -101.824757 33.554422, -101.824012 33.554421, -101.824012 33.554701, -101.824117 33.554701, -101.824117 33.554823, -101.824011 33.554822, -101.82401 33.555104, -101.82408 33.555104, -101.82408 33.555229, -101.824011 33.555229, -101.82401 33.555929)))",microsoft_us_building_footprints
ms-tx-000032,Microsoft footprint TX #33,TX,Dallas,Dallas County,"4200, Port Boulevard, Dallas, Dallas County, Texas, 75241, United States",188858.02,32.6502726,-96.7531530,,commercial_industrial_unknown,unknown,"MULTIPOLYGON (((-96.753956 32.650809, -96.753893 32.650222, -96.753948 32.650218, -96.753881 32.64959, -96.753771 32.649599, -96.753768 32.649572, -96.753414 32.649598, -96.753419 32.64964, -96.753374 32.649643, -96.753441 32.650277, -96.753143 32.650299, -96.753161 32.650471, -96.753045 32.65048, -96.752934 32.64943, -96.752398 32.64947, -96.75251 32.650535, -96.752388 32.650545, -96.7524 32.650661, -96.752576 32.650648, -96.752617 32.651036, -96.752713 32.651028, -96.752717 32.651067, -96.752789 32.651061, -96.752784 32.651017, -96.752933 32.651006, -96.752938 32.65105, -96.753028 32.651043, -96.753023 32.650989, -96.753313 32.650968, -96.753301 32.650858, -96.753956 32.650809)))",microsoft_us_building_footprints
ms-tx-000033,Microsoft footprint TX #34,TX,Dallas,Dallas County,"DaVita Dialysis, North Central Expressway, Dallas, Dallas County, Texas, 75231, United States",143511.41,32.8787812,-96.7689870,,commercial_industrial_unknown,unknown,"MULTIPOLYGON (((-96.768455 32.878201, -96.768446 32.878365, -96.768519 32.878369, -96.768497 32.878745, -96.768623 32.87875, -96.768579 32.879493, -96.768796 32.879502, -96.768791 32.879584, -96.769014 32.879593, -96.76902 32.879611, -96.769102 32.879614, -96.769094 32.879743, -96.769208 32.879767, -96.769217 32.879614, -96.769374 32.879563, -96.769369 32.879548, -96.769338 32.879547, -96.769432 32.87793, -96.769242 32.877922, -96.769236 32.878025, -96.768864 32.87801, -96.768782 32.878125, -96.768708 32.878143, -96.768695 32.878142, -96.768455 32.878201)))",microsoft_us_building_footprints
ms-tx-000034,Microsoft footprint TX #35,TX,Amarillo,Potter County,"Sunset Center, 3701, Plains Boulevard, Amarillo, Potter County, Texas, 79102, United States",336841.9,35.1988758,-101.8802530,,commercial_industrial_unknown,unknown,"MULTIPOLYGON (((-101.878634 35.198215, -101.878642 35.198517, -101.879179 35.198508, -101.879198 35.198554, -101.879206 35.198844, -101.879538 35.198838, -101.879562 35.199754, -101.880216 35.199742, -101.880217 35.199783, -101.880282 35.199801, -101.881632 35.19943, -101.881624 35.199123, -101.88102 35.199134, -101.881014 35.198916, -101.880934 35.198894, -101.880932 35.198814, -101.881097 35.198812, -101.881088 35.198474, -101.881426 35.198468, -101.881419 35.198189, -101.88114 35.198194, -101.881138 35.19812, -101.880421 35.198133, -101.880425 35.198287, -101.880382 35.198299, -101.880378 35.198142, -101.88017 35.198146, -101.880171 35.19816, -101.879222 35.198177, -101.879215 35.198193, -101.878788 35.198201, -101.878788 35.198212, -101.878634 35.198215)))",microsoft_us_building_footprints
ms-tx-000035,Microsoft footprint TX #36,TX,,Swisher County,"County Road G, Swisher County, Texas, United States",191345.38,34.6622583,-101.8806207,,commercial_industrial_unknown,unknown,"MULTIPOLYGON (((-101.880042 34.661765, -101.879704 34.661948, -101.879662 34.661939, -101.87967 34.661976, -101.879589 34.661989, -101.879583 34.661963, -101.879544 34.661955, -101.879368 34.662051, -101.879327 34.662189, -101.879597 34.662355, -101.879658 34.662631, -101.879911 34.662787, -101.880717 34.662665, -101.880952 34.662538, -101.881284 34.662604, -101.881396 34.662481, -101.881436 34.662347, -101.881614 34.66232, -101.882181 34.662434, -101.882334 34.66241, -101.882387 34.662233, -101.882319 34.662148, -101.882049 34.662094, -101.881659 34.662153, -101.88156 34.662092, -101.881523 34.661927, -101.881407 34.661903, -101.881214 34.662008, -101.88085 34.661935, -101.880842 34.661925, -101.8805 34.661856, -101.88029 34.661727, -101.880042 34.661765)))",microsoft_us_building_footprints
ms-tx-000036,Microsoft footprint TX #37,TX,Lubbock,Lubbock County,"3200, South Loop 289, Lubbock, Lubbock County, Texas, 79423, United States",127016.28,33.5279617,-101.8829244,,commercial_industrial_unknown,unknown,"MULTIPOLYGON (((-101.883282 33.528289, -101.883283 33.528408, -101.883683 33.528406, -101.883675 33.527564, -101.883568 33.527565, -101.883568 33.527589, -101.882796 33.527594, -101.882796 33.527593, -101.882264 33.527597, -101.882264 33.527576, -101.882192 33.527577, -101.882192 33.527598, -101.882133 33.527598, -101.882135 33.52784, -101.882108 33.52784, -101.882109 33.527897, -101.882133 33.527897, -101.882136 33.528211, -101.882108 33.528211, -101.882108 33.528268, -101.882134 33.528268, -101.882134 33.528318, -101.88247 33.528316, -101.88247 33.528314, -101.882555 33.528314, -101.882555 33.528298, -101.883 33.528295, -101.883 33.528291, -101.883282 33.528289)))",microsoft_us_building_footprints
ms-tx-000037,Microsoft footprint TX #38,TX,Dallas,Dallas County,"Northpark Boulevard, Dallas, Dallas County, Texas, 75231, United States",126866.92,32.8693443,-96.7712156,,commercial_industrial_unknown,unknown,"MULTIPOLYGON (((-96.771592 32.870018, -96.771595 32.868671, -96.77154 32.868671, -96.77154 32.868581, -96.770887 32.86858, -96.770887 32.86867, -96.770834 32.868669, -96.770833 32.869348, -96.770886 32.869348, -96.770885 32.86951, -96.770832 32.86951, -96.77083 32.870015, -96.770885 32.870015, -96.770885 32.870109, -96.771537 32.87011, -96.771537 32.870018, -96.771592 32.870018)))",microsoft_us_building_footprints
ms-tx-000038,Microsoft footprint TX #39,TX,Plano,Collin County,"Turan Uyghur Kitchen, 2001, Coit Road, Plano, Collin County, Texas, 75075, United States",130243.9,33.0290698,-96.7715697,,commercial_industrial_unknown,unknown,"MULTIPOLYGON (((-96.771921 33.02719, -96.771602 33.027188, -96.7716 33.027348, -96.771675 33.027413, -96.771661 33.029316, -96.771592 33.029372, -96.77151 33.029371, -96.771203 33.029616, -96.771202 33.029744, -96.771117 33.029812, -96.770505 33.029809, -96.770503 33.03005, -96.771696 33.030056, -96.771696 33.03013, -96.771768 33.03013, -96.771769 33.030057, -96.7719 33.030058, -96.771921 33.02719)))",microsoft_us_building_footprints
ms-tx-000039,Microsoft footprint TX #40,TX,Lubbock,Lubbock County,"Commander William C. McCool Academy, 4402, 31st Street, Bender Terrace, Lubbock, Lubbock County, Texas, 79410, United States",113514.39,33.5667613,-101.9062850,,commercial_industrial_unknown,unknown,"MULTIPOLYGON (((-101.90553 33.566442, -101.905529 33.566547, -101.905487 33.566547, -101.905483 33.566964, -101.90553 33.566964, -101.905529 33.567054, -101.90648 33.567061, -101.906478 33.567305, -101.906705 33.567307, -101.906705 33.567248, -101.906736 33.567248, -101.906736 33.56719, -101.906704 33.567189, -101.906705 33.567135, -101.906933 33.567136, -101.906938 33.566592, -101.907084 33.566593, -101.907086 33.566454, -101.906987 33.566454, -101.906988 33.566397, -101.906768 33.566396, -101.906768 33.566358, -101.906495 33.566356, -101.906495 33.56633, -101.906396 33.566329, -101.906395 33.566448, -101.90553 33.566442)))",microsoft_us_building_footprints
ms-tx-000040,Microsoft footprint TX #41,TX,Lubbock,Lubbock County,"Coronado High School, 4910, 29th Drive, Lubbock, Lubbock County, Texas, 79410, United States",322631.85,33.5647392,-101.9143140,,commercial_industrial_unknown,unknown,"MULTIPOLYGON (((-101.915153 33.56357, -101.914311 33.563557, -101.914289 33.564542, -101.914015 33.564538, -101.914032 33.563787, -101.913773 33.563783, -101.913697 33.564832, -101.913627 33.564859, -101.913666 33.56493, -101.913568 33.564928, -101.913331 33.56502, -101.913328 33.56515, -101.913004 33.565145, -101.912997 33.565456, -101.913322 33.565461, -101.913314 33.565796, -101.91402 33.565807, -101.914032 33.565297, -101.914301 33.565301, -101.9143 33.565362, -101.914252 33.565361, -101.914248 33.565528, -101.914851 33.565537, -101.914856 33.565313, -101.915128 33.565317, -101.915137 33.56493, -101.915262 33.564932, -101.915271 33.564537, -101.915233 33.564536, -101.915235 33.564463, -101.915133 33.564461, -101.915153 33.56357)))",microsoft_us_building_footprints
ms-tx-000041,Microsoft footprint TX #42,TX,Dallas,Dallas County,"Alcott Street, Dallas, Dallas County, Texas, 75204, United States",119195.09,32.8144846,-96.7880932,,commercial_industrial_unknown,unknown,"MULTIPOLYGON (((-96.788521 32.813376, -96.788471 32.813407, -96.788175 32.814036, -96.788183 32.814045, -96.788068 32.814289, -96.787975 32.814258, -96.787941 32.81433, -96.787888 32.814312, -96.787791 32.814519, -96.787719 32.814495, -96.787326 32.814747, -96.787219 32.814974, -96.787239 32.814996, -96.787253 32.814964, -96.788216 32.815285, -96.788422 32.814846, -96.788244 32.814787, -96.788582 32.814068, -96.788443 32.814021, -96.788487 32.813928, -96.788622 32.813973, -96.788714 32.813778, -96.788593 32.813738, -96.788638 32.813642, -96.788775 32.813688, -96.788868 32.813491, -96.788521 32.813376)))",microsoft_us_building_footprints
ms-tx-000042,Microsoft footprint TX #43,TX,Dallas,Dallas County,"Kittrell Street, Uptown PID, Dallas, Dallas County, Texas, 75201, United States",107433.72,32.8002106,-96.8071637,,commercial_industrial_unknown,unknown,"MULTIPOLYGON (((-96.807944 32.800188, -96.807363 32.799681, -96.807364 32.799667, -96.807299 32.79961, -96.807237 32.79966, -96.807234 32.799715, -96.807171 32.799712, -96.807154 32.799725, -96.807151 32.799772, -96.807091 32.799769, -96.807087 32.799825, -96.807023 32.799822, -96.807019 32.799883, -96.806973 32.799881, -96.806852 32.799776, -96.806482 32.800076, -96.806508 32.800099, -96.806503 32.800189, -96.806478 32.800209, -96.806477 32.800231, -96.80649 32.800242, -96.806487 32.800291, -96.806553 32.800348, -96.806558 32.800348, -96.807128 32.800845, -96.807167 32.800814, -96.807169 32.800778, -96.807195 32.800779, -96.807861 32.800239, -96.807862 32.800218, -96.807904 32.80022, -96.807944 32.800188)))",microsoft_us_building_footprints
ms-tx-000043,Microsoft footprint TX #44,TX,Canyon,Randall County,"Canyon Intermediate School, 5th Avenue, Canyon, Randall County, Texas, 79016, United States",129373.04,34.9786410,-101.9380288,,commercial_industrial_unknown,unknown,"MULTIPOLYGON (((-101.937763 34.978005, -101.937753 34.978746, -101.937736 34.97875, -101.937426 34.978747, -101.937423 34.978969, -101.937361 34.978968, -101.93736 34.979006, -101.937224 34.979004, -101.937219 34.979369, -101.937751 34.979374, -101.937753 34.979229, -101.938116 34.979232, -101.938123 34.978769, -101.938181 34.978754, -101.938543 34.978757, -101.938653 34.978729, -101.938654 34.978612, -101.938795 34.978613, -101.938801 34.978181, -101.938649 34.97818, -101.938652 34.977982, -101.93853 34.977981, -101.938528 34.978124, -101.938488 34.978124, -101.938489 34.978084, -101.938459 34.978007, -101.937967 34.978002, -101.93795 34.978007, -101.937763 34.978005)))",microsoft_us_building_footprints
ms-tx-000044,Microsoft footprint TX #45,TX,Plano,Collin County,"Headquarters Drive, Plano, Collin County, Texas, 75024, United States",119812.67,33.0830592,-96.8161871,,commercial_industrial_unknown,unknown,"MULTIPOLYGON (((-96.815867 33.083015, -96.815204 33.082716, -96.815148 33.082621, -96.815057 33.082579, -96.81489 33.082839, -96.814927 33.082902, -96.814849 33.083023, -96.815552 33.08334, -96.815556 33.083339, -96.815566 33.083323, -96.815811 33.083327, -96.815839 33.083375, -96.815994 33.083377, -96.816038 33.083397, -96.816147 33.083399, -96.816175 33.083412, -96.816258 33.083378, -96.816518 33.083382, -96.816549 33.083333, -96.816715 33.083336, -96.816803 33.0833, -96.816827 33.083339, -96.817542 33.083042, -96.817468 33.082918, -96.8175 33.082868, -96.817335 33.082589, -96.817245 33.082626, -96.817243 33.082713, -96.816625 33.082969, -96.816588 33.083027, -96.815867 33.083015)))",microsoft_us_building_footprints
ms-tx-000045,Microsoft footprint TX #46,TX,Lubbock,Lubbock County,"Upland Heights Elementary, 100th Street, Windstone at Upland, Lubbock, Lubbock County, Texas, 79382, United States",112638.24,33.5019257,-101.9757300,,commercial_industrial_unknown,unknown,"MULTIPOLYGON (((-101.974826 33.502101, -101.974897 33.50216, -101.974919 33.502141, -101.975088 33.502281, -101.975065 33.5023, -101.975133 33.502357, -101.975238 33.50227, -101.975302 33.502324, -101.975326 33.502303, -101.975414 33.502376, -101.975451 33.502345, -101.975616 33.502483, -101.975929 33.502222, -101.976095 33.502361, -101.976258 33.502225, -101.976097 33.502091, -101.976605 33.501668, -101.976538 33.501613, -101.976524 33.501624, -101.976286 33.501426, -101.976181 33.501513, -101.976041 33.501395, -101.976019 33.501414, -101.975967 33.501371, -101.975625 33.501655, -101.975518 33.501566, -101.975454 33.50162, -101.975435 33.501604, -101.975323 33.501698, -101.975238 33.501626, -101.975186 33.501669, -101.975265 33.501735, -101.974826 33.502101)))",microsoft_us_building_footprints
ms-tx-000046,Microsoft footprint TX #47,TX,Dallas,Dallas County,"Sixty Vines, Cedar Springs Road, Klyde Warren Park-Arts District PID, Uptown PID, Dallas, Dallas County, Texas, 75201, United States",113995.48,32.7946057,-96.8044231,,commercial_industrial_unknown,unknown,"MULTIPOLYGON (((-96.804891 32.793867, -96.803961 32.794128, -96.803509 32.794457, -96.803521 32.794469, -96.803523 32.794546, -96.803612 32.794632, -96.803744 32.794536, -96.803893 32.794681, -96.803896 32.794679, -96.804605 32.795365, -96.804766 32.795247, -96.804932 32.795244, -96.804925 32.79504, -96.804941 32.795039, -96.804935 32.795034, -96.804928 32.794816, -96.805009 32.794815, -96.805006 32.79474, -96.804896 32.794743, -96.804882 32.794296, -96.80435 32.794445, -96.804315 32.794358, -96.804267 32.794371, -96.804288 32.794425, -96.804308 32.794425, -96.804044 32.794617, -96.803825 32.794405, -96.804392 32.794246, -96.804355 32.794153, -96.804963 32.794139, -96.804958 32.794003, -96.804936 32.793982, -96.804891 32.793867)))",microsoft_us_building_footprints
ms-tx-000047,Microsoft footprint TX #48,TX,Dallas,Dallas County,"Bengal Automotive, 4814, Bengal Street, Dallas, Dallas County, Texas, 75235, United States",120359.9,32.8122320,-96.8298110,,commercial_industrial_unknown,unknown,"MULTIPOLYGON (((-96.828888 32.812621, -96.829352 32.813009, -96.830734 32.811842, -96.830271 32.811455, -96.828888 32.812621)))",microsoft_us_building_footprints
ms-tx-000048,Microsoft footprint TX #49,TX,,Grayson County,"Grayson County, Texas, United States",186003.62,33.8045882,-96.8076895,,commercial_industrial_unknown,unknown,"MULTIPOLYGON (((-96.80704 33.8052, -96.807635 33.805348, -96.807786 33.805488, -96.808005 33.805405, -96.808231 33.80478, -96.808556 33.804538, -96.808459 33.804514, -96.808426 33.804333, -96.808348 33.80426, -96.807811 33.80466, -96.807726 33.804639, -96.807642 33.804171, -96.807811 33.804045, -96.808529 33.804223, -96.808482 33.804138, -96.808684 33.803988, -96.808578 33.803796, -96.808308 33.803863, -96.808219 33.803781, -96.80821 33.803784, -96.808055 33.803746, -96.807762 33.803964, -96.807423 33.803879, -96.807437 33.803956, -96.807283 33.803918, -96.807258 33.803782, -96.807144 33.803754, -96.807112 33.803844, -96.806987 33.803813, -96.807313 33.804115, -96.806901 33.804422, -96.80704 33.8052)))",microsoft_us_building_footprints
ms-tx-000049,Microsoft footprint TX #50,TX,Farmers Branch,Dallas County,"13342, Midway Road, Farmers Branch, Dallas County, Texas, 75244, United States",102589.59,32.9282927,-96.8361544,,commercial_industrial_unknown,unknown,"MULTIPOLYGON (((-96.835526 32.927926, -96.835522 32.928655, -96.836783 32.928659, -96.836787 32.927931, -96.835526 32.927926)))",microsoft_us_building_footprints
ms-tx-000050,Microsoft footprint TX #51,TX,Dallas,Dallas County,"Preston Oaks Road, Dallas, Dallas County, Texas, 75254, United States",117200.58,32.9424889,-96.8153566,,commercial_industrial_unknown,unknown,"MULTIPOLYGON (((-96.815029 32.942127, -96.81503 32.942282, -96.814968 32.942282, -96.814967 32.942129, -96.814733 32.94213, -96.814733 32.942234, -96.814552 32.942235, -96.814556 32.942791, -96.814746 32.94279, -96.814747 32.942887, -96.814976 32.942885, -96.814976 32.942789, -96.815409 32.942787, -96.815409 32.942786, -96.815725 32.942784, -96.815726 32.942886, -96.815969 32.942885, -96.815968 32.942791, -96.816161 32.94279, -96.816158 32.942238, -96.815964 32.942239, -96.815964 32.942126, -96.815721 32.942127, -96.815722 32.942283, -96.815673 32.942283, -96.815672 32.942124, -96.815029 32.942127)))",microsoft_us_building_footprints
ms-tx-000051,Microsoft footprint TX #52,TX,Midland,Midland County,"North Midkiff Road, Northpark Shopping Center, Midland, Midland County, Texas, 79707, United States",215169.14,32.0360281,-102.1284096,,commercial_industrial_unknown,unknown,"MULTIPOLYGON (((-102.128386 32.035413, -102.127083 32.03568, -102.127093 32.035714, -102.127032 32.035727, -102.127145 32.036123, -102.127 32.036152, -102.127067 32.036386, -102.127561 32.036285, -102.127573 32.036326, -102.127834 32.036273, -102.127852 32.036337, -102.128301 32.036245, -102.128264 32.036115, -102.128293 32.036109, -102.128408 32.036514, -102.129018 32.036389, -102.129054 32.036518, -102.129691 32.036388, -102.12971 32.036455, -102.129751 32.036428, -102.129754 32.036432, -102.129909 32.0364, -102.129889 32.036332, -102.129938 32.036322, -102.12977 32.035731, -102.128885 32.035912, -102.128895 32.035948, -102.128644 32.036, -102.128512 32.035855, -102.128386 32.035413)))",microsoft_us_building_footprints
ms-tx-000052,Microsoft footprint TX #53,TX,Dallas,Dallas County,"Buy Buy Baby, 13900, Dallas Parkway, Inwood, Dallas, Dallas County, Texas, 75240, United States",128616.63,32.9369387,-96.8196524,,commercial_industrial_unknown,unknown,"MULTIPOLYGON (((-96.819174 32.937398, -96.819405 32.937399, -96.819404 32.937604, -96.819521 32.937604, -96.819521 32.937667, -96.81963 32.937667, -96.81963 32.937604, -96.820116 32.937605, -96.820117 32.937555, -96.820075 32.937555, -96.820076 32.937386, -96.82011 32.937387, -96.820111 32.937159, -96.820095 32.937159, -96.820096 32.936558, -96.820095 32.936558, -96.820095 32.936302, -96.819261 32.936301, -96.819261 32.936389, -96.819177 32.936389, -96.819174 32.937398)))",microsoft_us_building_footprints
ms-tx-000053,Microsoft footprint TX #54,TX,Carrollton,Dallas County,"1986, Chenault Drive, Carrollton, Dallas County, Texas, 75006, United States",125265.34,32.9625567,-96.8441156,,commercial_industrial_unknown,unknown,"MULTIPOLYGON (((-96.843698 32.963432, -96.844521 32.963422, -96.844516 32.963098, -96.844237 32.963102, -96.844228 32.96253, -96.844483 32.962527, -96.844486 32.962707, -96.844499 32.962707, -96.844479 32.96153, -96.843983 32.961536, -96.843995 32.962271, -96.843711 32.962274, -96.843714 32.962477, -96.843942 32.962474, -96.843944 32.962587, -96.843684 32.96259, -96.843698 32.963432)))",microsoft_us_building_footprints
ms-tx-000054,Microsoft footprint TX #55,TX,Waxahachie,Ellis County,"Cardinal CG, 203, Cardinal Road, Waxahachie, Ellis County, Texas, 75165, United States",235634.1,32.4426613,-96.8444904,,commercial_industrial_unknown,unknown,"MULTIPOLYGON (((-96.844255 32.441039, -96.844245 32.442678, -96.844111 32.442677, -96.844108 32.443087, -96.843974 32.443086, -96.843969 32.443919, -96.844243 32.443921, -96.844242 32.444068, -96.844829 32.44407, -96.844839 32.442436, -96.84493 32.442436, -96.844932 32.442113, -96.844838 32.442112, -96.844845 32.441042, -96.844255 32.441039)))",microsoft_us_building_footprints
ms-tx-000055,Microsoft footprint TX #56,TX,Midland,Midland County,"George T. Abell Junior High School, 3201, Highland Boulevard, Grassland Estates, Midland, Midland County, Texas, 79707, United States",154675.78,32.0096293,-102.1615879,,commercial_industrial_unknown,unknown,"MULTIPOLYGON (((-102.162492 32.010029, -102.161897 32.009786, -102.161837 32.009795, -102.161822 32.009719, -102.161752 32.00969, -102.161487 32.009728, -102.161464 32.009613, -102.161746 32.009117, -102.161829 32.009151, -102.161884 32.009055, -102.161858 32.009044, -102.162014 32.008769, -102.161948 32.008743, -102.161981 32.008685, -102.161646 32.008548, -102.161632 32.008572, -102.161555 32.008541, -102.16105 32.009431, -102.16089 32.009454, -102.160738 32.009722, -102.160767 32.009868, -102.161127 32.010015, -102.16117 32.009939, -102.161183 32.010005, -102.161244 32.009996, -102.161232 32.009937, -102.161361 32.009989, -102.161402 32.010196, -102.162221 32.01053, -102.162248 32.010482, -102.162237 32.010478, -102.162492 32.010029)))",microsoft_us_building_footprints
ms-tx-000056,Microsoft footprint TX #57,TX,Farmers Branch,Dallas County,"4739, Simonton Road, Farmers Branch, Dallas County, Texas, 75244, United States",122598.74,32.9314468,-96.8282365,,commercial_industrial_unknown,unknown,"MULTIPOLYGON (((-96.829269 32.931453, -96.828619 32.931453, -96.828618 32.931003, -96.827521 32.931004, -96.827522 32.931719, -96.827328 32.931719, -96.827328 32.931792, -96.82927 32.93179, -96.829269 32.931453)))",microsoft_us_building_footprints
ms-tx-000057,Microsoft footprint TX #58,TX,Dallas,Dallas County,"6120, Peeler Street, Dallas, Dallas County, Texas, 75235, United States",108463.63,32.8307461,-96.8313989,,commercial_industrial_unknown,unknown,"MULTIPOLYGON (((-96.832053 32.830731, -96.831448 32.830222, -96.831311 32.830337, -96.831088 32.83015, -96.830601 32.830559, -96.831617 32.831414, -96.832099 32.83101, -96.83191 32.830851, -96.832053 32.830731)))",microsoft_us_building_footprints
ms-tx-000058,Microsoft footprint TX #59,TX,Carrollton,Dallas County,"2743, Realty Road, Carrollton, Dallas County, Texas, 75006, United States",140738.34,32.9576805,-96.8574725,,commercial_industrial_unknown,unknown,"MULTIPOLYGON (((-96.856411 32.957236, -96.856292 32.95778, -96.858534 32.958125, -96.858653 32.957581, -96.856411 32.957236)))",microsoft_us_building_footprints
ms-tx-000059,Microsoft footprint TX #60,TX,Odessa,Ector County,"Live Oak Shopping Center, Crescent Drive, Granada Royale, Odessa, Ector County, Texas, 79761, United States",104756.43,31.8601355,-102.3538136,,commercial_industrial_unknown,unknown,"MULTIPOLYGON (((-102.352578 31.860162, -102.352677 31.860563, -102.352892 31.860525, -102.35285 31.860355, -102.353042 31.860321, -102.353091 31.860517, -102.353928 31.860368, -102.353907 31.86028, -102.354112 31.860244, -102.354101 31.860198, -102.354188 31.860182, -102.354161 31.860071, -102.354248 31.860055, -102.354271 31.860149, -102.35424 31.860155, -102.354267 31.860262, -102.354858 31.860156, -102.354801 31.859926, -102.355114 31.85987, -102.355139 31.859969, -102.355217 31.859955, -102.355154 31.859702, -102.352578 31.860162)))",microsoft_us_building_footprints
ms-tx-000060,Microsoft footprint TX #61,TX,Dallas,Dallas County,"1617, Terre Colony Court, Dallas, Dallas County, Texas, 75212, United States",103235.27,32.7736762,-96.8683666,,commercial_industrial_unknown,unknown,"MULTIPOLYGON (((-96.868105 32.773023, -96.867915 32.773618, -96.867955 32.773627, -96.867813 32.774074, -96.868736 32.774283, -96.868863 32.773884, -96.868734 32.773855, -96.868869 32.773432, -96.868676 32.773388, -96.868747 32.773167, -96.868105 32.773023)))",microsoft_us_building_footprints
ms-tx-000061,Microsoft footprint TX #62,TX,Dallas,Dallas County,"Profit Drive, Dallas, Dallas County, Texas, 75247, United States",229152.05,32.8295715,-96.8751215,,commercial_industrial_unknown,unknown,"MULTIPOLYGON (((-96.875409 32.828599, -96.874915 32.828714, -96.874935 32.828775, -96.874837 32.828798, -96.874825 32.828936, -96.874777 32.828947, -96.874737 32.828824, -96.874335 32.828918, -96.874339 32.82893, -96.874106 32.828985, -96.874201 32.82927, -96.874389 32.829226, -96.874508 32.829587, -96.874451 32.829625, -96.87448 32.829713, -96.874574 32.829691, -96.874693 32.830053, -96.874562 32.830142, -96.874603 32.830264, -96.874726 32.830392, -96.875304 32.830257, -96.875241 32.830066, -96.8753 32.830026, -96.875472 32.830545, -96.875483 32.830542, -96.875595 32.830466, -96.875609 32.830463, -96.875645 32.830501, -96.876015 32.830414, -96.876008 32.830392, -96.876004 32.830393, -96.875409 32.828599)))",microsoft_us_building_footprints
ms-tx-000062,Microsoft footprint TX #63,TX,Dallas,Dallas County,"3601, Pinnacle Point Drive, Dallas, Dallas County, Texas, 75211, United States",443921.66,32.7612070,-96.8824113,,commercial_industrial_unknown,unknown,"MULTIPOLYGON (((-96.880072 32.760986, -96.882816 32.761005, -96.882797 32.762931, -96.88365 32.762937, -96.883669 32.761002, -96.883582 32.761001, -96.883588 32.760348, -96.880078 32.760324, -96.880072 32.760986)))",microsoft_us_building_footprints
ms-tx-000063,Microsoft footprint TX #64,TX,Carrollton,Dallas County,"2205, East Belt Line Road, Carrollton, Dallas County, Texas, 75006, United States",257201.01,32.9550003,-96.8806293,,commercial_industrial_unknown,unknown,"MULTIPOLYGON (((-96.881473 32.955603, -96.881488 32.954406, -96.880709 32.954399, -96.88071 32.954325, -96.880933 32.954327, -96.880935 32.954147, -96.880318 32.954141, -96.880316 32.954303, -96.880544 32.954305, -96.880543 32.954404, -96.879764 32.954397, -96.879748 32.955587, -96.880474 32.955594, -96.880473 32.955664, -96.879718 32.955657, -96.879717 32.955704, -96.881379 32.955719, -96.881372 32.956208, -96.881439 32.956208, -96.881446 32.955675, -96.880666 32.955668, -96.880667 32.955596, -96.881473 32.955603)))",microsoft_us_building_footprints
ms-tx-000064,Microsoft footprint TX #65,TX,Wellman,Terry County,"Wellman-Union Independent School District, Terry Avenue, Wellman, Terry County, Texas, 79378, United States",116125.02,33.0465819,-102.4262139,,commercial_industrial_unknown,unknown,"MULTIPOLYGON (((-102.426239 33.046872, -102.426411 33.046873, -102.426412 33.046772, -102.426964 33.046775, -102.426966 33.046551, -102.42675 33.046549, -102.426753 33.046178, -102.426819 33.046179, -102.426821 33.045969, -102.426741 33.045968, -102.426743 33.045792, -102.42649 33.04579, -102.426488 33.045978, -102.426588 33.045979, -102.426587 33.046091, -102.426383 33.04609, -102.426383 33.046153, -102.426319 33.046152, -102.426318 33.046227, -102.426245 33.046226, -102.426244 33.046373, -102.426195 33.046373, -102.426196 33.04624, -102.425896 33.046238, -102.425894 33.046454, -102.425481 33.046452, -102.425476 33.046977, -102.425838 33.046979, -102.425838 33.047027, -102.425937 33.047028, -102.425935 33.047274, -102.426236 33.047276, -102.426239 33.046872)))",microsoft_us_building_footprints
ms-tx-000065,Microsoft footprint TX #66,TX,Dallas,Dallas County,"FedEx Ground, 3901, Adler Drive, Dallas, Dallas County, Texas, 75211, United States",371323.56,32.7658144,-96.8866843,,commercial_industrial_unknown,unknown,"MULTIPOLYGON (((-96.887448 32.764716, -96.885945 32.764705, -96.88592 32.766912, -96.887424 32.766924, -96.887448 32.764716)))",microsoft_us_building_footprints
ms-tx-000066,Microsoft footprint TX #67,TX,,Deaf Smith County,"US 60, Deaf Smith County, Texas, 79085, United States",237813.35,34.7602989,-102.4735544,,commercial_industrial_unknown,unknown,"MULTIPOLYGON (((-102.472422 34.760429, -102.473016 34.761236, -102.473427 34.761145, -102.47327 34.760931, -102.473378 34.760877, -102.473448 34.760973, -102.473582 34.760906, -102.473568 34.760888, -102.473751 34.760797, -102.473726 34.760722, -102.473935 34.760676, -102.473919 34.760655, -102.473899 34.760664, -102.473888 34.760631, -102.473925 34.760623, -102.473862 34.760538, -102.474209 34.760366, -102.47458 34.760871, -102.474804 34.760759, -102.474613 34.760179, -102.47443 34.75993, -102.474123 34.760083, -102.474073 34.760014, -102.47431 34.759896, -102.474293 34.759844, -102.47417 34.759871, -102.473818 34.759393, -102.473524 34.759539, -102.473435 34.759418, -102.472878 34.759694, -102.473152 34.760066, -102.472422 34.760429)))",microsoft_us_building_footprints
ms-tx-000067,Microsoft footprint TX #68,TX,Dallas,Denton County,"2525, Frankford Road, Dallas, Denton County, Texas, 75187, United States",187317.45,32.9977786,-96.8698859,,commercial_industrial_unknown,unknown,"MULTIPOLYGON (((-96.869365 32.997179, -96.869371 32.997397, -96.869294 32.997399, -96.869299 32.997583, -96.869232 32.997584, -96.86918 32.997734, -96.869067 32.997736, -96.869069 32.997806, -96.869012 32.997807, -96.869023 32.998191, -96.869129 32.998189, -96.869133 32.998349, -96.869278 32.998346, -96.86927 32.998081, -96.869391 32.998078, -96.869403 32.998489, -96.8699 32.998479, -96.869893 32.998224, -96.870371 32.998341, -96.870373 32.998337, -96.870647 32.998404, -96.870745 32.998124, -96.870362 32.99803, -96.87036 32.998035, -96.870117 32.997975, -96.870114 32.997891, -96.870475 32.997884, -96.870471 32.997742, -96.870551 32.997741, -96.870765 32.997128, -96.870545 32.997074, -96.870516 32.997157, -96.869365 32.997179)))",microsoft_us_building_footprints
ms-tx-000068,Microsoft footprint TX #69,TX,,Lamb County,"FM 2910, Lamb County, Texas, United States",336358.59,34.1836590,-102.5694404,,commercial_industrial_unknown,unknown,"MULTIPOLYGON (((-102.570216 34.18277, -102.569576 34.182787, -102.569571 34.18265, -102.569753 34.182645, -102.569742 34.182377, -102.569263 34.18239, -102.569275 34.182707, -102.568227 34.182783, -102.568236 34.183036, -102.568735 34.183023, -102.568863 34.183277, -102.568882 34.183782, -102.569216 34.183773, -102.569236 34.184284, -102.568581 34.184031, -102.568621 34.185052, -102.568771 34.185048, -102.568836 34.184977, -102.56891 34.184975, -102.568905 34.184846, -102.568982 34.184876, -102.56925 34.184471, -102.569511 34.184464, -102.569522 34.184741, -102.570027 34.184728, -102.570275 34.184288, -102.570216 34.18277)))",microsoft_us_building_footprints
ms-tx-000069,Microsoft footprint TX #70,TX,The Colony,Denton County,"The Home Depot, 5321, State Highway 121, The Colony, Denton County, Texas, 75056, United States",128334.79,33.0746815,-96.8748806,,commercial_industrial_unknown,unknown,"MULTIPOLYGON (((-96.875684 33.0748, -96.875573 33.074592, -96.875671 33.074555, -96.875514 33.074259, -96.875429 33.074291, -96.875361 33.074164, -96.875632 33.074062, -96.875598 33.073999, -96.87541 33.074069, -96.875396 33.074043, -96.874971 33.074201, -96.875004 33.074263, -96.874758 33.074355, -96.874749 33.074338, -96.874534 33.074419, -96.87456 33.074467, -96.874423 33.074518, -96.874364 33.074408, -96.874134 33.074494, -96.87421 33.074636, -96.874029 33.074704, -96.874346 33.0753, -96.875684 33.0748)))",microsoft_us_building_footprints
ms-tx-000070,Microsoft footprint TX #71,TX,Dallas,Dallas County,"4707, Bronze Way, Dallas, Dallas County, Texas, 75236, United States",156261.64,32.6878822,-96.9000750,,commercial_industrial_unknown,unknown,"MULTIPOLYGON (((-96.900782 32.688164, -96.901421 32.687995, -96.901418 32.687609, -96.901024 32.687601, -96.900998 32.687608, -96.899735 32.687617, -96.899727 32.687619, -96.899437 32.687621, -96.899429 32.687623, -96.899296 32.687624, -96.89928 32.687582, -96.899124 32.687583, -96.899124 32.687622, -96.898815 32.687625, -96.898821 32.688178, -96.900782 32.688164)))",microsoft_us_building_footprints
ms-tx-000071,Microsoft footprint TX #72,TX,Farmers Branch,Dallas County,"Diplomat Drive, Farmers Branch, Dallas County, Texas, 75234, United States",182887.5,32.9317238,-96.9053803,,commercial_industrial_unknown,unknown,"MULTIPOLYGON (((-96.904869 32.930951, -96.904869 32.932592, -96.905698 32.932592, -96.905698 32.931932, -96.906012 32.931932, -96.906011 32.931046, -96.905695 32.931046, -96.905695 32.930951, -96.904869 32.930951)))",microsoft_us_building_footprints
ms-tx-000072,Microsoft footprint TX #73,TX,Dallas,Dallas County,"3950, Bastille Road, Dallas, Dallas County, Texas, 75212, United States",276405.33,32.7684999,-96.8932559,,commercial_industrial_unknown,unknown,"MULTIPOLYGON (((-96.894233 32.767782, -96.893201 32.767895, -96.893223 32.76804, -96.891799 32.768197, -96.891821 32.76834, -96.891974 32.768323, -96.892075 32.768973, -96.892217 32.768957, -96.892232 32.769049, -96.89288 32.768978, -96.892895 32.769071, -96.893406 32.769015, -96.89342 32.769106, -96.894422 32.768996, -96.894233 32.767782)))",microsoft_us_building_footprints
ms-tx-000073,Microsoft footprint TX #74,TX,Carrollton,Dallas County,"Wallace Drive, Carrollton, Dallas County, Texas, 75006, United States",154456.17,32.9435732,-96.9198708,,commercial_industrial_unknown,unknown,"MULTIPOLYGON (((-96.920582 32.943124, -96.919406 32.943127, -96.919405 32.943015, -96.919141 32.943016, -96.919145 32.944116, -96.919402 32.944115, -96.919402 32.944008, -96.920711 32.944005, -96.92071 32.943732, -96.920653 32.943733, -96.920652 32.943403, -96.920583 32.943403, -96.920582 32.943124)))",microsoft_us_building_footprints
ms-tx-000074,Microsoft footprint TX #75,TX,Carrollton,Denton County,"Creek Valley Middle School, 4109, Creek Valley Boulevard, Carrollton, Denton County, Texas, 75010, United States",103388.12,33.0223159,-96.9258972,,commercial_industrial_unknown,unknown,"MULTIPOLYGON (((-96.925335 33.022742, -96.925962 33.022752, -96.925964 33.022645, -96.926026 33.022631, -96.926048 33.022631, -96.926048 33.022616, -96.926074 33.022617, -96.926071 33.022742, -96.926212 33.022745, -96.926212 33.02271, -96.926518 33.022715, -96.926523 33.022466, -96.926624 33.022468, -96.92663 33.022188, -96.926109 33.02218, -96.926091 33.022126, -96.926092 33.022078, -96.926058 33.021977, -96.926026 33.021985, -96.925972 33.021984, -96.925978 33.02174, -96.925966 33.021706, -96.925505 33.021699, -96.925495 33.022145, -96.92546 33.022154, -96.925415 33.022153, -96.925346 33.02217, -96.925333 33.022738, -96.925335 33.022742)))",microsoft_us_building_footprints
ms-tx-000075,Microsoft footprint TX #76,TX,Dallas,Dallas County,"4444, West Ledbetter Drive, Dallas, Dallas County, Texas, 75236, United States",1101945.41,32.6900385,-96.8950882,,commercial_industrial_unknown,unknown,"MULTIPOLYGON (((-96.898336 32.689467, -96.893434 32.689461, -96.893435 32.68873, -96.891793 32.688728, -96.89179 32.690121, -96.892947 32.690122, -96.892947 32.690262, -96.893342 32.690263, -96.89334 32.690975, -96.898333 32.690981, -96.898336 32.689467)))",microsoft_us_building_footprints
ms-tx-000076,Microsoft footprint TX #77,TX,Dallas,Dallas County,"10740, Goodnight Lane, Dallas, Dallas County, Texas, 75220, United States",142979.93,32.8726378,-96.9009192,,commercial_industrial_unknown,unknown,"MULTIPOLYGON (((-96.901221 32.87155, -96.900634 32.871547, -96.900617 32.873725, -96.901205 32.873728, -96.901221 32.87155)))",microsoft_us_building_footprints
ms-tx-000077,Microsoft footprint TX #78,TX,Irving,Dallas County,"Carl @ Northgate - N - MB, Carl Road, Irving, Dallas County, Texas, 75061, United States",100016.27,32.8399974,-96.9289679,,commercial_industrial_unknown,unknown,"MULTIPOLYGON (((-96.929342 32.83941, -96.928581 32.839409, -96.928579 32.840563, -96.92929 32.840564, -96.92929 32.840653, -96.929422 32.840653, -96.929422 32.840511, -96.929341 32.840511, -96.929342 32.83941)))",microsoft_us_building_footprints
ms-tx-000078,Microsoft footprint TX #79,TX,Carrollton,Denton County,"2841, Trade Center Drive, Carrollton, Denton County, Texas, 75007, United States",262353.44,32.9890659,-96.9336655,,commercial_industrial_unknown,unknown,"MULTIPOLYGON (((-96.935062 32.990016, -96.932911 32.987707, -96.932285 32.988117, -96.93356 32.989486, -96.933537 32.989502, -96.933481 32.989442, -96.933419 32.989482, -96.933444 32.989508, -96.933424 32.989522, -96.933592 32.989702, -96.933622 32.989682, -96.933821 32.989896, -96.933866 32.989867, -96.933849 32.989848, -96.933914 32.989806, -96.93447 32.990403, -96.935062 32.990016)))",microsoft_us_building_footprints
ms-tx-000079,Microsoft footprint TX #80,TX,Carrollton,Denton County,"3044, Old Denton Road, Carrollton, Denton County, Texas, 75007, United States",136377.23,32.9975158,-96.9080465,,commercial_industrial_unknown,unknown,"MULTIPOLYGON (((-96.90806 32.99852, -96.908056 32.99793, -96.908054 32.99793, -96.90805 32.997325, -96.908322 32.996991, -96.909354 32.996986, -96.909358 32.996982, -96.90946 32.996981, -96.909458 32.996722, -96.909222 32.996724, -96.909222 32.996762, -96.907933 32.996768, -96.907674 32.997085, -96.907837 32.997178, -96.907751 32.997284, -96.907751 32.997419, -96.907422 32.99742, -96.907423 32.997707, -96.907347 32.997708, -96.907349 32.998111, -96.907394 32.998111, -96.907394 32.998151, -96.907805 32.998149, -96.907806 32.998309, -96.907363 32.998311, -96.907364 32.998511, -96.90745 32.99851, -96.907471 32.998522, -96.90806 32.99852)))",microsoft_us_building_footprints
ms-tx-000080,Microsoft footprint TX #81,TX,Dallas,Dallas County,"Redbox, 7075, West Wheatland Road, Dallas, Dallas County, Texas, 75249, United States",156792.14,32.6496094,-96.9444484,,commercial_industrial_unknown,unknown,"MULTIPOLYGON (((-96.945216 32.650032, -96.945209 32.649199, -96.945031 32.6492, -96.94503 32.649127, -96.944768 32.649129, -96.944768 32.649153, -96.944264 32.649156, -96.944264 32.649132, -96.944033 32.649133, -96.944034 32.649205, -96.943685 32.649207, -96.943686 32.649336, -96.943533 32.649337, -96.943535 32.649586, -96.943691 32.649585, -96.943694 32.649943, -96.943918 32.649942, -96.943919 32.650038, -96.944422 32.650035, -96.944423 32.650184, -96.9448 32.650182, -96.944799 32.650034, -96.945216 32.650032)))",microsoft_us_building_footprints
ms-tx-000081,Microsoft footprint TX #82,TX,Dallas,Dallas County,"3730, Mountain Creek Parkway, Dallas, Dallas County, Texas, 75236, United States",355421.0,32.6928388,-96.9614556,,commercial_industrial_unknown,unknown,"MULTIPOLYGON (((-96.961835 32.6908, -96.961083 32.690799, -96.961079 32.692232, -96.960927 32.692232, -96.960927 32.692451, -96.961077 32.692451, -96.961069 32.694901, -96.961823 32.694903, -96.96183 32.692523, -96.962013 32.692523, -96.962014 32.692236, -96.961831 32.692236, -96.961835 32.6908)))",microsoft_us_building_footprints
ms-tx-000082,Microsoft footprint TX #83,TX,Irving,Dallas County,"Sierra Drive, Las Colinas, Irving, Dallas County, Texas, 75039, United States",159458.47,32.8991149,-96.9629599,,commercial_industrial_unknown,unknown,"MULTIPOLYGON (((-96.962859 32.89817, -96.961999 32.898647, -96.962522 32.899313, -96.962875 32.899117, -96.962955 32.899219, -96.962639 32.899394, -96.962684 32.899451, -96.962656 32.899467, -96.962682 32.899501, -96.963068 32.899287, -96.963227 32.89949, -96.96316 32.899527, -96.963113 32.899468, -96.962849 32.899613, -96.963289 32.900174, -96.963583 32.900011, -96.963516 32.899927, -96.96358 32.899891, -96.963527 32.899825, -96.963599 32.899785, -96.963649 32.89985, -96.963918 32.899701, -96.963479 32.899143, -96.963157 32.899322, -96.963102 32.899252, -96.963122 32.899241, -96.962964 32.89904, -96.963366 32.898817, -96.962859 32.89817)))",microsoft_us_building_footprints
ms-tx-000083,Microsoft footprint TX #84,TX,Midlothian,Ellis County,"Walnut Grove Middle School, Mockingbird Lane, Midlothian, Ellis County, Texas, 76065, United States",130965.05,32.4931485,-96.9407527,,commercial_industrial_unknown,unknown,"MULTIPOLYGON (((-96.940008 32.493541, -96.940423 32.493553, -96.940428 32.493434, -96.940734 32.493442, -96.940821 32.493739, -96.940982 32.493705, -96.940978 32.493692, -96.941032 32.493681, -96.941043 32.493397, -96.941175 32.493401, -96.941163 32.493688, -96.941217 32.493689, -96.941215 32.49374, -96.941426 32.493696, -96.941441 32.493311, -96.941469 32.493312, -96.94138 32.493008, -96.941263 32.493005, -96.94128 32.492589, -96.941017 32.492582, -96.941006 32.492853, -96.940856 32.492849, -96.940864 32.492643, -96.940309 32.492627, -96.940125 32.492994, -96.940015 32.493017, -96.940002 32.493333, -96.940094 32.493336, -96.940068 32.493387, -96.940014 32.493386, -96.940008 32.493541)))",microsoft_us_building_footprints
ms-tx-000084,Microsoft footprint TX #85,TX,Irving,Dallas County,"Crockett Middle School, 2431, Hancock Street, Irving, Dallas County, Texas, 75061, United States",158559.73,32.8351128,-96.9779156,,commercial_industrial_unknown,unknown,"MULTIPOLYGON (((-96.978826 32.835505, -96.978825 32.835221, -96.978547 32.835222, -96.978547 32.835222, -96.978444 32.835222, -96.978443 32.83474, -96.978396 32.83474, -96.978395 32.83465, -96.978365 32.83465, -96.978365 32.834593, -96.978088 32.834594, -96.978088 32.834474, -96.977466 32.834476, -96.977466 32.834557, -96.977233 32.834557, -96.977234 32.835186, -96.977469 32.835185, -96.977469 32.835237, -96.977672 32.835237, -96.977672 32.83529, -96.977364 32.835291, -96.977364 32.83549, -96.977557 32.83549, -96.977557 32.835562, -96.977364 32.835562, -96.977365 32.835758, -96.977762 32.835757, -96.977762 32.835669, -96.97844 32.835668, -96.97844 32.835506, -96.978826 32.835505)))",microsoft_us_building_footprints
ms-tx-000085,Microsoft footprint TX #86,TX,Lewisville,Denton County,"1574, Lakeway Drive, Lewisville, Denton County, Texas, 75057, United States",202607.1,33.0232098,-96.9795052,,commercial_industrial_unknown,unknown,"MULTIPOLYGON (((-96.979155 33.024585, -96.979814 33.024592, -96.979855 33.021834, -96.979197 33.021827, -96.979155 33.024585)))",microsoft_us_building_footprints
ms-tx-000086,Microsoft footprint TX #87,TX,Lewisville,Denton County,"East Purnell Street, Lewisville, Denton County, Texas, 75067, United States",284300.32,33.0410898,-96.9813842,,commercial_industrial_unknown,unknown,"MULTIPOLYGON (((-96.980385 33.041775, -96.982616 33.041735, -96.982614 33.041656, -96.982471 33.041658, -96.982454 33.040959, -96.981955 33.040968, -96.981954 33.040925, -96.981801 33.040928, -96.981802 33.040962, -96.981494 33.040967, -96.98149 33.040828, -96.98171 33.040824, -96.982046 33.040695, -96.982069 33.040737, -96.982211 33.040682, -96.982209 33.040595, -96.982482 33.040491, -96.982318 33.040191, -96.98172 33.040421, -96.98171 33.040403, -96.980651 33.040422, -96.980653 33.040499, -96.980074 33.040509, -96.980083 33.040848, -96.981445 33.040824, -96.981448 33.040954, -96.9805 33.040971, -96.980507 33.041257, -96.980373 33.041308, -96.980385 33.041775)))",microsoft_us_building_footprints
ms-tx-000087,Microsoft footprint TX #88,TX,Irving,Dallas County,"QTS Irving - Dallas Data Center Campus, 6431, Longhorn Drive, Irving, Dallas County, Texas, 75063, United States",338477.06,32.8973518,-96.9827775,,commercial_industrial_unknown,unknown,"MULTIPOLYGON (((-96.983933 32.896237, -96.982652 32.896211, -96.98264 32.89664, -96.982511 32.896638, -96.982439 32.896749, -96.982488 32.896913, -96.982648 32.896916, -96.982582 32.897345, -96.982444 32.897342, -96.982441 32.897448, -96.98205 32.89744, -96.982047 32.897551, -96.981417 32.897538, -96.981396 32.89827, -96.982375 32.898335, -96.982374 32.898381, -96.982734 32.898547, -96.982849 32.898371, -96.982571 32.898365, -96.982605 32.898312, -96.982649 32.898332, -96.982698 32.898075, -96.983412 32.898089, -96.98343 32.897431, -96.983549 32.897406, -96.983552 32.897301, -96.983422 32.897241, -96.983427 32.89706, -96.98391 32.89707, -96.983933 32.896237)))",microsoft_us_building_footprints
ms-tx-000088,Microsoft footprint TX #89,TX,Irving,Dallas County,"Monticello Drive, Irving, Dallas County, Texas, 75061, United States",108471.36,32.8301266,-96.9845476,,commercial_industrial_unknown,unknown,"MULTIPOLYGON (((-96.984911 32.829474, -96.984182 32.82947, -96.984172 32.830781, -96.9849 32.830785, -96.984905 32.830175, -96.984988 32.830176, -96.984989 32.829991, -96.984907 32.829991, -96.984911 32.829474)))",microsoft_us_building_footprints
ms-tx-000089,Microsoft footprint TX #90,TX,Irving,Dallas County,"Target, 3333, West Airport Freeway, Irving, Dallas County, Texas, 75062, United States",162228.79,32.8397640,-96.9909806,,commercial_industrial_unknown,unknown,"MULTIPOLYGON (((-96.991934 32.839422, -96.991627 32.839424, -96.991626 32.839328, -96.991156 32.839331, -96.991155 32.839229, -96.990683 32.839232, -96.990684 32.839288, -96.989994 32.839293, -96.990002 32.840088, -96.990988 32.840082, -96.990987 32.839994, -96.991059 32.839993, -96.991076 32.839957, -96.991151 32.839957, -96.991148 32.83958, -96.991254 32.83958, -96.991262 32.839562, -96.991509 32.83956, -96.991601 32.839609, -96.991602 32.83971, -96.991675 32.83971, -96.991676 32.839856, -96.991625 32.839857, -96.991625 32.839862, -96.991594 32.839931, -96.991511 32.839932, -96.991512 32.840078, -96.991656 32.840125, -96.991662 32.840747, -96.991946 32.840745, -96.991934 32.839422)))",microsoft_us_building_footprints
ms-tx-000090,Microsoft footprint TX #91,TX,Irving,Dallas County,"rue21, Irving Mall, Irving, Dallas County, Texas, 75062, United States",915801.42,32.8398853,-96.9965976,,commercial_industrial_unknown,unknown,"MULTIPOLYGON (((-96.994684 32.839389, -96.994811 32.840284, -96.994328 32.8423, -96.994443 32.842319, -96.994363 32.842652, -96.994564 32.842686, -96.994659 32.842289, -96.995162 32.842374, -96.995366 32.841522, -96.996007 32.841631, -96.995874 32.840691, -96.995751 32.84067, -96.995773 32.84058, -96.996199 32.840538, -96.996227 32.840737, -96.996522 32.840707, -96.996771 32.840393, -96.996728 32.840088, -96.997075 32.840053, -96.99709 32.83999, -96.997916 32.839908, -96.997828 32.839286, -96.999933 32.839076, -96.999813 32.838229, -96.9964 32.83857, -96.996462 32.839008, -96.996663 32.839042, -96.996679 32.839156, -96.996178 32.839206, -96.996198 32.839352, -96.996023 32.83937, -96.996006 32.839257, -96.994684 32.839389)))",microsoft_us_building_footprints
ms-tx-000091,Microsoft footprint TX #92,TX,Victoria,Victoria County,"DeTar Hospital Navarro, 506, East San Antonio Street, Victoria, Victoria County, Texas, 77901, United States",160249.1,28.8082518,-96.9984830,,commercial_industrial_unknown,unknown,"MULTIPOLYGON (((-96.998013 28.807773, -96.998142 28.807942, -96.997977 28.807949, -96.997939 28.808099, -96.997985 28.808127, -96.997844 28.80821, -96.997828 28.807908, -96.997549 28.80792, -96.997569 28.808276, -96.997896 28.808263, -96.997832 28.808517, -96.998184 28.808502, -96.998193 28.808664, -96.997693 28.808685, -96.997706 28.808938, -96.997982 28.808926, -96.997995 28.809161, -96.998204 28.809152, -96.998336 28.808623, -96.998555 28.808613, -96.998426 28.808446, -96.998446 28.808367, -96.998433 28.808358, -96.998423 28.808174, -96.998622 28.808166, -96.99864 28.808495, -96.998966 28.808481, -96.998974 28.808619, -96.99933 28.808605, -96.999287 28.807812, -96.998933 28.807595, -96.998677 28.807746, -96.998013 28.807773)))",microsoft_us_building_footprints
ms-tx-000092,Microsoft footprint TX #93,TX,Lewisville,Denton County,"Hobby Lobby, 400B, East Round Grove Road, Lewisville, Denton County, Texas, 75067, United States",343987.33,33.0070631,-96.9791570,,commercial_industrial_unknown,unknown,"MULTIPOLYGON (((-96.97865 33.00898, -96.979351 33.008978, -96.97935 33.008664, -96.979576 33.008664, -96.979574 33.008077, -96.979013 33.008078, -96.979013 33.007966, -96.979241 33.007965, -96.97924 33.007556, -96.979524 33.007555, -96.979523 33.007398, -96.979566 33.007398, -96.979566 33.007335, -96.979663 33.007334, -96.979658 33.005863, -96.979721 33.005863, -96.979721 33.005759, -96.979583 33.005759, -96.979582 33.00549, -96.979654 33.00549, -96.979654 33.005423, -96.979356 33.005423, -96.979356 33.005321, -96.979764 33.00532, -96.979763 33.005103, -96.978918 33.005105, -96.978923 33.006506, -96.978711 33.006507, -96.978711 33.006777, -96.978643 33.006777, -96.97865 33.00898)))",microsoft_us_building_footprints
ms-tx-000093,Microsoft footprint TX #94,TX,Dallas,Dallas County,"East Jefferson Street, Dallas, Dallas County, Texas, 75051, United States",1178350.87,32.7435173,-96.9779045,,commercial_industrial_unknown,unknown,"MULTIPOLYGON (((-96.979845 32.742257, -96.976533 32.742385, -96.976498 32.741748, -96.975682 32.74178, -96.975703 32.742156, -96.975855 32.74215, -96.975872 32.742473, -96.976044 32.742466, -96.976058 32.742731, -96.975574 32.74275, -96.975587 32.743004, -96.975564 32.743005, -96.9756 32.743653, -96.97632 32.743625, -96.976323 32.743687, -96.975539 32.743717, -96.975564 32.744168, -96.976625 32.744127, -96.976573 32.743178, -96.976735 32.743172, -96.97683 32.744914, -96.977616 32.744884, -96.977625 32.745039, -96.978303 32.745013, -96.978294 32.744843, -96.979222 32.744807, -96.979227 32.744891, -96.978911 32.744903, -96.978926 32.745175, -96.979753 32.745143, -96.979733 32.74478, -96.979982 32.744771, -96.979845 32.742257)))",microsoft_us_building_footprints
ms-tx-000094,Microsoft footprint TX #95,TX,Irving,Dallas County,"Walmart Pharmacy, 4100, West Airport Freeway, Irving, Dallas County, Texas, 75062, United States",207792.46,32.8348181,-97.0063937,,commercial_industrial_unknown,unknown,"MULTIPOLYGON (((-97.005334 32.834339, -97.005369 32.835193, -97.005516 32.835189, -97.005519 32.835251, -97.005599 32.835249, -97.005601 32.835292, -97.00589 32.835284, -97.00589 32.835288, -97.006843 32.83526, -97.00684 32.835207, -97.007397 32.835191, -97.007403 32.835361, -97.007575 32.835356, -97.007556 32.834902, -97.007252 32.834911, -97.007247 32.834781, -97.007355 32.834777, -97.007353 32.834725, -97.007472 32.834721, -97.007468 32.83462, -97.007515 32.834619, -97.007514 32.834583, -97.007257 32.83459, -97.007248 32.834391, -97.006889 32.834401, -97.006884 32.834273, -97.006306 32.834289, -97.006309 32.834378, -97.005468 32.834403, -97.005465 32.834335, -97.005334 32.834339)))",microsoft_us_building_footprints
ms-tx-000095,Microsoft footprint TX #96,TX,Grand Prairie,Dallas County,"West Trinity Boulevard, Shady Grove, Grand Prairie, Dallas County, Texas, 75050, United States",425563.75,32.8011350,-97.0149060,,commercial_industrial_unknown,unknown,"MULTIPOLYGON (((-97.014225 32.802522, -97.015599 32.802518, -97.015587 32.799748, -97.014213 32.799752, -97.014225 32.802522)))",microsoft_us_building_footprints
ms-tx-000096,Microsoft footprint TX #97,TX,Lewisville,Denton County,"Walmart Supercenter, 190, East Round Grove Road, Lewisville, Denton County, Texas, 75067, United States",218661.56,33.0004976,-96.9910757,,commercial_industrial_unknown,unknown,"MULTIPOLYGON (((-96.991761 32.999969, -96.990959 32.999964, -96.990959 32.999971, -96.990248 32.999966, -96.99025 32.999795, -96.990124 32.999794, -96.990114 33.000876, -96.990328 33.000878, -96.990327 33.001013, -96.990509 33.001014, -96.990509 33.001045, -96.990616 33.001046, -96.990617 33.001015, -96.991268 33.001019, -96.991268 33.001048, -96.991378 33.001049, -96.991378 33.00102, -96.991491 33.00102, -96.991492 33.000881, -96.991881 33.000884, -96.99188 33.001043, -96.992255 33.001046, -96.992259 33.000636, -96.991868 33.000634, -96.99187 33.000384, -96.992135 33.000386, -96.992137 33.000235, -96.991855 33.000233, -96.991856 33.00017, -96.991759 33.00017, -96.991761 32.999969)))",microsoft_us_building_footprints
ms-tx-000097,Microsoft footprint TX #98,TX,Irving,Dallas County,"American Airlines DFW Maintenance Hangar 5, East 28th Street, Irving, Dallas County, Texas, 75261, United States",281432.62,32.8858517,-97.0204072,,commercial_industrial_unknown,unknown,"MULTIPOLYGON (((-97.018944 32.886271, -97.022055 32.886267, -97.022055 32.886206, -97.02195 32.886175, -97.021949 32.885522, -97.021336 32.885523, -97.021336 32.88541, -97.021171 32.88541, -97.021171 32.885448, -97.021161 32.885471, -97.021038 32.885471, -97.021038 32.885424, -97.020861 32.885424, -97.020842 32.885418, -97.020842 32.885388, -97.020735 32.885388, -97.020724 32.885415, -97.018872 32.885417, -97.018873 32.885714, -97.018956 32.885714, -97.018956 32.885748, -97.019023 32.885748, -97.019023 32.885885, -97.018861 32.885885, -97.018861 32.886075, -97.018877 32.886079, -97.019011 32.886079, -97.019034 32.886086, -97.018944 32.886271)))",microsoft_us_building_footprints
ms-tx-000098,Microsoft footprint TX #99,TX,Coppell,Dallas County,"875, West Sandy Lake Road, Coppell, Dallas County, Texas, 75019, United States",553642.97,32.9710180,-97.0174373,,commercial_industrial_unknown,unknown,"MULTIPOLYGON (((-97.019306 32.971691, -97.019318 32.970368, -97.015568 32.970345, -97.015557 32.971668, -97.019306 32.971691)))",microsoft_us_building_footprints
ms-tx-000099,Microsoft footprint TX #100,TX,Irving,Dallas County,"Irving, Dallas County, Texas, 76155, United States",251065.73,32.8214023,-97.0227820,,commercial_industrial_unknown,unknown,"MULTIPOLYGON (((-97.02141 32.821658, -97.023998 32.821994, -97.024154 32.821146, -97.021565 32.820811, -97.02141 32.821658)))",microsoft_us_building_footprints
ms-tx-000100,Microsoft footprint TX #101,TX,Grapevine,Dallas County,"Corporate Drive, Grapevine, Dallas County, Texas, 75019, United States",207035.46,32.9830530,-97.0265518,,commercial_industrial_unknown,unknown,"MULTIPOLYGON (((-97.025406 32.983665, -97.026093 32.984152, -97.026841 32.98341, -97.026737 32.983337, -97.026736 32.98333, -97.027557 32.982515, -97.027475 32.982049, -97.027219 32.981867, -97.025406 32.983665)))",microsoft_us_building_footprints
ms-tx-000101,Microsoft footprint TX #102,TX,Coppell,Dallas County,"1373, Crestside Drive, Coppell, Dallas County, Texas, 75019, United States",110945.87,32.9350965,-96.9982445,,commercial_industrial_unknown,unknown,"MULTIPOLYGON (((-96.999403 32.935258, -96.999402 32.93489, -96.999324 32.93489, -96.999285 32.934879, -96.999178 32.934879, -96.999156 32.934891, -96.99914 32.934929, -96.999 32.934929, -96.999 32.93481, -96.997891 32.93481, -96.997881 32.934833, -96.997882 32.93493, -96.99775 32.93493, -96.997732 32.93494, -96.997702 32.934931, -96.997299 32.934931, -96.997283 32.934971, -96.997183 32.935025, -96.997162 32.935075, -96.997127 32.935094, -96.997491 32.935569, -96.998066 32.935259, -96.999403 32.935258)))",microsoft_us_building_footprints
ms-tx-000102,Microsoft footprint TX #103,TX,Grand Prairie,Dallas County,"Litex, 3401 West, Trinity Ridge Drive, Grand Prairie, Dallas County, Texas, 75050, United States",282298.64,32.8086645,-97.0324455,,commercial_industrial_unknown,unknown,"MULTIPOLYGON (((-97.0313 32.809212, -97.033585 32.809222, -97.033591 32.808117, -97.031306 32.808107, -97.0313 32.809212)))",microsoft_us_building_footprints
ms-tx-000103,Microsoft footprint TX #104,TX,Grand Prairie,Dallas County,"Lockheed Martin Drive, Grand Prairie, Dallas County, Texas, 75051, United States",252955.65,32.7178163,-97.0341923,,commercial_industrial_unknown,unknown,"MULTIPOLYGON (((-97.0334 32.71853, -97.034975 32.718538, -97.034984 32.717102, -97.03341 32.717095, -97.0334 32.71853)))",microsoft_us_building_footprints
ms-tx-000104,Microsoft footprint TX #105,TX,Flower Mound,Denton County,"Garden Ridge Boulevard, Flower Mound, Denton County, Texas, 75067, United States",758347.13,32.9948752,-97.0355826,,commercial_industrial_unknown,unknown,"MULTIPOLYGON (((-97.034806 32.997068, -97.036355 32.997072, -97.036372 32.992759, -97.035595 32.992756, -97.035596 32.992606, -97.034824 32.992604, -97.034806 32.997068)))",microsoft_us_building_footprints
ms-tx-000105,Microsoft footprint TX #106,TX,Grapevine,Tarrant County,"Terminal E, Grapevine, Tarrant County, Texas, 75261, United States",500046.28,32.8889156,-97.0372185,,commercial_industrial_unknown,unknown,"MULTIPOLYGON (((-97.035924 32.888652, -97.035867 32.888591, -97.035536 32.890554, -97.035791 32.89124, -97.035901 32.891211, -97.035813 32.890975, -97.036048 32.891003, -97.036107 32.890658, -97.035965 32.890279, -97.036084 32.890247, -97.03625 32.889722, -97.036034 32.889491, -97.036727 32.889034, -97.03673 32.889044, -97.037105 32.888797, -97.037323 32.888823, -97.036925 32.889086, -97.03732 32.889509, -97.038899 32.889094, -97.03896 32.888735, -97.038355 32.888358, -97.038313 32.888313, -97.038423 32.888241, -97.039007 32.88831, -97.039118 32.887656, -97.037265 32.888142, -97.037195 32.887956, -97.037559 32.88786, -97.037474 32.887631, -97.035924 32.888652)))",microsoft_us_building_footprints
ms-tx-000106,Microsoft footprint TX #107,TX,Fort Worth,Tarrant County,"3400, High River Road, Fort Worth, Tarrant County, Texas, 76155, United States",332327.6,32.8109285,-97.0408652,,commercial_industrial_unknown,unknown,"MULTIPOLYGON (((-97.039724 32.810271, -97.039717 32.81157, -97.042019 32.811579, -97.042025 32.810429, -97.041953 32.810429, -97.041953 32.810353, -97.041868 32.810352, -97.041868 32.81028, -97.039724 32.810271)))",microsoft_us_building_footprints
ms-tx-000107,Microsoft footprint TX #108,TX,Coppell,Dallas County,"Freeport Parkway, Coppell, Dallas County, Texas, 75019, United States",152037.79,32.9448140,-97.0119565,,commercial_industrial_unknown,unknown,"MULTIPOLYGON (((-97.011626 32.943856, -97.011613 32.94463, -97.01156 32.94463, -97.011554 32.945023, -97.011609 32.945024, -97.011597 32.945765, -97.012298 32.945773, -97.012329 32.943864, -97.011626 32.943856)))",microsoft_us_building_footprints
ms-tx-000108,Microsoft footprint TX #109,TX,Fort Worth,Tarrant County,"14800, Trinity Boulevard, Fort Worth, Tarrant County, Texas, 76155, United States",126454.64,32.8207661,-97.0454607,,commercial_industrial_unknown,unknown,"MULTIPOLYGON (((-97.044778 32.821378, -97.045977 32.821389, -97.045993 32.820153, -97.044792 32.820142, -97.044787 32.820513, -97.045502 32.820519, -97.045495 32.821013, -97.044783 32.821006, -97.044778 32.821378)))",microsoft_us_building_footprints
ms-tx-000109,Microsoft footprint TX #110,TX,Grand Prairie,Dallas County,"South State Highway 161, Grand Prairie, Dallas County, Texas, 75051, United States",327346.74,32.7318924,-97.0211288,,commercial_industrial_unknown,unknown,"MULTIPOLYGON (((-97.02052 32.733032, -97.021808 32.733015, -97.021767 32.730787, -97.020479 32.730804, -97.020481 32.730889, -97.02024 32.730892, -97.020245 32.731122, -97.020485 32.731119, -97.02052 32.733032)))",microsoft_us_building_footprints
ms-tx-000110,Microsoft footprint TX #111,TX,Arlington,Tarrant County,"3306, Avenue F East, Arlington, Tarrant County, Texas, 76011, United States",110900.8,32.7584081,-97.0509300,,commercial_industrial_unknown,unknown,"MULTIPOLYGON (((-97.050412 32.758743, -97.050739 32.758743, -97.050739 32.758938, -97.051541 32.758939, -97.051541 32.758461, -97.051262 32.758461, -97.051263 32.757854, -97.050413 32.757853, -97.050412 32.758743)))",microsoft_us_building_footprints
ms-tx-000111,Microsoft footprint TX #112,TX,Lake Dallas,Denton County,"401, Main Street, Lake Dallas, Denton County, Texas, 75065, United States",130056.19,33.1197310,-97.0244494,,commercial_industrial_unknown,unknown,"MULTIPOLYGON (((-97.025453 33.119392, -97.024546 33.119378, -97.024534 33.119344, -97.024423 33.119342, -97.024374 33.119355, -97.024246 33.119353, -97.024205 33.119363, -97.024204 33.119391, -97.023533 33.119568, -97.023533 33.119561, -97.023398 33.119597, -97.023553 33.12001, -97.023598 33.120011, -97.024019 33.1199, -97.024039 33.119954, -97.024087 33.119955, -97.024226 33.120326, -97.024508 33.120252, -97.024509 33.120233, -97.024494 33.120193, -97.024857 33.120097, -97.02486 33.119931, -97.024713 33.119928, -97.024715 33.119825, -97.025443 33.119836, -97.025453 33.119392)))",microsoft_us_building_footprints
ms-tx-000112,Microsoft footprint TX #113,TX,Lewisville,Denton County,"1392, West Main Street, Lewisville, Denton County, Texas, 75067, United States",123202.76,33.0410123,-97.0291892,,commercial_industrial_unknown,unknown,"MULTIPOLYGON (((-97.029578 33.040876, -97.029565 33.041658, -97.029568 33.041658, -97.029564 33.041892, -97.030044 33.041897, -97.030051 33.041475, -97.030091 33.041475, -97.0301 33.040949, -97.029901 33.040947, -97.029903 33.040859, -97.029608 33.040856, -97.029612 33.040624, -97.029284 33.04062, -97.029286 33.040528, -97.028852 33.040523, -97.028851 33.040553, -97.028647 33.04055, -97.028648 33.040501, -97.028203 33.040496, -97.028202 33.040547, -97.027987 33.040545, -97.027988 33.040496, -97.027787 33.040493, -97.027781 33.040855, -97.029578 33.040876)))",microsoft_us_building_footprints
ms-tx-000113,Microsoft footprint TX #114,TX,Grand Prairie,Dallas County,"Ellis Court, Grand Prairie, Dallas County, Texas, 75051, United States",281469.07,32.7079631,-97.0309464,,commercial_industrial_unknown,unknown,"MULTIPOLYGON (((-97.031256 32.705897, -97.030827 32.705896, -97.030827 32.70586, -97.030621 32.70586, -97.030621 32.705975, -97.030655 32.705975, -97.03065 32.708074, -97.030601 32.708074, -97.030601 32.708146, -97.030639 32.708146, -97.030634 32.710028, -97.031245 32.710029, -97.031256 32.705897)))",microsoft_us_building_footprints
ms-tx-000114,Microsoft footprint TX #115,TX,Grand Prairie,Dallas County,"Lance Drive, Grand Prairie, Dallas County, Texas, 75051, United States",503912.09,32.7171340,-97.0305269,,commercial_industrial_unknown,unknown,"MULTIPOLYGON (((-97.031268 32.715433, -97.02993 32.715422, -97.029922 32.716093, -97.030923 32.716101, -97.030921 32.716205, -97.030374 32.716201, -97.030317 32.71634, -97.030109 32.71628, -97.03005 32.716427, -97.030049 32.716488, -97.030341 32.716491, -97.030339 32.716673, -97.029823 32.716526, -97.029825 32.716369, -97.029789 32.716369, -97.029723 32.716533, -97.029711 32.717579, -97.02955 32.717577, -97.029531 32.717626, -97.029722 32.717627, -97.029712 32.718517, -97.030428 32.718522, -97.030428 32.718594, -97.030277 32.718593, -97.030273 32.718995, -97.030748 32.718999, -97.030752 32.718597, -97.030538 32.718595, -97.030538 32.718519, -97.031233 32.718524, -97.031268 32.715433)))",microsoft_us_building_footprints
ms-tx-000115,Microsoft footprint TX #116,TX,Grand Prairie,Tarrant County,"2517, West Marshall Drive, Grand Prairie, Tarrant County, Texas, 75051, United States",110384.74,32.7199407,-97.0423931,,commercial_industrial_unknown,unknown,"MULTIPOLYGON (((-97.041877 32.720384, -97.043137 32.720392, -97.043142 32.719886, -97.042474 32.719882, -97.042479 32.719293, -97.041887 32.719289, -97.041877 32.720384)))",microsoft_us_building_footprints
ms-tx-000116,Microsoft footprint TX #117,TX,Grand Prairie,Tarrant County,"West Carrier Parkway, Grand Prairie, Tarrant County, Texas, 75050, United States",227013.68,32.7865817,-97.0443108,,commercial_industrial_unknown,unknown,"MULTIPOLYGON (((-97.046342 32.78684, -97.046345 32.786341, -97.042281 32.786323, -97.042278 32.786823, -97.046342 32.78684)))",microsoft_us_building_footprints
ms-tx-000117,Microsoft footprint TX #118,TX,Grand Prairie,Tarrant County,"Post & Paddock Road, Grand Prairie, Tarrant County, Texas, 75050, United States",114117.65,32.7923143,-97.0479586,,commercial_industrial_unknown,unknown,"MULTIPOLYGON (((-97.047467 32.792726, -97.048546 32.792732, -97.048552 32.791862, -97.04747 32.791856, -97.047466 32.792348, -97.047277 32.792347, -97.047274 32.792763, -97.047467 32.792764, -97.047467 32.792726)))",microsoft_us_building_footprints
ms-tx-000118,Microsoft footprint TX #119,TX,Highland Village,Denton County,"901, Briarwick Lane, Briarhill III, Highland Village, Denton County, Texas, 75077, United States",118697.17,33.0754242,-97.0734006,,commercial_industrial_unknown,unknown,"MULTIPOLYGON (((-97.072979 33.074728, -97.072917 33.074778, -97.072982 33.074833, -97.072909 33.074893, -97.072913 33.075175, -97.07331 33.075171, -97.073312 33.075291, -97.072958 33.075295, -97.072962 33.075542, -97.072864 33.075543, -97.072865 33.075613, -97.072959 33.075612, -97.072965 33.076031, -97.073885 33.076021, -97.073874 33.075295, -97.073637 33.075298, -97.073636 33.075221, -97.073589 33.075181, -97.073591 33.075179, -97.07388 33.075176, -97.073877 33.074992, -97.073721 33.074994, -97.073803 33.074926, -97.073843 33.074961, -97.073887 33.07496, -97.073885 33.074879, -97.073798 33.074804, -97.073621 33.074806, -97.073457 33.074941, -97.073149 33.074678, -97.073033 33.074774, -97.072979 33.074728)))",microsoft_us_building_footprints
ms-tx-000119,Microsoft footprint TX #120,TX,Grand Prairie,Tarrant County,"1145, Avenue S, DFW Corp Park, Grand Prairie, Tarrant County, Texas, 75050, United States",169234.85,32.7887320,-97.0483915,,commercial_industrial_unknown,unknown,"MULTIPOLYGON (((-97.049751 32.788458, -97.047034 32.788449, -97.047032 32.789006, -97.049749 32.789015, -97.049751 32.788458)))",microsoft_us_building_footprints
ms-tx-000120,Microsoft footprint TX #121,TX,Arlington,Tarrant County,"787, 110th Street, Arlington, Tarrant County, Texas, 76011, United States",153756.56,32.7535485,-97.0522908,,commercial_industrial_unknown,unknown,"MULTIPOLYGON (((-97.051923 32.754488, -97.052654 32.75449, -97.052658 32.752608, -97.051928 32.752607, -97.051923 32.754488)))",microsoft_us_building_footprints
ms-tx-000121,Microsoft footprint TX #122,TX,Grand Prairie,Tarrant County,"996, Avenue S, DFW Corp Park, Grand Prairie, Tarrant County, Texas, 75050, United States",120588.89,32.7873429,-97.0514673,,commercial_industrial_unknown,unknown,"MULTIPOLYGON (((-97.052487 32.787091, -97.050402 32.787085, -97.050402 32.787275, -97.050238 32.787274, -97.050238 32.787361, -97.050326 32.787361, -97.050326 32.787421, -97.0504 32.787421, -97.050399 32.787478, -97.05044 32.787478, -97.050439 32.787513, -97.050479 32.787513, -97.050479 32.787548, -97.050516 32.787548, -97.050516 32.78758, -97.052348 32.787585, -97.052348 32.787607, -97.052412 32.787699, -97.052505 32.7877, -97.052619 32.787643, -97.052619 32.787566, -97.052556 32.787476, -97.052485 32.787476, -97.052487 32.787091)))",microsoft_us_building_footprints
ms-tx-000122,Microsoft footprint TX #123,TX,Arlington,Tarrant County,"East Interstate 20, Arlington, Tarrant County, Texas, 76018, United States",101741.93,32.6788040,-97.0747120,,commercial_industrial_unknown,unknown,"MULTIPOLYGON (((-97.074254 32.678308, -97.074253 32.679299, -97.07517 32.6793, -97.075171 32.678309, -97.074254 32.678308)))",microsoft_us_building_footprints
ms-tx-000123,Microsoft footprint TX #124,TX,Denton,Denton County,"Kroger, 1592, South Loop 288, Denton, Denton County, Texas, 76205, United States",127160.29,33.1952010,-97.0952174,,commercial_industrial_unknown,unknown,"MULTIPOLYGON (((-97.09397 33.194973, -97.093613 33.19536, -97.093833 33.195502, -97.094094 33.195219, -97.094814 33.19522, -97.094826 33.195228, -97.094826 33.195397, -97.095176 33.195398, -97.095176 33.195435, -97.095216 33.195461, -97.095216 33.195507, -97.095684 33.195507, -97.095684 33.195592, -97.095706 33.195606, -97.095971 33.195606, -97.095971 33.195526, -97.096128 33.195526, -97.096155 33.195497, -97.096282 33.195497, -97.096283 33.194963, -97.095967 33.194962, -97.095967 33.19492, -97.095943 33.19492, -97.095901 33.194893, -97.095439 33.194892, -97.095423 33.194909, -97.095248 33.194909, -97.095248 33.194979, -97.095119 33.194979, -97.095119 33.194936, -97.094969 33.194936, -97.094934 33.194974, -97.09397 33.194973)))",microsoft_us_building_footprints
ms-tx-000124,Microsoft footprint TX #125,TX,Grapevine,Tarrant County,"Grayson Drive, Grapevine, Tarrant County, Texas, 76051, United States",230657.82,32.9157053,-97.0991975,,commercial_industrial_unknown,unknown,"MULTIPOLYGON (((-97.100319 32.916069, -97.098977 32.914713, -97.098076 32.915341, -97.099418 32.916698, -97.100319 32.916069)))",microsoft_us_building_footprints
ms-tx-000125,Microsoft footprint TX #126,TX,Hillsboro,Hill County,"Hill Regional Hospital, 101, Jane Lane, Hillsboro, Hill County, Texas, 76645, United States",125088.07,32.0131377,-97.0992015,,commercial_industrial_unknown,unknown,"MULTIPOLYGON (((-97.098745 32.012678, -97.098815 32.012902, -97.098765 32.012913, -97.098726 32.012969, -97.098639 32.012988, -97.098687 32.013143, -97.09861 32.01316, -97.098634 32.013235, -97.098656 32.013237, -97.098781 32.013634, -97.099068 32.013569, -97.099088 32.013635, -97.098865 32.013685, -97.098943 32.013933, -97.099612 32.013782, -97.099524 32.013502, -97.0996 32.013463, -97.099564 32.013347, -97.099491 32.013364, -97.099427 32.01316, -97.099523 32.013119, -97.099566 32.012853, -97.099642 32.012796, -97.099597 32.012653, -97.099944 32.012575, -97.099878 32.012365, -97.099189 32.012521, -97.099179 32.01258, -97.098745 32.012678)))",microsoft_us_building_footprints
ms-tx-000126,Microsoft footprint TX #127,TX,Grapevine,Tarrant County,"Grayson Drive, Grapevine, Tarrant County, Texas, 76051, United States",127785.58,32.9172750,-97.1010340,,commercial_industrial_unknown,unknown,"MULTIPOLYGON (((-97.100134 32.917437, -97.100655 32.917979, -97.101934 32.917113, -97.101413 32.916571, -97.100134 32.917437)))",microsoft_us_building_footprints
ms-tx-000127,Microsoft footprint TX #128,TX,Waco,McLennan County,"Indian Spring Middle School, North University Parks Drive, Waco, McLennan County, Texas, 76707, United States",107131.21,31.5624753,-97.1337304,,commercial_industrial_unknown,unknown,"MULTIPOLYGON (((-97.132826 31.562183, -97.133279 31.562574, -97.133251 31.562598, -97.133679 31.562967, -97.133965 31.562726, -97.133952 31.562715, -97.134056 31.562627, -97.134134 31.562694, -97.134207 31.562633, -97.134412 31.56281, -97.134301 31.562903, -97.134619 31.563177, -97.134852 31.56298, -97.134552 31.562721, -97.134528 31.562742, -97.134235 31.56249, -97.134257 31.562471, -97.133676 31.56197, -97.133506 31.562113, -97.133212 31.561859, -97.132826 31.562183)))",microsoft_us_building_footprints
ms-tx-000128,Microsoft footprint TX #129,TX,Mansfield,Tarrant County,"869, 4th Avenue, Mansfield, Tarrant County, Texas, 76063, United States",135611.9,32.5521822,-97.1445947,,commercial_industrial_unknown,unknown,"MULTIPOLYGON (((-97.143515 32.552526, -97.143755 32.552982, -97.144522 32.552695, -97.144438 32.552534, -97.144872 32.552371, -97.144879 32.552385, -97.144931 32.552365, -97.144945 32.552393, -97.145132 32.552323, -97.1451 32.552262, -97.145544 32.552096, -97.14545 32.551918, -97.145482 32.551906, -97.145416 32.551781, -97.145335 32.551812, -97.145098 32.551363, -97.144414 32.551619, -97.144665 32.552095, -97.143515 32.552526)))",microsoft_us_building_footprints
ms-tx-000129,Microsoft footprint TX #130,TX,Arlington,Tarrant County,"1900, Division Court, Arlington, Tarrant County, Texas, 76012, United States",103090.01,32.7348656,-97.1443813,,commercial_industrial_unknown,unknown,"MULTIPOLYGON (((-97.14321 32.735025, -97.143574 32.735039, -97.143578 32.734958, -97.144194 32.734981, -97.144188 32.735091, -97.144948 32.73512, -97.144939 32.735304, -97.145139 32.735312, -97.145154 32.735044, -97.145372 32.735052, -97.145389 32.734723, -97.145141 32.734714, -97.145148 32.734592, -97.144752 32.734577, -97.144746 32.734688, -97.144666 32.734685, -97.144669 32.734619, -97.144211 32.734602, -97.144207 32.734681, -97.14417 32.73468, -97.14417 32.734682, -97.143409 32.734654, -97.143407 32.734699, -97.143155 32.734689, -97.143143 32.73493, -97.143215 32.734933, -97.14321 32.735025)))",microsoft_us_building_footprints
ms-tx-000130,Microsoft footprint TX #131,TX,Waco,McLennan County,"Cheddar's Drive, Waco, McLennan County, Texas, 76711, United States",197705.15,31.5244544,-97.1626732,,commercial_industrial_unknown,unknown,"MULTIPOLYGON (((-97.163784 31.524217, -97.163404 31.523867, -97.16318 31.524044, -97.162649 31.523554, -97.162234 31.523881, -97.162456 31.524086, -97.162233 31.524261, -97.162199 31.52423, -97.16214 31.524276, -97.162151 31.524287, -97.162047 31.524369, -97.162078 31.524397, -97.161657 31.524729, -97.162337 31.525357, -97.163784 31.524217)))",microsoft_us_building_footprints
ms-tx-000131,Microsoft footprint TX #132,TX,Waco,McLennan County,"549, Schroeder Drive, Waco, McLennan County, Texas, 76710, United States",100348.14,31.5131970,-97.1784520,,commercial_industrial_unknown,unknown,"MULTIPOLYGON (((-97.177731 31.513227, -97.178425 31.513812, -97.179173 31.513167, -97.178479 31.512582, -97.177731 31.513227)))",microsoft_us_building_footprints
ms-tx-000132,Microsoft footprint TX #133,TX,Waco,McLennan County,"Waco, McLennan County, Texas, 76643, United States",134796.8,31.4883033,-97.1913912,,commercial_industrial_unknown,unknown,"MULTIPOLYGON (((-97.190498 31.488327, -97.190858 31.488906, -97.191727 31.488513, -97.191834 31.488685, -97.192311 31.488469, -97.192239 31.488353, -97.192466 31.488251, -97.192327 31.488028, -97.19227 31.488053, -97.192297 31.488096, -97.192121 31.488175, -97.192111 31.488159, -97.19192 31.488245, -97.191611 31.487747, -97.191533 31.487782, -97.191462 31.487667, -97.190865 31.487936, -97.190974 31.488112, -97.190498 31.488327)))",microsoft_us_building_footprints
ms-tx-000133,Microsoft footprint TX #134,TX,Arlington,Tarrant County,"Mary Moore Elementary School, 5500, Park Springs Boulevard, Arlington, Tarrant County, Texas, 76017, United States",103030.84,32.6558842,-97.1678780,,commercial_industrial_unknown,unknown,"MULTIPOLYGON (((-97.168205 32.655329, -97.167547 32.655321, -97.167546 32.65534, -97.167394 32.655339, -97.167391 32.655523, -97.167575 32.655525, -97.167573 32.65564, -97.167402 32.655638, -97.167397 32.655941, -97.167566 32.655943, -97.167565 32.656007, -97.167478 32.656006, -97.167473 32.656364, -97.167683 32.656366, -97.167681 32.656471, -97.168075 32.656476, -97.168077 32.656368, -97.168345 32.656371, -97.168351 32.655993, -97.168193 32.655991, -97.168194 32.65595, -97.168347 32.655951, -97.168352 32.655639, -97.1682 32.655637, -97.168205 32.655329)))",microsoft_us_building_footprints
ms-tx-000134,Microsoft footprint TX #135,TX,Waco,McLennan County,"5401, Bosque Boulevard, Waco, McLennan County, Texas, 76710, United States",170718.46,31.5350601,-97.1928669,,commercial_industrial_unknown,unknown,"MULTIPOLYGON (((-97.193839 31.535167, -97.193744 31.535005, -97.19382 31.534973, -97.193448 31.534346, -97.19209 31.534931, -97.192148 31.535027, -97.191637 31.535247, -97.191801 31.535524, -97.191934 31.535467, -97.191973 31.535532, -97.192328 31.535379, -97.192258 31.535261, -97.192325 31.535232, -97.192602 31.535699, -97.193839 31.535167)))",microsoft_us_building_footprints
ms-tx-000135,Microsoft footprint TX #136,TX,Denton,Denton County,"Schulumberger, 2340, Interstate 35W, Denton, Denton County, Texas, 76207, United States",157753.55,33.1929400,-97.1719943,,commercial_industrial_unknown,unknown,"MULTIPOLYGON (((-97.170721 33.192673, -97.170728 33.193231, -97.173268 33.193207, -97.17326 33.192649, -97.170721 33.192673)))",microsoft_us_building_footprints
ms-tx-000136,Microsoft footprint TX #137,TX,Hewitt,McLennan County,"Midway Middle School, North Hewitt Drive, Hewitt, McLennan County, Texas, 76643, United States",245066.47,31.4790807,-97.2043867,,commercial_industrial_unknown,unknown,"MULTIPOLYGON (((-97.203842 31.479735, -97.204651 31.479404, -97.204827 31.479717, -97.20463 31.479798, -97.204787 31.480076, -97.205681 31.47971, -97.2055 31.479388, -97.205236 31.479496, -97.204932 31.478955, -97.204841 31.478965, -97.204749 31.478802, -97.204676 31.478811, -97.204606 31.478748, -97.204933 31.478614, -97.204588 31.478, -97.203923 31.478273, -97.204335 31.479005, -97.204269 31.479032, -97.204092 31.478873, -97.204006 31.478883, -97.203905 31.478704, -97.203856 31.47866, -97.203843 31.478576, -97.203763 31.478504, -97.203253 31.478713, -97.203306 31.478806, -97.203265 31.478839, -97.203345 31.478981, -97.203282 31.479031, -97.203453 31.479334, -97.203557 31.479292, -97.203629 31.479357, -97.203842 31.479735)))",microsoft_us_building_footprints
ms-tx-000137,Microsoft footprint TX #138,TX,Roanoke,Denton County,"Subway, 2775, Bobcat Boulevard, Trophy Club, Roanoke, Denton County, Texas, 76262, United States",337233.02,33.0191439,-97.2030053,,commercial_industrial_unknown,unknown,"MULTIPOLYGON (((-97.205117 33.019158, -97.203418 33.018685, -97.203425 33.018668, -97.202686 33.01872, -97.202658 33.018435, -97.201641 33.018152, -97.20154 33.018405, -97.201582 33.018819, -97.201939 33.018919, -97.20198 33.019321, -97.201838 33.019282, -97.201822 33.019323, -97.201135 33.019372, -97.201096 33.01947, -97.203569 33.020158, -97.203507 33.019934, -97.202212 33.019574, -97.202482 33.018893, -97.202914 33.019014, -97.202677 33.019613, -97.203155 33.019746, -97.203341 33.019277, -97.203533 33.019263, -97.203819 33.019343, -97.203755 33.019504, -97.204362 33.019673, -97.204342 33.019485, -97.204923 33.019647, -97.205117 33.019158)))",microsoft_us_building_footprints
ms-tx-000138,Microsoft footprint TX #139,TX,Port Isabel,Cameron County,"Port Isabel Junior High School, 17001, East Ocean Boulevard, Port Isabel, Cameron County, Texas, 78578, United States",104542.65,26.0749392,-97.2439548,,commercial_industrial_unknown,unknown,"MULTIPOLYGON (((-97.243315 26.074864, -97.24382 26.075632, -97.243909 26.075585, -97.243846 26.07549, -97.244134 26.075337, -97.244168 26.07539, -97.244397 26.075269, -97.244493 26.075414, -97.244515 26.075403, -97.2445 26.07538, -97.244508 26.075376, -97.244316 26.075085, -97.24461 26.074929, -97.2445 26.074761, -97.244416 26.074806, -97.244301 26.07463, -97.24435 26.074605, -97.24422 26.074406, -97.24413 26.074454, -97.244041 26.074318, -97.243571 26.074567, -97.24365 26.074686, -97.243315 26.074864)))",microsoft_us_building_footprints
ms-tx-000139,Microsoft footprint TX #140,TX,Fort Worth,Tarrant County,"5124, Brush Creek Road, Fort Worth, Tarrant County, Texas, 76119, United States",111182.97,32.6953185,-97.2447068,,commercial_industrial_unknown,unknown,"MULTIPOLYGON (((-97.245645 32.695179, -97.243886 32.694911, -97.243769 32.695458, -97.245527 32.695726, -97.245645 32.695179)))",microsoft_us_building_footprints
ms-tx-000140,Microsoft footprint TX #141,TX,Roanoke,Denton County,"Freedom Drive, Alliance Gateway North, Roanoke, Denton County, Texas, 76262, United States",197307.96,32.9961855,-97.2426495,,commercial_industrial_unknown,unknown,"MULTIPOLYGON (((-97.241767 32.996687, -97.243534 32.996685, -97.243532 32.995684, -97.241765 32.995686, -97.241767 32.996687)))",microsoft_us_building_footprints
ms-tx-000141,Microsoft footprint TX #142,TX,Haltom City,Tarrant County,"Meacham Boulevard, Haltom City, Tarrant County, Texas, 76136, United States",182126.0,32.8228373,-97.2870895,,commercial_industrial_unknown,unknown,"MULTIPOLYGON (((-97.28769 32.822102, -97.286154 32.822655, -97.286448 32.823232, -97.286123 32.823349, -97.286163 32.823428, -97.286171 32.823521, -97.286173 32.823523, -97.286182 32.823632, -97.286197 32.82366, -97.286284 32.823628, -97.28628 32.82359, -97.286431 32.823536, -97.286456 32.823585, -97.286566 32.823545, -97.28656 32.823477, -97.287765 32.823043, -97.287803 32.823117, -97.287979 32.823053, -97.287999 32.823037, -97.28814 32.822986, -97.28769 32.822102)))",microsoft_us_building_footprints
ms-tx-000142,Microsoft footprint TX #143,TX,Fort Worth,Denton County,"Eagle Parkway, Fort Worth, Denton County, Texas, 76177, United States",169611.83,33.0029428,-97.3106629,,commercial_industrial_unknown,unknown,"MULTIPOLYGON (((-97.311563 33.002433, -97.30963 33.002683, -97.309772 33.003457, -97.310848 33.003317, -97.310857 33.003361, -97.310891 33.003357, -97.31088 33.003299, -97.311703 33.003192, -97.311563 33.002433)))",microsoft_us_building_footprints
ms-tx-000143,Microsoft footprint TX #144,TX,Fort Worth,Tarrant County,"Hydra Rig, 1020, Everman Parkway, Fort Worth, Tarrant County, Texas, 76134, United States",257589.33,32.6266164,-97.3187232,,commercial_industrial_unknown,unknown,"MULTIPOLYGON (((-97.31939 32.625675, -97.318285 32.625666, -97.318283 32.625827, -97.318932 32.625832, -97.31893 32.625994, -97.31815 32.625988, -97.318147 32.626238, -97.31922 32.626246, -97.319217 32.626519, -97.318839 32.626516, -97.31884 32.626389, -97.318695 32.626388, -97.318694 32.626515, -97.318568 32.626514, -97.318569 32.626389, -97.318127 32.626386, -97.318125 32.626519, -97.318109 32.626519, -97.318105 32.626869, -97.317706 32.626866, -97.317711 32.626385, -97.317421 32.626383, -97.317416 32.626837, -97.317623 32.626838, -97.317617 32.627351, -97.317977 32.627354, -97.317981 32.626991, -97.31826 32.626993, -97.318256 32.627358, -97.319538 32.627368, -97.319556 32.625699, -97.31939 32.625697, -97.31939 32.625675)))",microsoft_us_building_footprints
ms-tx-000144,Microsoft footprint TX #145,TX,Haslet,Tarrant County,"Railhead Drive, Haslet, Tarrant County, Texas, 76177, United States",217725.17,32.9810733,-97.3333126,,commercial_industrial_unknown,unknown,"MULTIPOLYGON (((-97.333992 32.980227, -97.332419 32.980994, -97.332329 32.980861, -97.331942 32.981044, -97.332126 32.981317, -97.332319 32.981226, -97.332595 32.981636, -97.33276 32.981558, -97.332996 32.981909, -97.333712 32.98157, -97.333684 32.981528, -97.333682 32.981491, -97.333588 32.981428, -97.33358 32.981207, -97.333583 32.981204, -97.333514 32.981206, -97.333512 32.981166, -97.333622 32.981163, -97.333651 32.981133, -97.333653 32.981212, -97.333894 32.981206, -97.333895 32.981243, -97.333935 32.981302, -97.333965 32.981301, -97.334064 32.981367, -97.334472 32.981174, -97.334466 32.98102, -97.334305 32.981024, -97.334302 32.98092, -97.334235 32.98082, -97.334226 32.980574, -97.333992 32.980227)))",microsoft_us_building_footprints
ms-tx-000145,Microsoft footprint TX #146,TX,Fort Worth,Tarrant County,"Fort Worth Misc. Manufacturing, 5000, South Freeway, Fort Worth, Tarrant County, Texas, 76115, United States",497705.87,32.6726775,-97.3227578,,commercial_industrial_unknown,unknown,"MULTIPOLYGON (((-97.324316 32.67205, -97.323156 32.67205, -97.323156 32.671867, -97.322916 32.671867, -97.322916 32.671718, -97.322388 32.671717, -97.322388 32.6716, -97.322132 32.6716, -97.322132 32.671557, -97.322077 32.671557, -97.322077 32.671597, -97.321736 32.671597, -97.321736 32.67199, -97.32161 32.67199, -97.321609 32.672581, -97.321482 32.672581, -97.321482 32.673131, -97.3216 32.673131, -97.321599 32.673683, -97.321826 32.673684, -97.321826 32.673783, -97.322077 32.673783, -97.322077 32.673687, -97.323154 32.673688, -97.323154 32.673142, -97.32431 32.673143, -97.32431 32.673075, -97.324506 32.673075, -97.324506 32.67294, -97.324315 32.67294, -97.324316 32.67205)))",microsoft_us_building_footprints
ms-tx-000146,Microsoft footprint TX #147,TX,Fort Worth,Tarrant County,"600, East 9th Street, Downtown Fort Worth, Fort Worth, Tarrant County, Texas, 76102, United States",141286.31,32.7529578,-97.3239622,,commercial_industrial_unknown,unknown,"MULTIPOLYGON (((-97.324718 32.753317, -97.324525 32.752996, -97.324491 32.753011, -97.32432 32.752727, -97.324493 32.752653, -97.324382 32.752468, -97.324575 32.752386, -97.324439 32.75216, -97.323483 32.752566, -97.323541 32.752662, -97.323308 32.752761, -97.323534 32.753137, -97.322956 32.753382, -97.323029 32.753504, -97.323078 32.753483, -97.32312 32.753553, -97.323672 32.753318, -97.323749 32.753446, -97.323897 32.753383, -97.323932 32.753442, -97.323881 32.753464, -97.323913 32.753517, -97.323977 32.75349, -97.324045 32.753603, -97.324718 32.753317)))",microsoft_us_building_footprints
ms-tx-000147,Microsoft footprint TX #148,TX,Fort Worth,Tarrant County,"401, Northeast 38th Street, Fort Worth, Tarrant County, Texas, 76106, United States",135998.03,32.8150950,-97.3475409,,commercial_industrial_unknown,unknown,"MULTIPOLYGON (((-97.347044 32.814488, -97.347031 32.815697, -97.347335 32.815699, -97.347334 32.815735, -97.347384 32.815736, -97.347385 32.815697, -97.348015 32.815702, -97.348019 32.815358, -97.348078 32.815359, -97.348079 32.815227, -97.348018 32.815227, -97.348019 32.815072, -97.348138 32.815073, -97.34814 32.814933, -97.348021 32.814932, -97.348023 32.814703, -97.34805 32.814703, -97.348052 32.814538, -97.348017 32.814538, -97.348018 32.814495, -97.347044 32.814488)))",microsoft_us_building_footprints
ms-tx-000148,Microsoft footprint TX #149,TX,Fort Worth,Tarrant County,"5501, Thelin Lane, Fort Worth, Tarrant County, Texas, 76115, United States",193730.04,32.6683692,-97.3288377,,commercial_industrial_unknown,unknown,"MULTIPOLYGON (((-97.330167 32.668473, -97.329424 32.66794, -97.32913 32.668231, -97.328887 32.668057, -97.328872 32.668053, -97.328776 32.668148, -97.328764 32.668149, -97.328068 32.66765, -97.328027 32.66764, -97.327732 32.667931, -97.327619 32.668225, -97.327626 32.668294, -97.327879 32.668475, -97.327881 32.668493, -97.327897 32.668497, -97.328301 32.668787, -97.32838 32.668807, -97.328425 32.668678, -97.328453 32.668684, -97.328554 32.668757, -97.328574 32.668762, -97.328787 32.668551, -97.329483 32.66905, -97.329591 32.669043, -97.330167 32.668473)))",microsoft_us_building_footprints
ms-tx-000149,Microsoft footprint TX #150,TX,Brownsville,Cameron County,"Buena Vista Drive, Brownsville, Cameron County, Texas, 78520, United States",159666.84,26.1249764,-97.3487368,,commercial_industrial_unknown,unknown,"MULTIPOLYGON (((-97.349529 26.12539, -97.34951 26.124535, -97.347944 26.124563, -97.347957 26.125144, -97.347959 26.125144, -97.347965 26.125418, -97.349529 26.12539)))",microsoft_us_building_footprints
ms-tx-000150,Microsoft footprint TX #151,TX,Temple,Bell County,"Regal Nails, 3401, South 31st Street, Temple, Bell County, Texas, 76502, United States",256616.94,31.0662202,-97.3671377,,commercial_industrial_unknown,unknown,"MULTIPOLYGON (((-97.366797 31.06516, -97.366653 31.065613, -97.366547 31.065588, -97.366534 31.065606, -97.366511 31.065678, -97.366713 31.065726, -97.366338 31.0669, -97.366392 31.066927, -97.366407 31.066905, -97.366481 31.066922, -97.366462 31.066983, -97.36649 31.066997, -97.366439 31.067155, -97.36663 31.0672, -97.366671 31.067071, -97.366721 31.067083, -97.366737 31.067033, -97.366753 31.067009, -97.366941 31.067053, -97.366873 31.067267, -97.367374 31.067384, -97.367547 31.066844, -97.367354 31.066798, -97.367431 31.066558, -97.367656 31.066611, -97.36788 31.065912, -97.367908 31.065919, -97.367984 31.065681, -97.367833 31.065604, -97.367893 31.065416, -97.366797 31.06516)))",microsoft_us_building_footprints
ms-tx-000151,Microsoft footprint TX #152,TX,Corpus Christi,Nueces County,"Williams Drive, Corpus Christi, Nueces County, Texas, 78411, United States",470594.72,27.7070669,-97.3746703,,commercial_industrial_unknown,unknown,"MULTIPOLYGON (((-97.374248 27.707348, -97.377612 27.708952, -97.377813 27.708621, -97.377488 27.708467, -97.377422 27.708576, -97.377315 27.708525, -97.377485 27.708245, -97.37521 27.707161, -97.375276 27.707052, -97.374719 27.706786, -97.374574 27.707025, -97.374523 27.707001, -97.374446 27.70678, -97.37431 27.706715, -97.374603 27.706233, -97.37448 27.706174, -97.374543 27.706069, -97.373712 27.705673, -97.373387 27.706207, -97.372849 27.70617, -97.372948 27.706006, -97.372086 27.705595, -97.372096 27.705476, -97.371907 27.705386, -97.37152 27.706021, -97.37236 27.706422, -97.372375 27.706398, -97.373388 27.706461, -97.374229 27.706862, -97.374231 27.706858, -97.374289 27.706886, -97.374248 27.707348)))",microsoft_us_building_footprints
ms-tx-000152,Microsoft footprint TX #153,TX,Temple,Bell County,"Valero, 4503, South 31st Street, Temple, Bell County, Texas, 76502, United States",102713.86,31.0578687,-97.3754645,,commercial_industrial_unknown,unknown,"MULTIPOLYGON (((-97.375133 31.057124, -97.375091 31.057273, -97.375416 31.057341, -97.375297 31.057467, -97.375303 31.057471, -97.375205 31.057819, -97.374748 31.057775, -97.374701 31.057941, -97.375288 31.058063, -97.375214 31.058327, -97.374801 31.058241, -97.374859 31.058037, -97.374671 31.057998, -97.374584 31.058306, -97.375838 31.058567, -97.375898 31.058352, -97.375313 31.05823, -97.375388 31.057968, -97.375793 31.058052, -97.375735 31.058258, -97.375926 31.058298, -97.37603 31.05793, -97.37536 31.057791, -97.375392 31.057677, -97.375651 31.057402, -97.375964 31.057467, -97.37587 31.057799, -97.376059 31.057838, -97.376221 31.057265, -97.376087 31.057238, -97.376064 31.057318, -97.375133 31.057124)))",microsoft_us_building_footprints
ms-tx-000153,Microsoft footprint TX #154,TX,Elgin,Bastrop County,"Elgin Middle School, 1351, North Avenue C, Elgin, Bastrop County, Texas, 78621, United States",108402.05,30.3586560,-97.3868806,,commercial_industrial_unknown,unknown,"MULTIPOLYGON (((-97.387823 30.358374, -97.387538 30.357961, -97.387087 30.358192, -97.387139 30.358267, -97.386966 30.358356, -97.386942 30.358322, -97.386684 30.358454, -97.386708 30.358488, -97.386639 30.358524, -97.386594 30.358459, -97.386366 30.358576, -97.38647 30.358726, -97.385824 30.359057, -97.385864 30.359114, -97.385952 30.359069, -97.386113 30.359303, -97.386039 30.359342, -97.386061 30.359374, -97.387025 30.35888, -97.387048 30.358914, -97.387271 30.358799, -97.387223 30.358729, -97.387427 30.358624, -97.387403 30.358589, -97.387823 30.358374)))",microsoft_us_building_footprints
ms-tx-000154,Microsoft footprint TX #155,TX,Temple,Bell County,"McLane, 6201, Northwest H K Dodgen Loop, Temple, Bell County, Texas, 76502, United States",162746.25,31.1130604,-97.3904775,,commercial_industrial_unknown,unknown,"MULTIPOLYGON (((-97.390987 31.113653, -97.391312 31.112688, -97.390064 31.11238, -97.389668 31.113554, -97.39022 31.113691, -97.390291 31.113481, -97.390987 31.113653)))",microsoft_us_building_footprints
ms-tx-000155,Microsoft footprint TX #156,TX,,Gonzales County,"County Road 348, Gonzales County, Texas, United States",226044.94,29.4803610,-97.3798494,,commercial_industrial_unknown,unknown,"MULTIPOLYGON (((-97.379612 29.479856, -97.379394 29.479927, -97.379135 29.479678, -97.37923 29.479604, -97.378741 29.4794, -97.378412 29.479999, -97.379587 29.480488, -97.379576 29.480492, -97.379476 29.480673, -97.379633 29.480738, -97.379492 29.480995, -97.379564 29.481025, -97.379735 29.48089, -97.38017 29.48107, -97.380265 29.480896, -97.38011 29.480832, -97.380167 29.480729, -97.380579 29.481124, -97.380622 29.481045, -97.380726 29.481088, -97.380866 29.480834, -97.38096 29.480873, -97.380812 29.481141, -97.381007 29.481222, -97.381196 29.480878, -97.381041 29.480813, -97.381178 29.480564, -97.381064 29.480517, -97.381017 29.480603, -97.380931 29.480406, -97.379612 29.479856)))",microsoft_us_building_footprints
ms-tx-000156,Microsoft footprint TX #157,TX,Fort Worth,Tarrant County,"1332, Quail Trail, Fort Worth, Tarrant County, Texas, 76114, United States",113618.52,32.7822747,-97.3862839,,commercial_industrial_unknown,unknown,"MULTIPOLYGON (((-97.386876 32.782584, -97.387122 32.782418, -97.387198 32.782441, -97.387404 32.782302, -97.387297 32.782189, -97.387326 32.782121, -97.387228 32.782127, -97.387101 32.781994, -97.387049 32.781998, -97.387006 32.781952, -97.386943 32.781994, -97.386857 32.781904, -97.386812 32.781934, -97.386738 32.781857, -97.386684 32.781893, -97.386618 32.781823, -97.38664 32.781772, -97.386629 32.781661, -97.385815 32.781716, -97.385839 32.781965, -97.385736 32.782204, -97.385464 32.782222, -97.385488 32.782476, -97.385453 32.782478, -97.385509 32.783054, -97.385606 32.783155, -97.385759 32.783145, -97.385763 32.783192, -97.385897 32.783183, -97.385797 32.782142, -97.385917 32.782061, -97.386351 32.782031, -97.386876 32.782584)))",microsoft_us_building_footprints
ms-tx-000157,Microsoft footprint TX #158,TX,Cleburne,Johnson County,"La Herradura Feed Store, 1905, North Main Street, North Anglin Heights, Cleburne, Johnson County, Texas, 76033, United States",258500.65,32.3758289,-97.3958112,,commercial_industrial_unknown,unknown,"MULTIPOLYGON (((-97.39508 32.375018, -97.395076 32.375428, -97.394963 32.375427, -97.394957 32.376046, -97.395228 32.376047, -97.395228 32.376086, -97.39497 32.376084, -97.394966 32.376528, -97.395148 32.376529, -97.395148 32.376545, -97.395553 32.376548, -97.395553 32.376589, -97.395647 32.376589, -97.395647 32.376521, -97.395843 32.376523, -97.395842 32.376586, -97.396154 32.376588, -97.396154 32.37652, -97.396302 32.376521, -97.396306 32.376075, -97.39607 32.376074, -97.39607 32.376035, -97.396486 32.376038, -97.396484 32.37621, -97.396924 32.376213, -97.396932 32.375459, -97.395955 32.375452, -97.395957 32.375339, -97.396171 32.37534, -97.396172 32.3752, -97.395947 32.375198, -97.395949 32.375024, -97.39508 32.375018)))",microsoft_us_building_footprints
ms-tx-000158,Microsoft footprint TX #159,TX,Taylor,Williamson County,"Mariachis De Jalisco #3, North Main Street, Taylor, Williamson County, Texas, 76574, United States",105887.22,30.5944045,-97.4121049,,commercial_industrial_unknown,unknown,"MULTIPOLYGON (((-97.412698 30.595189, -97.412627 30.595012, -97.412637 30.595005, -97.412244 30.594027, -97.412197 30.594041, -97.412178 30.593994, -97.412215 30.593968, -97.412029 30.593506, -97.411976 30.593522, -97.411956 30.593472, -97.411417 30.593633, -97.411474 30.593773, -97.411531 30.593756, -97.41171 30.594201, -97.411835 30.594164, -97.411904 30.594335, -97.412055 30.59429, -97.412186 30.594618, -97.412004 30.594672, -97.412071 30.594839, -97.412009 30.594882, -97.411993 30.594907, -97.411934 30.594924, -97.412005 30.595101, -97.412034 30.595093, -97.412085 30.59522, -97.412093 30.595229, -97.412053 30.595257, -97.412098 30.595368, -97.412698 30.595189)))",microsoft_us_building_footprints
ms-tx-000159,Microsoft footprint TX #160,TX,Brownsville,Cameron County,"South Iowa Avenue, Brownsville, Cameron County, Texas, 78521, United States",391117.8,25.9106548,-97.4394923,,commercial_industrial_unknown,unknown,"MULTIPOLYGON (((-97.438429 25.911627, -97.439525 25.911663, -97.43954 25.911277, -97.440269 25.911301, -97.440304 25.910429, -97.441287 25.910461, -97.44129 25.910381, -97.441362 25.910383, -97.441369 25.910227, -97.441296 25.910224, -97.4413 25.910118, -97.439867 25.910072, -97.439882 25.909706, -97.439558 25.909695, -97.43956 25.909649, -97.439434 25.909645, -97.439432 25.909689, -97.439065 25.909677, -97.439054 25.909954, -97.4393 25.909962, -97.439297 25.910053, -97.438493 25.910027, -97.438429 25.911627)))",microsoft_us_building_footprints
ms-tx-000160,Microsoft footprint TX #161,TX,,Bastrop County,"Hyatt Lost Pines, Bastrop County, Texas, United States",165440.97,30.1653695,-97.4446658,,commercial_industrial_unknown,unknown,"MULTIPOLYGON (((-97.445745 30.165377, -97.445633 30.165311, -97.445566 30.165395, -97.445207 30.16518, -97.445262 30.165112, -97.444971 30.164761, -97.443786 30.164585, -97.443708 30.164682, -97.44432 30.164772, -97.443981 30.165194, -97.443621 30.164978, -97.443414 30.165235, -97.443977 30.165319, -97.44356 30.165838, -97.443877 30.165885, -97.443947 30.165531, -97.444049 30.165592, -97.444426 30.16536, -97.444144 30.165318, -97.444453 30.16493, -97.444585 30.16495, -97.444589 30.16493, -97.444766 30.165036, -97.444716 30.165288, -97.444832 30.165305, -97.444355 30.165899, -97.444765 30.165959, -97.444861 30.166075, -97.445034 30.166064, -97.445176 30.166085, -97.445745 30.165377)))",microsoft_us_building_footprints
ms-tx-000161,Microsoft footprint TX #162,TX,Gonzales,Gonzales County,"324, Johnson Road, Gonzales, Gonzales County, Texas, 78629, United States",109442.61,29.5338076,-97.4553574,,commercial_industrial_unknown,unknown,"MULTIPOLYGON (((-97.455922 29.533367, -97.455676 29.532781, -97.455401 29.532868, -97.455535 29.533187, -97.455094 29.533328, -97.455098 29.533392, -97.45501 29.53342, -97.455077 29.533578, -97.455176 29.533546, -97.455201 29.533606, -97.455336 29.533563, -97.455353 29.533782, -97.454773 29.533815, -97.454805 29.534239, -97.455056 29.534225, -97.45502 29.534139, -97.455084 29.534136, -97.455095 29.534288, -97.455018 29.534292, -97.455031 29.534473, -97.455118 29.534679, -97.455476 29.534658, -97.455441 29.534196, -97.455652 29.534184, -97.455649 29.534134, -97.455775 29.534127, -97.455746 29.533739, -97.455419 29.533757, -97.455403 29.533531, -97.455568 29.533478, -97.455569 29.533479, -97.455922 29.533367)))",microsoft_us_building_footprints
ms-tx-000162,Microsoft footprint TX #163,TX,Corpus Christi,Nueces County,"225, 44th Street, Central City, Corpus Christi, Nueces County, Texas, 78405, United States",143675.43,27.7837271,-97.4425709,,commercial_industrial_unknown,unknown,"MULTIPOLYGON (((-97.442766 27.782333, -97.442346 27.782339, -97.442365 27.7833, -97.442313 27.783301, -97.442336 27.784504, -97.442388 27.784503, -97.4424 27.785103, -97.442819 27.785097, -97.442766 27.782333)))",microsoft_us_building_footprints
ms-tx-000163,Microsoft footprint TX #164,TX,Brownsville,Cameron County,"702, Elca Lane, Brownsville, Cameron County, Texas, 78521, United States",120792.17,25.9082800,-97.4446145,,commercial_industrial_unknown,unknown,"MULTIPOLYGON (((-97.44498 25.907509, -97.444338 25.90748, -97.444249 25.909051, -97.444891 25.90908, -97.44498 25.907509)))",microsoft_us_building_footprints
ms-tx-000164,Microsoft footprint TX #165,TX,Corpus Christi,Nueces County,"4831, Baldwin Boulevard, Central City, Corpus Christi, Nueces County, Texas, 78405, United States",122821.88,27.7945335,-97.4513718,,commercial_industrial_unknown,unknown,"MULTIPOLYGON (((-97.452236 27.794689, -97.450755 27.7938, -97.450517 27.794111, -97.450674 27.794388, -97.450675 27.794387, -97.450705 27.794439, -97.45082 27.794509, -97.450849 27.794496, -97.451291 27.794761, -97.451272 27.794786, -97.451316 27.794863, -97.451354 27.794886, -97.451298 27.794958, -97.45131 27.794979, -97.451535 27.795114, -97.451512 27.795145, -97.45163 27.795216, -97.451662 27.795202, -97.451785 27.795276, -97.452236 27.794689)))",microsoft_us_building_footprints
ms-tx-000165,Microsoft footprint TX #166,TX,Fort Worth,Tarrant County,"Tier 1 Leonard Dallas Area Excellerated Program Middle School, Chapin Road, Fort Worth, Tarrant County, Texas, 76116, United States",115425.98,32.7191353,-97.4721050,,commercial_industrial_unknown,unknown,"MULTIPOLYGON (((-97.471604 32.719762, -97.472 32.719762, -97.471999 32.719512, -97.472466 32.719512, -97.472466 32.71929, -97.472531 32.71929, -97.472532 32.71943, -97.472856 32.71943, -97.472855 32.718878, -97.472528 32.718879, -97.472528 32.719019, -97.47246 32.719019, -97.47246 32.718807, -97.471989 32.718808, -97.471989 32.718453, -97.4716 32.718453, -97.4716 32.718954, -97.47175 32.718954, -97.471751 32.719015, -97.471603 32.719015, -97.471604 32.719762)))",microsoft_us_building_footprints
ms-tx-000166,Microsoft footprint TX #167,TX,Matamoros,Matamoros,"Calle Cuatro, Matamoros, Tamaulipas, 87300, Mexico",101074.5,25.8843422,-97.5023408,,commercial_industrial_unknown,unknown,"MULTIPOLYGON (((-97.501678 25.88438, -97.501936 25.884623, -97.502314 25.88461, -97.502315 25.884634, -97.502184 25.884638, -97.50219 25.884783, -97.502398 25.884776, -97.502479 25.884954, -97.502648 25.885114, -97.502755 25.88511, -97.50269 25.883548, -97.502625 25.88355, -97.502642 25.883957, -97.502369 25.883966, -97.502364 25.883837, -97.50242 25.883835, -97.502424 25.883939, -97.502538 25.883935, -97.502535 25.88387, -97.502525 25.883833, -97.502514 25.883591, -97.502245 25.8836, -97.502256 25.883847, -97.502292 25.883846, -97.50232 25.883908, -97.50223 25.883941, -97.502233 25.884005, -97.502316 25.884002, -97.50232 25.884101, -97.501668 25.884124, -97.501678 25.88438)))",microsoft_us_building_footprints
ms-tx-000167,Microsoft footprint TX #168,TX,,Tarrant County,"Lake Shore Court North, Tarrant County, Texas, 76071, United States",225766.25,32.9635304,-97.4954819,,commercial_industrial_unknown,unknown,"MULTIPOLYGON (((-97.496609 32.963513, -97.496506 32.963497, -97.496571 32.9632, -97.49629 32.962943, -97.495452 32.962814, -97.495413 32.962778, -97.494963 32.963123, -97.49494 32.963102, -97.494849 32.963088, -97.494844 32.963113, -97.49461 32.963077, -97.494589 32.963176, -97.494735 32.963198, -97.494683 32.963436, -97.49475 32.963498, -97.494661 32.963902, -97.494713 32.96391, -97.494673 32.963941, -97.494655 32.963924, -97.49462 32.96395, -97.49468 32.963959, -97.494576 32.964434, -97.4949 32.964484, -97.495775 32.963812, -97.495757 32.963795, -97.495952 32.963825, -97.495947 32.963829, -97.496156 32.963861, -97.496609 32.963513)))",microsoft_us_building_footprints
ms-tx-000168,Microsoft footprint TX #169,TX,Turf Estates Number 1 Colonia,El Paso County,"El Paso County Sheriff's Office Headquarters, Garment Road, Turf Estates Number 1 Colonia, El Paso County, Texas, 79998, United States",103109.13,31.8113382,-106.2591874,,commercial_industrial_unknown,unknown,"MULTIPOLYGON (((-106.259598 31.811865, -106.25958 31.810764, -106.258778 31.810773, -106.258796 31.811873, -106.258949 31.811871, -106.25895 31.81192, -106.259064 31.811919, -106.259065 31.811957, -106.259347 31.811954, -106.259346 31.811868, -106.259598 31.811865)))",microsoft_us_building_footprints
ms-tx-000169,Microsoft footprint TX #170,TX,El Paso,El Paso County,"William Slider Middle School, 11700, School Lane, El Paso, El Paso County, Texas, 79936, United States",107750.47,31.7631619,-106.2860510,,commercial_industrial_unknown,unknown,"MULTIPOLYGON (((-106.286502 31.762608, -106.285706 31.76261, -106.285706 31.76277, -106.285667 31.76277, -106.285668 31.762952, -106.285541 31.762953, -106.285541 31.763062, -106.285605 31.763062, -106.285607 31.763502, -106.285496 31.763503, -106.285496 31.763571, -106.285597 31.763571, -106.285597 31.763706, -106.285962 31.763705, -106.285962 31.76364, -106.286024 31.76364, -106.286024 31.763725, -106.286355 31.763724, -106.286354 31.763576, -106.286413 31.763576, -106.286413 31.763547, -106.286506 31.763546, -106.286502 31.762608)))",microsoft_us_building_footprints
ms-tx-000170,Microsoft footprint TX #171,TX,El Paso,El Paso County,"JCPenney, Joe Battle Boulevard, El Paso, El Paso County, Texas, 79998, United States",159632.94,31.7665282,-106.2662472,,commercial_industrial_unknown,unknown,"MULTIPOLYGON (((-106.267141 31.766155, -106.266831 31.766171, -106.266816 31.76616, -106.266813 31.766119, -106.266382 31.766141, -106.266386 31.766187, -106.266046 31.766204, -106.266049 31.766243, -106.265297 31.766281, -106.264861 31.765977, -106.264706 31.766137, -106.265081 31.766399, -106.265136 31.766397, -106.265157 31.766375, -106.265197 31.766403, -106.265203 31.766491, -106.265297 31.766486, -106.265307 31.766628, -106.265458 31.766734, -106.265921 31.76671, -106.265927 31.766796, -106.26609 31.766788, -106.266106 31.767019, -106.26704 31.766971, -106.267051 31.767127, -106.267136 31.767122, -106.267125 31.766973, -106.267198 31.76697, -106.267141 31.766155)))",microsoft_us_building_footprints
ms-tx-000171,Microsoft footprint TX #172,TX,El Paso,El Paso County,"Abundant Church, 1000, Valley Crest Drive, El Paso, El Paso County, Texas, 79907, United States",132598.72,31.7160002,-106.3113350,,commercial_industrial_unknown,unknown,"MULTIPOLYGON (((-106.311859 31.715269, -106.311858 31.715269, -106.311901 31.7151, -106.311459 31.715018, -106.311432 31.715125, -106.31125 31.715091, -106.311195 31.715306, -106.311345 31.715334, -106.311256 31.715683, -106.311007 31.715637, -106.310881 31.716134, -106.310908 31.71617, -106.310906 31.716171, -106.310998 31.716188, -106.310871 31.716687, -106.310877 31.716688, -106.310784 31.717054, -106.311044 31.717102, -106.31111 31.716842, -106.311137 31.716847, -106.311151 31.71679, -106.311415 31.716643, -106.311554 31.716669, -106.311678 31.716185, -106.311542 31.716008, -106.311597 31.715978, -106.311687 31.715995, -106.31172 31.715865, -106.31171 31.715852, -106.311859 31.715269)))",microsoft_us_building_footprints
ms-tx-000172,Microsoft footprint TX #173,TX,El Paso,El Paso County,"Rojas Drive, Vista Del Sol Industrial Park, El Paso, El Paso County, Texas, 79907, United States",131513.77,31.7158227,-106.2934746,,commercial_industrial_unknown,unknown,"MULTIPOLYGON (((-106.292376 31.715901, -106.292619 31.716413, -106.294496 31.715768, -106.294489 31.715753, -106.294602 31.715715, -106.294516 31.715532, -106.294459 31.715551, -106.29431 31.715236, -106.292376 31.715901)))",microsoft_us_building_footprints
ms-tx-000173,Microsoft footprint TX #174,TX,El Paso,El Paso County,"9045, Billy the Kid Street, Ysleta, El Paso, El Paso County, Texas, 79907, United States",107114.35,31.6991299,-106.3223025,,commercial_industrial_unknown,unknown,"MULTIPOLYGON (((-106.321587 31.699163, -106.321732 31.699291, -106.321672 31.69934, -106.322158 31.699769, -106.322497 31.699491, -106.322533 31.699522, -106.322583 31.699481, -106.322546 31.699448, -106.322793 31.699245, -106.32284 31.699287, -106.323064 31.699104, -106.323008 31.699055, -106.323022 31.699043, -106.322487 31.698572, -106.322511 31.698553, -106.322424 31.698476, -106.321587 31.699163)))",microsoft_us_building_footprints
ms-tx-000174,Microsoft footprint TX #175,TX,El Paso,El Paso County,"10001, Southside Road, El Paso, El Paso County, Texas, 79927, United States",107876.33,31.6546293,-106.3217240,,commercial_industrial_unknown,unknown,"MULTIPOLYGON (((-106.322435 31.65424, -106.321973 31.654465, -106.3218 31.65435, -106.321597 31.654382, -106.321311 31.653958, -106.321209 31.654008, -106.321089 31.654277, -106.321179 31.65441, -106.320982 31.654441, -106.321069 31.65457, -106.32116 31.654786, -106.321237 31.654901, -106.321522 31.654855, -106.321457 31.655001, -106.321637 31.655268, -106.322197 31.654995, -106.322063 31.654795, -106.322129 31.654763, -106.32209 31.65459, -106.322389 31.654686, -106.32241 31.654718, -106.322515 31.654666, -106.322578 31.654761, -106.322767 31.654669, -106.322731 31.654645, -106.322678 31.654703, -106.322617 31.654611, -106.322667 31.654557, -106.322638 31.654516, -106.3225 31.654538, -106.322435 31.65424)))",microsoft_us_building_footprints
ms-tx-000175,Microsoft footprint TX #176,TX,El Paso,El Paso County,"Eastwood Middle School, 2612, Cumbre Negra Street, El Paso, El Paso County, Texas, 79935, United States",133691.72,31.7785938,-106.3355001,,commercial_industrial_unknown,unknown,"MULTIPOLYGON (((-106.334497 31.778703, -106.334497 31.778847, -106.334502 31.778847, -106.334503 31.779018, -106.336334 31.779017, -106.336465 31.778687, -106.33619 31.778687, -106.336189 31.778613, -106.336214 31.778613, -106.336214 31.778292, -106.335853 31.778292, -106.335839 31.778333, -106.335836 31.778333, -106.335765 31.778316, -106.335798 31.778217, -106.335733 31.778201, -106.335762 31.778114, -106.335307 31.778001, -106.335304 31.77801, -106.334871 31.777904, -106.334776 31.778183, -106.335052 31.778251, -106.335052 31.77836, -106.335302 31.778422, -106.335302 31.778431, -106.335624 31.778532, -106.335624 31.778641, -106.335589 31.778641, -106.335568 31.778703, -106.334497 31.778703)))",microsoft_us_building_footprints
ms-tx-000176,Microsoft footprint TX #177,TX,El Paso,El Paso County,"Goodyear Drive, El Paso, El Paso County, Texas, 79936, United States",352598.48,31.7425168,-106.3142487,,commercial_industrial_unknown,unknown,"MULTIPOLYGON (((-106.31291 31.742795, -106.313891 31.743292, -106.313996 31.743142, -106.314712 31.743505, -106.314896 31.743242, -106.315146 31.743369, -106.315479 31.742892, -106.315268 31.742785, -106.315476 31.742487, -106.314793 31.742141, -106.314949 31.741919, -106.3149 31.741894, -106.314976 31.741784, -106.314842 31.741716, -106.314767 31.741822, -106.314394 31.741633, -106.314438 31.741571, -106.314351 31.741527, -106.314321 31.741569, -106.313914 31.741362, -106.31291 31.742795)))",microsoft_us_building_footprints
ms-tx-000177,Microsoft footprint TX #178,TX,El Paso,El Paso County,"Fifer's Arena, El Paso, El Paso County, Texas, 79907, United States",160621.5,31.7199978,-106.3180504,,commercial_industrial_unknown,unknown,"MULTIPOLYGON (((-106.3187 31.719361, -106.318117 31.719241, -106.318151 31.71912, -106.317862 31.71906, -106.317405 31.720666, -106.317808 31.720749, -106.317792 31.720807, -106.317837 31.720817, -106.317848 31.72078, -106.318271 31.720867, -106.3187 31.719361)))",microsoft_us_building_footprints
ms-tx-000178,Microsoft footprint TX #179,TX,El Paso,El Paso County,"Walmart Supercenter, 10727, Gateway Boulevard West, El Paso, El Paso County, Texas, 79935, United States",214651.78,31.7531835,-106.3399703,,commercial_industrial_unknown,unknown,"MULTIPOLYGON (((-106.339037 31.753306, -106.34039 31.754076, -106.340971 31.753337, -106.340808 31.753245, -106.340923 31.753099, -106.339981 31.752563, -106.339897 31.75267, -106.339773 31.752599, -106.339887 31.752454, -106.339491 31.752228, -106.339225 31.752566, -106.33942 31.752677, -106.339254 31.752888, -106.339032 31.752762, -106.338937 31.752883, -106.339149 31.753004, -106.339122 31.753038, -106.339209 31.753087, -106.339037 31.753306)))",microsoft_us_building_footprints
ms-tx-000179,Microsoft footprint TX #180,TX,El Paso,El Paso County,"Spur Drive, El Paso, El Paso County, Texas, 79925, United States",356074.5,31.8177146,-106.3854210,,commercial_industrial_unknown,unknown,"MULTIPOLYGON (((-106.387188 31.817841, -106.385255 31.817865, -106.385214 31.817831, -106.385251 31.8178, -106.385187 31.817747, -106.38516 31.817747, -106.385137 31.817768, -106.38509 31.817729, -106.385066 31.816305, -106.384162 31.816316, -106.384187 31.817748, -106.384511 31.817744, -106.384515 31.81796, -106.384691 31.818105, -106.384659 31.818133, -106.384734 31.818195, -106.384765 31.818168, -106.385007 31.818367, -106.385264 31.818364, -106.385268 31.818637, -106.387202 31.818613, -106.387188 31.817841)))",microsoft_us_building_footprints
ms-tx-000180,Microsoft footprint TX #181,TX,El Paso,El Paso County,"Bassett Place, Montana Avenue, El Paso, El Paso County, Texas, 79903, United States",576563.79,31.7835051,-106.4123523,,commercial_industrial_unknown,unknown,"MULTIPOLYGON (((-106.41459 31.783505, -106.414652 31.783149, -106.414896 31.783092, -106.414745 31.782625, -106.41464 31.782649, -106.41453 31.782311, -106.41342 31.78257, -106.413314 31.782877, -106.413045 31.78294, -106.413036 31.782991, -106.413108 31.783213, -106.413107 31.78322, -106.41231 31.783449, -106.412124 31.782875, -106.412105 31.782879, -106.412121 31.782928, -106.410012 31.783421, -106.409942 31.783825, -106.410076 31.783842, -106.410282 31.784479, -106.410676 31.784387, -106.410738 31.784578, -106.411317 31.784443, -106.411305 31.784407, -106.412606 31.784103, -106.41263 31.783963, -106.41459 31.783505)))",microsoft_us_building_footprints
ms-tx-000181,Microsoft footprint TX #182,TX,El Paso,El Paso County,"Sam's Club, 9498, Gateway North Boulevard, Del Norte Acres, El Paso, El Paso County, Texas, 79924, United States",138193.95,31.8810466,-106.4394402,,commercial_industrial_unknown,unknown,"MULTIPOLYGON (((-106.439983 31.8805, -106.439367 31.880499, -106.439368 31.880269, -106.439208 31.880269, -106.439208 31.880501, -106.438934 31.880501, -106.438932 31.88136, -106.438929 31.88136, -106.438928 31.881694, -106.439159 31.881695, -106.439159 31.881638, -106.439802 31.881639, -106.439803 31.881573, -106.439765 31.881573, -106.439765 31.881532, -106.43998 31.881532, -106.439983 31.8805)))",microsoft_us_building_footprints
ms-tx-000182,Microsoft footprint TX #183,TX,El Paso,El Paso County,"SmartStyle, 4530, Woodrow Bean Transmountain Drive, El Paso, El Paso County, Texas, 79924, United States",234120.58,31.8962135,-106.4382210,,commercial_industrial_unknown,unknown,"MULTIPOLYGON (((-106.439372 31.896613, -106.439376 31.896254, -106.439185 31.896252, -106.439188 31.896078, -106.43955 31.896081, -106.439551 31.89593, -106.43929 31.895927, -106.439291 31.895898, -106.439174 31.895897, -106.439175 31.895758, -106.438727 31.895754, -106.438728 31.89567, -106.438564 31.895668, -106.438562 31.895775, -106.437711 31.895768, -106.437711 31.895708, -106.436904 31.895701, -106.436903 31.895803, -106.437171 31.895806, -106.437161 31.896622, -106.4374 31.896624, -106.437399 31.896715, -106.438396 31.896723, -106.438395 31.896746, -106.438514 31.896747, -106.438515 31.896728, -106.43863 31.896729, -106.43863 31.896684, -106.438995 31.896688, -106.438996 31.89661, -106.439372 31.896613)))",microsoft_us_building_footprints
ms-tx-000183,Microsoft footprint TX #184,TX,Austin,Travis County,"Applied Materials Bldg. 36, 9700, Harris Branch Parkway, Austin, Travis County, Texas, 78754, United States",400023.03,30.3401625,-97.6142576,,commercial_industrial_unknown,unknown,"MULTIPOLYGON (((-97.613085 30.338752, -97.613376 30.339749, -97.613548 30.339711, -97.613733 30.340345, -97.613871 30.340314, -97.613898 30.340404, -97.614161 30.340346, -97.614128 30.340232, -97.614553 30.340139, -97.614737 30.34077, -97.613873 30.340958, -97.614161 30.341941, -97.614806 30.341801, -97.614826 30.341869, -97.615082 30.341813, -97.615049 30.341702, -97.615511 30.341601, -97.615288 30.340838, -97.615139 30.34087, -97.61511 30.34077, -97.61498 30.340799, -97.61495 30.340696, -97.614847 30.340719, -97.614508 30.33956, -97.61441 30.339582, -97.61438 30.339481, -97.6145 30.339455, -97.614467 30.339342, -97.614584 30.339317, -97.614551 30.339204, -97.614651 30.339183, -97.614439 30.338457, -97.613085 30.338752)))",microsoft_us_building_footprints
ms-tx-000184,Microsoft footprint TX #185,TX,Pflugerville,Travis County,"New Meister Lane, Spring Trails, Pflugerville, Travis County, Texas, 78664, United States",143665.67,30.4822670,-97.6281400,,commercial_industrial_unknown,unknown,"MULTIPOLYGON (((-97.627451 30.481446, -97.627998 30.482768, -97.627997 30.482769, -97.628055 30.482909, -97.628109 30.482893, -97.628274 30.48329, -97.62883 30.483119, -97.62806 30.481258, -97.627451 30.481446)))",microsoft_us_building_footprints
ms-tx-000185,Microsoft footprint TX #186,TX,El Paso,El Paso County,"Party City, 655, Sunland Park Drive, El Paso, El Paso County, Texas, 79912, United States",197167.98,31.8216490,-106.5437950,,commercial_industrial_unknown,unknown,"MULTIPOLYGON (((-106.543967 31.821051, -106.543637 31.82123, -106.543613 31.821197, -106.543466 31.821277, -106.543469 31.821348, -106.542481 31.821885, -106.542663 31.822126, -106.542916 31.821988, -106.542917 31.82202, -106.542853 31.822055, -106.54292 31.822144, -106.542749 31.822237, -106.542996 31.822565, -106.543336 31.82238, -106.543294 31.822324, -106.543293 31.822293, -106.543846 31.821992, -106.543891 31.822051, -106.54423 31.821867, -106.544278 31.821931, -106.544372 31.821881, -106.543966 31.821342, -106.544048 31.821298, -106.544447 31.821285, -106.544458 31.821558, -106.544932 31.821544, -106.544934 31.821609, -106.544993 31.821607, -106.545012 31.821597, -106.545004 31.821417, -106.545254 31.82141, -106.545237 31.821011, -106.543967 31.821051)))",microsoft_us_building_footprints
ms-tx-000186,Microsoft footprint TX #187,TX,San Benito,Cameron County,"933, 4th Street, San Benito, Cameron County, Texas, 78586, United States",167867.52,26.1447311,-97.6325392,,commercial_industrial_unknown,unknown,"MULTIPOLYGON (((-97.633712 26.145197, -97.633342 26.144951, -97.633361 26.144927, -97.631674 26.143805, -97.631348 26.1442, -97.631365 26.144212, -97.631309 26.14428, -97.631343 26.144303, -97.631381 26.144258, -97.632399 26.144935, -97.632312 26.145041, -97.632429 26.145119, -97.632484 26.145053, -97.633088 26.145455, -97.633039 26.145515, -97.633139 26.145582, -97.633173 26.145541, -97.633337 26.145651, -97.633712 26.145197)))",microsoft_us_building_footprints
ms-tx-000187,Microsoft footprint TX #188,TX,Corpus Christi,Nueces County,"Corpus Christi Medical Center - Northwest Regional, 13725, Northwest Boulevard, Calallen, Corpus Christi, Nueces County, Texas, 78410, United States",136751.95,27.8548078,-97.6356980,,commercial_industrial_unknown,unknown,"MULTIPOLYGON (((-97.636694 27.854332, -97.635887 27.854249, -97.635852 27.854515, -97.635678 27.854497, -97.635703 27.854306, -97.635602 27.854296, -97.635588 27.854404, -97.635497 27.854425, -97.635424 27.854335, -97.635397 27.85454, -97.635097 27.85451, -97.635073 27.854687, -97.635214 27.854597, -97.635184 27.854828, -97.634976 27.854711, -97.63486 27.854872, -97.634708 27.854856, -97.634656 27.855249, -97.635064 27.855291, -97.635076 27.8552, -97.634696 27.855161, -97.634706 27.855089, -97.63478 27.855096, -97.634933 27.854884, -97.635159 27.854907, -97.635119 27.855212, -97.635189 27.855252, -97.635935 27.855328, -97.636257 27.855122, -97.636121 27.854663, -97.636709 27.854527, -97.636599 27.854393, -97.636694 27.854332)))",microsoft_us_building_footprints
ms-tx-000188,Microsoft footprint TX #189,TX,Round Rock,Williamson County,"Dell Round Rock 1, 1, Dell Way, Dell Technologies - Round Rock Campus, Round Rock, Williamson County, Texas, 78682, United States",168270.21,30.4839479,-97.6661110,,commercial_industrial_unknown,unknown,"MULTIPOLYGON (((-97.665646 30.48327, -97.665588 30.483384, -97.665528 30.483378, -97.665511 30.483494, -97.665334 30.483843, -97.665264 30.483836, -97.665231 30.4839, -97.665262 30.483912, -97.665187 30.484059, -97.665561 30.4842, -97.665558 30.484225, -97.665842 30.484448, -97.666181 30.484485, -97.666168 30.484498, -97.666561 30.484645, -97.666619 30.48453, -97.666672 30.484535, -97.666701 30.484478, -97.666683 30.484463, -97.666881 30.484072, -97.666945 30.484078, -97.666974 30.484021, -97.666948 30.484001, -97.66702 30.483858, -97.666637 30.483714, -97.666678 30.483633, -97.666612 30.483608, -97.66662 30.483551, -97.666161 30.483378, -97.666144 30.483394, -97.666069 30.483366, -97.666042 30.483419, -97.665646 30.48327)))",microsoft_us_building_footprints
ms-tx-000189,Microsoft footprint TX #190,TX,Wells Branch,Travis County,"Bratton Lane, Wells Branch, Travis County, Texas, 78728, United States",108056.65,30.4624224,-97.6711632,,commercial_industrial_unknown,unknown,"MULTIPOLYGON (((-97.670479 30.463109, -97.670915 30.463289, -97.670963 30.463203, -97.671019 30.463227, -97.671845 30.461747, -97.671352 30.461543, -97.670479 30.463109)))",microsoft_us_building_footprints
ms-tx-000190,Microsoft footprint TX #191,TX,Round Rock,Williamson County,"Magnolia Drive, Round Rock, Williamson County, Texas, 78682, United States",124698.21,30.4884665,-97.6705571,,commercial_industrial_unknown,unknown,"MULTIPOLYGON (((-97.670851 30.488344, -97.670659 30.488405, -97.670638 30.488353, -97.670303 30.488294, -97.670261 30.488473, -97.669998 30.487852, -97.6698 30.487914, -97.669767 30.488054, -97.669728 30.488066, -97.670057 30.488846, -97.670093 30.488834, -97.670121 30.4889, -97.670214 30.488917, -97.670358 30.488871, -97.670317 30.488775, -97.670471 30.488727, -97.670705 30.48928, -97.670741 30.489269, -97.670779 30.489359, -97.670998 30.48929, -97.670959 30.489198, -97.671026 30.489177, -97.670798 30.488638, -97.670969 30.488585, -97.671011 30.488685, -97.671227 30.488617, -97.671188 30.488525, -97.671263 30.488501, -97.670932 30.487718, -97.670894 30.48773, -97.670853 30.487634, -97.670586 30.487718, -97.670851 30.488344)))",microsoft_us_building_footprints
ms-tx-000191,Microsoft footprint TX #192,TX,Harker Heights,Bell County,"Harker Heights High School, Knight's Way, Harker Heights, Bell County, Texas, 76548, United States",278031.81,31.0566004,-97.6510723,,commercial_industrial_unknown,unknown,"MULTIPOLYGON (((-97.650975 31.05598, -97.650976 31.055971, -97.649827 31.055909, -97.649802 31.05626, -97.649721 31.056293, -97.649697 31.05663, -97.65052 31.056674, -97.650487 31.057123, -97.650766 31.057138, -97.650781 31.05693, -97.650977 31.05694, -97.650955 31.057241, -97.651207 31.057255, -97.6513 31.057217, -97.651277 31.057538, -97.651416 31.057545, -97.65142 31.05749, -97.651767 31.057509, -97.651781 31.057325, -97.652083 31.057341, -97.652115 31.056897, -97.651625 31.056871, -97.651635 31.056732, -97.651755 31.056739, -97.651695 31.056631, -97.652333 31.056665, -97.652366 31.056214, -97.651033 31.056142, -97.651045 31.055983, -97.650975 31.05598)))",microsoft_us_building_footprints
ms-tx-000192,Microsoft footprint TX #193,TX,Austin,Travis County,"7401, East Ben White Boulevard, Austin, Travis County, Texas, 78741, United States",104150.32,30.2149726,-97.6949763,,commercial_industrial_unknown,unknown,"MULTIPOLYGON (((-97.695547 30.214477, -97.695105 30.214589, -97.695104 30.214585, -97.694609 30.21471, -97.694604 30.21478, -97.69421 30.214879, -97.694289 30.215114, -97.694266 30.21512, -97.694313 30.21526, -97.694364 30.215263, -97.694373 30.215291, -97.69437 30.21533, -97.694459 30.215493, -97.694517 30.215478, -97.69452 30.215437, -97.694863 30.215351, -97.694865 30.215356, -97.695362 30.215231, -97.695367 30.215166, -97.695739 30.215058, -97.69574 30.215049, -97.695547 30.214477)))",microsoft_us_building_footprints
ms-tx-000193,Microsoft footprint TX #194,TX,Austin,Travis County,"VA Financial Services Center, 7600, Metropolis Drive, MetCenter, Austin, Travis County, Texas, 78741, United States",151619.42,30.2078010,-97.6960727,,commercial_industrial_unknown,unknown,"MULTIPOLYGON (((-97.697075 30.208007, -97.69696 30.207389, -97.696991 30.207385, -97.696974 30.20729, -97.696934 30.207295, -97.69693 30.20727, -97.696823 30.207285, -97.696834 30.207349, -97.695072 30.207594, -97.695187 30.208212, -97.695158 30.208216, -97.695181 30.208338, -97.69533 30.208317, -97.695318 30.208251, -97.697075 30.208007)))",microsoft_us_building_footprints
ms-tx-000194,Microsoft footprint TX #195,TX,Georgetown,Williamson County,"Target, 1201, Wolf Ranch Parkway, Georgetown, Williamson County, Texas, 78626, United States",180285.49,30.6308200,-97.6986395,,commercial_industrial_unknown,unknown,"MULTIPOLYGON (((-97.699289 30.631612, -97.69926 30.630805, -97.699153 30.630808, -97.69915 30.630713, -97.699112 30.630714, -97.699105 30.630535, -97.698891 30.63054, -97.698889 30.630484, -97.698838 30.630485, -97.698825 30.630127, -97.698506 30.630135, -97.698486 30.629582, -97.698415 30.629584, -97.698413 30.629524, -97.698275 30.629528, -97.698277 30.629585, -97.698156 30.629589, -97.69818 30.630248, -97.69814 30.630249, -97.698148 30.63046, -97.698201 30.630459, -97.698205 30.630552, -97.698267 30.63055, -97.698268 30.630599, -97.698222 30.6306, -97.698241 30.631137, -97.698178 30.631139, -97.698194 30.631579, -97.698229 30.631578, -97.698231 30.631641, -97.699289 30.631612)))",microsoft_us_building_footprints
ms-tx-000195,Microsoft footprint TX #196,TX,Round Rock,Williamson County,"Bed Bath & Beyond, Sundance Parkway, La Frontera Village, Round Rock, Williamson County, Texas, 78682, United States",157869.57,30.4820552,-97.6787646,,commercial_industrial_unknown,unknown,"MULTIPOLYGON (((-97.679106 30.483364, -97.679104 30.483316, -97.679139 30.483306, -97.679098 30.482202, -97.679105 30.482202, -97.679103 30.482151, -97.679147 30.48215, -97.679143 30.482028, -97.679083 30.481877, -97.679072 30.481565, -97.679013 30.481567, -97.679007 30.48139, -97.678913 30.481393, -97.678906 30.481207, -97.678811 30.481209, -97.678808 30.481126, -97.678822 30.481122, -97.678811 30.48082, -97.678262 30.480835, -97.678277 30.481241, -97.67851 30.481235, -97.678517 30.481422, -97.678441 30.481424, -97.678482 30.482555, -97.678397 30.482579, -97.6784 30.482653, -97.678758 30.482643, -97.678774 30.483105, -97.678622 30.483109, -97.67863 30.483339, -97.678589 30.483351, -97.67859 30.483378, -97.679106 30.483364)))",microsoft_us_building_footprints
ms-tx-000196,Microsoft footprint TX #197,TX,Round Rock,Williamson County,"Building F, 2000, South Interstate 35, Round Rock, Williamson County, Texas, 78681, United States",219629.8,30.4894859,-97.6800953,,commercial_industrial_unknown,unknown,"MULTIPOLYGON (((-97.679647 30.488005, -97.680207 30.490087, -97.680188 30.490132, -97.679038 30.490362, -97.679109 30.490624, -97.679046 30.49077, -97.679171 30.490745, -97.679207 30.49088, -97.679464 30.490829, -97.679366 30.490463, -97.679521 30.490431, -97.679593 30.4907, -97.680587 30.490501, -97.680554 30.490379, -97.680332 30.490309, -97.680361 30.490242, -97.680686 30.490345, -97.680872 30.48991, -97.680624 30.489831, -97.680565 30.489611, -97.680747 30.489575, -97.680682 30.489334, -97.68044 30.489382, -97.680335 30.488991, -97.680161 30.489026, -97.680131 30.488917, -97.680554 30.488832, -97.680372 30.488158, -97.680006 30.488231, -97.679984 30.488151, -97.680422 30.488063, -97.680367 30.487861, -97.679647 30.488005)))",microsoft_us_building_footprints
ms-tx-000197,Microsoft footprint TX #198,TX,Austin,Travis County,"10420, Metric Boulevard, Austin, Travis County, Texas, 78758, United States",101329.34,30.3842195,-97.7149381,,commercial_industrial_unknown,unknown,"MULTIPOLYGON (((-97.714024 30.38449, -97.714274 30.384591, -97.714461 30.384248, -97.715602 30.384711, -97.715852 30.384252, -97.714461 30.383688, -97.714024 30.38449)))",microsoft_us_building_footprints
ms-tx-000198,Microsoft footprint TX #199,TX,Austin,Travis County,"Walmart Supercenter, 1030, Norwood Park Boulevard, Heritage Hills, Austin, Travis County, Texas, 78753, United States",231541.63,30.3392647,-97.6897204,,commercial_industrial_unknown,unknown,"MULTIPOLYGON (((-97.689706 30.340119, -97.690033 30.340256, -97.690156 30.340036, -97.690701 30.339749, -97.690618 30.339631, -97.690682 30.339597, -97.690639 30.339535, -97.690662 30.339523, -97.69047 30.339252, -97.690412 30.339283, -97.690144 30.338906, -97.690163 30.338896, -97.689995 30.338658, -97.689874 30.338722, -97.68965 30.338407, -97.689762 30.338348, -97.689828 30.338376, -97.689672 30.338155, -97.689267 30.338369, -97.689366 30.338509, -97.689337 30.338524, -97.68938 30.338584, -97.689128 30.338717, -97.688998 30.338534, -97.68885 30.338612, -97.688995 30.338817, -97.688609 30.339021, -97.688696 30.339144, -97.688864 30.339056, -97.689478 30.339923, -97.689543 30.339889, -97.689706 30.340119)))",microsoft_us_building_footprints
ms-tx-000199,Microsoft footprint TX #200,TX,Austin,Travis County,"Ed Bluestein Boulevard, Austin, Travis County, Texas, 78742, United States",166934.58,30.2487644,-97.6916409,,commercial_industrial_unknown,unknown,"MULTIPOLYGON (((-97.691392 30.249331, -97.691376 30.249278, -97.691512 30.247188, -97.691281 30.246401, -97.69136 30.246368, -97.691285 30.24611, -97.691275 30.246128, -97.691226 30.246126, -97.691037 30.249029, -97.69107 30.249021, -97.691095 30.249104, -97.691184 30.249085, -97.691183 30.249106, -97.691148 30.249113, -97.691145 30.24916, -97.691236 30.249111, -97.691211 30.249491, -97.691307 30.249532, -97.691371 30.249518, -97.691419 30.249583, -97.691263 30.249575, -97.691665 30.250126, -97.691759 30.250166, -97.691784 30.25025, -97.693665 30.251037, -97.693744 30.250994, -97.693571 30.250794, -97.693554 30.250826, -97.692012 30.250181, -97.691392 30.249331)))",microsoft_us_building_footprints
ms-tx-000200,Microsoft footprint TX #201,TX,Georgetown,Williamson County,"H-E-B Pharmacy, 4500, Williams Drive, Georgetown, Williamson County, Texas, 78628, United States",102005.6,30.6815463,-97.7196760,,commercial_industrial_unknown,unknown,"MULTIPOLYGON (((-97.719298 30.681032, -97.719051 30.681524, -97.718943 30.681483, -97.71891 30.681548, -97.718992 30.681579, -97.718949 30.681664, -97.720121 30.682099, -97.72013 30.682081, -97.720197 30.682105, -97.720268 30.681964, -97.720219 30.681946, -97.720264 30.681857, -97.720211 30.681837, -97.720267 30.681725, -97.720136 30.681677, -97.720294 30.681362, -97.719857 30.6812, -97.719898 30.681119, -97.719679 30.681038, -97.719649 30.681096, -97.719527 30.681051, -97.719513 30.681079, -97.719477 30.681065, -97.719463 30.681094, -97.719298 30.681032)))",microsoft_us_building_footprints
ms-tx-000201,Microsoft footprint TX #202,TX,Austin,Travis County,"Solid Concepts, Inc., 9715, West Rundberg Lane, Austin, Travis County, Texas, 78758, United States",107714.55,30.3801818,-97.7216704,,commercial_industrial_unknown,unknown,"MULTIPOLYGON (((-97.72232 30.379534, -97.721796 30.379333, -97.721021 30.38083, -97.721544 30.381031, -97.72232 30.379534)))",microsoft_us_building_footprints
ms-tx-000202,Microsoft footprint TX #203,TX,Austin,Travis County,"Nourish, Trinity Street, Medical District, Austin, Travis County, Texas, 78778, United States",142900.56,30.2773323,-97.7350463,,commercial_industrial_unknown,unknown,"MULTIPOLYGON (((-97.735711 30.276304, -97.735162 30.276165, -97.734722 30.277463, -97.734802 30.277484, -97.734831 30.277484, -97.734959 30.277517, -97.734995 30.277503, -97.735081 30.277525, -97.735012 30.277729, -97.73499 30.277729, -97.734923 30.277712, -97.734906 30.277762, -97.734858 30.27778, -97.734844 30.277751, -97.734688 30.277809, -97.734662 30.277756, -97.734468 30.277827, -97.734461 30.277813, -97.734381 30.277843, -97.734373 30.278337, -97.734806 30.278447, -97.734817 30.278468, -97.734946 30.278501, -97.735063 30.278158, -97.735063 30.27814, -97.735079 30.278134, -97.735201 30.277789, -97.73512 30.277768, -97.73519 30.277562, -97.735283 30.277563, -97.735711 30.276304)))",microsoft_us_building_footprints
ms-tx-000203,Microsoft footprint TX #204,TX,Austin,Travis County,"11119, Alterra Parkway, Rock Rose, Austin, Travis County, Texas, 78758, United States",150482.4,30.3963285,-97.7209404,,commercial_industrial_unknown,unknown,"MULTIPOLYGON (((-97.720201 30.396812, -97.721205 30.397062, -97.721353 30.396622, -97.721314 30.396612, -97.721373 30.396437, -97.721286 30.396416, -97.721329 30.396287, -97.721418 30.39631, -97.721407 30.396344, -97.721514 30.396371, -97.721697 30.395826, -97.721527 30.395784, -97.721525 30.39579, -97.720747 30.395597, -97.720628 30.395953, -97.720618 30.395951, -97.720581 30.396062, -97.720462 30.396032, -97.720201 30.396812)))",microsoft_us_building_footprints
ms-tx-000204,Microsoft footprint TX #205,TX,Austin,Travis County,"10503, Bevo Trail, Austin, Travis County, Texas, 78758, United States",127193.96,30.3897536,-97.7277173,,commercial_industrial_unknown,unknown,"MULTIPOLYGON (((-97.727083 30.390188, -97.727366 30.39026, -97.727379 30.390222, -97.727579 30.390273, -97.727557 30.390339, -97.727714 30.390379, -97.727731 30.390331, -97.727895 30.390373, -97.727948 30.39022, -97.728034 30.390242, -97.727924 30.390562, -97.728056 30.390596, -97.72822 30.390118, -97.728172 30.390106, -97.728228 30.389943, -97.727935 30.389869, -97.727963 30.389788, -97.728033 30.389806, -97.728042 30.389779, -97.727981 30.389763, -97.728029 30.389622, -97.728218 30.38967, -97.728333 30.389333, -97.728144 30.389284, -97.728129 30.389326, -97.727986 30.389289, -97.728024 30.389179, -97.727836 30.389131, -97.727858 30.389066, -97.727499 30.388974, -97.727083 30.390188)))",microsoft_us_building_footprints
ms-tx-000205,Microsoft footprint TX #206,TX,Austin,Travis County,"North Lamar Boulevard, Skyview, Austin, Travis County, Texas, 78751, United States",150174.93,30.3221562,-97.7295117,,commercial_industrial_unknown,unknown,"MULTIPOLYGON (((-97.728772 30.322543, -97.729218 30.322717, -97.729189 30.322773, -97.729779 30.323003, -97.730046 30.322495, -97.729981 30.32247, -97.729997 30.32244, -97.729663 30.32231, -97.729776 30.322095, -97.729912 30.322148, -97.730006 30.321967, -97.729904 30.321927, -97.729994 30.321756, -97.73013 30.321809, -97.730236 30.321606, -97.72943 30.32129, -97.728772 30.322543)))",microsoft_us_building_footprints
ms-tx-000206,Microsoft footprint TX #207,TX,Austin,Travis County,"Silver Spoon, Creativity Trail, Austin, Travis County, Texas, 78758, United States",272850.36,30.3896177,-97.7324164,,commercial_industrial_unknown,unknown,"MULTIPOLYGON (((-97.732667 30.388964, -97.732927 30.388999, -97.732972 30.388749, -97.733182 30.388777, -97.73349 30.387082, -97.733048 30.387022, -97.73284 30.388165, -97.732578 30.388129, -97.732492 30.388601, -97.732737 30.388635, -97.732686 30.388915, -97.732429 30.38888, -97.732243 30.389902, -97.732212 30.389897, -97.732165 30.390156, -97.731875 30.390117, -97.731774 30.390673, -97.731608 30.390651, -97.73159 30.39075, -97.731543 30.390744, -97.731343 30.391841, -97.731971 30.391926, -97.732161 30.390884, -97.732284 30.390901, -97.732401 30.390256, -97.732408 30.390257, -97.732462 30.389959, -97.732486 30.389962, -97.732667 30.388964)))",microsoft_us_building_footprints
ms-tx-000207,Microsoft footprint TX #208,TX,Glen Rose,Somervell County,"Glen Rose High School, 900, Stadium Drive, Glen Rose, Somervell County, Texas, 76043, United States",171717.9,32.2316599,-97.7656785,,commercial_industrial_unknown,unknown,"MULTIPOLYGON (((-97.764498 32.231452, -97.765184 32.231826, -97.765214 32.231829, -97.765256 32.231955, -97.765656 32.231989, -97.765646 32.232074, -97.765744 32.232083, -97.765722 32.232271, -97.766058 32.2323, -97.766065 32.232323, -97.766412 32.232353, -97.766439 32.232126, -97.766365 32.232119, -97.766298 32.231917, -97.766385 32.231896, -97.766693 32.232064, -97.766994 32.231669, -97.76645 32.231623, -97.76642 32.231534, -97.766297 32.231467, -97.766209 32.231582, -97.766 32.231468, -97.765951 32.231533, -97.765812 32.231457, -97.765858 32.231396, -97.765799 32.231391, -97.765804 32.231353, -97.76563 32.231258, -97.765708 32.231155, -97.765519 32.231052, -97.765405 32.231202, -97.764899 32.230927, -97.764498 32.231452)))",microsoft_us_building_footprints
ms-tx-000208,Microsoft footprint TX #209,TX,Austin,Travis County,"Franklin Park Station (SB), South Pleasant Valley Road, Franklin Park, Austin, Travis County, Texas, 78744, United States",163473.28,30.2050909,-97.7436634,,commercial_industrial_unknown,unknown,"MULTIPOLYGON (((-97.742252 30.204745, -97.744813 30.205877, -97.745074 30.205436, -97.742513 30.204305, -97.742252 30.204745)))",microsoft_us_building_footprints
ms-tx-000209,Microsoft footprint TX #210,TX,Austin,Travis County,"Great Hillls Baptist Church, B Building, O'Chester Boulevard, Hardrock Canyon, Austin, Travis County, Texas, 78759, United States",159138.59,30.3988402,-97.7521570,,commercial_industrial_unknown,unknown,"MULTIPOLYGON (((-97.752839 30.399316, -97.75295 30.398908, -97.752793 30.398876, -97.752848 30.398676, -97.752532 30.398611, -97.752584 30.398426, -97.752437 30.397976, -97.75232 30.397952, -97.752216 30.397977, -97.752237 30.398043, -97.752208 30.39805, -97.752143 30.397853, -97.752037 30.397879, -97.752097 30.398061, -97.7519 30.398109, -97.751878 30.398189, -97.751977 30.398491, -97.75195 30.398589, -97.751777 30.398631, -97.751748 30.398735, -97.751815 30.398939, -97.751283 30.399068, -97.751198 30.399051, -97.75115 30.399229, -97.751257 30.39925, -97.751406 30.399214, -97.751517 30.399553, -97.752183 30.399391, -97.752137 30.399251, -97.752535 30.399332, -97.752555 30.399258, -97.752839 30.399316)))",microsoft_us_building_footprints
ms-tx-000210,Microsoft footprint TX #211,TX,,Bell County,"Shoemaker Center, Darnall Loop, Bell County, Texas, 76544, United States",244061.34,31.1309498,-97.7742181,,commercial_industrial_unknown,unknown,"MULTIPOLYGON (((-97.773161 31.130117, -97.77309 31.130518, -97.773103 31.130524, -97.77309 31.130595, -97.773213 31.130658, -97.773148 31.131027, -97.773235 31.131038, -97.773252 31.130937, -97.773577 31.131102, -97.77364 31.131068, -97.774346 31.131426, -97.774325 31.131546, -97.774355 31.131561, -97.774315 31.131785, -97.774585 31.131922, -97.774691 31.131936, -97.774726 31.131736, -97.775065 31.131908, -97.775168 31.131758, -97.775246 31.131768, -97.77535 31.13118, -97.77524 31.131166, -97.774488 31.130784, -97.774597 31.130723, -97.774771 31.130811, -97.774798 31.130773, -97.774623 31.130543, -97.774657 31.130347, -97.774348 31.130307, -97.774371 31.130273, -97.773161 31.130117)))",microsoft_us_building_footprints
ms-tx-000211,Microsoft footprint TX #212,TX,Austin,Travis County,"East William Cannon Drive, Pleasant Hill, Austin, Travis County, Texas, 78745, United States",187827.55,30.1897744,-97.7736690,,commercial_industrial_unknown,unknown,"MULTIPOLYGON (((-97.774178 30.189774, -97.773389 30.191069, -97.773916 30.191309, -97.774186 30.190867, -97.774243 30.190893, -97.774322 30.190763, -97.773997 30.190615, -97.774087 30.190467, -97.774249 30.19054, -97.774346 30.190381, -97.774249 30.190337, -97.77428 30.190287, -97.774326 30.190308, -97.774405 30.190179, -97.774385 30.190086, -97.774351 30.190071, -97.774454 30.189902, -97.77437 30.189864, -97.774341 30.189723, -97.774403 30.189621, -97.77414 30.189502, -97.774251 30.189319, -97.773694 30.189065, -97.773761 30.188956, -97.773466 30.188822, -97.77351 30.18875, -97.773337 30.188671, -97.773302 30.188729, -97.772865 30.18853, -97.77259 30.188981, -97.772607 30.189059, -97.774178 30.189774)))",microsoft_us_building_footprints
ms-tx-000212,Microsoft footprint TX #213,TX,Austin,Travis County,"Steel N Ink, 2901, South Capital of Texas Highway, Austin, Travis County, Texas, 78746, United States",931930.02,30.2576468,-97.8070658,,commercial_industrial_unknown,unknown,"MULTIPOLYGON (((-97.80803 30.257433, -97.808619 30.256839, -97.808794 30.256969, -97.808717 30.256759, -97.809058 30.256414, -97.808467 30.255977, -97.808106 30.256077, -97.80732 30.256871, -97.806665 30.256387, -97.806252 30.256805, -97.805322 30.256118, -97.804623 30.256825, -97.805555 30.257514, -97.805761 30.258067, -97.805947 30.258205, -97.806257 30.257891, -97.8067 30.258218, -97.806682 30.258236, -97.805976 30.258432, -97.805575 30.258837, -97.806398 30.259445, -97.807182 30.258653, -97.807139 30.258536, -97.807056 30.258559, -97.806962 30.258305, -97.808541 30.259471, -97.809114 30.258893, -97.808126 30.258164, -97.808726 30.257823, -97.808591 30.257645, -97.808299 30.25743, -97.808146 30.257585, -97.80803 30.257433)))",microsoft_us_building_footprints
ms-tx-000213,Microsoft footprint TX #214,TX,Cedar Park,Williamson County,"100, North Vista Ridge Boulevard, Cedar Park, Williamson County, Texas, 78613, United States",179303.26,30.5213523,-97.7885439,,commercial_industrial_unknown,unknown,"MULTIPOLYGON (((-97.788035 30.522001, -97.788413 30.521954, -97.788435 30.522082, -97.788721 30.522046, -97.788727 30.52208, -97.789453 30.521989, -97.789414 30.521763, -97.789183 30.521792, -97.789126 30.521453, -97.789196 30.521423, -97.789062 30.521194, -97.788757 30.521327, -97.788697 30.520976, -97.789073 30.520929, -97.789037 30.520717, -97.788622 30.52077, -97.788559 30.520399, -97.788294 30.520432, -97.788297 30.520448, -97.788034 30.520481, -97.788102 30.520881, -97.7878 30.520919, -97.787828 30.521084, -97.787855 30.52113, -97.78817 30.52109, -97.788188 30.521199, -97.787918 30.521233, -97.787948 30.521411, -97.788036 30.5214, -97.788068 30.521588, -97.787967 30.521601, -97.788035 30.522001)))",microsoft_us_building_footprints
ms-tx-000214,Microsoft footprint TX #215,TX,Cedar Park,Williamson County,"Regal Nails, 201, Walton Way, Cedar Park, Williamson County, Texas, 78613, United States",214901.15,30.5224831,-97.8344685,,commercial_industrial_unknown,unknown,"MULTIPOLYGON (((-97.834007 30.5231, -97.834062 30.523086, -97.834106 30.523221, -97.834269 30.523181, -97.834317 30.523324, -97.83552 30.523029, -97.835478 30.522903, -97.835263 30.522955, -97.834981 30.522103, -97.834938 30.522113, -97.834846 30.521837, -97.83498 30.521804, -97.834951 30.521714, -97.834574 30.521807, -97.834554 30.521749, -97.83447 30.52177, -97.834396 30.521546, -97.834229 30.521587, -97.834303 30.521814, -97.834026 30.521882, -97.833965 30.521697, -97.833511 30.521809, -97.83358 30.522019, -97.833778 30.521971, -97.833879 30.522276, -97.833701 30.52232, -97.83376 30.522497, -97.833827 30.522481, -97.833997 30.522996, -97.833975 30.523001, -97.834007 30.5231)))",microsoft_us_building_footprints
ms-tx-000215,Microsoft footprint TX #216,TX,,Travis County,"Omni Barton Creek Resort, 8108, Barton Club Drive, Travis County, Texas, 78735, United States",108975.15,30.2911814,-97.8582189,,commercial_industrial_unknown,unknown,"MULTIPOLYGON (((-97.859234 30.291649, -97.858277 30.291176, -97.85825 30.29106, -97.858664 30.290986, -97.858702 30.290928, -97.858647 30.290697, -97.858055 30.290803, -97.858086 30.290932, -97.858014 30.290944, -97.857846 30.290664, -97.857983 30.29064, -97.857921 30.290536, -97.857787 30.290595, -97.857721 30.290485, -97.857542 30.290517, -97.857509 30.290567, -97.857477 30.290572, -97.85761 30.290795, -97.857547 30.290891, -97.857388 30.290961, -97.85768 30.291448, -97.857955 30.291325, -97.857935 30.291242, -97.857908 30.291198, -97.857956 30.291157, -97.858042 30.291233, -97.857999 30.291297, -97.858485 30.291537, -97.858494 30.291529, -97.858537 30.29155, -97.858431 30.291711, -97.858893 30.291939, -97.859234 30.291649)))",microsoft_us_building_footprints
ms-tx-000216,Microsoft footprint TX #217,TX,Bee Cave,Travis County,"H-E-B Pharmacy, 12400, West Highway 71, Bee Cave, Travis County, Texas, 78738, United States",134188.57,30.3045213,-97.9320825,,commercial_industrial_unknown,unknown,"MULTIPOLYGON (((-97.931956 30.304323, -97.931614 30.304711, -97.931774 30.304815, -97.931747 30.304845, -97.931877 30.304931, -97.931843 30.304969, -97.932147 30.305168, -97.932167 30.305146, -97.932206 30.305172, -97.932254 30.305118, -97.932573 30.305327, -97.932934 30.304918, -97.933015 30.304972, -97.93308 30.304898, -97.933007 30.30485, -97.933039 30.304814, -97.932984 30.304778, -97.932972 30.304792, -97.932933 30.304767, -97.932937 30.304762, -97.932903 30.30474, -97.93289 30.304755, -97.932837 30.30472, -97.932868 30.304685, -97.932665 30.304553, -97.932684 30.304532, -97.93215 30.304181, -97.932139 30.304195, -97.930872 30.303363, -97.930734 30.30352, -97.931956 30.304323)))",microsoft_us_building_footprints
ms-tx-000217,Microsoft footprint TX #218,TX,Seguin,Guadalupe County,"Jim Barnes Middle School, 1539, Joe Carrillo Boulevard, Seguin, Guadalupe County, Texas, 78155, United States",119427.1,29.5565408,-97.9388297,,commercial_industrial_unknown,unknown,"MULTIPOLYGON (((-97.938458 29.556437, -97.938487 29.556538, -97.938464 29.556543, -97.938508 29.556694, -97.938544 29.5567, -97.938531 29.556758, -97.938757 29.556797, -97.938786 29.556832, -97.938726 29.557098, -97.938768 29.55715, -97.938919 29.557175, -97.938937 29.55724, -97.939158 29.557277, -97.939167 29.557239, -97.939388 29.557276, -97.939453 29.556985, -97.939221 29.556946, -97.939239 29.556867, -97.939484 29.556813, -97.939433 29.556637, -97.939345 29.556527, -97.939259 29.556513, -97.939213 29.556353, -97.93904 29.556391, -97.938802 29.555588, -97.938565 29.55564, -97.938663 29.555979, -97.938537 29.556006, -97.938591 29.556193, -97.937837 29.556358, -97.937895 29.55656, -97.938458 29.556437)))",microsoft_us_building_footprints
ms-tx-000218,Microsoft footprint TX #219,TX,Bee Cave,Travis County,"The Home Depot, 3600, Ranch Road 620 South, Bee Cave, Travis County, Texas, 78738, United States",122815.57,30.3182267,-97.9558493,,commercial_industrial_unknown,unknown,"MULTIPOLYGON (((-97.956689 30.318327, -97.95561 30.31759, -97.955493 30.317718, -97.955397 30.317653, -97.955166 30.317905, -97.955212 30.317937, -97.955121 30.318036, -97.955028 30.317973, -97.955033 30.317968, -97.954916 30.317888, -97.95486 30.317949, -97.955243 30.31821, -97.955212 30.318244, -97.955392 30.318367, -97.95542 30.318336, -97.955548 30.318423, -97.955515 30.318459, -97.955708 30.31859, -97.955739 30.318556, -97.955871 30.318646, -97.955773 30.318753, -97.955966 30.318885, -97.956063 30.318779, -97.956193 30.318868, -97.956689 30.318327)))",microsoft_us_building_footprints
ms-tx-000219,Microsoft footprint TX #220,TX,San Marcos,Hays County,"Amazon SAT2, 1401, East McCarty Lane, San Marcos, Hays County, Texas, 78666, United States",857941.08,29.8373149,-97.9629472,,commercial_industrial_unknown,unknown,"MULTIPOLYGON (((-97.960635 29.836428, -97.963996 29.839327, -97.965252 29.838232, -97.965092 29.838095, -97.965099 29.838089, -97.964295 29.837396, -97.96431 29.837383, -97.963823 29.836963, -97.963838 29.83695, -97.963749 29.836873, -97.963772 29.836854, -97.963683 29.836777, -97.963648 29.836807, -97.96302 29.836265, -97.963041 29.836246, -97.962993 29.836205, -97.962971 29.836224, -97.96261 29.835913, -97.962617 29.835907, -97.962215 29.83556, -97.962233 29.835544, -97.962186 29.835504, -97.962164 29.835522, -97.961917 29.835309, -97.960635 29.836428)))",microsoft_us_building_footprints
ms-tx-000220,Microsoft footprint TX #221,TX,San Marcos,Hays County,"Target Pharmacy, 700, Barnes Drive, Stone Creek Crossing, San Marcos, Hays County, Texas, 78666, United States",301841.05,29.8460906,-97.9715025,,commercial_industrial_unknown,unknown,"MULTIPOLYGON (((-97.97261 29.844758, -97.972462 29.844888, -97.972428 29.844859, -97.971723 29.845512, -97.971695 29.845488, -97.971272 29.845859, -97.971172 29.845774, -97.970963 29.845846, -97.970848 29.845948, -97.970954 29.846039, -97.970597 29.846163, -97.97039 29.846345, -97.970375 29.846333, -97.970235 29.846456, -97.970293 29.846505, -97.969686 29.847037, -97.97003 29.847332, -97.970596 29.846836, -97.971022 29.847201, -97.971702 29.846604, -97.971556 29.846478, -97.971775 29.846286, -97.971452 29.846009, -97.971867 29.845645, -97.971957 29.845722, -97.972075 29.845619, -97.972519 29.846, -97.973338 29.845282, -97.973224 29.845184, -97.97314 29.845213, -97.97261 29.844758)))",microsoft_us_building_footprints
ms-tx-000221,Microsoft footprint TX #222,TX,San Marcos,Hays County,"Spencer's, South Interstate 35, San Marcos, Hays County, Texas, 78666, United States",201765.63,29.8221566,-97.9881677,,commercial_industrial_unknown,unknown,"MULTIPOLYGON (((-97.988536 29.821045, -97.986728 29.82272, -97.986734 29.82308, -97.987001 29.823297, -97.986918 29.823373, -97.987578 29.82391, -97.987814 29.823691, -97.987814 29.823657, -97.987748 29.823603, -97.987716 29.823633, -97.987166 29.823186, -97.987196 29.823157, -97.987077 29.82306, -97.987124 29.823017, -97.987121 29.822871, -97.987078 29.822836, -97.987186 29.822735, -97.987184 29.822733, -97.988545 29.821472, -97.988567 29.821491, -97.988663 29.821402, -97.988823 29.8214, -97.988823 29.821361, -97.988891 29.82136, -97.988919 29.821383, -97.988949 29.821356, -97.98895 29.821407, -97.989251 29.821403, -97.989186 29.821463, -97.990081 29.82219, -97.990298 29.82199, -97.989126 29.821037, -97.988536 29.821045)))",microsoft_us_building_footprints
ms-tx-000222,Microsoft footprint TX #223,TX,Seguin,Guadalupe County,"Best Drive, Caterpillar Seguin Assembly, Seguin, Guadalupe County, Texas, 78156, United States",705600.72,29.5756415,-97.9947734,,commercial_industrial_unknown,unknown,"MULTIPOLYGON (((-97.9955 29.578017, -97.995444 29.573558, -97.994249 29.573569, -97.994247 29.573476, -97.994067 29.573478, -97.994067 29.573468, -97.993885 29.57347, -97.993888 29.573685, -97.993963 29.573684, -97.994 29.576604, -97.99437 29.5766, -97.994373 29.576829, -97.994389 29.576829, -97.994404 29.578028, -97.9955 29.578017)))",microsoft_us_building_footprints
ms-tx-000223,Microsoft footprint TX #224,TX,New Braunfels,Comal County,"New Braunfels, Comal County, Texas, 78135, United States",102762.68,29.7396386,-98.0888405,,commercial_industrial_unknown,unknown,"MULTIPOLYGON (((-98.088421 29.73979, -98.088201 29.739658, -98.088146 29.739728, -98.088271 29.739803, -98.08819 29.739906, -98.088244 29.739939, -98.088071 29.740158, -98.088386 29.740346, -98.088446 29.74027, -98.088565 29.740341, -98.088955 29.739849, -98.089092 29.739931, -98.089335 29.739625, -98.089237 29.739566, -98.089545 29.739176, -98.089477 29.739135, -98.089529 29.739069, -98.089164 29.738851, -98.088421 29.73979)))",microsoft_us_building_footprints
ms-tx-000224,Microsoft footprint TX #225,TX,Edinburg,Hidalgo County,"Betty Harwell Middle School, 9207, Carmen Avila Road, Edinburg Acres Colonia, Edinburg, Hidalgo County, Texas, 78542, United States",157494.84,26.3901622,-98.0889631,,commercial_industrial_unknown,unknown,"MULTIPOLYGON (((-98.088899 26.389071, -98.088833 26.38952, -98.08853 26.389484, -98.08847 26.389892, -98.088696 26.389919, -98.088671 26.390092, -98.088832 26.390112, -98.088659 26.390357, -98.088519 26.39034, -98.088544 26.390173, -98.088467 26.390164, -98.088411 26.390544, -98.088477 26.390552, -98.0885 26.390396, -98.088685 26.390417, -98.088584 26.391102, -98.088608 26.391105, -98.088584 26.391266, -98.089096 26.391326, -98.089163 26.39087, -98.08935 26.390892, -98.089386 26.390644, -98.088912 26.390588, -98.088953 26.390308, -98.089217 26.39034, -98.089243 26.390159, -98.089074 26.390139, -98.089096 26.389993, -98.089486 26.390039, -98.089546 26.38963, -98.08928 26.389599, -98.08935 26.389124, -98.088899 26.389071)))",microsoft_us_building_footprints
ms-tx-000225,Microsoft footprint TX #226,TX,New Braunfels,Comal County,"H-E-B Pharmacy, 1655, State Highway 46 West, Kirkwood, New Braunfels, Comal County, Texas, 78132, United States",119414.06,29.7132245,-98.1606102,,commercial_industrial_unknown,unknown,"MULTIPOLYGON (((-98.161586 29.714196, -98.160804 29.713533, -98.160953 29.713401, -98.160862 29.713324, -98.161121 29.713093, -98.160789 29.712812, -98.160859 29.712749, -98.160702 29.712616, -98.160678 29.712637, -98.160594 29.712566, -98.160528 29.712625, -98.160344 29.712469, -98.160285 29.712521, -98.160245 29.712487, -98.160102 29.712614, -98.160158 29.712661, -98.159801 29.712979, -98.160358 29.71345, -98.160358 29.71345, -98.160433 29.713514, -98.160448 29.7135, -98.161432 29.714333, -98.161586 29.714196)))",microsoft_us_building_footprints
ms-tx-000226,Microsoft footprint TX #227,TX,San Juan,Hidalgo County,"PSJA Early College High School, 805, West Ridge Road, San Juan South Estates Colonia, San Juan, Hidalgo County, Texas, 78589, United States",252978.55,26.1767201,-98.1681717,,commercial_industrial_unknown,unknown,"MULTIPOLYGON (((-98.166483 26.176153, -98.166529 26.176816, -98.167355 26.176771, -98.167349 26.176686, -98.167463 26.176679, -98.16776 26.177043, -98.167537 26.177189, -98.167673 26.177356, -98.168022 26.177126, -98.168158 26.177293, -98.168433 26.177278, -98.168551 26.177201, -98.168808 26.177516, -98.168989 26.177397, -98.168911 26.177301, -98.169487 26.176923, -98.169482 26.176853, -98.169218 26.176737, -98.169206 26.176567, -98.169004 26.176477, -98.169329 26.176264, -98.169318 26.176111, -98.16918 26.176118, -98.16904 26.17621, -98.168079 26.176264, -98.167902 26.176045, -98.167712 26.17617, -98.167873 26.176367, -98.167566 26.176569, -98.167536 26.176623, -98.167396 26.176631, -98.167391 26.176553, -98.166483 26.176153)))",microsoft_us_building_footprints
ms-tx-000227,Microsoft footprint TX #228,TX,Edinburg,Hidalgo County,"Ebony Hills Public Golf Course, West Ebony Drive, The Meadows, Edinburg, Hidalgo County, Texas, 78539, United States",150791.1,26.2843875,-98.1676285,,commercial_industrial_unknown,unknown,"MULTIPOLYGON (((-98.167351 26.283802, -98.167166 26.284232, -98.167126 26.284308, -98.167123 26.284333, -98.166858 26.284221, -98.1668 26.284331, -98.166809 26.284379, -98.167059 26.284484, -98.167073 26.284559, -98.166855 26.284467, -98.1668 26.284476, -98.166705 26.284647, -98.166808 26.284691, -98.166778 26.284748, -98.166833 26.284771, -98.166825 26.28484, -98.166947 26.284891, -98.167091 26.284702, -98.167112 26.284699, -98.16729 26.284773, -98.167302 26.284751, -98.167869 26.284989, -98.167904 26.284922, -98.168032 26.284975, -98.168306 26.284452, -98.168358 26.284025, -98.168195 26.284009, -98.16821 26.283887, -98.167351 26.283802)))",microsoft_us_building_footprints
ms-tx-000228,Microsoft footprint TX #229,TX,Wimberley,Hays County,"Wimberley High School, 100, Carney Lane, Wimberley, Hays County, Texas, 78676, United States",118058.17,30.0051502,-98.1170802,,commercial_industrial_unknown,unknown,"MULTIPOLYGON (((-98.117795 30.005318, -98.117674 30.004843, -98.117467 30.004883, -98.11746 30.004854, -98.117391 30.004867, -98.117328 30.00462, -98.116323 30.004811, -98.116366 30.00498, -98.116473 30.00496, -98.116535 30.005205, -98.116376 30.005235, -98.116394 30.005305, -98.116432 30.005298, -98.11645 30.005367, -98.116419 30.005373, -98.116426 30.0054, -98.116446 30.005396, -98.116487 30.005557, -98.116893 30.00548, -98.116903 30.005523, -98.117019 30.005501, -98.117004 30.005444, -98.11714 30.005419, -98.117222 30.005742, -98.117751 30.005642, -98.1177 30.005443, -98.117205 30.005537, -98.117188 30.005471, -98.117243 30.00546, -98.117234 30.005425, -98.117795 30.005318)))",microsoft_us_building_footprints
ms-tx-000229,Microsoft footprint TX #230,TX,Pharr,Hidalgo County,"San Patricia Drive, Pharr, Hidalgo County, Texas, 78577, United States",276139.42,26.2081603,-98.1967825,,commercial_industrial_unknown,unknown,"MULTIPOLYGON (((-98.196309 26.207114, -98.196055 26.208994, -98.196557 26.209048, -98.196539 26.209184, -98.196696 26.209202, -98.196712 26.209085, -98.19732 26.209152, -98.197476 26.208, -98.197407 26.207993, -98.197403 26.208021, -98.197351 26.208016, -98.197358 26.207964, -98.197279 26.207955, -98.197273 26.208002, -98.197097 26.207983, -98.197125 26.207779, -98.197401 26.207809, -98.197406 26.207767, -98.197398 26.207766, -98.19747 26.20724, -98.196309 26.207114)))",microsoft_us_building_footprints
ms-tx-000230,Microsoft footprint TX #231,TX,McAllen,Hidalgo County,"South 12th Street, McAllen, Hidalgo County, Texas, 78501, United States",105257.41,26.1953456,-98.2327531,,commercial_industrial_unknown,unknown,"MULTIPOLYGON (((-98.232319 26.19586, -98.23323 26.195962, -98.233286 26.195557, -98.232999 26.195525, -98.233022 26.195357, -98.232985 26.195352, -98.233059 26.194822, -98.232964 26.194811, -98.232987 26.194652, -98.232521 26.1946, -98.232474 26.194934, -98.232393 26.194925, -98.232353 26.195211, -98.232409 26.195218, -98.232319 26.19586)))",microsoft_us_building_footprints
ms-tx-000231,Microsoft footprint TX #232,TX,Pharr,Hidalgo County,"Military Highway, Southfork Estates Colonia, Pharr, Hidalgo County, Texas, United States",155217.04,26.0912482,-98.1886650,,commercial_industrial_unknown,unknown,"MULTIPOLYGON (((-98.188528 26.090134, -98.188209 26.092292, -98.188802 26.092362, -98.189121 26.090205, -98.188528 26.090134)))",microsoft_us_building_footprints
ms-tx-000232,Microsoft footprint TX #233,TX,Pharr,Hidalgo County,"9050, Travis Drive, Las Fuentes Colonia, Pharr, Hidalgo County, Texas, 78577, United States",110480.39,26.1086467,-98.2034325,,commercial_industrial_unknown,unknown,"MULTIPOLYGON (((-98.202998 26.109289, -98.203666 26.109368, -98.203867 26.108005, -98.203199 26.107925, -98.202998 26.109289)))",microsoft_us_building_footprints
ms-tx-000233,Microsoft footprint TX #234,TX,McAllen,Hidalgo County,"Ash Avenue, Trevino Colonia, McAllen, Hidalgo County, Texas, 78501, United States",134276.3,26.2093541,-98.2546224,,commercial_industrial_unknown,unknown,"MULTIPOLYGON (((-98.255103 26.208655, -98.254533 26.208585, -98.254545 26.208504, -98.254382 26.208484, -98.254267 26.209243, -98.254164 26.209231, -98.254141 26.209382, -98.254233 26.209393, -98.25422 26.209481, -98.254436 26.209507, -98.254398 26.209756, -98.254143 26.209725, -98.254094 26.210045, -98.254343 26.210076, -98.254337 26.210118, -98.254871 26.210183, -98.255103 26.208655)))",microsoft_us_building_footprints
ms-tx-000234,Microsoft footprint TX #235,TX,McAllen,Hidalgo County,"Burlington, 500, East Expressway 83, McAllen, Hidalgo County, Texas, 78503, United States",208716.85,26.1855593,-98.2171058,,commercial_industrial_unknown,unknown,"MULTIPOLYGON (((-98.215836 26.185003, -98.215754 26.185686, -98.21587 26.185698, -98.215865 26.185743, -98.216101 26.185766, -98.216104 26.185737, -98.216181 26.185745, -98.216178 26.185771, -98.216324 26.185785, -98.216323 26.18579, -98.217134 26.185868, -98.217129 26.185911, -98.217283 26.185926, -98.217285 26.185909, -98.218576 26.186035, -98.218634 26.185557, -98.218515 26.185545, -98.218524 26.185469, -98.218168 26.185434, -98.218157 26.185532, -98.217809 26.185498, -98.217822 26.185394, -98.217713 26.185383, -98.21773 26.185247, -98.217584 26.185233, -98.217575 26.185305, -98.216594 26.185209, -98.21661 26.185079, -98.215836 26.185003)))",microsoft_us_building_footprints
ms-tx-000235,Microsoft footprint TX #236,TX,Schertz,Comal County,"Natural Bridge Caverns Road, Schertz, Comal County, Texas, 78108, United States",108897.12,29.6108133,-98.2805754,,commercial_industrial_unknown,unknown,"MULTIPOLYGON (((-98.282273 29.610326, -98.282172 29.610103, -98.27914 29.611142, -98.279285 29.611461, -98.280146 29.611166, -98.280181 29.611244, -98.28043 29.611159, -98.28041 29.611115, -98.280521 29.611077, -98.280462 29.610946, -98.282273 29.610326)))",microsoft_us_building_footprints
ms-tx-000236,Microsoft footprint TX #237,TX,Reynosa,Reynosa,"Calle Ignacio Estrada, Reynosa, Tamaulipas, 88500, Mexico",105125.37,26.0976183,-98.2828551,,commercial_industrial_unknown,unknown,"MULTIPOLYGON (((-98.28331 26.097075, -98.282941 26.097049, -98.282901 26.097006, -98.282599 26.096985, -98.282564 26.097103, -98.282445 26.097094, -98.282429 26.097273, -98.2825 26.097278, -98.282443 26.09737, -98.282581 26.09744, -98.28246 26.097463, -98.282453 26.097536, -98.282577 26.097544, -98.282618 26.09772, -98.282748 26.097729, -98.282758 26.097613, -98.282961 26.097796, -98.282906 26.097883, -98.28277 26.097814, -98.282759 26.097804, -98.282354 26.097776, -98.28232 26.098166, -98.282451 26.098048, -98.282481 26.098175, -98.283305 26.098232, -98.283159 26.097612, -98.283218 26.097601, -98.283194 26.0975, -98.283273 26.097505, -98.28331 26.097075)))",microsoft_us_building_footprints
ms-tx-000237,Microsoft footprint TX #238,TX,,Bexar County,"Randolph Exchange, 630, 3rd Street West, Bexar County, Texas, 78150, United States",156013.74,29.5389241,-98.2875661,,commercial_industrial_unknown,unknown,"MULTIPOLYGON (((-98.286714 29.538732, -98.287225 29.539617, -98.287883 29.539329, -98.287917 29.539389, -98.288493 29.539137, -98.288341 29.538873, -98.288217 29.538927, -98.287906 29.538387, -98.287969 29.53836, -98.287871 29.538189, -98.287243 29.538463, -98.287217 29.538419, -98.28711 29.538465, -98.287153 29.53854, -98.286714 29.538732)))",microsoft_us_building_footprints
ms-tx-000238,Microsoft footprint TX #239,TX,McAllen,Hidalgo County,"McAllen, Hidalgo County, Texas, United States",332157.5,26.1473082,-98.2857358,,commercial_industrial_unknown,unknown,"MULTIPOLYGON (((-98.287073 26.146914, -98.284562 26.146612, -98.284399 26.147703, -98.28691 26.148004, -98.287073 26.146914)))",microsoft_us_building_footprints
ms-tx-000239,Microsoft footprint TX #240,TX,Stephenville,Erath County,"North Wolfe Nursery Road, Stephenville, Erath County, Texas, 76402, United States",272655.08,32.2059422,-98.2425962,,commercial_industrial_unknown,unknown,"MULTIPOLYGON (((-98.243658 32.206674, -98.242824 32.205215, -98.242852 32.205204, -98.242792 32.2051, -98.242697 32.205139, -98.242663 32.20508, -98.24278 32.204975, -98.24271 32.204852, -98.241835 32.204886, -98.241848 32.205125, -98.241708 32.205182, -98.241938 32.205585, -98.241528 32.205752, -98.241667 32.205994, -98.242107 32.205814, -98.242231 32.206031, -98.242043 32.206108, -98.242193 32.206228, -98.242335 32.20617, -98.242426 32.20633, -98.242122 32.206455, -98.242459 32.207045, -98.243047 32.206804, -98.243062 32.20683, -98.242915 32.20689, -98.243015 32.207065, -98.24331 32.206944, -98.243201 32.206755, -98.243204 32.206707, -98.243329 32.206656, -98.2434 32.20678, -98.243658 32.206674)))",microsoft_us_building_footprints
ms-tx-000240,Microsoft footprint TX #241,TX,Stephenville,Erath County,"Bosque Road, Stephenville, Erath County, Texas, 76402, United States",160043.19,32.2003356,-98.2435344,,commercial_industrial_unknown,unknown,"MULTIPOLYGON (((-98.243744 32.201473, -98.243172 32.200538, -98.243197 32.200262, -98.244456 32.19971, -98.24447 32.199563, -98.244581 32.199515, -98.244678 32.199521, -98.244821 32.199458, -98.244794 32.199414, -98.244604 32.199401, -98.244729 32.199346, -98.244611 32.199154, -98.243738 32.199537, -98.243806 32.199649, -98.243486 32.199789, -98.243412 32.199669, -98.243051 32.199827, -98.243018 32.199985, -98.242942 32.200018, -98.24297 32.200064, -98.242872 32.200177, -98.242825 32.20069, -98.242906 32.200822, -98.242833 32.200906, -98.242924 32.201056, -98.243073 32.20099, -98.243108 32.201012, -98.243126 32.201041, -98.243025 32.201157, -98.242916 32.201205, -98.243221 32.201702, -98.243744 32.201473)))",microsoft_us_building_footprints
ms-tx-000241,Microsoft footprint TX #242,TX,San Antonio,Bexar County,"1346, Cornerway Boulevard, San Antonio, Bexar County, Texas, 78219, United States",109989.98,29.4404811,-98.3886838,,commercial_industrial_unknown,unknown,"MULTIPOLYGON (((-98.38797 29.44009, -98.388785 29.441206, -98.389341 29.440899, -98.389196 29.440701, -98.389278 29.440655, -98.388739 29.439916, -98.388635 29.439974, -98.388508 29.439799, -98.388503 29.439802, -98.388499 29.439797, -98.38797 29.44009)))",microsoft_us_building_footprints
ms-tx-000242,Microsoft footprint TX #243,TX,San Antonio,Bexar County,"Lancer Boulevard, San Antonio, Bexar County, Texas, 78244, United States",354513.36,29.4387218,-98.3570595,,commercial_industrial_unknown,unknown,"MULTIPOLYGON (((-98.357818 29.439795, -98.357799 29.437813, -98.35736 29.437816, -98.357358 29.43759, -98.357106 29.437592, -98.357105 29.437457, -98.356973 29.437458, -98.356975 29.437593, -98.356724 29.437594, -98.356726 29.437822, -98.35625 29.437826, -98.356251 29.437914, -98.35629 29.437914, -98.356305 29.439508, -98.356135 29.439509, -98.356137 29.43973, -98.356361 29.439729, -98.356359 29.439587, -98.356935 29.439583, -98.356937 29.439801, -98.357818 29.439795)))",microsoft_us_building_footprints
ms-tx-000243,Microsoft footprint TX #244,TX,San Antonio,Bexar County,"Kaepa Court, San Antonio, Bexar County, Texas, 78218, United States",245033.4,29.4797250,-98.3889352,,commercial_industrial_unknown,unknown,"MULTIPOLYGON (((-98.389401 29.478494, -98.388742 29.478483, -98.388739 29.478617, -98.388584 29.478615, -98.38857 29.479241, -98.38834 29.479238, -98.388333 29.479567, -98.388301 29.479566, -98.388299 29.47963, -98.38833 29.479631, -98.388327 29.479769, -98.388562 29.479772, -98.388561 29.479795, -98.388505 29.479794, -98.388503 29.479868, -98.388567 29.479869, -98.388544 29.480931, -98.38851 29.480931, -98.388506 29.481104, -98.388656 29.481106, -98.388658 29.481041, -98.388722 29.481042, -98.388725 29.480924, -98.389348 29.480934, -98.389401 29.478494)))",microsoft_us_building_footprints
ms-tx-000244,Microsoft footprint TX #245,TX,San Antonio,Bexar County,"Center Park Boulevard, San Antonio, Bexar County, Texas, 78218, United States",162355.55,29.4897788,-98.3966583,,commercial_industrial_unknown,unknown,"MULTIPOLYGON (((-98.397554 29.489454, -98.397334 29.489452, -98.397334 29.489417, -98.397129 29.489416, -98.397129 29.489452, -98.396988 29.489451, -98.396989 29.489314, -98.396679 29.489312, -98.396679 29.489262, -98.396547 29.489261, -98.396547 29.48931, -98.396233 29.489308, -98.396232 29.489447, -98.395792 29.489444, -98.395789 29.489719, -98.39573 29.489719, -98.395729 29.489835, -98.395787 29.489835, -98.395785 29.490107, -98.396227 29.49011, -98.396226 29.490246, -98.396535 29.490248, -98.396534 29.490302, -98.396671 29.490303, -98.396671 29.490249, -98.396982 29.490251, -98.396984 29.490113, -98.397548 29.490117, -98.397554 29.489454)))",microsoft_us_building_footprints
ms-tx-000245,Microsoft footprint TX #246,TX,San Antonio,Bexar County,"International Paper San Antonio Central Parkway Container Plant, 1111, Interstate 35 North, San Antonio, Bexar County, Texas, 78219, United States",333169.97,29.4374855,-98.4405919,,commercial_industrial_unknown,unknown,"MULTIPOLYGON (((-98.441787 29.437938, -98.44122 29.436941, -98.441226 29.436939, -98.441164 29.43683, -98.441115 29.436851, -98.441056 29.436748, -98.441174 29.436697, -98.4411 29.436566, -98.440958 29.436627, -98.440837 29.436413, -98.439453 29.437011, -98.439798 29.437618, -98.439606 29.437702, -98.439889 29.438198, -98.440145 29.438088, -98.440401 29.438537, -98.441787 29.437938)))",microsoft_us_building_footprints
ms-tx-000246,Microsoft footprint TX #247,TX,San Antonio,Bexar County,"East Sandalwood Lane, San Antonio, Bexar County, Texas, 78209, United States",133738.22,29.5085685,-98.4723340,,commercial_industrial_unknown,unknown,"MULTIPOLYGON (((-98.471019 29.508852, -98.472999 29.508898, -98.473 29.508859, -98.473027 29.50886, -98.473029 29.508765, -98.473197 29.508769, -98.473194 29.508881, -98.473447 29.508887, -98.473482 29.507736, -98.473254 29.507731, -98.473228 29.508569, -98.473036 29.508565, -98.473028 29.508555, -98.473031 29.508436, -98.472913 29.508434, -98.472897 29.508443, -98.472887 29.508764, -98.472844 29.508763, -98.472854 29.508435, -98.472267 29.508421, -98.472265 29.508507, -98.472283 29.508529, -98.472279 29.50865, -98.472185 29.508648, -98.472184 29.50869, -98.472156 29.508655, -98.472032 29.508731, -98.472029 29.508731, -98.472029 29.508731, -98.471936 29.508787, -98.471949 29.508371, -98.471035 29.50835, -98.471019 29.508852)))",microsoft_us_building_footprints
ms-tx-000247,Microsoft footprint TX #248,TX,San Antonio,Bexar County,"Mission Academy, 9210, South Presa Street, San Antonio, Bexar County, Texas, 78223, United States",126891.28,29.3300687,-98.4401380,,commercial_industrial_unknown,unknown,"MULTIPOLYGON (((-98.440261 29.32959, -98.439908 29.329504, -98.439899 29.32953, -98.439841 29.329496, -98.439588 29.329832, -98.439422 29.329792, -98.439394 29.329881, -98.439303 29.329859, -98.439219 29.330122, -98.439848 29.330274, -98.439807 29.330404, -98.440032 29.330458, -98.440043 29.330444, -98.440461 29.330545, -98.440433 29.330631, -98.440555 29.33066, -98.440559 29.330654, -98.440718 29.330693, -98.440725 29.330684, -98.440792 29.3307, -98.440802 29.330671, -98.440919 29.330699, -98.440963 29.330561, -98.440632 29.330372, -98.440759 29.329973, -98.440772 29.32998, -98.440796 29.329903, -98.44033 29.329636, -98.440358 29.329545, -98.440155 29.329496, -98.440137 29.329519, -98.440261 29.32959)))",microsoft_us_building_footprints
ms-tx-000248,Microsoft footprint TX #249,TX,San Antonio,Bexar County,"Commissary, Funston Road, San Antonio, Bexar County, Texas, 78234, United States",109332.87,29.4488401,-98.4465516,,commercial_industrial_unknown,unknown,"MULTIPOLYGON (((-98.446081 29.448366, -98.446081 29.449081, -98.446043 29.449081, -98.446043 29.449165, -98.446025 29.449165, -98.446025 29.449289, -98.446078 29.449289, -98.446078 29.449357, -98.446813 29.449356, -98.446813 29.449214, -98.446998 29.449214, -98.446998 29.448983, -98.447071 29.448983, -98.44707 29.448508, -98.4471 29.448508, -98.4471 29.448393, -98.44707 29.448393, -98.44707 29.448326, -98.447001 29.448326, -98.447001 29.448366, -98.446944 29.448366, -98.446944 29.448326, -98.446891 29.448326, -98.446891 29.448366, -98.446081 29.448366)))",microsoft_us_building_footprints
ms-tx-000249,Microsoft footprint TX #250,TX,San Antonio,Bexar County,"Paymaster Street, San Antonio, Bexar County, Texas, 78234, United States",104634.54,29.4464668,-98.4466583,,commercial_industrial_unknown,unknown,"MULTIPOLYGON (((-98.446658 29.44571, -98.446061 29.447017, -98.446658 29.447224, -98.447256 29.445917, -98.446658 29.44571)))",microsoft_us_building_footprints
ms-tx-000250,Microsoft footprint TX #251,TX,San Antonio,Bexar County,"1053, Arion Circle, San Antonio, Bexar County, Texas, 78216, United States",103781.64,29.5509321,-98.4790102,,commercial_industrial_unknown,unknown,"MULTIPOLYGON (((-98.479147 29.550372, -98.478256 29.551302, -98.478745 29.551656, -98.479754 29.550602, -98.479288 29.550265, -98.479323 29.550229, -98.479209 29.550146, -98.479056 29.550306, -98.479147 29.550372)))",microsoft_us_building_footprints
ms-tx-000251,Microsoft footprint TX #252,TX,San Antonio,Bexar County,"Lone Star Boulevard, Southtown, San Antonio, Bexar County, Texas, 78204, United States",107802.07,29.4022109,-98.4924835,,commercial_industrial_unknown,unknown,"MULTIPOLYGON (((-98.492541 29.40205, -98.491889 29.401989, -98.491853 29.402277, -98.491767 29.402269, -98.491758 29.402345, -98.491821 29.402351, -98.491788 29.402619, -98.491901 29.40263, -98.491904 29.402607, -98.492435 29.402657, -98.492433 29.402675, -98.492912 29.40272, -98.493013 29.401902, -98.49291 29.401892, -98.49293 29.401729, -98.49288 29.401725, -98.492895 29.401609, -98.492952 29.401615, -98.492962 29.401538, -98.492915 29.401533, -98.492924 29.401462, -98.492647 29.401436, -98.492655 29.401372, -98.492626 29.401369, -98.492541 29.40205)))",microsoft_us_building_footprints
ms-tx-000252,Microsoft footprint TX #253,TX,San Antonio,Bexar County,"333, North Santa Rosa Street, Downtown, San Antonio, Bexar County, Texas, 78207, United States",145277.4,29.4271367,-98.4987432,,commercial_industrial_unknown,unknown,"MULTIPOLYGON (((-98.498248 29.427701, -98.498805 29.427663, -98.499015 29.427581, -98.499029 29.427743, -98.499379 29.42772, -98.499277 29.426572, -98.499136 29.426582, -98.499153 29.426774, -98.498988 29.426707, -98.499055 29.426582, -98.498877 29.426593, -98.498884 29.426677, -98.49881 29.426682, -98.498873 29.426564, -98.498702 29.426576, -98.49871 29.426668, -98.498581 29.426676, -98.498612 29.426619, -98.498697 29.426586, -98.498569 29.426533, -98.49834 29.426549, -98.498262 29.426694, -98.498112 29.426633, -98.498239 29.426583, -98.498083 29.426519, -98.498141 29.42718, -98.498259 29.427172, -98.498275 29.42736, -98.498095 29.427372, -98.498102 29.427448, -98.498225 29.42744, -98.498248 29.427701)))",microsoft_us_building_footprints
ms-tx-000253,Microsoft footprint TX #254,TX,San Antonio,Bexar County,"Jackson Middle School, 4538, Vance Jackson Road, San Antonio, Bexar County, Texas, 78230, United States",163115.6,29.5164769,-98.5340935,,commercial_industrial_unknown,unknown,"MULTIPOLYGON (((-98.533494 29.515817, -98.533496 29.516182, -98.533355 29.51661, -98.533732 29.516703, -98.53373 29.516432, -98.533961 29.516431, -98.533946 29.516478, -98.533824 29.516478, -98.533826 29.516912, -98.534108 29.516911, -98.53411 29.517312, -98.534019 29.517312, -98.534019 29.517388, -98.534327 29.517387, -98.534328 29.517496, -98.534521 29.517496, -98.534521 29.517388, -98.534636 29.517388, -98.534635 29.51708, -98.534549 29.51708, -98.534548 29.516911, -98.534609 29.516911, -98.534605 29.516144, -98.534248 29.516107, -98.534214 29.516099, -98.534235 29.516036, -98.534388 29.515973, -98.534387 29.515692, -98.533794 29.515694, -98.533494 29.515817)))",microsoft_us_building_footprints
ms-tx-000254,Microsoft footprint TX #255,TX,San Antonio,Bexar County,"South San Antonio High School, 7535, Barlite Boulevard, San Antonio, Bexar County, Texas, 78224, United States",110746.87,29.3509219,-98.5473033,,commercial_industrial_unknown,unknown,"MULTIPOLYGON (((-98.546758 29.351537, -98.547147 29.351531, -98.547137 29.351005, -98.547431 29.351, -98.547435 29.351206, -98.547373 29.351207, -98.547375 29.351291, -98.547883 29.351284, -98.54788 29.351122, -98.547976 29.351121, -98.54797 29.350809, -98.547833 29.350811, -98.547826 29.350412, -98.547236 29.350421, -98.547239 29.350576, -98.547116 29.350578, -98.547113 29.350453, -98.547051 29.350454, -98.547054 29.350576, -98.546724 29.350581, -98.546741 29.351487, -98.546757 29.351487, -98.546758 29.351537)))",microsoft_us_building_footprints
ms-tx-000255,Microsoft footprint TX #256,TX,San Antonio,Bexar County,"Churchill High School, 12049, Blanco Road, San Antonio, Bexar County, Texas, 78216, United States",108053.32,29.5509197,-98.5137027,,commercial_industrial_unknown,unknown,"MULTIPOLYGON (((-98.514439 29.551181, -98.514321 29.550995, -98.51426 29.551025, -98.514251 29.55101, -98.513809 29.551223, -98.513725 29.55109, -98.513857 29.551027, -98.513873 29.551052, -98.514337 29.550829, -98.514069 29.550407, -98.513823 29.550526, -98.513794 29.55048, -98.513593 29.550576, -98.513406 29.550281, -98.512963 29.550493, -98.51318 29.550835, -98.513496 29.550683, -98.513527 29.550731, -98.513268 29.550855, -98.513501 29.551222, -98.513634 29.551158, -98.513653 29.551188, -98.513694 29.551168, -98.513749 29.551254, -98.513231 29.551503, -98.513357 29.551701, -98.514439 29.551181)))",microsoft_us_building_footprints
ms-tx-000256,Microsoft footprint TX #257,TX,San Antonio,Bexar County,"460, Hangar Avenue, Port San Antonio, San Antonio, Bexar County, Texas, 78226, United States",386071.04,29.3805865,-98.5450055,,commercial_industrial_unknown,unknown,"MULTIPOLYGON (((-98.543083 29.38087, -98.54683 29.381185, -98.546928 29.380303, -98.543181 29.379988, -98.543083 29.38087)))",microsoft_us_building_footprints
ms-tx-000257,Microsoft footprint TX #258,TX,San Antonio,Bexar County,"6839, Fairgrounds Parkway, Alamo Downs Business Park, San Antonio, Bexar County, Texas, 78238, United States",171048.01,29.4539183,-98.6148922,,commercial_industrial_unknown,unknown,"MULTIPOLYGON (((-98.614153 29.453211, -98.614798 29.454752, -98.614763 29.454763, -98.614812 29.45488, -98.615632 29.45462, -98.614938 29.452962, -98.614153 29.453211)))",microsoft_us_building_footprints
ms-tx-000258,Microsoft footprint TX #259,TX,San Antonio,Bexar County,"6418, Eckhert Road, San Antonio, Bexar County, Texas, 78240, United States",181891.57,29.5179126,-98.6147964,,commercial_industrial_unknown,unknown,"MULTIPOLYGON (((-98.61482 29.518427, -98.614854 29.518257, -98.61507 29.518088, -98.615115 29.517865, -98.615632 29.517943, -98.615381 29.517632, -98.615707 29.517681, -98.615746 29.517486, -98.615342 29.517425, -98.615912 29.516786, -98.615683 29.516751, -98.615088 29.51742, -98.614289 29.517299, -98.61454 29.51761, -98.614155 29.517551, -98.614368 29.517816, -98.614032 29.517903, -98.613914 29.518063, -98.613889 29.518187, -98.614296 29.518461, -98.614565 29.51816, -98.614643 29.518171, -98.614518 29.518796, -98.613978 29.518431, -98.613876 29.518546, -98.614637 29.519059, -98.614747 29.518509, -98.615137 29.518772, -98.615195 29.518484, -98.61482 29.518427)))",microsoft_us_building_footprints
ms-tx-000259,Microsoft footprint TX #260,TX,San Antonio,Bexar County,"3800, Pitluk Avenue, San Antonio, Bexar County, Texas, 78211, United States",119056.91,29.3533206,-98.5709849,,commercial_industrial_unknown,unknown,"MULTIPOLYGON (((-98.570293 29.353436, -98.569171 29.353471, -98.569176 29.353588, -98.572238 29.353493, -98.572224 29.353169, -98.572058 29.353174, -98.572056 29.353106, -98.571946 29.35311, -98.571943 29.353051, -98.570151 29.353107, -98.570143 29.352901, -98.570123 29.352902, -98.570125 29.352941, -98.569994 29.352945, -98.569998 29.353031, -98.570033 29.35303, -98.570036 29.35311, -98.569977 29.353112, -98.569979 29.353156, -98.569952 29.353157, -98.569955 29.35322, -98.570102 29.353216, -98.5701 29.353174, -98.570282 29.353168, -98.570293 29.353436)))",microsoft_us_building_footprints
ms-tx-000260,Microsoft footprint TX #261,TX,San Antonio,Bexar County,"Goodwill Store and Donation Station, 4949, Northwest Loop 410, San Antonio, Bexar County, Texas, 78229, United States",111373.04,29.4898395,-98.5853011,,commercial_industrial_unknown,unknown,"MULTIPOLYGON (((-98.586019 29.489168, -98.585609 29.489273, -98.585582 29.489238, -98.585331 29.489383, -98.585474 29.489571, -98.585451 29.489577, -98.585454 29.489585, -98.584753 29.489991, -98.584767 29.490034, -98.584578 29.490143, -98.584415 29.489929, -98.584171 29.489991, -98.584309 29.490402, -98.584437 29.490369, -98.584474 29.490479, -98.584899 29.490371, -98.584849 29.49022, -98.584997 29.490182, -98.585034 29.490292, -98.585333 29.490216, -98.585273 29.490036, -98.58561 29.489841, -98.585652 29.489969, -98.585976 29.489887, -98.585998 29.489951, -98.586057 29.489936, -98.586028 29.48985, -98.586159 29.489817, -98.586126 29.489718, -98.586195 29.4897, -98.586175 29.489639, -98.586177 29.489638, -98.586019 29.489168)))",microsoft_us_building_footprints
ms-tx-000261,Microsoft footprint TX #262,TX,San Antonio,Bexar County,"H-E-B Pharmacy, 9238, North Loop 1604 West, San Antonio, Bexar County, Texas, 78249, United States",237327.38,29.5544197,-98.6629057,,commercial_industrial_unknown,unknown,"MULTIPOLYGON (((-98.663673 29.554316, -98.663097 29.553712, -98.663025 29.553764, -98.662576 29.55352, -98.662513 29.553566, -98.662433 29.553523, -98.662082 29.554014, -98.661993 29.553965, -98.662018 29.554036, -98.661839 29.554203, -98.661986 29.554357, -98.661929 29.554437, -98.662208 29.554588, -98.662887 29.555299, -98.66298 29.555231, -98.662901 29.555148, -98.66301 29.555119, -98.663253 29.555374, -98.663265 29.555409, -98.663489 29.555349, -98.663456 29.555256, -98.664353 29.554608, -98.664177 29.554513, -98.664186 29.55454, -98.664012 29.554446, -98.663458 29.555219, -98.663155 29.555055, -98.663246 29.554928, -98.663314 29.554964, -98.663432 29.554799, -98.663372 29.554737, -98.663673 29.554316)))",microsoft_us_building_footprints
ms-tx-000262,Microsoft footprint TX #263,TX,,Comanche County,"Comanche County, Texas, United States",110610.34,32.0223919,-98.6655638,,commercial_industrial_unknown,unknown,"MULTIPOLYGON (((-98.666121 32.022707, -98.666124 32.022585, -98.66612 32.02258, -98.666125 32.022381, -98.665984 32.022175, -98.6659 32.022124, -98.665902 32.022059, -98.665931 32.022044, -98.665846 32.021926, -98.665849 32.021813, -98.665818 32.021829, -98.665696 32.021755, -98.665692 32.021755, -98.665669 32.021783, -98.665607 32.021745, -98.66557 32.02179, -98.66545 32.021787, -98.665449 32.021822, -98.665428 32.021821, -98.665428 32.021821, -98.66527 32.021902, -98.66527 32.021904, -98.665046 32.022171, -98.665036 32.022584, -98.665299 32.022951, -98.665654 32.022958, -98.665875 32.022844, -98.665934 32.022774, -98.666022 32.022775, -98.666023 32.022753, -98.666082 32.022754, -98.666121 32.022707)))",microsoft_us_building_footprints
ms-tx-000263,Microsoft footprint TX #264,TX,San Antonio,Bexar County,"Tower Semiconductor, 9651, Westover Hills Boulevard, Westover Hills, San Antonio, Bexar County, Texas, 78251, United States",128836.41,29.4715628,-98.6759624,,commercial_industrial_unknown,unknown,"MULTIPOLYGON (((-98.676764 29.471761, -98.676571 29.471623, -98.676601 29.471591, -98.676547 29.471552, -98.67658 29.471518, -98.676409 29.471395, -98.676454 29.471348, -98.676304 29.471123, -98.67621 29.471171, -98.676128 29.471112, -98.67606 29.471147, -98.676016 29.471115, -98.67599 29.471128, -98.675868 29.471041, -98.67579 29.47108, -98.675458 29.470841, -98.675338 29.470968, -98.675307 29.470946, -98.67526 29.47097, -98.675279 29.470999, -98.675239 29.471042, -98.675502 29.47123, -98.675314 29.471428, -98.675607 29.471866, -98.675508 29.47197, -98.67567 29.472087, -98.675784 29.471967, -98.675955 29.472089, -98.675994 29.47207, -98.676268 29.472266, -98.676481 29.472041, -98.676412 29.471939, -98.676764 29.471761)))",microsoft_us_building_footprints
ms-tx-000264,Microsoft footprint TX #265,TX,San Antonio,Bexar County,"Target, 8223, State Highway 151, San Antonio, Bexar County, Texas, 78245, United States",195825.2,29.4392586,-98.6491843,,commercial_industrial_unknown,unknown,"MULTIPOLYGON (((-98.648707 29.438833, -98.648489 29.439114, -98.648513 29.439129, -98.648478 29.439173, -98.648438 29.43915, -98.647769 29.440014, -98.648047 29.440177, -98.648325 29.439819, -98.648559 29.439957, -98.6488 29.439645, -98.648842 29.43967, -98.6489 29.439595, -98.648859 29.439602, -98.648625 29.439465, -98.648893 29.43912, -98.64899 29.439103, -98.649095 29.439554, -98.649311 29.439516, -98.649316 29.43954, -98.649427 29.439521, -98.649442 29.439586, -98.64928 29.439615, -98.649282 29.439624, -98.650324 29.43944, -98.650123 29.438574, -98.650029 29.43859, -98.650018 29.438545, -98.649866 29.438572, -98.649879 29.438628, -98.649275 29.438735, -98.649274 29.438733, -98.648707 29.438833)))",microsoft_us_building_footprints
ms-tx-000265,Microsoft footprint TX #266,TX,San Antonio,Bexar County,"Lowe's, 5303, West Loop 1604 North, San Antonio, Bexar County, Texas, 78253, United States",161398.48,29.4872186,-98.7131400,,commercial_industrial_unknown,unknown,"MULTIPOLYGON (((-98.713876 29.486627, -98.712975 29.486332, -98.712884 29.486541, -98.713045 29.486594, -98.712986 29.48673, -98.712872 29.486693, -98.712593 29.48734, -98.71265 29.487359, -98.71258 29.487521, -98.712747 29.487575, -98.712731 29.487611, -98.712705 29.487603, -98.712681 29.487658, -98.712475 29.487591, -98.712378 29.487816, -98.712517 29.487861, -98.71253 29.487831, -98.712597 29.487853, -98.712583 29.487886, -98.712642 29.487905, -98.712651 29.487884, -98.712891 29.487962, -98.712811 29.488146, -98.712978 29.488201, -98.713102 29.487915, -98.713293 29.487977, -98.713876 29.486627)))",microsoft_us_building_footprints
ms-tx-000266,Microsoft footprint TX #267,TX,Helotes,Bexar County,"Sandra Day O'Connor High School, 12221, Leslie Road, Helotes, Bexar County, Texas, 78023, United States",128425.97,29.5591684,-98.6858326,,commercial_industrial_unknown,unknown,"MULTIPOLYGON (((-98.684973 29.559121, -98.685144 29.559594, -98.685431 29.559544, -98.68552 29.55979, -98.685794 29.559716, -98.685703 29.559464, -98.685805 29.559471, -98.685837 29.559561, -98.686305 29.559613, -98.686234 29.559416, -98.686272 29.559406, -98.686252 29.559349, -98.686573 29.559262, -98.68653 29.559143, -98.686669 29.559105, -98.686503 29.558644, -98.686332 29.558691, -98.686287 29.558564, -98.685923 29.558663, -98.685963 29.558774, -98.685828 29.55881, -98.686016 29.559333, -98.685894 29.559354, -98.685726 29.558888, -98.685527 29.558943, -98.685479 29.558809, -98.685115 29.558908, -98.685172 29.559066, -98.684973 29.559121)))",microsoft_us_building_footprints
ms-tx-000267,Microsoft footprint TX #268,TX,San Antonio,Bexar County,"Robert L. Vale Middle School, 2120, North Ellison Drive, Westover Hills, San Antonio, Bexar County, Texas, 78251, United States",159900.56,29.4555515,-98.6936636,,commercial_industrial_unknown,unknown,"MULTIPOLYGON (((-98.692769 29.455803, -98.692945 29.456182, -98.692994 29.456224, -98.69312 29.456496, -98.693256 29.456448, -98.693272 29.456484, -98.693676 29.456342, -98.693649 29.456284, -98.693771 29.456241, -98.693693 29.456072, -98.694111 29.455926, -98.694179 29.455784, -98.694262 29.455782, -98.694248 29.45538, -98.694342 29.455347, -98.694249 29.455146, -98.694071 29.455209, -98.694034 29.455128, -98.694255 29.45505, -98.693945 29.45438, -98.69362 29.454494, -98.693625 29.454653, -98.693492 29.4547, -98.693654 29.455049, -98.693555 29.455084, -98.693677 29.455349, -98.693799 29.455394, -98.693576 29.455855, -98.693551 29.4558, -98.693431 29.455842, -98.693323 29.455609, -98.692769 29.455803)))",microsoft_us_building_footprints
ms-tx-000268,Microsoft footprint TX #269,TX,,Bexar County,"Dean H. Krueger Elementary School, Sandlet Trail, Wildhorse, Bexar County, Texas, 78254, United States",110362.23,29.5341434,-98.6978453,,commercial_industrial_unknown,unknown,"MULTIPOLYGON (((-98.697906 29.534327, -98.697139 29.53408, -98.696868 29.5343, -98.697138 29.534551, -98.697159 29.534533, -98.697212 29.534583, -98.697306 29.534506, -98.69732 29.534647, -98.697566 29.534447, -98.697948 29.534804, -98.698122 29.534663, -98.697943 29.534496, -98.698001 29.534449, -98.698287 29.534541, -98.6985 29.534243, -98.698577 29.534238, -98.698546 29.533925, -98.698493 29.533929, -98.698505 29.534049, -98.698409 29.534057, -98.698368 29.533642, -98.69798 29.533671, -98.697959 29.533652, -98.698147 29.533499, -98.697989 29.533352, -98.697466 29.533777, -98.697629 29.533929, -98.69782 29.533774, -98.69805 29.533989, -98.697906 29.534327)))",microsoft_us_building_footprints
ms-tx-000269,Microsoft footprint TX #270,TX,San Antonio,Bexar County,"5638, West Loop 1604 North, San Antonio, Bexar County, Texas, 78251, United States",122029.93,29.4885688,-98.7039771,,commercial_industrial_unknown,unknown,"MULTIPOLYGON (((-98.703374 29.489002, -98.703534 29.489051, -98.703477 29.489194, -98.70391 29.489325, -98.70395 29.489226, -98.704009 29.489244, -98.704065 29.489105, -98.704241 29.489158, -98.704312 29.488979, -98.704209 29.488947, -98.704226 29.488903, -98.704195 29.488894, -98.704307 29.488615, -98.704376 29.488636, -98.704465 29.488413, -98.704456 29.48841, -98.704675 29.487861, -98.704571 29.487829, -98.704486 29.488043, -98.704047 29.48791, -98.704038 29.487931, -98.703828 29.487868, -98.703374 29.489002)))",microsoft_us_building_footprints
ms-tx-000270,Microsoft footprint TX #271,TX,Rio Grande City,Starr County,"Veterans Middle School, 2700, West Eisenhower Street, Garcia's Colonia, Rio Grande City, Starr County, Texas, 78582, United States",216511.42,26.3996309,-98.8482775,,commercial_industrial_unknown,unknown,"MULTIPOLYGON (((-98.848254 26.398892, -98.848141 26.399019, -98.847215 26.399355, -98.847194 26.399489, -98.84725 26.399496, -98.847284 26.399571, -98.847605 26.399454, -98.847627 26.399503, -98.847242 26.399941, -98.847699 26.400264, -98.848065 26.399848, -98.84812 26.399855, -98.84807 26.400167, -98.848325 26.4002, -98.848375 26.399887, -98.848423 26.399894, -98.848599 26.400282, -98.848841 26.400194, -98.848733 26.399957, -98.84876 26.399926, -98.848943 26.400332, -98.849185 26.400244, -98.848954 26.399733, -98.849011 26.399669, -98.849284 26.399861, -98.849327 26.399812, -98.849351 26.399803, -98.849456 26.399684, -98.848661 26.399124, -98.848633 26.399121, -98.848546 26.398929, -98.848254 26.398892)))",microsoft_us_building_footprints
ms-tx-000271,Microsoft footprint TX #272,TX,Laredo,Webb County,"George Washington Middle School, Snake Drive, Mines, Laredo, Webb County, Texas, 78045, United States",100233.71,27.5881387,-99.5282788,,commercial_industrial_unknown,unknown,"MULTIPOLYGON (((-99.527772 27.588657, -99.527991 27.588744, -99.528018 27.58869, -99.528162 27.588748, -99.528176 27.58872, -99.528302 27.58877, -99.528437 27.588503, -99.528415 27.588494, -99.528486 27.588353, -99.528907 27.588521, -99.529007 27.588324, -99.52861 27.588166, -99.528657 27.588074, -99.528566 27.588038, -99.528612 27.587948, -99.528548 27.587923, -99.528798 27.58743, -99.528572 27.58734, -99.528333 27.587813, -99.528232 27.587772, -99.528191 27.587852, -99.528087 27.587811, -99.528056 27.587872, -99.527639 27.587706, -99.527539 27.587903, -99.527933 27.58806, -99.527866 27.588193, -99.527983 27.588239, -99.527772 27.588657)))",microsoft_us_building_footprints
ms-tx-000272,Microsoft footprint TX #273,TX,Laredo,Webb County,"Killam Industrial Boulevard, Las Minas, Laredo, Webb County, Texas, 78045, United States",137938.04,27.6217562,-99.5075863,,commercial_industrial_unknown,unknown,"MULTIPOLYGON (((-99.50828 27.622332, -99.507667 27.620918, -99.507209 27.621074, -99.507319 27.621328, -99.507055 27.621418, -99.507033 27.621367, -99.506892 27.621414, -99.506929 27.621499, -99.506789 27.621547, -99.506842 27.621669, -99.506764 27.621696, -99.506784 27.621741, -99.506679 27.621777, -99.506707 27.621841, -99.506862 27.621788, -99.506874 27.621817, -99.507221 27.621699, -99.507597 27.622565, -99.50828 27.622332)))",microsoft_us_building_footprints
ms-tx-000273,Microsoft footprint TX #274,TX,Abilene,Taylor County,"Abilene Regional Medical Center, 6250, South Clack Street, Abilene, Taylor County, Texas, 79606, United States",111279.94,32.3751009,-99.7435488,,commercial_industrial_unknown,unknown,"MULTIPOLYGON (((-99.744119 32.374799, -99.743654 32.374797, -99.743554 32.374726, -99.743535 32.374784, -99.743506 32.374784, -99.743531 32.374717, -99.743622 32.374624, -99.743593 32.374553, -99.743489 32.374583, -99.74305 32.374581, -99.743049 32.374686, -99.74295 32.374686, -99.742949 32.374806, -99.74309 32.374807, -99.74309 32.374888, -99.742957 32.374887, -99.742953 32.375481, -99.74352 32.375484, -99.743565 32.375596, -99.743771 32.375597, -99.743721 32.375473, -99.744044 32.375475, -99.744191 32.375578, -99.744193 32.375394, -99.744301 32.375362, -99.74426 32.375262, -99.744223 32.375254, -99.744221 32.37526, -99.744144 32.37507, -99.744198 32.374904, -99.744119 32.374848, -99.744119 32.374799)))",microsoft_us_building_footprints
ms-tx-000274,Microsoft footprint TX #275,TX,Abilene,Taylor County,"Mann Middle School, 2545, Mimosa Drive, Abilene, Taylor County, Texas, 79603, United States",148515.01,32.4796948,-99.7628652,,commercial_industrial_unknown,unknown,"MULTIPOLYGON (((-99.763342 32.47892, -99.762336 32.478942, -99.762344 32.479196, -99.762447 32.479194, -99.762514 32.479335, -99.762772 32.479329, -99.762776 32.479458, -99.762497 32.479464, -99.762504 32.479702, -99.762839 32.479694, -99.762853 32.48014, -99.762781 32.480141, -99.762777 32.480037, -99.762646 32.48004, -99.762641 32.479882, -99.76236 32.479888, -99.762488 32.479654, -99.762195 32.479661, -99.762214 32.48028, -99.76257 32.480273, -99.762574 32.480395, -99.762756 32.480391, -99.762757 32.480438, -99.763406 32.480424, -99.763391 32.479938, -99.763166 32.479943, -99.763165 32.479904, -99.76322 32.479903, -99.763346 32.47986, -99.763327 32.479233, -99.763243 32.47914, -99.763346 32.479074, -99.763342 32.47892)))",microsoft_us_building_footprints
ms-tx-000275,Microsoft footprint TX #276,TX,Abilene,Taylor County,"Beltway Park Church, 4009, Beltway South, Abilene, Taylor County, Texas, 79606, United States",114115.96,32.3497996,-99.7760148,,commercial_industrial_unknown,unknown,"MULTIPOLYGON (((-99.775405 32.349024, -99.775655 32.349601, -99.77555 32.349634, -99.775653 32.34987, -99.775781 32.349831, -99.775912 32.350135, -99.775803 32.350168, -99.775906 32.350406, -99.776022 32.35037, -99.776192 32.350761, -99.776461 32.350765, -99.776461 32.350751, -99.776545 32.350752, -99.776548 32.350575, -99.776349 32.350573, -99.77632 32.350507, -99.776583 32.350426, -99.776344 32.349874, -99.776364 32.349868, -99.776285 32.349697, -99.776248 32.349697, -99.776196 32.349576, -99.77635 32.349469, -99.776311 32.349379, -99.776004 32.349474, -99.776015 32.348835, -99.775405 32.349024)))",microsoft_us_building_footprints
ms-tx-000276,Microsoft footprint TX #277,TX,Evadale,Jasper County,"Evadale Elementary School, Rebel Drive, Evadale, Jasper County, Texas, 77615, United States",134019.64,30.3472005,-94.0792468,,commercial_industrial_unknown,unknown,"MULTIPOLYGON (((-94.079211 30.347079, -94.079566 30.347174, -94.079566 30.347174, -94.080464 30.34716, -94.080469 30.347359, -94.080715 30.347355, -94.080711 30.347169, -94.080749 30.347168, -94.080739 30.346701, -94.080488 30.346705, -94.080494 30.346956, -94.079833 30.346966, -94.07983 30.346839, -94.079553 30.346765, -94.07952 30.346766, -94.079523 30.346891, -94.078984 30.346899, -94.078986 30.346992, -94.078615 30.346997, -94.078381 30.347431, -94.078175 30.347434, -94.078297 30.347093, -94.077875 30.347099, -94.077883 30.347474, -94.078857 30.347733, -94.078972 30.347411, -94.079019 30.34741, -94.079023 30.347628, -94.079302 30.347623, -94.0793 30.347525, -94.079221 30.347526, -94.079211 30.347079)))",microsoft_us_building_footprints
ms-tx-000277,Microsoft footprint TX #278,TX,Beaumont,Jefferson County,"Starbucks, 3965, Dowlen Road, Beaumont, Jefferson County, Texas, 77706, United States",106938.43,30.1165205,-94.1707868,,commercial_industrial_unknown,unknown,"MULTIPOLYGON (((-94.170778 30.11644, -94.170774 30.115893, -94.170825 30.115892, -94.170823 30.115707, -94.170796 30.115707, -94.170793 30.11534, -94.170501 30.115342, -94.17051 30.116447, -94.170537 30.116447, -94.170538 30.116521, -94.170479 30.116521, -94.17048 30.116621, -94.170455 30.116621, -94.17046 30.117099, -94.170484 30.117099, -94.170484 30.117182, -94.170549 30.117182, -94.17055 30.117261, -94.171196 30.117257, -94.171193 30.116939, -94.171317 30.116938, -94.171314 30.116708, -94.171226 30.116709, -94.171225 30.116579, -94.17119 30.116579, -94.171189 30.116438, -94.170778 30.11644)))",microsoft_us_building_footprints
ms-tx-000278,Microsoft footprint TX #279,TX,Marshall,Harrison County,"2176, Warren Drive, Marshall, Harrison County, Texas, 75672, United States",101787.59,32.5239069,-94.3136821,,commercial_industrial_unknown,unknown,"MULTIPOLYGON (((-94.314108 32.523416, -94.313728 32.523414, -94.313728 32.523454, -94.313684 32.523454, -94.313685 32.523304, -94.313278 32.523303, -94.313278 32.523418, -94.312961 32.523417, -94.31296 32.523588, -94.313288 32.523589, -94.313284 32.524219, -94.313476 32.52422, -94.313476 32.524145, -94.313601 32.524145, -94.313602 32.524002, -94.313548 32.523879, -94.313596 32.523864, -94.313596 32.523743, -94.313729 32.523743, -94.313727 32.524106, -94.313688 32.524118, -94.313754 32.52427, -94.31345 32.524269, -94.313449 32.524483, -94.313553 32.524483, -94.313553 32.524547, -94.313674 32.524547, -94.313673 32.524648, -94.31394 32.524565, -94.31394 32.524626, -94.314101 32.524627, -94.314108 32.523416)))",microsoft_us_building_footprints
ms-tx-000279,Microsoft footprint TX #280,TX,Woodlawn,Harrison County,"US 59, Woodlawn, Harrison County, Texas, United States",168638.36,32.6619011,-94.3459578,,commercial_industrial_unknown,unknown,"MULTIPOLYGON (((-94.346636 32.661071, -94.346135 32.661009, -94.34611 32.661151, -94.345979 32.661134, -94.346028 32.661305, -94.345961 32.661297, -94.345949 32.66137, -94.346046 32.661382, -94.346039 32.661417, -94.345798 32.661387, -94.345785 32.661461, -94.345702 32.661478, -94.345705 32.661491, -94.345616 32.661458, -94.345603 32.661482, -94.345405 32.661457, -94.345179 32.662289, -94.345773 32.662362, -94.34562 32.663235, -94.345786 32.663256, -94.345923 32.662472, -94.34608 32.66244, -94.346086 32.662401, -94.346174 32.662412, -94.346164 32.662471, -94.346235 32.66248, -94.346244 32.662429, -94.346396 32.662448, -94.346636 32.661071)))",microsoft_us_building_footprints
ms-tx-000280,Microsoft footprint TX #281,TX,Lufkin,Angelina County,"Conn's HomePlus, 3047, South John Redditt Drive, Lufkin, Angelina County, Texas, 75904, United States",216350.05,31.3106289,-94.7290490,,commercial_industrial_unknown,unknown,"MULTIPOLYGON (((-94.730353 31.309361, -94.729203 31.310158, -94.729157 31.31011, -94.729044 31.310188, -94.7291 31.310247, -94.728946 31.310353, -94.728954 31.310362, -94.727484 31.311381, -94.727683 31.311591, -94.727643 31.311619, -94.727686 31.311664, -94.727716 31.311643, -94.727778 31.311709, -94.727776 31.31171, -94.727886 31.311827, -94.728488 31.31141, -94.728514 31.311437, -94.728655 31.311339, -94.728619 31.311301, -94.72894 31.311078, -94.728753 31.310881, -94.72914 31.310613, -94.729279 31.310759, -94.729233 31.310792, -94.729347 31.310912, -94.730103 31.310388, -94.729899 31.310174, -94.730638 31.309661, -94.730353 31.309361)))",microsoft_us_building_footprints
ms-tx-000281,Microsoft footprint TX #282,TX,Longview,Gregg County,"All Seasons Window & Door, 400, Ambassador Row, Longview, Gregg County, Texas, 75604, United States",104421.59,32.4785418,-94.7736845,,commercial_industrial_unknown,unknown,"MULTIPOLYGON (((-94.773095 32.478059, -94.773105 32.478929, -94.774332 32.478919, -94.774324 32.478243, -94.773998 32.478245, -94.773997 32.478174, -94.773397 32.478179, -94.773395 32.478057, -94.773095 32.478059)))",microsoft_us_building_footprints
ms-tx-000282,Microsoft footprint TX #283,TX,Longview,Gregg County,"Capacity Drive, Greggton, Longview, Gregg County, Texas, 75604, United States",136149.69,32.5020979,-94.8007539,,commercial_industrial_unknown,unknown,"MULTIPOLYGON (((-94.801344 32.501631, -94.800642 32.501636, -94.800641 32.501568, -94.80056 32.501569, -94.800561 32.501637, -94.800279 32.501639, -94.800278 32.501505, -94.800358 32.501505, -94.800357 32.501379, -94.800276 32.501379, -94.800276 32.501332, -94.800138 32.501333, -94.800142 32.501775, -94.800066 32.501776, -94.800066 32.501853, -94.800302 32.501851, -94.800303 32.501953, -94.800032 32.501955, -94.800034 32.502106, -94.800216 32.502105, -94.800217 32.502211, -94.800303 32.502211, -94.800307 32.502643, -94.800873 32.502639, -94.800874 32.502752, -94.801024 32.502751, -94.801023 32.502636, -94.801353 32.502633, -94.801344 32.501631)))",microsoft_us_building_footprints
ms-tx-000283,Microsoft footprint TX #284,TX,Henderson,Rusk County,"Elm Street, Henderson, Rusk County, Texas, 75652, United States",199631.82,32.1627979,-94.8261892,,commercial_industrial_unknown,unknown,"MULTIPOLYGON (((-94.826144 32.162972, -94.826225 32.163417, -94.826373 32.163397, -94.826327 32.163145, -94.827669 32.162968, -94.827554 32.16234, -94.827322 32.16237, -94.827331 32.162419, -94.827212 32.162435, -94.827193 32.16233, -94.827112 32.162341, -94.82712 32.162382, -94.827071 32.162388, -94.827054 32.162294, -94.826484 32.162369, -94.826531 32.162625, -94.826382 32.162645, -94.826353 32.162485, -94.826269 32.162496, -94.826258 32.162438, -94.825446 32.162545, -94.825482 32.162742, -94.824693 32.162846, -94.824678 32.162765, -94.824192 32.162829, -94.824259 32.163196, -94.825886 32.162982, -94.82589 32.163005, -94.826144 32.162972)))",microsoft_us_building_footprints
ms-tx-000284,Microsoft footprint TX #285,TX,,Chambers County,"FM 565, Chambers County, Texas, 77520, United States",308795.08,29.7797408,-94.8883005,,commercial_industrial_unknown,unknown,"MULTIPOLYGON (((-94.890387 29.779462, -94.89014 29.778821, -94.888354 29.779338, -94.888336 29.779289, -94.888212 29.779325, -94.888276 29.779491, -94.886028 29.780142, -94.886229 29.780666, -94.890387 29.779462)))",microsoft_us_building_footprints
ms-tx-000285,Microsoft footprint TX #286,TX,Mount Pleasant,Titus County,"404, East 14th Street, Mount Pleasant, Titus County, Texas, 75455, United States",149375.76,33.1673998,-94.9650930,,commercial_industrial_unknown,unknown,"MULTIPOLYGON (((-94.965649 33.168009, -94.965658 33.166812, -94.965343 33.166811, -94.965343 33.166775, -94.965299 33.166774, -94.965298 33.166817, -94.965077 33.166816, -94.965078 33.166719, -94.964991 33.166719, -94.96499 33.166821, -94.964604 33.166819, -94.964604 33.166799, -94.964447 33.166798, -94.964445 33.167083, -94.964488 33.167083, -94.964487 33.167137, -94.964557 33.167137, -94.964557 33.16713, -94.964609 33.16713, -94.964605 33.167733, -94.964483 33.167732, -94.964481 33.168003, -94.965649 33.168009)))",microsoft_us_building_footprints
ms-tx-000286,Microsoft footprint TX #287,TX,Highlands,Harris County,"394, East Wallisville Road, Highlands, Harris County, Texas, 77562, United States",153351.75,29.8184409,-95.0522729,,commercial_industrial_unknown,unknown,"MULTIPOLYGON (((-95.053241 29.818818, -95.053217 29.817815, -95.053046 29.817819, -95.053047 29.817886, -95.053085 29.817885, -95.053088 29.818023, -95.053045 29.818023, -95.053054 29.818372, -95.052563 29.818381, -95.052554 29.818016, -95.051648 29.818032, -95.051647 29.817993, -95.051585 29.817994, -95.051586 29.818036, -95.051321 29.818041, -95.051323 29.818128, -95.051355 29.818127, -95.051362 29.818387, -95.051458 29.818385, -95.051469 29.81885, -95.053241 29.818818)))",microsoft_us_building_footprints
ms-tx-000287,Microsoft footprint TX #288,TX,La Porte,Harris County,"West O Powell Road, La Porte, Harris County, Texas, 77571, United States",261346.1,29.6359601,-95.0366048,,commercial_industrial_unknown,unknown,"MULTIPOLYGON (((-95.037054 29.637291, -95.037003 29.634622, -95.036183 29.634634, -95.036183 29.634666, -95.036154 29.634666, -95.036201 29.637125, -95.036233 29.637124, -95.036236 29.637303, -95.037054 29.637291)))",microsoft_us_building_footprints
ms-tx-000288,Microsoft footprint TX #289,TX,Pasadena,Harris County,"Red Bluff Road, Pasadena, Harris County, Texas, 77507, United States",353709.23,29.6073137,-95.0703872,,commercial_industrial_unknown,unknown,"MULTIPOLYGON (((-95.072106 29.607221, -95.071708 29.606352, -95.068668 29.607407, -95.069066 29.608275, -95.072106 29.607221)))",microsoft_us_building_footprints
ms-tx-000289,Microsoft footprint TX #290,TX,Crosby,Harris County,"Red Summit Drive, Crosby, Harris County, Texas, 77532, United States",108180.03,29.8993966,-95.0720296,,commercial_industrial_unknown,unknown,"MULTIPOLYGON (((-95.072335 29.898861, -95.072062 29.898865, -95.072061 29.898852, -95.071565 29.898858, -95.07157 29.899141, -95.071648 29.89914, -95.071651 29.89936, -95.071576 29.899361, -95.071578 29.899439, -95.071653 29.899438, -95.071654 29.8995, -95.071579 29.899501, -95.071581 29.899626, -95.071589 29.899626, -95.071595 29.90001, -95.07172 29.900008, -95.071721 29.900077, -95.07183 29.900076, -95.071827 29.899941, -95.072128 29.899937, -95.072127 29.899887, -95.072349 29.899766, -95.072347 29.899665, -95.072326 29.899665, -95.072325 29.899619, -95.072585 29.899616, -95.072583 29.899504, -95.072638 29.899503, -95.072632 29.899132, -95.07234 29.899136, -95.072335 29.898861)))",microsoft_us_building_footprints
ms-tx-000290,Microsoft footprint TX #291,TX,League City,Galveston County,"Coleman Boylan Drive, League City, Galveston County, Texas, 77573, United States",114824.5,29.4942908,-95.0851066,,commercial_industrial_unknown,unknown,"MULTIPOLYGON (((-95.085967 29.494034, -95.085605 29.494027, -95.085608 29.49389, -95.084904 29.49407, -95.084906 29.493969, -95.08463 29.493963, -95.084624 29.494194, -95.084509 29.494192, -95.084514 29.494005, -95.084184 29.493999, -95.08418 29.494162, -95.084284 29.494164, -95.084277 29.49444, -95.084191 29.494438, -95.084187 29.494604, -95.08445 29.494609, -95.08445 29.494593, -95.084517 29.494594, -95.084522 29.494396, -95.084598 29.494397, -95.084672 29.494616, -95.084915 29.49462, -95.084917 29.494546, -95.085024 29.494548, -95.085022 29.494611, -95.085265 29.494616, -95.085267 29.494541, -95.085374 29.494543, -95.085372 29.494606, -95.085615 29.494611, -95.085616 29.494561, -95.085953 29.494568, -95.085967 29.494034)))",microsoft_us_building_footprints
ms-tx-000291,Microsoft footprint TX #292,TX,,Harris County,"Bay Park Road, Harris County, Texas, 77507, United States",258017.99,29.6451892,-95.0676024,,commercial_industrial_unknown,unknown,"MULTIPOLYGON (((-95.065921 29.64487, -95.065928 29.645535, -95.069283 29.645509, -95.069276 29.644843, -95.065921 29.64487)))",microsoft_us_building_footprints
ms-tx-000292,Microsoft footprint TX #293,TX,La Porte,Harris County,"La Porte Freeway Frontage Road, La Porte, Harris County, Texas, 77536, United States",228931.83,29.6990896,-95.0816567,,commercial_industrial_unknown,unknown,"MULTIPOLYGON (((-95.08008 29.698796, -95.080082 29.698945, -95.080066 29.698945, -95.080074 29.699422, -95.083247 29.699382, -95.083236 29.698757, -95.08008 29.698796)))",microsoft_us_building_footprints
ms-tx-000293,Microsoft footprint TX #294,TX,,Harris County,"Underwood Road, Harris County, Texas, 77507, United States",153829.51,29.6217868,-95.0855667,,commercial_industrial_unknown,unknown,"MULTIPOLYGON (((-95.086272 29.621224, -95.085994 29.621221, -95.085995 29.621205, -95.08573 29.621201, -95.085726 29.621476, -95.085031 29.621468, -95.085029 29.621607, -95.084887 29.621605, -95.084889 29.621465, -95.084353 29.621458, -95.084345 29.621935, -95.084884 29.621941, -95.084887 29.621746, -95.085024 29.621747, -95.085021 29.621917, -95.085138 29.621918, -95.085137 29.621947, -95.085717 29.621954, -95.085708 29.622483, -95.086251 29.62249, -95.086252 29.622433, -95.086332 29.622434, -95.086334 29.622342, -95.086256 29.622341, -95.086261 29.622036, -95.086314 29.622036, -95.086316 29.621973, -95.086337 29.621974, -95.086342 29.621671, -95.086264 29.62167, -95.086272 29.621224)))",microsoft_us_building_footprints
ms-tx-000294,Microsoft footprint TX #295,TX,Nassau Bay,Harris County,"Houston Methodist Saint John Hospital, 18300, East NASA Parkway, Nassau Bay, Harris County, Texas, 77058, United States",104749.16,29.5495692,-95.0864261,,commercial_industrial_unknown,unknown,"MULTIPOLYGON (((-95.087136 29.549572, -95.086951 29.549027, -95.086692 29.549094, -95.086664 29.549012, -95.086602 29.549028, -95.086592 29.548996, -95.086519 29.54906, -95.086551 29.549153, -95.086272 29.549225, -95.086146 29.549148, -95.085826 29.54923, -95.085908 29.549473, -95.085805 29.549499, -95.08584 29.549602, -95.086019 29.549556, -95.085958 29.549738, -95.086146 29.550289, -95.086229 29.550267, -95.086262 29.550364, -95.086353 29.550341, -95.086336 29.55029, -95.086633 29.550027, -95.086597 29.549921, -95.086476 29.549952, -95.086376 29.549658, -95.086445 29.54964, -95.086475 29.549726, -95.08682 29.549637, -95.086833 29.549676, -95.086942 29.549648, -95.086934 29.549624, -95.087136 29.549572)))",microsoft_us_building_footprints
ms-tx-000295,Microsoft footprint TX #296,TX,,Harris County,"Harvey Brown Elementary School, Wallisville Road, Harris County, Texas, 77049, United States",117258.32,29.8161594,-95.1359264,,commercial_industrial_unknown,unknown,"MULTIPOLYGON (((-95.136532 29.816814, -95.136402 29.816459, -95.136492 29.816434, -95.136367 29.816093, -95.13608 29.816172, -95.136032 29.816042, -95.136115 29.816019, -95.13614 29.815911, -95.136018 29.815819, -95.135918 29.815847, -95.135866 29.815705, -95.136126 29.815633, -95.136004 29.8153, -95.135243 29.81551, -95.135377 29.815875, -95.135652 29.815799, -95.135609 29.81599, -95.135681 29.816185, -95.135838 29.816212, -95.13586 29.81627, -95.13558 29.816347, -95.135704 29.816687, -95.135602 29.81661, -95.135692 29.816855, -95.135731 29.816844, -95.135711 29.81683, -95.135741 29.816698, -95.135939 29.816644, -95.135944 29.816657, -95.135838 29.816687, -95.135936 29.816954, -95.135991 29.816963, -95.136532 29.816814)))",microsoft_us_building_footprints
ms-tx-000296,Microsoft footprint TX #297,TX,Deer Park,Harris County,"Deerwood Glen Drive, Deer Park, Harris County, Texas, 75536, United States",303793.09,29.7024564,-95.1429986,,commercial_industrial_unknown,unknown,"MULTIPOLYGON (((-95.142264 29.703723, -95.143063 29.703728, -95.143069 29.702971, -95.143093 29.702971, -95.143095 29.702778, -95.143074 29.702777, -95.143075 29.70254, -95.144056 29.702546, -95.14406 29.702066, -95.144085 29.702066, -95.144085 29.702105, -95.144098 29.702106, -95.144102 29.701607, -95.142584 29.701598, -95.142583 29.7017, -95.142538 29.7017, -95.142538 29.701642, -95.142329 29.701641, -95.142329 29.701641, -95.142281 29.70164, -95.142264 29.703723)))",microsoft_us_building_footprints
ms-tx-000297,Microsoft footprint TX #298,TX,,Harris County,"Sheldon Road, Harris County, Texas, 77530, United States",222342.29,29.8124127,-95.1276629,,commercial_industrial_unknown,unknown,"MULTIPOLYGON (((-95.129146 29.81258, -95.129039 29.811921, -95.128181 29.812026, -95.128169 29.811952, -95.128006 29.811972, -95.12802 29.812059, -95.127962 29.812066, -95.127957 29.812032, -95.127395 29.812101, -95.127402 29.812146, -95.127252 29.812164, -95.127233 29.812048, -95.127147 29.812058, -95.127166 29.81218, -95.126416 29.812272, -95.126459 29.81254, -95.126329 29.812556, -95.126269 29.81219, -95.125966 29.812227, -95.126031 29.81263, -95.126366 29.812589, -95.126396 29.812769, -95.126442 29.812763, -95.126465 29.812908, -95.129146 29.81258)))",microsoft_us_building_footprints
ms-tx-000298,Microsoft footprint TX #299,TX,Friendswood,Harris County,"Dick's House of Sport, 18650, Gulf Freeway, Friendswood, Harris County, Texas, 77546, United States",103394.49,29.5489421,-95.1524231,,commercial_industrial_unknown,unknown,"MULTIPOLYGON (((-95.152638 29.548257, -95.151966 29.548335, -95.152006 29.548596, -95.15204 29.548592, -95.152198 29.549624, -95.152241 29.549619, -95.152249 29.549674, -95.152744 29.549616, -95.152706 29.549369, -95.152828 29.549355, -95.152763 29.548933, -95.152834 29.548925, -95.152788 29.548622, -95.152695 29.548633, -95.152638 29.548257)))",microsoft_us_building_footprints
ms-tx-000299,Microsoft footprint TX #300,TX,Deer Park,Harris County,"Bonnette Junior High School, Wakeshire Drive, Deer Park, Harris County, Texas, 77501, United States",195298.28,29.6805680,-95.1343768,,commercial_industrial_unknown,unknown,"MULTIPOLYGON (((-95.133834 29.681382, -95.134049 29.68138, -95.134048 29.681351, -95.134229 29.68135, -95.134229 29.681371, -95.134755 29.681367, -95.134753 29.681187, -95.134957 29.681185, -95.134954 29.680853, -95.134747 29.680855, -95.134744 29.680586, -95.135187 29.680583, -95.135184 29.680295, -95.134859 29.680297, -95.134856 29.679964, -95.134718 29.679965, -95.134717 29.679896, -95.134668 29.679896, -95.134667 29.67973, -95.133887 29.679735, -95.13389 29.68007, -95.133852 29.68007, -95.133855 29.680423, -95.133825 29.680423, -95.133834 29.681382)))",microsoft_us_building_footprints
ms-tx-000300,Microsoft footprint TX #301,TX,Channelview,Harris County,"Appelt Drive, Channelview, Harris County, Texas, 77015, United States",196214.51,29.7659353,-95.1426721,,commercial_industrial_unknown,unknown,"MULTIPOLYGON (((-95.141725 29.765864, -95.142392 29.76642, -95.142312 29.766492, -95.142448 29.766605, -95.142524 29.766536, -95.142611 29.766609, -95.14252 29.766692, -95.142688 29.766831, -95.142778 29.76675, -95.14287 29.766827, -95.143319 29.766421, -95.14317 29.766297, -95.143396 29.766092, -95.143326 29.766034, -95.143538 29.765842, -95.142525 29.764998, -95.142325 29.765179, -95.142407 29.765247, -95.141725 29.765864)))",microsoft_us_building_footprints
ms-tx-000301,Microsoft footprint TX #302,TX,Pasadena,Harris County,"Turner Elementary School, Keith Avenue, Pasadena, Harris County, Texas, 77505, United States",101765.85,29.6444243,-95.1661545,,commercial_industrial_unknown,unknown,"MULTIPOLYGON (((-95.166524 29.645, -95.166515 29.644789, -95.166566 29.644788, -95.166536 29.644034, -95.166511 29.644034, -95.166504 29.643862, -95.166269 29.643869, -95.166266 29.643799, -95.165928 29.643809, -95.165937 29.644033, -95.165668 29.644041, -95.165678 29.644312, -95.165822 29.644308, -95.16583 29.644529, -95.165675 29.644534, -95.165686 29.644807, -95.165943 29.644799, -95.165952 29.645039, -95.166277 29.64503, -95.166276 29.645008, -95.166524 29.645)))",microsoft_us_building_footprints
ms-tx-000302,Microsoft footprint TX #303,TX,,Cherokee County,"Cherokee County, Texas, 75764, United States",143969.2,31.9330791,-95.1691943,,commercial_industrial_unknown,unknown,"MULTIPOLYGON (((-95.169217 31.932208, -95.168371 31.932515, -95.168439 31.932651, -95.168418 31.932658, -95.168768 31.933352, -95.169058 31.933247, -95.169429 31.933984, -95.170096 31.933743, -95.170046 31.933643, -95.169826 31.933464, -95.169807 31.933481, -95.169784 31.933463, -95.169822 31.93343, -95.169581 31.933234, -95.169634 31.933215, -95.169583 31.933112, -95.169696 31.933071, -95.169527 31.932734, -95.169198 31.932853, -95.169158 31.932774, -95.169129 31.932784, -95.169062 31.932649, -95.169095 31.932637, -95.169108 31.932663, -95.169153 31.932614, -95.169171 31.932651, -95.169334 31.932591, -95.169264 31.932452, -95.169316 31.932406, -95.169217 31.932208)))",microsoft_us_building_footprints
ms-tx-000303,Microsoft footprint TX #304,TX,Houston,Harris County,"Wertz, Houston, Harris County, Texas, 77504, United States",105671.65,29.6105736,-95.1735252,,commercial_industrial_unknown,unknown,"MULTIPOLYGON (((-95.172974 29.610101, -95.17299 29.611087, -95.173124 29.611086, -95.173124 29.611042, -95.173346 29.611039, -95.173344 29.610893, -95.173689 29.610889, -95.173692 29.611073, -95.174044 29.611069, -95.17404 29.610825, -95.174059 29.610825, -95.17405 29.610277, -95.174046 29.610277, -95.174044 29.610115, -95.174029 29.610115, -95.174028 29.610037, -95.173667 29.610042, -95.173672 29.610338, -95.173552 29.610339, -95.173552 29.610331, -95.17334 29.610333, -95.173336 29.610097, -95.172974 29.610101)))",microsoft_us_building_footprints
ms-tx-000304,Microsoft footprint TX #305,TX,Houston,Harris County,"The Home Depot, 12730, West Lake Houston Parkway, Houston, Harris County, Texas, 77044, United States",124109.28,29.9217169,-95.1950107,,commercial_industrial_unknown,unknown,"MULTIPOLYGON (((-95.194293 29.921302, -95.194236 29.921982, -95.194392 29.921992, -95.194382 29.922105, -95.194604 29.922119, -95.194611 29.922029, -95.195576 29.92209, -95.19558 29.922042, -95.195973 29.922067, -95.195983 29.921951, -95.195755 29.921937, -95.195788 29.921544, -95.195629 29.921534, -95.195641 29.921392, -95.195583 29.921389, -95.195583 29.921386, -95.195463 29.921379, -95.195466 29.921344, -95.195444 29.921343, -95.195442 29.921375, -95.194293 29.921302)))",microsoft_us_building_footprints
ms-tx-000305,Microsoft footprint TX #306,TX,Houston,Harris County,"Industrial Road, Houston, Harris County, Texas, 77015, United States",436497.37,29.7521724,-95.1944579,,commercial_industrial_unknown,unknown,"MULTIPOLYGON (((-95.19465 29.75336, -95.195786 29.753537, -95.196138 29.751837, -95.191853 29.751168, -95.191745 29.751692, -95.193851 29.752021, -95.193826 29.752141, -95.194305 29.752216, -95.194321 29.752138, -95.194885 29.752226, -95.19465 29.75336)))",microsoft_us_building_footprints
ms-tx-000306,Microsoft footprint TX #307,TX,Houston,Harris County,"Woodland Acres Middle School, Myrtle Lane, Greens Bayou, Houston, Harris County, Texas, 77015, United States",100512.33,29.7637869,-95.2001363,,commercial_industrial_unknown,unknown,"MULTIPOLYGON (((-95.200644 29.763145, -95.199869 29.763176, -95.199872 29.763226, -95.199943 29.763224, -95.199946 29.763276, -95.199874 29.763279, -95.19989 29.763577, -95.199034 29.763612, -95.199052 29.763955, -95.199304 29.764035, -95.199544 29.764025, -95.199541 29.763955, -95.199681 29.76395, -95.199664 29.763625, -95.199871 29.763616, -95.19988 29.763783, -95.199973 29.763779, -95.199965 29.76364, -95.200064 29.763636, -95.200042 29.763221, -95.200334 29.763209, -95.200407 29.76457, -95.200589 29.764563, -95.200687 29.764396, -95.200561 29.764357, -95.20056 29.764329, -95.200847 29.764318, -95.200817 29.763747, -95.200683 29.763753, -95.200656 29.763241, -95.20065 29.763242, -95.200644 29.763145)))",microsoft_us_building_footprints
ms-tx-000307,Microsoft footprint TX #308,TX,Houston,Harris County,"Sagemont Church, Sageriver Drive, Houston, Harris County, Texas, 77089, United States",244042.38,29.5975302,-95.2190348,,commercial_industrial_unknown,unknown,"MULTIPOLYGON (((-95.220534 29.598193, -95.219855 29.597127, -95.219338 29.597655, -95.21919 29.597601, -95.219552 29.597231, -95.2194 29.596992, -95.219149 29.59702, -95.218851 29.597325, -95.218823 29.59714, -95.218656 29.597159, -95.218244 29.596512, -95.217661 29.597108, -95.217976 29.597341, -95.217841 29.597406, -95.217577 29.59721, -95.217448 29.597341, -95.218005 29.597753, -95.218616 29.597129, -95.218645 29.597322, -95.218841 29.5973, -95.218469 29.59768, -95.218569 29.597837, -95.218821 29.597929, -95.219147 29.597596, -95.219181 29.59765, -95.218919 29.598193, -95.219103 29.59833, -95.219601 29.59809, -95.219671 29.598199, -95.219882 29.598175, -95.219954 29.598028, -95.220318 29.598297, -95.220534 29.598193)))",microsoft_us_building_footprints
ms-tx-000308,Microsoft footprint TX #309,TX,New Caney,Montgomery County,"New Caney High School, Loop 494, New Caney, Montgomery County, Texas, 77357, United States",119779.84,30.1331620,-95.2243623,,commercial_industrial_unknown,unknown,"MULTIPOLYGON (((-95.225246 30.133424, -95.225241 30.133135, -95.225328 30.133134, -95.225324 30.132862, -95.22457 30.132871, -95.224571 30.132942, -95.224295 30.132946, -95.224293 30.132828, -95.223816 30.132834, -95.223818 30.132961, -95.223405 30.132966, -95.223406 30.133044, -95.223368 30.133044, -95.223372 30.133295, -95.223407 30.133294, -95.223408 30.133378, -95.223817 30.133373, -95.223819 30.133498, -95.223944 30.133496, -95.223945 30.133538, -95.22419 30.133535, -95.224189 30.133494, -95.224303 30.133493, -95.224302 30.133436, -95.225246 30.133424)))",microsoft_us_building_footprints
ms-tx-000309,Microsoft footprint TX #310,TX,Jacksonville,Cherokee County,"Trinity Mother Francis Hospital - Jacksonville, 2026, South Jackson Street, Jacksonville, Cherokee County, Texas, 75766, United States",117045.39,31.9384743,-95.2478333,,commercial_industrial_unknown,unknown,"MULTIPOLYGON (((-95.247559 31.938071, -95.247556 31.938445, -95.24748 31.938466, -95.247472 31.939303, -95.247737 31.939305, -95.24774 31.939001, -95.247806 31.939002, -95.247853 31.939125, -95.247912 31.939003, -95.247843 31.938979, -95.248116 31.938902, -95.248116 31.938835, -95.24835 31.938917, -95.248606 31.938845, -95.248607 31.938716, -95.248611 31.938716, -95.248555 31.938572, -95.248185 31.93857, -95.248186 31.938388, -95.248018 31.938387, -95.248039 31.938344, -95.248282 31.938275, -95.248256 31.938208, -95.248099 31.938251, -95.248102 31.938008, -95.247899 31.938007, -95.248045 31.937705, -95.247738 31.937703, -95.247757 31.937751, -95.247089 31.937938, -95.247087 31.938068, -95.247559 31.938071)))",microsoft_us_building_footprints
ms-tx-000310,Microsoft footprint TX #311,TX,Tyler,Smith County,"4250, Old Omen Road, Tyler, Smith County, Texas, 75707, United States",102334.86,32.3005300,-95.2335630,,commercial_industrial_unknown,unknown,"MULTIPOLYGON (((-95.23333 32.3006, -95.233117 32.300674, -95.23308 32.300597, -95.232976 32.300633, -95.233201 32.301101, -95.233555 32.300979, -95.233656 32.301188, -95.233854 32.301119, -95.233736 32.300874, -95.233837 32.30084, -95.233947 32.301067, -95.234143 32.300999, -95.23403 32.300764, -95.234273 32.300681, -95.234195 32.300519, -95.233921 32.300613, -95.233807 32.300377, -95.233975 32.300319, -95.233945 32.300256, -95.233754 32.300322, -95.233614 32.300032, -95.233813 32.299964, -95.233734 32.2998, -95.233517 32.299875, -95.233436 32.299708, -95.233387 32.299725, -95.233382 32.299714, -95.233254 32.299758, -95.233351 32.299959, -95.233137 32.300032, -95.233209 32.300182, -95.23314 32.300206, -95.23333 32.3006)))",microsoft_us_building_footprints
ms-tx-000311,Microsoft footprint TX #312,TX,Houston,Harris County,"9008, Railwood Drive, East Houston, Houston, Harris County, Texas, 77078, United States",163803.64,29.8247982,-95.2551348,,commercial_industrial_unknown,unknown,"MULTIPOLYGON (((-95.256231 29.825133, -95.256221 29.824471, -95.25395 29.824497, -95.253958 29.825048, -95.254714 29.82504, -95.254716 29.82515, -95.256231 29.825133)))",microsoft_us_building_footprints
ms-tx-000312,Microsoft footprint TX #313,TX,Alvin,Brazoria County,"Ollie's Bargain Outlet, 2625, South Alvin Bypass, Alvin, Brazoria County, Texas, 77511, United States",118893.18,29.4002653,-95.2419968,,commercial_industrial_unknown,unknown,"MULTIPOLYGON (((-95.243409 29.400087, -95.243341 29.39988, -95.243041 29.399955, -95.242988 29.399793, -95.242534 29.399906, -95.242597 29.400097, -95.242591 29.400114, -95.242198 29.400212, -95.242154 29.400078, -95.241953 29.400128, -95.241923 29.400036, -95.241576 29.400122, -95.241549 29.400041, -95.241423 29.400073, -95.241457 29.400178, -95.241207 29.40024, -95.241153 29.400078, -95.240606 29.400215, -95.240654 29.400362, -95.241016 29.400271, -95.241176 29.400757, -95.241642 29.400641, -95.241638 29.400639, -95.242098 29.400525, -95.24212 29.400463, -95.243136 29.400209, -95.24315 29.400169, -95.243175 29.400176, -95.243334 29.400137, -95.243346 29.400103, -95.243409 29.400087)))",microsoft_us_building_footprints
ms-tx-000313,Microsoft footprint TX #314,TX,Humble,Harris County,"Shamrocks Pub & Grill, 228, 1st Street West, Humble, Harris County, Texas, 77338, United States",140491.53,30.0014662,-95.2656848,,commercial_industrial_unknown,unknown,"MULTIPOLYGON (((-95.26527 30.001431, -95.265486 30.00082, -95.26558 30.000845, -95.265735 30.000405, -95.265659 30.000385, -95.265711 30.000237, -95.265544 30.000193, -95.265493 30.000336, -95.265312 30.000288, -95.265106 30.000874, -95.26515 30.000886, -95.265078 30.001088, -95.265083 30.00109, -95.264893 30.001629, -95.265312 30.00174, -95.265256 30.001898, -95.265852 30.002056, -95.265827 30.002126, -95.265964 30.002163, -95.265965 30.00216, -95.266356 30.002264, -95.266317 30.002373, -95.266467 30.002413, -95.26668 30.001809, -95.266212 30.001685, -95.266213 30.00168, -95.26527 30.001431)))",microsoft_us_building_footprints
ms-tx-000314,Microsoft footprint TX #315,TX,Houston,Harris County,"40, East Rent Car Road, Houston, Harris County, Texas, 77061, United States",471568.95,29.6538462,-95.2771351,,commercial_industrial_unknown,unknown,"MULTIPOLYGON (((-95.279029 29.652461, -95.278378 29.652273, -95.276538 29.652832, -95.274952 29.652374, -95.274326 29.652564, -95.276514 29.653195, -95.276526 29.653635, -95.276058 29.654124, -95.276163 29.6542, -95.27592 29.654453, -95.275761 29.654407, -95.275469 29.654712, -95.275335 29.654378, -95.274971 29.654273, -95.274866 29.654548, -95.275536 29.654742, -95.275357 29.65493, -95.275401 29.654962, -95.275681 29.655042, -95.276245 29.654453, -95.276837 29.654441, -95.277737 29.655091, -95.277719 29.655109, -95.27773 29.655501, -95.277784 29.6555, -95.27788 29.655289, -95.280029 29.654636, -95.279884 29.654275, -95.278159 29.654799, -95.276711 29.653751, -95.276694 29.65317, -95.279029 29.652461)))",microsoft_us_building_footprints
ms-tx-000315,Microsoft footprint TX #316,TX,Humble,Harris County,"19599, Watson Lane, Humble, Harris County, Texas, 77338, United States",115772.07,30.0035763,-95.2842805,,commercial_industrial_unknown,unknown,"MULTIPOLYGON (((-95.284888 30.00397, -95.28489 30.003139, -95.283801 30.003137, -95.2838 30.003576, -95.283556 30.003576, -95.283555 30.003966, -95.284062 30.003967, -95.284062 30.003997, -95.284253 30.003997, -95.284253 30.003969, -95.284888 30.00397)))",microsoft_us_building_footprints
ms-tx-000316,Microsoft footprint TX #317,TX,Humble,Harris County,"18991, McKay Drive, Humble, Harris County, Texas, 77338, United States",101515.84,29.9973249,-95.2785622,,commercial_industrial_unknown,unknown,"MULTIPOLYGON (((-95.278758 29.997734, -95.279096 29.99741, -95.27921 29.997499, -95.279258 29.997453, -95.279151 29.997369, -95.279481 29.997051, -95.2793 29.99691, -95.278979 29.997218, -95.27876 29.997047, -95.278858 29.996953, -95.278841 29.996888, -95.278727 29.996799, -95.27862 29.996902, -95.278434 29.996756, -95.278299 29.996886, -95.278529 29.997065, -95.278398 29.997091, -95.278221 29.996952, -95.278017 29.997148, -95.278258 29.997336, -95.278183 29.997409, -95.277937 29.997217, -95.277799 29.99735, -95.278018 29.997521, -95.277792 29.997738, -95.277947 29.997858, -95.278182 29.997633, -95.278517 29.997894, -95.278656 29.997761, -95.278297 29.997482, -95.278359 29.997423, -95.278758 29.997734)))",microsoft_us_building_footprints
ms-tx-000317,Microsoft footprint TX #318,TX,Humble,Harris County,"Olive Garden, 9632, FM 1960, Humble, Harris County, Texas, 77338, United States",134856.35,30.0035298,-95.2783822,,commercial_industrial_unknown,unknown,"MULTIPOLYGON (((-95.279319 30.003572, -95.279346 30.004555, -95.279579 30.00455, -95.279541 30.003118, -95.279055 30.003128, -95.279059 30.003252, -95.279013 30.003241, -95.279016 30.003351, -95.277807 30.003376, -95.277804 30.00327, -95.277863 30.003269, -95.277859 30.003135, -95.277165 30.003149, -95.277167 30.003238, -95.277134 30.003238, -95.277135 30.003278, -95.277222 30.003276, -95.277225 30.00339, -95.276979 30.003395, -95.276972 30.003156, -95.276753 30.00316, -95.276748 30.003174, -95.276686 30.003175, -95.276688 30.003254, -95.276752 30.003253, -95.276761 30.003583, -95.276867 30.003608, -95.277398 30.003598, -95.277405 30.003577, -95.277556 30.003574, -95.277688 30.003605, -95.279319 30.003572)))",microsoft_us_building_footprints
ms-tx-000318,Microsoft footprint TX #319,TX,Quintana,Brazoria County,"8th Street, Quintana, Brazoria County, Texas, United States",437075.14,28.9267416,-95.3082259,,commercial_industrial_unknown,unknown,"MULTIPOLYGON (((-95.30681 28.927182, -95.30716 28.927861, -95.30753 28.92781, -95.307622 28.927638, -95.308485 28.927518, -95.308448 28.927314, -95.308518 28.927305, -95.308661 28.927036, -95.310024 28.926838, -95.310139 28.926622, -95.310122 28.926527, -95.310057 28.926401, -95.310003 28.926423, -95.30894 28.92599, -95.308962 28.926032, -95.308959 28.926033, -95.308738 28.925942, -95.308769 28.925885, -95.30792 28.926002, -95.307813 28.926205, -95.307754 28.926093, -95.307738 28.926123, -95.307522 28.925705, -95.307353 28.925636, -95.307245 28.925839, -95.307475 28.926285, -95.307345 28.926303, -95.307346 28.9263, -95.307274 28.92631, -95.30681 28.927182)))",microsoft_us_building_footprints
ms-tx-000319,Microsoft footprint TX #320,TX,Houston,Harris County,"Lee Road, Houston, Harris County, Texas, 77338, United States",167158.97,29.9967483,-95.3106228,,commercial_industrial_unknown,unknown,"MULTIPOLYGON (((-95.312008 29.996994, -95.312012 29.996496, -95.3118 29.996494, -95.3118 29.996451, -95.311637 29.996451, -95.311636 29.996493, -95.31117 29.996491, -95.31117 29.996451, -95.311004 29.996451, -95.311003 29.996493, -95.310374 29.99649, -95.310374 29.996452, -95.310212 29.996451, -95.310212 29.996495, -95.30958 29.996491, -95.30958 29.996453, -95.309422 29.996452, -95.309422 29.996496, -95.309261 29.996495, -95.309257 29.996989, -95.310049 29.996993, -95.310048 29.997104, -95.310532 29.997106, -95.310533 29.996986, -95.312008 29.996994)))",microsoft_us_building_footprints
ms-tx-000320,Microsoft footprint TX #321,TX,Houston,Harris County,"Johnson Elementary School, 13901, Homestead Road, Parkwood Estates, Houston, Harris County, Texas, 77016, United States",149741.88,29.9208308,-95.3029800,,commercial_industrial_unknown,unknown,"MULTIPOLYGON (((-95.302511 29.920311, -95.302507 29.920699, -95.302616 29.9207, -95.302614 29.920817, -95.302517 29.920816, -95.302512 29.921324, -95.302705 29.921326, -95.302704 29.921429, -95.302315 29.921426, -95.302311 29.921779, -95.303145 29.921785, -95.303149 29.921433, -95.302756 29.92143, -95.302757 29.921326, -95.303132 29.921329, -95.303136 29.920988, -95.302789 29.920986, -95.30279 29.920817, -95.30306 29.92082, -95.303061 29.920731, -95.303197 29.920732, -95.303201 29.920407, -95.303319 29.920408, -95.303315 29.920748, -95.303722 29.920751, -95.303729 29.920027, -95.303322 29.920024, -95.303319 29.920367, -95.303201 29.920366, -95.303204 29.920022, -95.302798 29.920019, -95.302795 29.920313, -95.302511 29.920311)))",microsoft_us_building_footprints
ms-tx-000321,Microsoft footprint TX #322,TX,Houston,Harris County,"4584, Blaffer, Houston, Harris County, Texas, 77026, United States",177840.51,29.8014800,-95.3049678,,commercial_industrial_unknown,unknown,"MULTIPOLYGON (((-95.305759 29.801972, -95.305755 29.800825, -95.305015 29.800827, -95.305015 29.800778, -95.304835 29.800779, -95.304835 29.800832, -95.304645 29.800833, -95.304646 29.801275, -95.305615 29.801272, -95.305615 29.801419, -95.30392 29.801424, -95.303922 29.801977, -95.305759 29.801972)))",microsoft_us_building_footprints
ms-tx-000322,Microsoft footprint TX #323,TX,,Harris County,"5609, Delmack Street, Harris County, Texas, 77032, United States",102488.42,29.9363828,-95.3063613,,commercial_industrial_unknown,unknown,"MULTIPOLYGON (((-95.306728 29.937031, -95.306702 29.936069, -95.306803 29.936067, -95.306801 29.935983, -95.306699 29.935985, -95.306694 29.935796, -95.306534 29.935799, -95.306532 29.935725, -95.306366 29.935728, -95.306368 29.935799, -95.305875 29.935809, -95.305882 29.936092, -95.306034 29.936089, -95.306059 29.937038, -95.306296 29.937034, -95.306296 29.937039, -95.306728 29.937031)))",microsoft_us_building_footprints
ms-tx-000323,Microsoft footprint TX #324,TX,Houston,Harris County,"Daria Aksenova, 6501, Navigation Boulevard, Second Ward, Houston, Harris County, Texas, 77011, United States",285695.35,29.7501666,-95.3064546,,commercial_industrial_unknown,unknown,"MULTIPOLYGON (((-95.307566 29.749269, -95.306701 29.748878, -95.306406 29.749372, -95.30639 29.749708, -95.306331 29.749706, -95.306333 29.749673, -95.306346 29.749652, -95.30631 29.749636, -95.306299 29.749654, -95.306143 29.749648, -95.305343 29.750984, -95.306053 29.751304, -95.305999 29.751394, -95.30609 29.751435, -95.306128 29.751371, -95.30627 29.751435, -95.307566 29.749269)))",microsoft_us_building_footprints
ms-tx-000324,Microsoft footprint TX #325,TX,Aldine,Harris County,"14126, Vickery Drive, Aldine, Harris County, Texas, 77032, United States",114812.2,29.9215786,-95.3210415,,commercial_industrial_unknown,unknown,"MULTIPOLYGON (((-95.320968 29.921314, -95.320966 29.921177, -95.320728 29.921179, -95.320729 29.921314, -95.320177 29.921319, -95.320183 29.921875, -95.321921 29.921859, -95.321915 29.921306, -95.320968 29.921314)))",microsoft_us_building_footprints
ms-tx-000325,Microsoft footprint TX #326,TX,Houston,Harris County,"Greens Road, Houston, Harris County, Texas, 77032, United States",121221.66,29.9498010,-95.3350463,,commercial_industrial_unknown,unknown,"MULTIPOLYGON (((-95.334851 29.951036, -95.335278 29.951031, -95.335241 29.948565, -95.334815 29.94857, -95.334851 29.951036)))",microsoft_us_building_footprints
ms-tx-000326,Microsoft footprint TX #327,TX,Houston,Harris County,"McKee Street, Downtown, Houston, Harris County, Texas, 77002, United States",149605.57,29.7729948,-95.3524382,,commercial_industrial_unknown,unknown,"MULTIPOLYGON (((-95.35322 29.772606, -95.352951 29.772455, -95.352923 29.772455, -95.352881 29.772432, -95.352881 29.772413, -95.352719 29.772322, -95.352652 29.772412, -95.352612 29.772389, -95.352388 29.772689, -95.352456 29.772727, -95.352363 29.772852, -95.352135 29.772723, -95.352134 29.772695, -95.352101 29.772676, -95.351867 29.772683, -95.351874 29.772874, -95.351834 29.772851, -95.351697 29.772855, -95.351658 29.772833, -95.351518 29.772837, -95.351542 29.773443, -95.352603 29.773412, -95.352622 29.773386, -95.352964 29.773376, -95.352959 29.773272, -95.352883 29.773229, -95.35311 29.773222, -95.353098 29.773239, -95.353101 29.773324, -95.353248 29.77332, -95.35322 29.772606)))",microsoft_us_building_footprints
ms-tx-000327,Microsoft footprint TX #328,TX,Houston,Harris County,"The Laura Hotel, 1070, Dallas Street, Downtown, Houston, Harris County, Texas, 77002, United States",198118.29,29.7542589,-95.3650625,,commercial_industrial_unknown,unknown,"MULTIPOLYGON (((-95.364147 29.753329, -95.364043 29.753482, -95.364121 29.753697, -95.363909 29.753588, -95.363684 29.753919, -95.365276 29.754738, -95.365378 29.754588, -95.365417 29.754608, -95.365552 29.754571, -95.365562 29.754522, -95.366145 29.754822, -95.366088 29.754904, -95.365917 29.754816, -95.365915 29.754839, -95.365948 29.754841, -95.365881 29.75494, -95.365532 29.75476, -95.365416 29.75493, -95.366091 29.755277, -95.366208 29.755105, -95.366132 29.754895, -95.366399 29.754913, -95.366528 29.754723, -95.36618 29.754544, -95.366307 29.754358, -95.366244 29.754326, -95.366154 29.754458, -95.364972 29.753851, -95.364909 29.753943, -95.364754 29.753864, -95.364773 29.753651, -95.364147 29.753329)))",microsoft_us_building_footprints
ms-tx-000328,Microsoft footprint TX #329,TX,Manvel,Brazoria County,"Manvel High School, 19601, McCoy Road, Manvel, Brazoria County, Texas, 77578, United States",354075.29,29.4726654,-95.3653388,,commercial_industrial_unknown,unknown,"MULTIPOLYGON (((-95.365694 29.47285, -95.365677 29.472905, -95.365637 29.472853, -95.36566 29.472865, -95.365675 29.472844, -95.36568 29.472843, -95.365655 29.47283, -95.36563 29.472844, -95.365477 29.472645, -95.365497 29.472582, -95.366004 29.472702, -95.365955 29.472856, -95.36617 29.472908, -95.366362 29.472297, -95.366173 29.472252, -95.366388 29.47194, -95.366044 29.471491, -95.365569 29.472178, -95.365444 29.471478, -95.365144 29.471407, -95.365043 29.471731, -95.364986 29.471657, -95.364254 29.471756, -95.364147 29.472099, -95.36455 29.472044, -95.364276 29.472916, -95.364876 29.472835, -95.364808 29.472452, -95.365349 29.472379, -95.364779 29.474191, -95.365023 29.474158, -95.36503 29.474138, -95.365571 29.474266, -95.365971 29.472995, -95.365694 29.47285)))",microsoft_us_building_footprints
ms-tx-000329,Microsoft footprint TX #330,TX,,Harris County,"Central Greens Boulevard, Harris County, Texas, 77032, United States",141471.21,29.9600670,-95.3776460,,commercial_industrial_unknown,unknown,"MULTIPOLYGON (((-95.378011 29.960945, -95.377976 29.959179, -95.377281 29.959189, -95.377316 29.960955, -95.378011 29.960945)))",microsoft_us_building_footprints
ms-tx-000330,Microsoft footprint TX #331,TX,Houston,Harris County,"Almeda Road, Riverside Terrace, Houston, Harris County, Texas, 77004, United States",218377.81,29.7175820,-95.3815469,,commercial_industrial_unknown,unknown,"MULTIPOLYGON (((-95.380615 29.718057, -95.381493 29.718357, -95.381492 29.718358, -95.381505 29.718367, -95.381773 29.718285, -95.381984 29.717821, -95.382145 29.717876, -95.382246 29.717948, -95.382457 29.717738, -95.382466 29.717717, -95.382511 29.717703, -95.382574 29.717636, -95.382582 29.71762, -95.38268 29.717516, -95.382151 29.71714, -95.382056 29.717107, -95.381989 29.71706, -95.381939 29.717043, -95.381921 29.717048, -95.381876 29.717033, -95.381825 29.716997, -95.381767 29.716977, -95.381779 29.716973, -95.381098 29.71674, -95.380888 29.717203, -95.380986 29.717236, -95.380615 29.718057)))",microsoft_us_building_footprints
ms-tx-000331,Microsoft footprint TX #332,TX,North Houston District,Harris County,"AmeriCold, East Hardy Road, North Houston District, Harris County, Texas, 77073, United States",121538.94,29.9554284,-95.3841173,,commercial_industrial_unknown,unknown,"MULTIPOLYGON (((-95.38487 29.955832, -95.384858 29.95551, -95.384946 29.955507, -95.384932 29.955137, -95.384996 29.955135, -95.384991 29.954996, -95.38473 29.955003, -95.384735 29.955127, -95.383158 29.955173, -95.38315 29.954973, -95.382968 29.954978, -95.382991 29.955571, -95.383079 29.955676, -95.383068 29.955703, -95.383111 29.955701, -95.383096 29.955683, -95.383123 29.955621, -95.383121 29.955573, -95.383309 29.955634, -95.383295 29.955265, -95.383716 29.955253, -95.383721 29.955391, -95.383627 29.955394, -95.383649 29.95542, -95.383653 29.955418, -95.38385 29.955651, -95.38383 29.955695, -95.38391 29.955721, -95.383849 29.955862, -95.38487 29.955832)))",microsoft_us_building_footprints
ms-tx-000332,Microsoft footprint TX #333,TX,Houston,Harris County,"Pentagon Freight Services, 19210, East Hardy Road, Houston, Harris County, Texas, 77073, United States",147278.82,29.9951981,-95.3924081,,commercial_industrial_unknown,unknown,"MULTIPOLYGON (((-95.391275 29.995484, -95.393284 29.995475, -95.393283 29.995437, -95.393599 29.995436, -95.393596 29.994967, -95.393278 29.994968, -95.393278 29.994885, -95.393109 29.994886, -95.393109 29.994926, -95.392012 29.99493, -95.392012 29.994895, -95.391964 29.994895, -95.391964 29.994929, -95.391778 29.99493, -95.391777 29.994875, -95.391448 29.994877, -95.391449 29.994934, -95.391328 29.994934, -95.391328 29.994963, -95.391272 29.994963, -95.391275 29.995484)))",microsoft_us_building_footprints
ms-tx-000333,Microsoft footprint TX #334,TX,Houston,Harris County,"Allston Street, Houston Heights, Houston, Harris County, Texas, 77008, United States",121191.37,29.7824708,-95.3993885,,commercial_industrial_unknown,unknown,"MULTIPOLYGON (((-95.399792 29.782018, -95.399245 29.78202, -95.399243 29.781749, -95.399293 29.781749, -95.399293 29.781784, -95.399376 29.781783, -95.399375 29.781668, -95.399779 29.781666, -95.399779 29.781584, -95.398997 29.781587, -95.398997 29.781696, -95.399021 29.781695, -95.39903 29.783068, -95.399026 29.783068, -95.399027 29.783177, -95.399315 29.783176, -95.399315 29.783187, -95.399524 29.783186, -95.399524 29.783168, -95.399803 29.783167, -95.399797 29.782179, -95.399793 29.78218, -95.399792 29.782018)))",microsoft_us_building_footprints
ms-tx-000334,Microsoft footprint TX #335,TX,Pearland,Brazoria County,"Memorial Hermann Pearland Hospital, 16100, South Freeway Frontage Road, Shadow Creek Ranch, Pearland, Brazoria County, Texas, 77584, United States",131542.66,29.5636637,-95.3888328,,commercial_industrial_unknown,unknown,"MULTIPOLYGON (((-95.388368 29.562917, -95.388371 29.56333, -95.388299 29.563331, -95.388299 29.563426, -95.388393 29.563426, -95.388399 29.564084, -95.388753 29.564081, -95.388754 29.564251, -95.388826 29.56425, -95.38883 29.564656, -95.389152 29.564654, -95.389152 29.564562, -95.389113 29.564562, -95.38911 29.564192, -95.389192 29.564192, -95.38919 29.563934, -95.389299 29.563934, -95.389298 29.563805, -95.389229 29.563806, -95.389226 29.563495, -95.389596 29.563493, -95.389595 29.563444, -95.389494 29.563445, -95.389494 29.563395, -95.389217 29.563396, -95.389214 29.563038, -95.389057 29.563039, -95.389058 29.5632, -95.388881 29.563201, -95.388879 29.562914, -95.388368 29.562917)))",microsoft_us_building_footprints
ms-tx-000335,Microsoft footprint TX #336,TX,Houston,Harris County,"Cooper Elementary School, 18655, Imperial Valley Drive, North Houston District, Houston, Harris County, Texas, 77073, United States",106943.79,29.9684130,-95.4033214,,commercial_industrial_unknown,unknown,"MULTIPOLYGON (((-95.402732 29.968261, -95.402793 29.968273, -95.40277 29.968357, -95.402938 29.96839, -95.402878 29.968617, -95.403051 29.968652, -95.402986 29.968893, -95.403038 29.968903, -95.403043 29.968988, -95.403365 29.969052, -95.403385 29.968977, -95.403454 29.968991, -95.403519 29.968746, -95.403882 29.968819, -95.403893 29.968776, -95.403944 29.968774, -95.404016 29.968504, -95.40397 29.968495, -95.403984 29.968442, -95.403623 29.96837, -95.403718 29.968013, -95.403627 29.967994, -95.403645 29.967924, -95.403358 29.967866, -95.403361 29.967935, -95.403254 29.967914, -95.403212 29.968069, -95.403129 29.968052, -95.403127 29.968024, -95.403008 29.968, -95.402994 29.967714, -95.402884 29.967692, -95.402732 29.968261)))",microsoft_us_building_footprints
ms-tx-000336,Microsoft footprint TX #337,TX,Houston,Harris County,"Parker Intermediate School, 19850, East Hardy Road, Houston, Harris County, Texas, 77073, United States",121598.78,30.0037729,-95.3962762,,commercial_industrial_unknown,unknown,"MULTIPOLYGON (((-95.397054 30.003999, -95.396898 30.003783, -95.397011 30.003708, -95.397043 30.003691, -95.397027 30.003618, -95.396982 30.003625, -95.397003 30.003564, -95.396828 30.003592, -95.396888 30.003422, -95.396743 30.003358, -95.396736 30.003321, -95.396289 30.003393, -95.396242 30.003177, -95.395987 30.003218, -95.396041 30.003474, -95.395379 30.00358, -95.395435 30.003841, -95.395822 30.003779, -95.395812 30.003732, -95.395965 30.003707, -95.39603 30.004008, -95.395921 30.004026, -95.395903 30.003943, -95.395559 30.004128, -95.395588 30.004262, -95.395772 30.004233, -95.395783 30.004285, -95.396931 30.0041, -95.396914 30.004022, -95.397054 30.003999)))",microsoft_us_building_footprints
ms-tx-000337,Microsoft footprint TX #338,TX,North Houston District,Harris County,"18028, Chisholm Trail, Greenspoint, North Houston District, Harris County, Texas, 77060, United States",112177.73,29.9599126,-95.3980131,,commercial_industrial_unknown,unknown,"MULTIPOLYGON (((-95.397389 29.960298, -95.398598 29.960321, -95.398602 29.960149, -95.398698 29.96015, -95.398701 29.960016, -95.398654 29.960015, -95.398652 29.960078, -95.398596 29.960076, -95.398609 29.959545, -95.398534 29.959543, -95.398536 29.959483, -95.398293 29.959478, -95.398291 29.959549, -95.398108 29.959546, -95.39811 29.959452, -95.397909 29.959448, -95.397906 29.959549, -95.397729 29.959546, -95.397731 29.959482, -95.397506 29.959478, -95.397504 29.959548, -95.397434 29.959546, -95.39742 29.960132, -95.397283 29.960129, -95.397281 29.960224, -95.397391 29.960226, -95.397389 29.960298)))",microsoft_us_building_footprints
ms-tx-000338,Microsoft footprint TX #339,TX,Pearland,Brazoria County,"Broadway Bend Drive, Shadow Creek Ranch, Pearland, Brazoria County, Texas, 74404, United States",124806.19,29.5571964,-95.4022162,,commercial_industrial_unknown,unknown,"MULTIPOLYGON (((-95.40259 29.556793, -95.402289 29.556791, -95.40218 29.556715, -95.40221 29.556683, -95.402211 29.556488, -95.402231 29.556467, -95.402502 29.556468, -95.402502 29.556499, -95.402588 29.556499, -95.402589 29.556321, -95.402551 29.556294, -95.402091 29.556291, -95.402091 29.55626, -95.401989 29.55626, -95.401986 29.55662, -95.401938 29.556672, -95.401793 29.55657, -95.401744 29.556624, -95.401875 29.556716, -95.401784 29.556815, -95.401746 29.556815, -95.401746 29.556734, -95.401669 29.556734, -95.401665 29.557133, -95.401947 29.557134, -95.401946 29.557211, -95.402035 29.557212, -95.402033 29.557397, -95.401993 29.557397, -95.401987 29.558063, -95.402579 29.558067, -95.40259 29.556793)))",microsoft_us_building_footprints
ms-tx-000339,Microsoft footprint TX #340,TX,Houston,Harris County,"301, Gillespie Road, North Houston District, Houston, Harris County, Texas, 77038, United States",137942.43,29.9264775,-95.4149990,,commercial_industrial_unknown,unknown,"MULTIPOLYGON (((-95.414494 29.92709, -95.415442 29.927125, -95.415504 29.925865, -95.414556 29.92583, -95.414494 29.92709)))",microsoft_us_building_footprints
ms-tx-000340,Microsoft footprint TX #341,TX,Houston,Harris County,"Fannin Street, Houston, Harris County, Texas, 77045, United States",115617.33,29.6610543,-95.4084138,,commercial_industrial_unknown,unknown,"MULTIPOLYGON (((-95.408866 29.660603, -95.40782 29.66061, -95.407821 29.660715, -95.407846 29.660714, -95.407849 29.661181, -95.407624 29.661182, -95.407626 29.661394, -95.408594 29.661388, -95.408595 29.661425, -95.408616 29.661425, -95.408617 29.661509, -95.409099 29.661506, -95.409095 29.660986, -95.408894 29.660987, -95.408894 29.660945, -95.408869 29.660946, -95.408866 29.660603)))",microsoft_us_building_footprints
ms-tx-000341,Microsoft footprint TX #342,TX,Bethel,Hopkins County,"County Road 2346, Bethel, Hopkins County, Texas, United States",118365.95,33.0828764,-95.4101595,,commercial_industrial_unknown,unknown,"MULTIPOLYGON (((-95.411865 33.082534, -95.411744 33.082247, -95.408454 33.083219, -95.408574 33.083506, -95.411865 33.082534)))",microsoft_us_building_footprints
ms-tx-000342,Microsoft footprint TX #343,TX,Houston,Harris County,"Monaco at Main Apartments, 8333, Braesmain Drive, Braeswood, Houston, Harris County, Texas, 77025, United States",128545.31,29.6931965,-95.4170246,,commercial_industrial_unknown,unknown,"MULTIPOLYGON (((-95.416344 29.693303, -95.416952 29.693955, -95.417264 29.693735, -95.417137 29.693599, -95.417169 29.693577, -95.417194 29.693603, -95.417266 29.693615, -95.417806 29.693236, -95.417752 29.693178, -95.417822 29.693129, -95.417734 29.693035, -95.41754 29.693172, -95.417409 29.693032, -95.417594 29.692902, -95.417439 29.692736, -95.417232 29.692882, -95.417244 29.692829, -95.417232 29.692827, -95.417158 29.692748, -95.417123 29.692742, -95.417089 29.692706, -95.417042 29.692698, -95.417246 29.692555, -95.417099 29.692398, -95.416776 29.692626, -95.416817 29.69267, -95.416454 29.692926, -95.41651 29.692985, -95.416449 29.693028, -95.416561 29.693149, -95.416344 29.693303)))",microsoft_us_building_footprints
ms-tx-000343,Microsoft footprint TX #344,TX,Houston,Harris County,"Lockhaven Drive, Houston, Harris County, Texas, 77073, United States",249722.57,29.9880445,-95.4211693,,commercial_industrial_unknown,unknown,"MULTIPOLYGON (((-95.422815 29.988368, -95.422815 29.987952, -95.422398 29.987952, -95.422398 29.987887, -95.422387 29.987887, -95.422387 29.987626, -95.422103 29.987627, -95.422103 29.987827, -95.421887 29.987828, -95.421887 29.987648, -95.419813 29.987648, -95.419814 29.987984, -95.419773 29.987984, -95.419773 29.987638, -95.419644 29.987638, -95.419645 29.988106, -95.419768 29.988106, -95.419768 29.987989, -95.419819 29.987989, -95.419819 29.988405, -95.419795 29.988405, -95.419795 29.988488, -95.420361 29.988488, -95.420361 29.988265, -95.420928 29.988265, -95.420928 29.988475, -95.42188 29.988475, -95.42188 29.988369, -95.422815 29.988368)))",microsoft_us_building_footprints
ms-tx-000344,Microsoft footprint TX #345,TX,Houston,Harris County,"HD Supply, 10565, Greens Crossing Boulevard, North Houston District, Houston, Harris County, Texas, 77038, United States",604065.13,29.9304755,-95.4261935,,commercial_industrial_unknown,unknown,"MULTIPOLYGON (((-95.424018 29.930065, -95.424174 29.931263, -95.424173 29.931263, -95.424178 29.9313, -95.428178 29.930907, -95.428178 29.930909, -95.428255 29.930901, -95.42825 29.930861, -95.428299 29.930856, -95.428298 29.930853, -95.428363 29.930846, -95.428211 29.929683, -95.428204 29.929683, -95.428193 29.929594, -95.428087 29.929604, -95.428095 29.929665, -95.424018 29.930065)))",microsoft_us_building_footprints
ms-tx-000345,Microsoft footprint TX #346,TX,Blossom,Lamar County,"US Highway 82 East, Blossom, Lamar County, Texas, 75416, United States",124272.2,33.6620233,-95.4391005,,commercial_industrial_unknown,unknown,"MULTIPOLYGON (((-95.439581 33.661507, -95.438338 33.661554, -95.438347 33.661724, -95.438568 33.661716, -95.4386 33.662308, -95.438524 33.662311, -95.43853 33.662425, -95.438677 33.662419, -95.438675 33.662378, -95.438854 33.662372, -95.438861 33.662488, -95.438815 33.66249, -95.438824 33.662656, -95.439394 33.662635, -95.43939 33.662555, -95.439479 33.662552, -95.439475 33.662467, -95.439395 33.66247, -95.439387 33.662338, -95.439636 33.662329, -95.439625 33.662127, -95.439846 33.662119, -95.439834 33.661891, -95.439602 33.6619, -95.439581 33.661507)))",microsoft_us_building_footprints
ms-tx-000346,Microsoft footprint TX #347,TX,Houston,Harris County,"Michaels, 3904, Bissonnet Street, Greenway / Upper Kirby, Greenway, Houston, Harris County, Texas, 77005, United States",128201.61,29.7230960,-95.4399642,,commercial_industrial_unknown,unknown,"MULTIPOLYGON (((-95.44097 29.723279, -95.439414 29.722446, -95.43893 29.722834, -95.438924 29.722852, -95.43964 29.723235, -95.439641 29.723273, -95.439696 29.723302, -95.439635 29.72331, -95.439757 29.723425, -95.439782 29.723389, -95.43995 29.723368, -95.439978 29.723395, -95.439971 29.723353, -95.439948 29.723356, -95.43997 29.723288, -95.440018 29.723282, -95.440044 29.723431, -95.439999 29.723389, -95.440004 29.723417, -95.439983 29.723412, -95.44015 29.723569, -95.440128 29.723638, -95.440229 29.723693, -95.44029 29.723644, -95.440549 29.723783, -95.440632 29.723666, -95.440608 29.723643, -95.440701 29.723569, -95.440746 29.723506, -95.440739 29.723464, -95.44097 29.723279)))",microsoft_us_building_footprints
ms-tx-000347,Microsoft footprint TX #348,TX,Angleton,Brazoria County,"Westside Elementary School, 1001, West Mulberry Street, Angleton, Brazoria County, Texas, 77515, United States",154095.27,29.1623470,-95.4477684,,commercial_industrial_unknown,unknown,"MULTIPOLYGON (((-95.448433 29.162883, -95.448424 29.162689, -95.448505 29.162686, -95.448473 29.162011, -95.447791 29.162035, -95.4478 29.162238, -95.447716 29.162241, -95.447688 29.161645, -95.447506 29.161651, -95.447503 29.161594, -95.447096 29.161608, -95.447117 29.16204, -95.447272 29.162092, -95.447285 29.162369, -95.447133 29.162374, -95.447127 29.162245, -95.44707 29.162247, -95.44708 29.162454, -95.447118 29.162515, -95.447235 29.162511, -95.447255 29.162518, -95.447259 29.162594, -95.447149 29.162646, -95.447284 29.162849, -95.447391 29.162845, -95.447434 29.162747, -95.447536 29.162744, -95.447542 29.162884, -95.447585 29.162953, -95.448171 29.162932, -95.448189 29.162891, -95.448433 29.162883)))",microsoft_us_building_footprints
ms-tx-000348,Microsoft footprint TX #349,TX,Houston,Harris County,"North Braeswood Boulevard, Houston, Harris County, Texas, 77096, United States",103700.06,29.6846037,-95.4541701,,commercial_industrial_unknown,unknown,"MULTIPOLYGON (((-95.454448 29.685384, -95.454428 29.683681, -95.454316 29.683682, -95.454316 29.683723, -95.454245 29.683724, -95.454245 29.683747, -95.454184 29.683748, -95.454184 29.683792, -95.453976 29.683794, -95.453977 29.683884, -95.453909 29.683884, -95.453915 29.684411, -95.453879 29.684411, -95.453891 29.685435, -95.454264 29.685432, -95.454263 29.685385, -95.454448 29.685384)))",microsoft_us_building_footprints
ms-tx-000349,Microsoft footprint TX #350,TX,Houston,Harris County,"Zodega, 7026, Old Katy Road, Washington Avenue Coalition / Memorial Park, Houston, Harris County, Texas, 77024, United States",117357.18,29.7866837,-95.4454661,,commercial_industrial_unknown,unknown,"MULTIPOLYGON (((-95.444768 29.787184, -95.446155 29.787194, -95.446158 29.78688, -95.44599 29.786499, -95.445992 29.786335, -95.446164 29.785992, -95.446165 29.785907, -95.446027 29.785906, -95.445972 29.785924, -95.445931 29.785909, -95.445704 29.78636, -95.445675 29.78637, -95.445674 29.78644, -95.445821 29.786773, -95.445821 29.786839, -95.445817 29.786845, -95.44511 29.786833, -95.445091 29.78679, -95.445261 29.786452, -95.445262 29.786369, -95.44523 29.786357, -95.445027 29.785903, -95.444781 29.785902, -95.44478 29.785966, -95.444948 29.786347, -95.444947 29.786507, -95.444772 29.786855, -95.444768 29.787184)))",microsoft_us_building_footprints
ms-tx-000350,Microsoft footprint TX #351,TX,The Woodlands,Montgomery County,"Soma, 1201, Lake Woodlands Drive, Town Center, The Woodlands, Montgomery County, Texas, 77380, United States",960408.18,30.1644562,-95.4552373,,commercial_industrial_unknown,unknown,"MULTIPOLYGON (((-95.456269 30.163103, -95.455826 30.163052, -95.455679 30.16402, -95.455012 30.162744, -95.45485 30.163812, -95.455286 30.163861, -95.454521 30.164161, -95.454622 30.163493, -95.454018 30.163425, -95.453933 30.163986, -95.45292 30.163871, -95.452489 30.163853, -95.451922 30.163788, -95.451777 30.164743, -95.45271 30.164378, -95.452625 30.164935, -95.453216 30.165002, -95.454074 30.164666, -95.453925 30.165648, -95.45455 30.165719, -95.454711 30.164656, -95.455966 30.164798, -95.455809 30.16584, -95.456566 30.165926, -95.456695 30.16507, -95.458723 30.1653, -95.458755 30.16509, -95.45642 30.163591, -95.456269 30.163103)))",microsoft_us_building_footprints
ms-tx-000351,Microsoft footprint TX #352,TX,Lake Jackson,Brazoria County,"Hobby Lobby, 125, State Highway 332 West, Lake Jackson, Brazoria County, Texas, 77566, United States",108833.72,29.0467002,-95.4617653,,commercial_industrial_unknown,unknown,"MULTIPOLYGON (((-95.462413 29.046429, -95.461298 29.046242, -95.461196 29.046708, -95.460722 29.046629, -95.460683 29.046808, -95.461151 29.046886, -95.461152 29.046884, -95.461602 29.046959, -95.461592 29.047007, -95.46185 29.04705, -95.461857 29.047021, -95.462511 29.047131, -95.462585 29.046795, -95.462342 29.046754, -95.462413 29.046429)))",microsoft_us_building_footprints
ms-tx-000352,Microsoft footprint TX #353,TX,Houston,Harris County,"Wynden Oaks Garden Drive, Uptown, Houston, Harris County, Texas, 77056, United States",140187.74,29.7539904,-95.4613913,,commercial_industrial_unknown,unknown,"MULTIPOLYGON (((-95.462795 29.754159, -95.462771 29.753662, -95.462587 29.753669, -95.462572 29.75372, -95.460859 29.753782, -95.460865 29.75389, -95.460887 29.753809, -95.460938 29.75386, -95.460937 29.753831, -95.460994 29.753863, -95.461059 29.753861, -95.461063 29.753952, -95.461148 29.753949, -95.461109 29.754001, -95.461103 29.753995, -95.460967 29.754, -95.460932 29.753992, -95.460927 29.754008, -95.460873 29.753977, -95.460848 29.754067, -95.460721 29.754071, -95.460773 29.754032, -95.460743 29.754003, -95.460739 29.754, -95.46071 29.754019, -95.460658 29.754058, -95.460644 29.753771, -95.459995 29.753795, -95.45986 29.754266, -95.462795 29.754159)))",microsoft_us_building_footprints
ms-tx-000353,Microsoft footprint TX #354,TX,Houston,Harris County,"Lynn Lane, Uptown, Houston, Harris County, Texas, 77056, United States",142314.52,29.7457958,-95.4634062,,commercial_industrial_unknown,unknown,"MULTIPOLYGON (((-95.464022 29.746344, -95.464015 29.745967, -95.463932 29.745968, -95.463913 29.744946, -95.463825 29.744948, -95.463825 29.74498, -95.463723 29.744982, -95.463721 29.74483, -95.463343 29.744835, -95.463363 29.745967, -95.463591 29.745964, -95.463592 29.745996, -95.462315 29.746014, -95.462322 29.746368, -95.464022 29.746344)))",microsoft_us_building_footprints
ms-tx-000354,Microsoft footprint TX #355,TX,Klein,Harris County,"Kreinhop Elementary School, 20820, Ella Boulevard, Cypresswood Glen Estates, Klein, Harris County, Texas, 77388, United States",100885.86,30.0634231,-95.4747750,,commercial_industrial_unknown,unknown,"MULTIPOLYGON (((-95.475209 30.063017, -95.474987 30.063017, -95.474987 30.062912, -95.474457 30.062911, -95.474457 30.062854, -95.474501 30.062854, -95.474502 30.062786, -95.474295 30.062786, -95.474295 30.062853, -95.474365 30.062853, -95.474365 30.062883, -95.474327 30.062883, -95.474327 30.063009, -95.474359 30.063009, -95.474358 30.063756, -95.4744 30.063756, -95.4744 30.063863, -95.474545 30.063863, -95.474545 30.063934, -95.474588 30.063934, -95.474588 30.06398, -95.474953 30.063981, -95.474953 30.063942, -95.47517 30.063942, -95.47517 30.063899, -95.475222 30.063899, -95.475223 30.063379, -95.475209 30.063379, -95.475209 30.063017)))",microsoft_us_building_footprints
ms-tx-000355,Microsoft footprint TX #356,TX,Houston,Harris County,"Eggersmann Kitchens Home Living - Houston, 5120, Woodway Drive, Houston, Harris County, Texas, 77056, United States",198727.07,29.7631643,-95.4662077,,commercial_industrial_unknown,unknown,"MULTIPOLYGON (((-95.466394 29.763983, -95.466396 29.763557, -95.466711 29.763558, -95.466712 29.763429, -95.466751 29.76343, -95.466751 29.763351, -95.466491 29.763257, -95.46657 29.76309, -95.467163 29.763302, -95.467118 29.763396, -95.467181 29.763418, -95.467291 29.763188, -95.467117 29.763125, -95.467185 29.762982, -95.467185 29.762928, -95.466883 29.76282, -95.466917 29.76275, -95.466848 29.762668, -95.466764 29.762638, -95.466607 29.762638, -95.466607 29.76257, -95.465994 29.76235, -95.465993 29.762494, -95.465772 29.762493, -95.465696 29.762402, -95.465706 29.76238, -95.46565 29.762379, -95.46565 29.76242, -95.465653 29.762419, -95.465652 29.762611, -95.465598 29.762611, -95.465592 29.76398, -95.466394 29.763983)))",microsoft_us_building_footprints
ms-tx-000356,Microsoft footprint TX #357,TX,Conroe,Montgomery County,"TJ Maxx, 2916, Interstate 45 North, Conroe, Montgomery County, Texas, 77301, United States",169492.27,30.3476011,-95.4807235,,commercial_industrial_unknown,unknown,"MULTIPOLYGON (((-95.480617 30.346109, -95.479973 30.346169, -95.47999 30.346311, -95.480152 30.346296, -95.480178 30.346502, -95.480382 30.346483, -95.480402 30.34664, -95.480211 30.346658, -95.480219 30.346722, -95.480291 30.346715, -95.480314 30.346903, -95.480535 30.346882, -95.480579 30.347238, -95.480317 30.347263, -95.48039 30.347846, -95.480507 30.347835, -95.480528 30.348004, -95.480812 30.347978, -95.480894 30.348631, -95.480565 30.348662, -95.480623 30.34912, -95.481221 30.349064, -95.481219 30.34905, -95.481232 30.349048, -95.480947 30.346782, -95.480695 30.346806, -95.480665 30.346567, -95.480674 30.346566, -95.480617 30.346109)))",microsoft_us_building_footprints
ms-tx-000357,Microsoft footprint TX #358,TX,Houston,Harris County,"Augusta Drive, Houston, Harris County, Texas, 77057, United States",159989.16,29.7401074,-95.4830810,,commercial_industrial_unknown,unknown,"MULTIPOLYGON (((-95.483238 29.740324, -95.483226 29.739102, -95.482938 29.739104, -95.482938 29.739051, -95.482852 29.739051, -95.482851 29.73902, -95.482806 29.739021, -95.482805 29.738975, -95.482639 29.738976, -95.482643 29.739344, -95.482641 29.739344, -95.482644 29.739649, -95.482674 29.739649, -95.482674 29.739696, -95.482645 29.739696, -95.48265 29.740265, -95.482679 29.740265, -95.482681 29.740421, -95.482654 29.740421, -95.482658 29.740869, -95.483849 29.74086, -95.483844 29.74032, -95.483238 29.740324)))",microsoft_us_building_footprints
ms-tx-000358,Microsoft footprint TX #359,TX,Houston,Harris County,"5449, Elm Street, Gulfton, Houston, Harris County, Texas, 77081, United States",143807.8,29.7123916,-95.4752747,,commercial_industrial_unknown,unknown,"MULTIPOLYGON (((-95.476044 29.712787, -95.476041 29.712698, -95.476012 29.712699, -95.476009 29.712611, -95.476175 29.712606, -95.476146 29.71181, -95.476031 29.711813, -95.476037 29.711987, -95.475772 29.711994, -95.475798 29.712701, -95.475664 29.712704, -95.475638 29.712005, -95.475617 29.711979, -95.47527 29.711989, -95.47527 29.711982, -95.474966 29.71199, -95.474891 29.712035, -95.474916 29.712708, -95.47476 29.712712, -95.474758 29.712648, -95.474801 29.712647, -95.474798 29.712577, -95.474768 29.712578, -95.474785 29.712568, -95.474766 29.712058, -95.474741 29.712058, -95.474739 29.711985, -95.474393 29.711994, -95.474424 29.712832, -95.476044 29.712787)))",microsoft_us_building_footprints
ms-tx-000359,Microsoft footprint TX #360,TX,Houston,Harris County,"North Houston Rosslyn Road, Near Northwest, Inwood, Houston, Harris County, Texas, 77092, United States",206252.09,29.8603016,-95.4799344,,commercial_industrial_unknown,unknown,"MULTIPOLYGON (((-95.478822 29.86047, -95.479364 29.861165, -95.480947 29.860236, -95.480808 29.860058, -95.480746 29.860095, -95.480717 29.860073, -95.480738 29.860052, -95.480771 29.860032, -95.480617 29.859834, -95.480653 29.859798, -95.480811 29.86, -95.480879 29.859988, -95.480934 29.860058, -95.481086 29.859968, -95.480777 29.859571, -95.48078 29.859568, -95.480752 29.859532, -95.480652 29.85959, -95.480687 29.859635, -95.480586 29.859695, -95.4806 29.859712, -95.480527 29.859755, -95.480341 29.859517, -95.479189 29.860193, -95.479156 29.860226, -95.479072 29.860276, -95.479047 29.860301, -95.479067 29.860326, -95.478822 29.86047)))",microsoft_us_building_footprints
ms-tx-000360,Microsoft footprint TX #361,TX,Spring Valley Village,Harris County,"The Home Depot, 8400, Katy Freeway, Spring Valley Village, Harris County, Texas, 77024, United States",131898.82,29.7865108,-95.4942263,,commercial_industrial_unknown,unknown,"MULTIPOLYGON (((-95.49349 29.786879, -95.494945 29.786887, -95.494947 29.786643, -95.495073 29.786643, -95.495076 29.786242, -95.494951 29.786241, -95.494951 29.786199, -95.494772 29.786198, -95.494773 29.786048, -95.494558 29.786047, -95.494558 29.786152, -95.494512 29.786152, -95.494512 29.786196, -95.493154 29.786188, -95.493154 29.786302, -95.493441 29.786303, -95.493437 29.786693, -95.493593 29.786694, -95.493593 29.786733, -95.493491 29.786733, -95.49349 29.786879)))",microsoft_us_building_footprints
ms-tx-000361,Microsoft footprint TX #362,TX,Grapeland,Houston County,"Vulcraft Texas, County Road 2345, Grapeland, Houston County, Texas, 75844, United States",214136.89,31.5073460,-95.4821389,,commercial_industrial_unknown,unknown,"MULTIPOLYGON (((-95.482565 31.506311, -95.481457 31.506346, -95.481479 31.506848, -95.481935 31.506833, -95.481953 31.507264, -95.481848 31.507267, -95.48186 31.507554, -95.481967 31.50755, -95.481981 31.507859, -95.481907 31.507883, -95.481905 31.507879, -95.481013 31.507908, -95.481026 31.508189, -95.482018 31.508158, -95.482025 31.508322, -95.482112 31.508319, -95.482127 31.508314, -95.48212 31.508152, -95.483164 31.508118, -95.483153 31.507851, -95.483051 31.507854, -95.48305 31.507823, -95.483 31.507825, -95.483001 31.507838, -95.482663 31.507849, -95.482628 31.507042, -95.482415 31.507049, -95.482405 31.506821, -95.482647 31.506813, -95.482636 31.506553, -95.482574 31.506526, -95.482565 31.506311)))",microsoft_us_building_footprints
ms-tx-000362,Microsoft footprint TX #363,TX,Houston,Harris County,"6633, North Houston Rosslyn Road, Near Northwest, Inwood, Houston, Harris County, Texas, 77091, United States",100376.49,29.8626544,-95.4849874,,commercial_industrial_unknown,unknown,"MULTIPOLYGON (((-95.484529 29.862159, -95.48453 29.863054, -95.484721 29.863054, -95.484721 29.863124, -95.485146 29.863123, -95.485146 29.86326, -95.485387 29.86326, -95.485387 29.86282, -95.485436 29.86282, -95.485436 29.862799, -95.485483 29.862799, -95.485483 29.862683, -95.485448 29.862683, -95.485448 29.862597, -95.485389 29.862597, -95.485388 29.862381, -95.485448 29.862381, -95.485447 29.862295, -95.485388 29.862295, -95.485388 29.862158, -95.484529 29.862159)))",microsoft_us_building_footprints
ms-tx-000363,Microsoft footprint TX #364,TX,Houston,Harris County,"Beverly Hill Street, Houston, Harris County, Texas, 77057, United States",127559.22,29.7299346,-95.4963672,,commercial_industrial_unknown,unknown,"MULTIPOLYGON (((-95.496987 29.729482, -95.49663 29.729484, -95.496631 29.729531, -95.496577 29.729531, -95.496577 29.729487, -95.496282 29.729488, -95.496282 29.729535, -95.496237 29.729535, -95.496236 29.729488, -95.496129 29.729489, -95.496129 29.729536, -95.496089 29.729536, -95.496089 29.729489, -95.495791 29.729491, -95.495791 29.729533, -95.495732 29.729533, -95.495735 29.729892, -95.49574 29.729892, -95.495743 29.730206, -95.495794 29.730206, -95.495794 29.730227, -95.495745 29.730227, -95.495746 29.730367, -95.495797 29.730367, -95.495798 29.730381, -95.496994 29.730374, -95.496987 29.729482)))",microsoft_us_building_footprints
ms-tx-000364,Microsoft footprint TX #365,TX,Mineola,Wood County,"322, Freeman Street, Historic Downtown, Mineola, Wood County, Texas, 75773, United States",121820.48,32.6597326,-95.4869354,,commercial_industrial_unknown,unknown,"MULTIPOLYGON (((-95.486562 32.659087, -95.486516 32.659248, -95.486432 32.65923, -95.486357 32.659489, -95.48642 32.659502, -95.486329 32.659532, -95.486252 32.659798, -95.48633 32.659965, -95.486168 32.660019, -95.486241 32.660175, -95.486441 32.660108, -95.486496 32.660225, -95.487181 32.659997, -95.487179 32.660006, -95.487204 32.660061, -95.487245 32.65992, -95.487365 32.660174, -95.487892 32.659998, -95.487875 32.659962, -95.487917 32.659819, -95.487882 32.659746, -95.487569 32.65985, -95.487549 32.659808, -95.487772 32.659733, -95.487782 32.659698, -95.487557 32.659773, -95.487499 32.659649, -95.487403 32.659681, -95.48748 32.659419, -95.486718 32.659262, -95.486757 32.659127, -95.486562 32.659087)))",microsoft_us_building_footprints
ms-tx-000365,Microsoft footprint TX #366,TX,Houston,Harris County,"4342, Clark Road, Langwood, Houston, Harris County, Texas, 77040, United States",222555.14,29.8378851,-95.5055664,,commercial_industrial_unknown,unknown,"MULTIPOLYGON (((-95.504994 29.837037, -95.505 29.838647, -95.505306 29.838647, -95.505307 29.838828, -95.505835 29.838826, -95.505835 29.838644, -95.506139 29.838643, -95.506132 29.837034, -95.504994 29.837037)))",microsoft_us_building_footprints
ms-tx-000366,Microsoft footprint TX #367,TX,The Woodlands,Montgomery County,"H-E-B Pharmacy, 3601, FM 1488, The Woodlands, Montgomery County, Texas, 77384, United States",116269.1,30.2259008,-95.5197037,,commercial_industrial_unknown,unknown,"MULTIPOLYGON (((-95.518976 30.225647, -95.519107 30.226262, -95.519149 30.226256, -95.519169 30.226351, -95.519383 30.226317, -95.519387 30.226338, -95.519534 30.226315, -95.519524 30.226266, -95.519718 30.226235, -95.519727 30.226278, -95.519776 30.22627, -95.519782 30.226298, -95.519945 30.226272, -95.519951 30.226305, -95.520326 30.226245, -95.520312 30.226178, -95.52045 30.226156, -95.52035 30.225687, -95.520195 30.225712, -95.520137 30.22544, -95.519771 30.225498, -95.519756 30.225426, -95.519642 30.225444, -95.519633 30.225405, -95.519415 30.225439, -95.519444 30.225573, -95.518976 30.225647)))",microsoft_us_building_footprints
ms-tx-000367,Microsoft footprint TX #368,TX,Paris,Lamar County,"Northeast Texas Trail, Paris, Lamar County, Texas, 75460, United States",149036.43,33.6480243,-95.5203161,,commercial_industrial_unknown,unknown,"MULTIPOLYGON (((-95.521063 33.648112, -95.521054 33.648373, -95.520861 33.648368, -95.520836 33.649084, -95.521214 33.649094, -95.521256 33.647907, -95.52119 33.647905, -95.521192 33.647861, -95.521122 33.647859, -95.52112 33.647902, -95.521025 33.6479, -95.521027 33.647857, -95.520857 33.647852, -95.520866 33.647587, -95.520341 33.647574, -95.52034 33.647584, -95.520153 33.64758, -95.520155 33.64752, -95.519174 33.647496, -95.519166 33.647731, -95.519122 33.64773, -95.519118 33.64782, -95.519149 33.647821, -95.519141 33.648054, -95.519528 33.648063, -95.519528 33.648074, -95.521063 33.648112)))",microsoft_us_building_footprints
ms-tx-000368,Microsoft footprint TX #369,TX,Houston,Harris County,"7600, Braesglen Drive, Braeburn, Houston, Harris County, Texas, 77071, United States",176388.91,29.6735450,-95.5098276,,commercial_industrial_unknown,unknown,"MULTIPOLYGON (((-95.509979 29.671972, -95.509669 29.671977, -95.509668 29.671889, -95.508997 29.671899, -95.509002 29.672146, -95.509637 29.672137, -95.509693 29.67522, -95.509704 29.67522, -95.509705 29.67526, -95.510209 29.675253, -95.510205 29.675016, -95.510144 29.675017, -95.510145 29.67506, -95.510082 29.675061, -95.510076 29.674721, -95.510249 29.674719, -95.510242 29.674323, -95.510197 29.674323, -95.510193 29.674088, -95.509946 29.674091, -95.509938 29.673609, -95.51023 29.673605, -95.510228 29.673482, -95.510158 29.673483, -95.510151 29.673082, -95.509999 29.673084, -95.509979 29.671972)))",microsoft_us_building_footprints
ms-tx-000369,Microsoft footprint TX #370,TX,Houston,Harris County,"Campbell Road, Spring Branch, Carverdale, Houston, Harris County, Texas, 77041, United States",134068.08,29.8372260,-95.5273223,,commercial_industrial_unknown,unknown,"MULTIPOLYGON (((-95.527742 29.837813, -95.527737 29.837564, -95.527858 29.837562, -95.527846 29.836952, -95.527825 29.836953, -95.527826 29.837048, -95.527735 29.83705, -95.527727 29.836647, -95.527478 29.836651, -95.527476 29.836539, -95.527267 29.836542, -95.527266 29.836498, -95.527184 29.836499, -95.527185 29.836541, -95.526851 29.836546, -95.526853 29.836639, -95.526957 29.836638, -95.526959 29.836733, -95.526772 29.836736, -95.526775 29.836924, -95.526885 29.836922, -95.526897 29.837525, -95.527047 29.837523, -95.527056 29.837952, -95.526903 29.837954, -95.526906 29.838123, -95.527244 29.838118, -95.52724 29.837932, -95.527181 29.837933, -95.527179 29.837821, -95.527742 29.837813)))",microsoft_us_building_footprints
ms-tx-000370,Microsoft footprint TX #371,TX,The Woodlands,Montgomery County,"Kroger Pharmacy, 8000, Research Forest Drive, The Woodlands, Montgomery County, Texas, 77382, United States",111706.44,30.2107844,-95.5281428,,commercial_industrial_unknown,unknown,"MULTIPOLYGON (((-95.52902 30.210867, -95.528604 30.210683, -95.528608 30.210676, -95.528548 30.21065, -95.528582 30.210593, -95.527701 30.210202, -95.52768 30.210238, -95.527571 30.21019, -95.527407 30.210467, -95.527561 30.210535, -95.527387 30.210828, -95.527716 30.210974, -95.527677 30.211041, -95.527832 30.21111, -95.527851 30.211079, -95.527908 30.211104, -95.527917 30.21109, -95.528187 30.211209, -95.528399 30.210851, -95.528601 30.210941, -95.52838 30.211313, -95.528677 30.211445, -95.52902 30.210867)))",microsoft_us_building_footprints
ms-tx-000371,Microsoft footprint TX #372,TX,Houston,Harris County,"6177, Rothway Street, West by Northwest Business Park, Houston, Harris County, Texas, 77040, United States",104360.6,29.8570690,-95.5301613,,commercial_industrial_unknown,unknown,"MULTIPOLYGON (((-95.5304 29.856163, -95.529891 29.856162, -95.52989 29.856494, -95.529929 29.856494, -95.529929 29.856825, -95.5299 29.856825, -95.529899 29.85732, -95.529938 29.85732, -95.529938 29.857648, -95.529907 29.857648, -95.529907 29.857974, -95.530411 29.857975, -95.530412 29.857235, -95.530481 29.857235, -95.530481 29.857093, -95.530399 29.857093, -95.5304 29.856163)))",microsoft_us_building_footprints
ms-tx-000372,Microsoft footprint TX #373,TX,Houston,Harris County,"Westheimer Road, Houston, Harris County, Texas, 77063, United States",158974.96,29.7380368,-95.5201064,,commercial_industrial_unknown,unknown,"MULTIPOLYGON (((-95.520962 29.738473, -95.520961 29.737928, -95.520915 29.737928, -95.520915 29.737895, -95.520956 29.737895, -95.520956 29.73763, -95.520395 29.737631, -95.520367 29.737668, -95.519977 29.737668, -95.519938 29.737685, -95.519938 29.737641, -95.519065 29.737642, -95.519188 29.737865, -95.519269 29.737865, -95.519269 29.738025, -95.519281 29.738047, -95.519272 29.738051, -95.519272 29.738398, -95.519373 29.738398, -95.519387 29.738392, -95.519452 29.738392, -95.519452 29.738443, -95.519572 29.738443, -95.51958 29.73844, -95.519972 29.738439, -95.520005 29.738425, -95.520436 29.738425, -95.520436 29.738474, -95.520962 29.738473)))",microsoft_us_building_footprints
ms-tx-000373,Microsoft footprint TX #374,TX,Houston,Harris County,"Stafford Road, Houston, Harris County, Texas, 77477, United States",274038.3,29.6416294,-95.5394405,,commercial_industrial_unknown,unknown,"MULTIPOLYGON (((-95.540521 29.64096, -95.538821 29.640979, -95.538821 29.641014, -95.53873 29.641015, -95.538739 29.641602, -95.538832 29.641601, -95.538833 29.641669, -95.538787 29.641669, -95.538515 29.641917, -95.538065 29.641542, -95.537684 29.641888, -95.538825 29.642837, -95.539202 29.642495, -95.538592 29.641987, -95.538591 29.64197, -95.538831 29.641752, -95.539149 29.641749, -95.539147 29.641611, -95.540532 29.641596, -95.540994 29.641981, -95.541354 29.641653, -95.540521 29.64096)))",microsoft_us_building_footprints
ms-tx-000374,Microsoft footprint TX #375,TX,Houston,Harris County,"Costco, 1150, Bunker Hill Road, Spring Branch, Memorial City, Houston, Harris County, Texas, 77055, United States",156182.24,29.7879727,-95.5302065,,commercial_industrial_unknown,unknown,"MULTIPOLYGON (((-95.529558 29.788432, -95.530999 29.788442, -95.531004 29.787846, -95.530827 29.787845, -95.53083 29.78754, -95.530068 29.787535, -95.530069 29.787423, -95.529758 29.787421, -95.529758 29.787456, -95.529589 29.787454, -95.529588 29.787517, -95.52951 29.787517, -95.52951 29.787573, -95.529475 29.787572, -95.529474 29.7877, -95.529434 29.7877, -95.52943 29.788054, -95.529562 29.788055, -95.529558 29.788432)))",microsoft_us_building_footprints
ms-tx-000375,Microsoft footprint TX #376,TX,Paris,Lamar County,"Paris Junior High School, 2400, Jefferson Road, Paris, Lamar County, Texas, 75460, United States",172371.23,33.6401896,-95.5336473,,commercial_industrial_unknown,unknown,"MULTIPOLYGON (((-95.533018 33.639526, -95.532984 33.639583, -95.533518 33.640022, -95.533446 33.640142, -95.532832 33.639884, -95.532679 33.640136, -95.533172 33.640541, -95.533088 33.640612, -95.533104 33.640666, -95.533399 33.640671, -95.533202 33.640996, -95.533048 33.640993, -95.533119 33.641226, -95.533197 33.641097, -95.533522 33.641234, -95.533584 33.641131, -95.533414 33.640572, -95.534122 33.640869, -95.534318 33.640546, -95.533727 33.640298, -95.533831 33.640126, -95.534249 33.640302, -95.534628 33.639675, -95.534233 33.639509, -95.533892 33.640071, -95.533632 33.639962, -95.533682 33.639879, -95.533924 33.639981, -95.534122 33.639653, -95.533898 33.639559, -95.533745 33.639537, -95.533018 33.639526)))",microsoft_us_building_footprints
ms-tx-000376,Microsoft footprint TX #377,TX,Houston,Harris County,"Springbrook Drive, Spring Branch, Spring Branch North, Houston, Harris County, Texas, 77080, United States",102726.27,29.8334386,-95.5360400,,commercial_industrial_unknown,unknown,"MULTIPOLYGON (((-95.535931 29.834291, -95.535992 29.83429, -95.535994 29.834404, -95.536321 29.8344, -95.536295 29.832656, -95.535697 29.832662, -95.535713 29.83371, -95.535922 29.833708, -95.535931 29.834291)))",microsoft_us_building_footprints
ms-tx-000377,Microsoft footprint TX #378,TX,Huntsville,Walker County,"Huntsville High School, 515, Hornet Way, Huntsville, Walker County, Texas, 77341, United States",167053.36,30.7409025,-95.5365465,,commercial_industrial_unknown,unknown,"MULTIPOLYGON (((-95.536269 30.741048, -95.536289 30.740551, -95.536798 30.740445, -95.536874 30.740716, -95.537036 30.740682, -95.537103 30.740706, -95.537118 30.740332, -95.536399 30.740311, -95.536333 30.740118, -95.536523 30.740124, -95.536537 30.739785, -95.536022 30.739769, -95.536008 30.740122, -95.536294 30.740222, -95.536283 30.740483, -95.536207 30.740481, -95.536075 30.740435, -95.536056 30.740899, -95.536178 30.740902, -95.536177 30.740943, -95.535633 30.741055, -95.535572 30.741103, -95.535761 30.741109, -95.535744 30.741521, -95.536759 30.741551, -95.537238 30.741452, -95.537588 30.740776, -95.536269 30.741048)))",microsoft_us_building_footprints
ms-tx-000378,Microsoft footprint TX #379,TX,Missouri City,Fort Bend County,"Missouri City, Fort Bend County, Texas, 77071, United States",260078.12,29.6293032,-95.5357134,,commercial_industrial_unknown,unknown,"MULTIPOLYGON (((-95.536778 29.629317, -95.535529 29.628303, -95.534565 29.6292, -95.535832 29.630229, -95.535966 29.630104, -95.536132 29.630239, -95.536307 29.630076, -95.536144 29.629943, -95.536217 29.629875, -95.536383 29.63001, -95.536654 29.629758, -95.536467 29.629606, -95.536778 29.629317)))",microsoft_us_building_footprints
ms-tx-000379,Microsoft footprint TX #380,TX,Stafford,Fort Bend County,"Stafford, Fort Bend County, Texas, 77489, United States",102899.38,29.6027936,-95.5481119,,commercial_industrial_unknown,unknown,"MULTIPOLYGON (((-95.548917 29.6027, -95.548672 29.602496, -95.5484 29.602743, -95.54829 29.602651, -95.548413 29.602539, -95.548281 29.60243, -95.548189 29.602513, -95.548127 29.602462, -95.548145 29.602409, -95.548206 29.602354, -95.548137 29.602298, -95.548079 29.602469, -95.548039 29.602367, -95.548201 29.60222, -95.547912 29.60198, -95.547408 29.602438, -95.547653 29.602642, -95.547793 29.602515, -95.548242 29.602888, -95.547841 29.603252, -95.547745 29.603172, -95.54756 29.60334, -95.547892 29.603616, -95.547924 29.603587, -95.547981 29.603634, -95.548032 29.603481, -95.548155 29.60337, -95.548307 29.60341, -95.548459 29.603272, -95.548369 29.603197, -95.548917 29.6027)))",microsoft_us_building_footprints
ms-tx-000380,Microsoft footprint TX #381,TX,,Montgomery County,"Woodland Springs Hospital, Landing Drive, Montgomery County, Texas, 77382, United States",105855.24,30.2292862,-95.5403701,,commercial_industrial_unknown,unknown,"MULTIPOLYGON (((-95.540259 30.228761, -95.540234 30.228823, -95.540184 30.228808, -95.540114 30.228983, -95.540051 30.228965, -95.540137 30.228751, -95.540026 30.228718, -95.539887 30.229066, -95.539826 30.229048, -95.539793 30.22913, -95.539834 30.229142, -95.539764 30.229317, -95.539825 30.229335, -95.53981 30.229375, -95.539868 30.229392, -95.539896 30.229323, -95.539933 30.229334, -95.539858 30.229522, -95.539883 30.22953, -95.53984 30.229638, -95.540524 30.229843, -95.540527 30.229834, -95.540641 30.229868, -95.540802 30.229464, -95.540856 30.229481, -95.540894 30.229385, -95.540876 30.22938, -95.541009 30.229047, -95.540923 30.229022, -95.540945 30.228966, -95.540259 30.228761)))",microsoft_us_building_footprints
ms-tx-000381,Microsoft footprint TX #382,TX,Houston,Harris County,"Sam's Club, 10488, Katy Freeway Frontage Road, Spring Branch, Town & Country / CityCentre, Houston, Harris County, Texas, 77043, United States",131567.06,29.7881960,-95.5549996,,commercial_industrial_unknown,unknown,"MULTIPOLYGON (((-95.555646 29.788625, -95.555641 29.788255, -95.555852 29.788253, -95.55585 29.788114, -95.555634 29.788116, -95.555632 29.78794, -95.555719 29.78794, -95.555719 29.787897, -95.555628 29.787898, -95.555626 29.787789, -95.554737 29.787797, -95.554737 29.787755, -95.554439 29.787758, -95.55444 29.78781, -95.554381 29.787811, -95.55438 29.787768, -95.554268 29.787769, -95.554273 29.788248, -95.554402 29.788247, -95.554407 29.788636, -95.555646 29.788625)))",microsoft_us_building_footprints
ms-tx-000382,Microsoft footprint TX #383,TX,The Woodlands,Harris County,"Creekview Elementary School, West New Harmony Trail, Creekside Park, The Woodlands, Harris County, Texas, United States",117160.71,30.1427223,-95.5570077,,commercial_industrial_unknown,unknown,"MULTIPOLYGON (((-95.557821 30.14259, -95.557514 30.142416, -95.557403 30.142564, -95.557285 30.142487, -95.557153 30.142454, -95.557046 30.142394, -95.557165 30.142237, -95.556871 30.142071, -95.556816 30.142145, -95.556712 30.142119, -95.556625 30.142235, -95.556674 30.142262, -95.556462 30.142543, -95.556356 30.142517, -95.556175 30.142756, -95.556518 30.142949, -95.556502 30.142998, -95.556581 30.143043, -95.55668 30.142911, -95.556962 30.14307, -95.556956 30.143086, -95.556851 30.143225, -95.557163 30.143402, -95.557351 30.143152, -95.557406 30.143166, -95.557636 30.142861, -95.557622 30.142853, -95.557821 30.14259)))",microsoft_us_building_footprints
ms-tx-000383,Microsoft footprint TX #384,TX,Houston,Harris County,"Builders FirstSource, West Sam Houston Parkway North, Houston, Harris County, Texas, 77043, United States",213426.42,29.7983194,-95.5652123,,commercial_industrial_unknown,unknown,"MULTIPOLYGON (((-95.564497 29.797724, -95.564509 29.798348, -95.564635 29.798346, -95.564636 29.798396, -95.564534 29.798398, -95.564539 29.798648, -95.564424 29.79865, -95.564428 29.798826, -95.564543 29.798825, -95.564547 29.799048, -95.565027 29.799041, -95.565019 29.798608, -95.565072 29.798607, -95.565081 29.799054, -95.565434 29.799049, -95.565425 29.798609, -95.565484 29.798608, -95.565493 29.799048, -95.565843 29.799042, -95.565827 29.798272, -95.565707 29.798274, -95.565705 29.798204, -95.565944 29.798201, -95.565931 29.79754, -95.565365 29.797548, -95.565366 29.797587, -95.565355 29.797587, -95.565359 29.79777, -95.565313 29.79777, -95.565312 29.797712, -95.564497 29.797724)))",microsoft_us_building_footprints
ms-tx-000384,Microsoft footprint TX #385,TX,Houston,Harris County,"14957, Sommermeyer Street, West by Northwest Industrial Park, Carverdale, Houston, Harris County, Texas, 77041, United States",102782.76,29.8647243,-95.5526484,,commercial_industrial_unknown,unknown,"MULTIPOLYGON (((-95.551704 29.864967, -95.553598 29.864952, -95.553593 29.864482, -95.5517 29.864496, -95.551704 29.864967)))",microsoft_us_building_footprints
ms-tx-000385,Microsoft footprint TX #386,TX,Houston,Harris County,"Klentzman Intermediate School, 11100, Stancliff Road, Houston, Harris County, Texas, 77099, United States",106736.05,29.6602124,-95.5686008,,commercial_industrial_unknown,unknown,"MULTIPOLYGON (((-95.568354 29.659356, -95.568284 29.659561, -95.568748 29.65968, -95.568718 29.659768, -95.568609 29.659786, -95.568679 29.659881, -95.568565 29.660216, -95.568563 29.660215, -95.568553 29.660243, -95.56823 29.66016, -95.568212 29.660214, -95.568513 29.660291, -95.568382 29.660676, -95.567906 29.660553, -95.567877 29.660638, -95.567794 29.660652, -95.567779 29.660697, -95.567846 29.660714, -95.567801 29.660844, -95.568699 29.661075, -95.568791 29.660805, -95.568625 29.660763, -95.568754 29.660691, -95.56902 29.659913, -95.568845 29.659868, -95.568857 29.659832, -95.568943 29.659854, -95.568973 29.659768, -95.569174 29.65982, -95.569278 29.659514, -95.568541 29.659324, -95.568354 29.659356)))",microsoft_us_building_footprints
ms-tx-000386,Microsoft footprint TX #387,TX,Stafford,Fort Bend County,"Cash Road, Stafford, Fort Bend County, Texas, 77477, United States",138116.42,29.6295455,-95.5737824,,commercial_industrial_unknown,unknown,"MULTIPOLYGON (((-95.573093 29.629098, -95.573106 29.629977, -95.57456 29.629961, -95.574553 29.629519, -95.574362 29.629521, -95.574355 29.629084, -95.573093 29.629098)))",microsoft_us_building_footprints
ms-tx-000387,Microsoft footprint TX #388,TX,Houston,Harris County,"H-E-B Pharmacy, 10100, Beechnut Street, Houston, Harris County, Texas, 77072, United States",118409.92,29.6910094,-95.5599426,,commercial_industrial_unknown,unknown,"MULTIPOLYGON (((-95.560364 29.691411, -95.560353 29.69097, -95.560452 29.690968, -95.560449 29.690843, -95.560541 29.690841, -95.560543 29.690902, -95.560986 29.690893, -95.560981 29.690681, -95.560241 29.690696, -95.560236 29.690529, -95.559818 29.690537, -95.559821 29.690648, -95.5598 29.690648, -95.5598 29.690678, -95.559449 29.690685, -95.55945 29.690721, -95.559287 29.690724, -95.559295 29.691025, -95.559228 29.691026, -95.559233 29.691212, -95.559294 29.69121, -95.5593 29.691425, -95.559599 29.691419, -95.559601 29.691507, -95.560082 29.691498, -95.56008 29.691417, -95.560364 29.691411)))",microsoft_us_building_footprints
ms-tx-000388,Microsoft footprint TX #389,TX,Houston,Harris County,"Cypress Creek High School, 9815, Grant Road, Houston, Harris County, Texas, 77070, United States",387799.81,29.9655776,-95.5654055,,commercial_industrial_unknown,unknown,"MULTIPOLYGON (((-95.564278 29.966192, -95.564361 29.966386, -95.564718 29.966382, -95.56472 29.966519, -95.565125 29.966516, -95.56529 29.966644, -95.565936 29.966638, -95.565735 29.966163, -95.566053 29.966329, -95.566051 29.966166, -95.566548 29.966008, -95.566544 29.965721, -95.565731 29.965729, -95.565728 29.965464, -95.566621 29.965455, -95.566676 29.965375, -95.566672 29.965027, -95.565736 29.965036, -95.565734 29.964922, -95.566015 29.96492, -95.565911 29.964674, -95.56613 29.964672, -95.566127 29.964377, -95.565738 29.964381, -95.56574 29.964544, -95.56474 29.964553, -95.564752 29.965529, -95.564372 29.965533, -95.564271 29.965678, -95.564278 29.966192)))",microsoft_us_building_footprints
ms-tx-000389,Microsoft footprint TX #390,TX,Houston,Harris County,"Smith Elementary School, 11300, Stancliff Road, Parkglen West, Houston, Harris County, Texas, 77099, United States",124698.52,29.6627895,-95.5780208,,commercial_industrial_unknown,unknown,"MULTIPOLYGON (((-95.577643 29.663509, -95.577746 29.663531, -95.577751 29.663516, -95.578029 29.663576, -95.578042 29.663528, -95.578123 29.663545, -95.578104 29.663611, -95.57818 29.663628, -95.578369 29.662971, -95.578369 29.662971, -95.578402 29.662855, -95.578352 29.662844, -95.578389 29.662713, -95.578465 29.662729, -95.578483 29.662668, -95.578526 29.662677, -95.578506 29.662745, -95.578559 29.662757, -95.578674 29.662356, -95.578434 29.662304, -95.57846 29.662215, -95.578393 29.662201, -95.578368 29.66221, -95.578354 29.662258, -95.57793 29.662166, -95.577551 29.662302, -95.577454 29.662639, -95.577611 29.662966, -95.577788 29.663004, -95.577643 29.663509)))",microsoft_us_building_footprints
ms-tx-000390,Microsoft footprint TX #391,TX,,Harris County,"Lake Road, Harris County, Texas, 77070, United States",127161.66,30.0001312,-95.5793732,,commercial_industrial_unknown,unknown,"MULTIPOLYGON (((-95.578805 29.999562, -95.579047 30.000728, -95.57926 30.000695, -95.57928 30.000792, -95.579664 30.000732, -95.579684 30.00083, -95.579834 30.000806, -95.579855 30.000909, -95.579934 30.000897, -95.579864 30.000557, -95.579845 30.000531, -95.579836 30.000485, -95.579822 30.000466, -95.579845 30.000453, -95.579876 30.000448, -95.579842 30.000281, -95.579819 30.00025, -95.579778 30.000257, -95.579766 30.000201, -95.579759 30.000191, -95.579743 30.000116, -95.579792 30.000108, -95.579752 29.999912, -95.579684 29.999923, -95.579657 29.999792, -95.579681 29.999779, -95.579814 29.999759, -95.579771 29.999549, -95.579632 29.999571, -95.579599 29.999526, -95.579582 29.999442, -95.578805 29.999562)))",microsoft_us_building_footprints
ms-tx-000391,Microsoft footprint TX #392,TX,Stafford,Fort Bend County,"Trinity Drive, Puffer-Sweiven, LP, Stafford, Fort Bend County, Texas, 77477, United States",186976.47,29.6339843,-95.5757333,,commercial_industrial_unknown,unknown,"MULTIPOLYGON (((-95.576225 29.634827, -95.576196 29.633132, -95.575249 29.633144, -95.575261 29.633804, -95.575167 29.633805, -95.575168 29.633861, -95.575205 29.63386, -95.575206 29.633913, -95.575169 29.633913, -95.57517 29.633974, -95.575266 29.633973, -95.575281 29.63484, -95.576225 29.634827)))",microsoft_us_building_footprints
ms-tx-000392,Microsoft footprint TX #393,TX,Huntsville,Walker County,"John M. Wynne Unit, 810, FM 2821, Huntsville, Walker County, Texas, 77349, United States",148064.02,30.7442670,-95.5779181,,commercial_industrial_unknown,unknown,"MULTIPOLYGON (((-95.576971 30.743911, -95.576969 30.744747, -95.5775 30.744748, -95.577502 30.743972, -95.577601 30.743972, -95.5776 30.744465, -95.577871 30.744466, -95.577871 30.744574, -95.578952 30.744576, -95.578952 30.744389, -95.578909 30.744389, -95.57891 30.743914, -95.576971 30.743911)))",microsoft_us_building_footprints
ms-tx-000393,Microsoft footprint TX #394,TX,Sugar Land,Fort Bend County,"Cardinal Meadow Drive, Sugar Land, Fort Bend County, Texas, 77478, United States",102532.38,29.6419428,-95.6014633,,commercial_industrial_unknown,unknown,"MULTIPOLYGON (((-95.601188 29.642759, -95.601728 29.642759, -95.601729 29.64202, -95.601788 29.64202, -95.601788 29.64195, -95.601729 29.64195, -95.60173 29.641396, -95.601762 29.641396, -95.601762 29.641139, -95.601191 29.641138, -95.601188 29.642759)))",microsoft_us_building_footprints
ms-tx-000394,Microsoft footprint TX #395,TX,Houston,Harris County,"Night High School, 12501, High Star Drive, Alief, Houston, Harris County, Texas, 77072, United States",105571.49,29.7094725,-95.6003224,,commercial_industrial_unknown,unknown,"MULTIPOLYGON (((-95.601468 29.709668, -95.601511 29.709561, -95.601455 29.709544, -95.601452 29.709397, -95.601487 29.709396, -95.601485 29.709282, -95.600562 29.709294, -95.600483 29.709271, -95.600481 29.709158, -95.600119 29.709163, -95.600122 29.709302, -95.59917 29.709314, -95.599171 29.709395, -95.599131 29.709395, -95.599131 29.709414, -95.599203 29.709435, -95.599205 29.709583, -95.5991 29.709584, -95.5991 29.709625, -95.599175 29.709624, -95.599177 29.709701, -95.600106 29.709689, -95.600115 29.709665, -95.600182 29.709664, -95.600181 29.709611, -95.600479 29.709607, -95.60048 29.70966, -95.600555 29.709659, -95.600555 29.70968, -95.601468 29.709668)))",microsoft_us_building_footprints
ms-tx-000395,Microsoft footprint TX #396,TX,Sugar Land,Fort Bend County,"Cardinal Meadow Drive, Sugar Land, Fort Bend County, Texas, 77478, United States",216186.13,29.6385657,-95.6027087,,commercial_industrial_unknown,unknown,"MULTIPOLYGON (((-95.603743 29.638231, -95.603224 29.637804, -95.603356 29.637682, -95.603072 29.637448, -95.602763 29.637733, -95.602829 29.637788, -95.60249 29.6381, -95.602401 29.638026, -95.602045 29.638353, -95.60206 29.638365, -95.601973 29.638445, -95.602385 29.638784, -95.601686 29.639426, -95.602086 29.639755, -95.603743 29.638231)))",microsoft_us_building_footprints
ms-tx-000396,Microsoft footprint TX #397,TX,Sugar Land,Fort Bend County,"Gillingham Lane, Sugar Land, Fort Bend County, Texas, 77478, United States",442739.88,29.6406431,-95.6159837,,commercial_industrial_unknown,unknown,"MULTIPOLYGON (((-95.617281 29.641378, -95.617267 29.639867, -95.617173 29.639867, -95.617173 29.639892, -95.614813 29.639908, -95.614817 29.640363, -95.614511 29.640365, -95.614517 29.640945, -95.614822 29.640943, -95.614827 29.641395, -95.617281 29.641378)))",microsoft_us_building_footprints
ms-tx-000397,Microsoft footprint TX #398,TX,Houston,Harris County,"14646, Broadgreen Drive, Westchester, Houston, Harris County, Texas, 77079, United States",157422.5,29.7685964,-95.6074809,,commercial_industrial_unknown,unknown,"MULTIPOLYGON (((-95.608482 29.768218, -95.606615 29.768236, -95.606619 29.768526, -95.606506 29.768527, -95.606507 29.768592, -95.606631 29.768591, -95.606633 29.768782, -95.60668 29.768782, -95.606681 29.768847, -95.606508 29.768848, -95.60651 29.769063, -95.606653 29.769061, -95.606653 29.769057, -95.606918 29.769054, -95.606917 29.76897, -95.607 29.768969, -95.607 29.768941, -95.607035 29.768941, -95.607035 29.768982, -95.608029 29.768972, -95.608027 29.768797, -95.608489 29.768792, -95.608482 29.768218)))",microsoft_us_building_footprints
ms-tx-000398,Microsoft footprint TX #399,TX,Houston,Harris County,"Mercedes-Benz, Katy Freeway Frontage Road, Addicks, Houston, Harris County, Texas, 77077, United States",174580.82,29.7863839,-95.6468852,,commercial_industrial_unknown,unknown,"MULTIPOLYGON (((-95.647675 29.786865, -95.647676 29.785878, -95.647043 29.785878, -95.647043 29.785829, -95.646957 29.785829, -95.646957 29.785878, -95.646566 29.785877, -95.646566 29.786094, -95.646344 29.786094, -95.646344 29.786136, -95.645998 29.786135, -95.645998 29.786091, -95.645887 29.786091, -95.645887 29.786135, -95.64578 29.786135, -95.645779 29.786515, -95.646088 29.786515, -95.646088 29.786709, -95.646381 29.786709, -95.646381 29.786517, -95.646421 29.786517, -95.646422 29.786471, -95.64656 29.786471, -95.646559 29.786946, -95.647136 29.786946, -95.647136 29.786865, -95.647675 29.786865)))",microsoft_us_building_footprints
ms-tx-000399,Microsoft footprint TX #400,TX,Sugar Land,Fort Bend County,"At Home, 16960, Southwest Freeway, Sugar Land, Fort Bend County, Texas, 77479, United States",111959.43,29.5900158,-95.6385095,,commercial_industrial_unknown,unknown,"MULTIPOLYGON (((-95.639014 29.590526, -95.63901 29.589607, -95.638479 29.589609, -95.638478 29.589395, -95.63806 29.589396, -95.638062 29.589993, -95.638026 29.589993, -95.638026 29.590152, -95.638063 29.590152, -95.638064 29.590529, -95.639014 29.590526)))",microsoft_us_building_footprints
ms-tx-000400,Microsoft footprint TX #401,TX,,Harris County,"10101, Telge Road, Harris County, Texas, 77095, United States",216477.44,29.9264638,-95.6449691,,commercial_industrial_unknown,unknown,"MULTIPOLYGON (((-95.644839 29.925418, -95.644924 29.92554, -95.644853 29.925577, -95.645075 29.925692, -95.64507 29.926203, -95.644643 29.9262, -95.644652 29.925287, -95.644424 29.925286, -95.644404 29.92742, -95.64525 29.927425, -95.645254 29.927033, -95.645257 29.927039, -95.64544 29.926774, -95.645438 29.926947, -95.645531 29.926814, -95.645529 29.92701, -95.645617 29.926883, -95.645609 29.926872, -95.645798 29.926598, -95.6458 29.926397, -95.645583 29.926396, -95.645587 29.925984, -95.645307 29.926131, -95.645315 29.925169, -95.644839 29.925418)))",microsoft_us_building_footprints
ms-tx-000401,Microsoft footprint TX #402,TX,Sugar Land,Fort Bend County,"Kempner High School, 14777, Voss Road, Sugar Land, Fort Bend County, Texas, 77498, United States",209709.2,29.6431704,-95.6459565,,commercial_industrial_unknown,unknown,"MULTIPOLYGON (((-95.646783 29.643838, -95.646781 29.643649, -95.646746 29.64365, -95.646741 29.643272, -95.646287 29.643277, -95.64628 29.642769, -95.646787 29.642763, -95.646784 29.642537, -95.646749 29.642538, -95.646746 29.642353, -95.64669 29.642354, -95.646692 29.642513, -95.646102 29.642519, -95.6461 29.642321, -95.64551 29.642327, -95.645512 29.642488, -95.645382 29.642489, -95.645393 29.643277, -95.645247 29.643278, -95.64525 29.64348, -95.64514 29.643481, -95.645142 29.643659, -95.645257 29.643657, -95.64526 29.643863, -95.645764 29.643858, -95.645764 29.643849, -95.646783 29.643838)))",microsoft_us_building_footprints
ms-tx-000402,Microsoft footprint TX #403,TX,Houston,Harris County,"Walmart Supercenter, 15955, Lakeview Haven Drive, Houston, Harris County, Texas, 77095, United States",226055.64,29.8769953,-95.6517359,,commercial_industrial_unknown,unknown,"MULTIPOLYGON (((-95.652701 29.876463, -95.650966 29.876476, -95.650969 29.876713, -95.650863 29.876714, -95.650864 29.876749, -95.650607 29.876751, -95.650609 29.8769, -95.650863 29.876898, -95.650866 29.87715, -95.650627 29.877152, -95.650632 29.87756, -95.650872 29.877558, -95.65087 29.877397, -95.651388 29.877393, -95.651389 29.877529, -95.651492 29.877528, -95.651493 29.877561, -95.651597 29.87756, -95.651597 29.877526, -95.652223 29.877521, -95.652224 29.877554, -95.652328 29.877553, -95.652328 29.877518, -95.6525 29.877517, -95.652498 29.877378, -95.65271 29.877377, -95.652701 29.876463)))",microsoft_us_building_footprints
ms-tx-000403,Microsoft footprint TX #404,TX,Katy,Harris County,"Sam's Club, 20424, Katy Freeway, Katy, Harris County, Texas, 77449, United States",131914.69,29.7873512,-95.7258964,,commercial_industrial_unknown,unknown,"MULTIPOLYGON (((-95.726536 29.786954, -95.725578 29.786952, -95.725578 29.786899, -95.725173 29.786898, -95.725172 29.787387, -95.725294 29.787388, -95.725293 29.787783, -95.726531 29.787785, -95.726532 29.787458, -95.7268 29.787458, -95.7268 29.787319, -95.726535 29.787318, -95.726536 29.786954)))",microsoft_us_building_footprints
ms-tx-000404,Microsoft footprint TX #405,TX,Richmond,Fort Bend County,"Mrs. Jane Herbert Wilkinson Long, Richmond Parkway, Richmond, Fort Bend County, Texas, 77469, United States",101061.94,29.5649345,-95.7221379,,commercial_industrial_unknown,unknown,"MULTIPOLYGON (((-95.72276 29.564851, -95.722717 29.564838, -95.722742 29.564776, -95.722128 29.564587, -95.722192 29.564429, -95.722105 29.564403, -95.722158 29.564274, -95.722097 29.564255, -95.722111 29.564221, -95.721995 29.564186, -95.721804 29.564654, -95.721786 29.564656, -95.7215 29.564568, -95.721396 29.564822, -95.721793 29.564944, -95.721782 29.564971, -95.721799 29.565082, -95.721724 29.56509, -95.721717 29.565044, -95.721664 29.56505, -95.721689 29.5652, -95.721781 29.565229, -95.721769 29.565151, -95.721932 29.565133, -95.721983 29.565149, -95.721888 29.565382, -95.72247 29.565562, -95.72276 29.564851)))",microsoft_us_building_footprints
ms-tx-000405,Microsoft footprint TX #406,TX,Katy,Harris County,"Morton Ranch Junior High, 2498, Maverick Park Lane, Morton Ranch, Katy, Harris County, Texas, 77449, United States",145269.61,29.8086195,-95.7442765,,commercial_industrial_unknown,unknown,"MULTIPOLYGON (((-95.744733 29.807761, -95.743728 29.807767, -95.743731 29.808169, -95.74402 29.808167, -95.744022 29.808389, -95.74425 29.808482, -95.744223 29.808532, -95.744114 29.808488, -95.74415 29.808547, -95.744126 29.808609, -95.744127 29.808741, -95.743855 29.808865, -95.743785 29.808993, -95.743786 29.809044, -95.743979 29.809043, -95.743983 29.809569, -95.744015 29.809569, -95.744015 29.809608, -95.744627 29.809605, -95.744623 29.809155, -95.744489 29.809156, -95.744489 29.809091, -95.744751 29.80909, -95.744623 29.808877, -95.744488 29.808822, -95.744602 29.808613, -95.744602 29.808555, -95.744484 29.808362, -95.744613 29.808303, -95.744736 29.808078, -95.744733 29.807761)))",microsoft_us_building_footprints
ms-tx-000406,Microsoft footprint TX #407,TX,Katy,Fort Bend County,"Jo Ella Exley Elementary, 21800, Westheimer Parkway, Cinco Ranch, Katy, Fort Bend County, Texas, 77450, United States",116785.93,29.7350623,-95.7497899,,commercial_industrial_unknown,unknown,"MULTIPOLYGON (((-95.750673 29.73521, -95.75051 29.734591, -95.750045 29.734683, -95.750036 29.734648, -95.749855 29.734684, -95.749881 29.734783, -95.749634 29.734832, -95.749664 29.734663, -95.749483 29.734699, -95.749622 29.734884, -95.749119 29.734816, -95.74915 29.734935, -95.749067 29.734951, -95.749109 29.735114, -95.748731 29.735189, -95.748786 29.735396, -95.749178 29.735318, -95.749217 29.735466, -95.749309 29.735448, -95.749331 29.735532, -95.749536 29.735492, -95.749511 29.735397, -95.749681 29.735363, -95.7497 29.735434, -95.749881 29.735398, -95.74986 29.735316, -95.750035 29.735281, -95.750054 29.735352, -95.750237 29.735316, -95.750216 29.735234, -95.75033 29.735211, -95.750347 29.735275, -95.750673 29.73521)))",microsoft_us_building_footprints
ms-tx-000407,Microsoft footprint TX #408,TX,Richmond,Fort Bend County,"H-E-B Pharmacy, 23500, Circle Oak Parkway, Del Webb Sweetgrass, Richmond, Fort Bend County, Texas, 77469, United States",114024.51,29.5516986,-95.7475416,,commercial_industrial_unknown,unknown,"MULTIPOLYGON (((-95.748126 29.552174, -95.748117 29.551392, -95.748045 29.551393, -95.748044 29.551296, -95.747733 29.551299, -95.747732 29.551279, -95.747336 29.551282, -95.747335 29.551263, -95.747016 29.551266, -95.747017 29.551343, -95.746966 29.551343, -95.746967 29.551399, -95.746803 29.551401, -95.746806 29.551711, -95.746914 29.55171, -95.746914 29.551745, -95.747107 29.551744, -95.747111 29.552096, -95.747454 29.552093, -95.747455 29.552179, -95.748126 29.552174)))",microsoft_us_building_footprints
ms-tx-000408,Microsoft footprint TX #409,TX,Katy,Harris County,"Dick's House of Sport, 24600, Katy Freeway, Katy, Harris County, Texas, 77494, United States",105293.57,29.7879774,-95.7918680,,commercial_industrial_unknown,unknown,"MULTIPOLYGON (((-95.792615 29.788277, -95.79262 29.787681, -95.79223 29.787678, -95.79223 29.787687, -95.791272 29.787681, -95.791272 29.78767, -95.791066 29.787668, -95.791061 29.788152, -95.791342 29.788153, -95.791341 29.788268, -95.791824 29.788271, -95.791823 29.788344, -95.79218 29.788346, -95.79218 29.788274, -95.792615 29.788277)))",microsoft_us_building_footprints
ms-tx-000409,Microsoft footprint TX #410,TX,,Fort Bend County,"Randolph Foster, FM 723, Fort Bend County, Texas, 77469, United States",237498.64,29.6272373,-95.8100693,,commercial_industrial_unknown,unknown,"MULTIPOLYGON (((-95.809539 29.626019, -95.809876 29.627322, -95.809592 29.627378, -95.809563 29.627466, -95.809883 29.627546, -95.809947 29.627793, -95.809314 29.627634, -95.809501 29.628358, -95.809588 29.628446, -95.810015 29.628363, -95.810006 29.62833, -95.810208 29.62829, -95.810171 29.628148, -95.810741 29.628037, -95.810705 29.627897, -95.810616 29.627914, -95.81075 29.627511, -95.810592 29.627542, -95.810391 29.627336, -95.810452 29.627151, -95.810356 29.627052, -95.810506 29.626941, -95.810483 29.626852, -95.810709 29.626807, -95.810719 29.626779, -95.810686 29.626651, -95.810605 29.626631, -95.810744 29.626213, -95.810097 29.62634, -95.810182 29.626083, -95.810073 29.626056, -95.810038 29.625922, -95.809539 29.626019)))",microsoft_us_building_footprints
ms-tx-000410,Microsoft footprint TX #411,TX,Katy,Fort Bend County,"H-E-B, 25675, Nelson Way, Katy, Fort Bend County, Texas, 77494, United States",103876.33,29.7734282,-95.8224709,,commercial_industrial_unknown,unknown,"MULTIPOLYGON (((-95.823079 29.773447, -95.822874 29.773272, -95.822889 29.773243, -95.822777 29.773147, -95.822831 29.7731, -95.822694 29.772983, -95.822549 29.772928, -95.822508 29.772964, -95.822376 29.772851, -95.822203 29.772785, -95.82207 29.772902, -95.822145 29.772966, -95.821911 29.773173, -95.821867 29.773136, -95.821796 29.773199, -95.821834 29.773231, -95.821756 29.7733, -95.822065 29.773563, -95.822127 29.773587, -95.822138 29.773564, -95.822188 29.773583, -95.822299 29.773678, -95.822255 29.773717, -95.822389 29.773831, -95.822407 29.773856, -95.822866 29.774248, -95.823024 29.774108, -95.822754 29.773877, -95.822895 29.773753, -95.822812 29.773682, -95.823079 29.773447)))",microsoft_us_building_footprints
ms-tx-000411,Microsoft footprint TX #412,TX,Hockley,Harris County,"Betka Road, Hockley, Harris County, Texas, 77447, United States",113574.25,30.0240244,-95.8630180,,commercial_industrial_unknown,unknown,"MULTIPOLYGON (((-95.863878 30.024221, -95.863877 30.02416, -95.863896 30.02416, -95.863893 30.024024, -95.863875 30.024024, -95.863871 30.023805, -95.863818 30.023805, -95.863815 30.023601, -95.863687 30.023603, -95.863687 30.023561, -95.863566 30.023563, -95.863564 30.023463, -95.863492 30.023464, -95.863498 30.02381, -95.863267 30.023813, -95.863267 30.023767, -95.863098 30.02377, -95.863098 30.023815, -95.862716 30.02382, -95.862712 30.023614, -95.862373 30.023618, -95.862377 30.023823, -95.862275 30.023825, -95.862286 30.024462, -95.863013 30.024453, -95.863009 30.024233, -95.863878 30.024221)))",microsoft_us_building_footprints
ms-tx-000412,Microsoft footprint TX #413,TX,Brookshire,Waller County,"Lakeside Drive, Brookshire, Waller County, Texas, United States",100056.48,29.7673257,-95.9660676,,commercial_industrial_unknown,unknown,"MULTIPOLYGON (((-95.966968 29.7677, -95.965051 29.766191, -95.9647 29.766527, -95.964843 29.766578, -95.964864 29.766596, -95.964965 29.766632, -95.965008 29.766543, -95.965033 29.766518, -95.965114 29.766582, -95.965165 29.766583, -95.965371 29.766502, -95.965598 29.766681, -95.965562 29.766945, -95.965804 29.76697, -95.965787 29.766987, -95.96592 29.767035, -95.966031 29.767246, -95.966012 29.767379, -95.966101 29.767388, -95.966231 29.767636, -95.966125 29.767596, -95.966116 29.767665, -95.966015 29.767654, -95.966008 29.767708, -95.965855 29.767652, -95.965813 29.76762, -95.965723 29.76761, -95.966457 29.768188, -95.966968 29.7677)))",microsoft_us_building_footprints
ms-tx-000413,Microsoft footprint TX #414,TX,Bay City,Matagorda County,"Whitson Street, Bay City, Matagorda County, Texas, 77414, United States",114953.21,28.9683574,-95.9707148,,commercial_industrial_unknown,unknown,"MULTIPOLYGON (((-95.970422 28.969291, -95.970905 28.969296, -95.970911 28.968751, -95.97096 28.968752, -95.970965 28.968281, -95.971078 28.968282, -95.971084 28.967688, -95.971018 28.967687, -95.97102 28.967534, -95.97044 28.967529, -95.970439 28.96762, -95.970418 28.96762, -95.970417 28.96778, -95.970414 28.96778, -95.970413 28.967838, -95.970445 28.967838, -95.970444 28.967921, -95.97042 28.967921, -95.970417 28.96817, -95.970484 28.96817, -95.970483 28.96829, -95.970434 28.96829, -95.970422 28.969291)))",microsoft_us_building_footprints
ms-tx-000414,Microsoft footprint TX #415,TX,,Van Zandt County,"Van Zandt County, Texas, United States",158666.21,32.7628770,-95.9924336,,commercial_industrial_unknown,unknown,"MULTIPOLYGON (((-95.99157 32.762511, -95.991707 32.763382, -95.992904 32.763249, -95.992927 32.763396, -95.993271 32.763358, -95.993111 32.76234, -95.99157 32.762511)))",microsoft_us_building_footprints
ms-tx-000415,Microsoft footprint TX #416,TX,Telephone,Fannin County,"Sam Rayburn School, FM 273, Telephone, Fannin County, Texas, 75447, United States",125349.16,33.7685172,-96.1047447,,commercial_industrial_unknown,unknown,"MULTIPOLYGON (((-96.105038 33.768492, -96.105 33.76831, -96.104768 33.768343, -96.104721 33.768117, -96.104867 33.768096, -96.104829 33.767913, -96.104649 33.767939, -96.104805 33.767712, -96.104052 33.767821, -96.104092 33.768012, -96.103923 33.768037, -96.103978 33.768301, -96.104283 33.768257, -96.104395 33.768792, -96.104678 33.768751, -96.104448 33.768428, -96.104602 33.768406, -96.104655 33.768664, -96.10499 33.768615, -96.105018 33.768746, -96.104552 33.768813, -96.104623 33.769153, -96.104879 33.769227, -96.104911 33.769379, -96.1053 33.769323, -96.105352 33.769298, -96.10521 33.768614, -96.105729 33.768539, -96.105699 33.768396, -96.105038 33.768492)))",microsoft_us_building_footprints
ms-tx-000416,Microsoft footprint TX #417,TX,Greenville,Hunt County,"Industrial Drive, Greenville, Hunt County, Texas, 75402, United States",110015.47,33.1299482,-96.1478770,,commercial_industrial_unknown,unknown,"MULTIPOLYGON (((-96.147587 33.130306, -96.147713 33.130309, -96.147701 33.130688, -96.147621 33.130686, -96.147612 33.130966, -96.148096 33.130977, -96.14816 33.129003, -96.14763 33.128991, -96.147587 33.130306)))",microsoft_us_building_footprints
ms-tx-000417,Microsoft footprint TX #418,TX,,Austin County,"Miller Road, Austin County, Texas, 77418, United States",110738.75,29.8990771,-96.2135168,,commercial_industrial_unknown,unknown,"MULTIPOLYGON (((-96.213964 29.897669, -96.212744 29.900331, -96.212837 29.900362, -96.212874 29.900282, -96.212848 29.900273, -96.212907 29.900145, -96.21312 29.900218, -96.213154 29.900144, -96.213316 29.9002, -96.213497 29.899806, -96.213328 29.899748, -96.213343 29.899714, -96.213418 29.899739, -96.213458 29.89965, -96.213553 29.899683, -96.213626 29.899524, -96.213527 29.89949, -96.21372 29.899067, -96.213623 29.899034, -96.213794 29.89866, -96.21388 29.89869, -96.214088 29.898236, -96.214023 29.898214, -96.21401 29.898242, -96.213971 29.898228, -96.214069 29.898013, -96.214162 29.898045, -96.214257 29.897838, -96.214155 29.897803, -96.214182 29.897744, -96.213964 29.897669)))",microsoft_us_building_footprints
ms-tx-000418,Microsoft footprint TX #419,TX,Bryan,Brazos County,"3838, East Crest Drive, Bryan, Brazos County, Texas, 77802, United States",106888.88,30.6575963,-96.2914392,,commercial_industrial_unknown,unknown,"MULTIPOLYGON (((-96.291843 30.658328, -96.291395 30.658314, -96.291335 30.658089, -96.291179 30.658084, -96.291161 30.658496, -96.292047 30.658525, -96.292068 30.658057, -96.29191 30.658052, -96.291927 30.657683, -96.292393 30.657698, -96.2924 30.657539, -96.291976 30.657525, -96.291945 30.65741, -96.291861 30.657427, -96.29188 30.656988, -96.290495 30.656942, -96.290468 30.657526, -96.290787 30.657537, -96.290792 30.657435, -96.290695 30.657432, -96.290708 30.657144, -96.291078 30.657156, -96.291067 30.657402, -96.291286 30.657409, -96.291297 30.657164, -96.291624 30.657174, -96.291625 30.657706, -96.291871 30.657714, -96.291843 30.658328)))",microsoft_us_building_footprints
ms-tx-000419,Microsoft footprint TX #420,TX,College Station,Brazos County,"Kohl's, 1701, Texas Avenue South, College Station, Brazos County, Texas, 77840, United States",196366.42,30.6176332,-96.3191169,,commercial_industrial_unknown,unknown,"MULTIPOLYGON (((-96.317903 30.616392, -96.317575 30.616718, -96.318044 30.617067, -96.318026 30.61711, -96.318135 30.61725, -96.318333 30.617053, -96.318502 30.617179, -96.318152 30.617528, -96.318632 30.617885, -96.318749 30.617769, -96.318998 30.617954, -96.319214 30.617808, -96.319385 30.617935, -96.319277 30.618042, -96.319637 30.618309, -96.319738 30.618209, -96.319796 30.618252, -96.319834 30.618213, -96.320124 30.618429, -96.320159 30.618395, -96.320776 30.618854, -96.320728 30.618902, -96.320775 30.618936, -96.320689 30.619022, -96.320799 30.619104, -96.321093 30.618811, -96.318019 30.616496, -96.318025 30.616482, -96.317903 30.616392)))",microsoft_us_building_footprints
ms-tx-000420,Microsoft footprint TX #421,TX,College Station,Brazos County,"Subway, 1815, Brothers Boulevard, College Station, Brazos County, Texas, 77840, United States",273647.47,30.5971626,-96.3004918,,commercial_industrial_unknown,unknown,"MULTIPOLYGON (((-96.300974 30.596546, -96.30041 30.596648, -96.300429 30.596723, -96.299572 30.596878, -96.299524 30.596679, -96.299364 30.596708, -96.299278 30.596935, -96.299268 30.596897, -96.299128 30.596923, -96.299332 30.597755, -96.299584 30.59771, -96.299619 30.597618, -96.299696 30.597604, -96.299735 30.597765, -96.300402 30.597645, -96.300424 30.597735, -96.300525 30.597763, -96.301073 30.597664, -96.301184 30.597487, -96.301744 30.597213, -96.301759 30.597172, -96.301787 30.597215, -96.301871 30.597174, -96.301859 30.597124, -96.302029 30.597041, -96.301785 30.596672, -96.301648 30.596696, -96.301588 30.596605, -96.301022 30.596707, -96.301092 30.596993, -96.301083 30.596991, -96.300974 30.596546)))",microsoft_us_building_footprints
ms-tx-000421,Microsoft footprint TX #422,TX,College Station,Brazos County,"Office Depot, 715, Texas Avenue South, College Station, Brazos County, Texas, 77840, United States",112040.2,30.6263608,-96.3302973,,commercial_industrial_unknown,unknown,"MULTIPOLYGON (((-96.329348 30.625985, -96.329605 30.626188, -96.329676 30.626122, -96.32983 30.626244, -96.32993 30.626149, -96.330036 30.626233, -96.329928 30.626334, -96.33016 30.626516, -96.330039 30.626629, -96.330383 30.6269, -96.330471 30.626818, -96.330818 30.627092, -96.331185 30.626748, -96.331126 30.626703, -96.33115 30.62668, -96.330932 30.626507, -96.330928 30.626511, -96.33059 30.626244, -96.330591 30.626243, -96.329766 30.625593, -96.329348 30.625985)))",microsoft_us_building_footprints
ms-tx-000422,Microsoft footprint TX #423,TX,Bryan,Brazos County,"East 29th Street, Bryan, Brazos County, Texas, 77802, United States",156491.2,30.6459758,-96.3320702,,commercial_industrial_unknown,unknown,"MULTIPOLYGON (((-96.331344 30.646386, -96.333192 30.647049, -96.333334 30.647018, -96.333301 30.646902, -96.333262 30.646888, -96.333303 30.646803, -96.33328 30.64672, -96.333224 30.6467, -96.333183 30.646709, -96.333135 30.646543, -96.333168 30.646536, -96.333163 30.646521, -96.332943 30.646567, -96.332951 30.64657, -96.332695 30.646625, -96.331679 30.646261, -96.331529 30.645739, -96.331559 30.645678, -96.331929 30.645599, -96.331955 30.64569, -96.332133 30.645653, -96.332201 30.645677, -96.332233 30.645613, -96.332436 30.64557, -96.332503 30.645594, -96.332533 30.645533, -96.332633 30.645512, -96.332484 30.644992, -96.331797 30.645138, -96.331846 30.645309, -96.331138 30.645459, -96.3311 30.645537, -96.331344 30.646386)))",microsoft_us_building_footprints
ms-tx-000423,Microsoft footprint TX #424,TX,Forney,Kaufman County,"Smurfit Kappa Forney Converting, East US Highway 80, Forney, Kaufman County, Texas, 75126, United States",129167.91,32.7392436,-96.4423897,,commercial_industrial_unknown,unknown,"MULTIPOLYGON (((-96.443601 32.739916, -96.44273 32.739152, -96.442719 32.739161, -96.441869 32.738416, -96.441839 32.738441, -96.441809 32.738414, -96.441575 32.738602, -96.441512 32.738547, -96.441707 32.738389, -96.441402 32.738122, -96.440988 32.738455, -96.441262 32.738695, -96.441236 32.738716, -96.441395 32.738856, -96.441513 32.73876, -96.441608 32.738844, -96.441491 32.738938, -96.441593 32.739028, -96.4418 32.738861, -96.441708 32.738781, -96.441809 32.7387, -96.44177 32.738666, -96.44185 32.738602, -96.442746 32.739388, -96.442397 32.739669, -96.443121 32.740304, -96.443601 32.739916)))",microsoft_us_building_footprints
ms-tx-000424,Microsoft footprint TX #425,TX,Forney,Kaufman County,"First Baptist Church, 1003, College Avenue, Forney, Kaufman County, Texas, 75126, United States",106891.41,32.7350649,-96.4641543,,commercial_industrial_unknown,unknown,"MULTIPOLYGON (((-96.463222 32.735229, -96.463348 32.73526, -96.463541 32.735428, -96.463702 32.735297, -96.463917 32.735485, -96.463926 32.735507, -96.46379 32.735617, -96.463909 32.73572, -96.464089 32.735574, -96.464263 32.735725, -96.464523 32.735515, -96.464373 32.735384, -96.464339 32.735293, -96.464536 32.735133, -96.46465 32.735232, -96.464738 32.735161, -96.464694 32.735043, -96.464816 32.734944, -96.464707 32.734655, -96.464621 32.734678, -96.464531 32.7346, -96.464469 32.73465, -96.46442 32.734638, -96.46459 32.7345, -96.464317 32.734262, -96.464014 32.734508, -96.464229 32.734696, -96.464152 32.734916, -96.463905 32.734982, -96.463843 32.734928, -96.463688 32.735054, -96.463567 32.734949, -96.463222 32.735229)))",microsoft_us_building_footprints
ms-tx-000425,Microsoft footprint TX #426,TX,Rockwall,Rockwall County,"Lowe's, 851, Steger Towne Road, Glen Hill, Rockwall, Rockwall County, Texas, 75032, United States",163739.24,32.8917201,-96.4677015,,commercial_industrial_unknown,unknown,"MULTIPOLYGON (((-96.467385 32.890963, -96.467327 32.891488, -96.467171 32.891476, -96.467143 32.891724, -96.467061 32.891717, -96.467017 32.892122, -96.467214 32.892137, -96.467168 32.892557, -96.467306 32.892567, -96.467312 32.892511, -96.467421 32.892519, -96.467447 32.892288, -96.467766 32.892312, -96.467752 32.892434, -96.467968 32.892451, -96.467954 32.892577, -96.468086 32.892587, -96.468229 32.891282, -96.468416 32.891296, -96.468443 32.891045, -96.467385 32.890963)))",microsoft_us_building_footprints
ms-tx-000426,Microsoft footprint TX #427,TX,Sunnyvale,Dallas County,"Adell Corporation, 200, Adell Boulevard, Sunnyvale, Dallas County, Texas, 75182, United States",165410.99,32.7881925,-96.5718884,,commercial_industrial_unknown,unknown,"MULTIPOLYGON (((-96.572385 32.787571, -96.572098 32.78757, -96.572099 32.787295, -96.571697 32.787295, -96.571697 32.787568, -96.571355 32.787568, -96.571355 32.787829, -96.571402 32.787829, -96.571402 32.788741, -96.571355 32.788741, -96.571355 32.788797, -96.571401 32.788797, -96.571401 32.788946, -96.572385 32.788946, -96.572385 32.787571)))",microsoft_us_building_footprints
ms-tx-000427,Microsoft footprint TX #428,TX,Denison,Grayson County,"Texoma Medical Center, 5016, South Highway 75, Ellsworth, Denison, Grayson County, Texas, 75020, United States",192493.63,33.7102107,-96.5849576,,commercial_industrial_unknown,unknown,"MULTIPOLYGON (((-96.585559 33.709978, -96.585552 33.709342, -96.585133 33.709345, -96.585135 33.709453, -96.584923 33.709455, -96.584922 33.709349, -96.584804 33.70935, -96.584805 33.70945, -96.584405 33.709453, -96.584406 33.709536, -96.584272 33.709537, -96.584274 33.709688, -96.584405 33.709687, -96.58441 33.710101, -96.584375 33.710196, -96.584062 33.710199, -96.584066 33.710547, -96.584283 33.710545, -96.584282 33.710458, -96.585215 33.710451, -96.585219 33.710786, -96.584742 33.710789, -96.584749 33.711456, -96.585117 33.711454, -96.585113 33.71111, -96.585606 33.711106, -96.585603 33.710823, -96.585281 33.710825, -96.585277 33.710468, -96.585481 33.710467, -96.585479 33.710319, -96.585604 33.709977, -96.585559 33.709978)))",microsoft_us_building_footprints
ms-tx-000428,Microsoft footprint TX #429,TX,Sherman,Grayson County,"3511, Texoma Parkway, North Sherman Junction, Sherman, Grayson County, Texas, 75090, United States",106292.21,33.6745094,-96.5889369,,commercial_industrial_unknown,unknown,"MULTIPOLYGON (((-96.589536 33.674105, -96.588612 33.674054, -96.588566 33.674318, -96.588083 33.674291, -96.588066 33.674502, -96.588129 33.674526, -96.588532 33.674548, -96.588562 33.674649, -96.588381 33.674639, -96.588363 33.674864, -96.588379 33.67487, -96.588505 33.674877, -96.588567 33.674901, -96.588628 33.674904, -96.588641 33.67488, -96.589302 33.674916, -96.589261 33.674992, -96.58952 33.675089, -96.589559 33.675016, -96.589471 33.674923, -96.589536 33.674105)))",microsoft_us_building_footprints
ms-tx-000429,Microsoft footprint TX #430,TX,Wylie,Collin County,"Hensley Lane, Wylie, Collin County, Texas, 75086, United States",231335.01,32.9991062,-96.5646675,,commercial_industrial_unknown,unknown,"MULTIPOLYGON (((-96.564039 32.999932, -96.565298 32.999965, -96.565339 32.998893, -96.565207 32.998889, -96.565211 32.998804, -96.565146 32.998802, -96.565165 32.998308, -96.565235 32.99831, -96.565237 32.998247, -96.565151 32.998245, -96.565154 32.998177, -96.565005 32.998173, -96.565003 32.998232, -96.56388 32.998202, -96.563877 32.998284, -96.564109 32.99829, -96.564065 32.999458, -96.564057 32.999457, -96.564039 32.999932)))",microsoft_us_building_footprints
ms-tx-000430,Microsoft footprint TX #431,TX,Mesquite,Dallas County,"Ralph H Poteet High School, 3300, Poteet Drive, Mesquite, Dallas County, Texas, 75150, United States",206100.32,32.8072140,-96.6092786,,commercial_industrial_unknown,unknown,"MULTIPOLYGON (((-96.609939 32.807754, -96.609911 32.80679, -96.609712 32.806794, -96.609709 32.806672, -96.609834 32.806669, -96.609815 32.806022, -96.609526 32.806028, -96.609528 32.806076, -96.609509 32.806076, -96.609526 32.806655, -96.609284 32.806661, -96.60928 32.806549, -96.60918 32.806551, -96.609183 32.806678, -96.608942 32.806683, -96.608946 32.806825, -96.608555 32.806833, -96.608569 32.807328, -96.608465 32.80733, -96.608481 32.807864, -96.608968 32.807854, -96.608971 32.807957, -96.609392 32.807948, -96.609394 32.807996, -96.609452 32.807995, -96.609448 32.80789, -96.609862 32.807882, -96.609859 32.807755, -96.609939 32.807754)))",microsoft_us_building_footprints
ms-tx-000431,Microsoft footprint TX #432,TX,Ennis,Ellis County,"206, Metro Park Boulevard, Ennis, Ellis County, Texas, 75119, United States",129188.89,32.3187592,-96.6109149,,commercial_industrial_unknown,unknown,"MULTIPOLYGON (((-96.61091 32.318803, -96.611816 32.318406, -96.611706 32.318226, -96.61163 32.318259, -96.611419 32.317917, -96.611254 32.317989, -96.611298 32.31806, -96.611163 32.31812, -96.611331 32.318394, -96.611291 32.318411, -96.611209 32.318278, -96.610884 32.318421, -96.610774 32.318243, -96.610595 32.318321, -96.610715 32.318518, -96.61062 32.318559, -96.610475 32.318323, -96.610439 32.318339, -96.610402 32.318279, -96.610088 32.318417, -96.610872 32.319693, -96.611332 32.319491, -96.61091 32.318803)))",microsoft_us_building_footprints
ms-tx-000432,Microsoft footprint TX #433,TX,Sherman,Grayson County,"The Home Depot, 601, East North Creek Drive, Sherman Town Center, Sherman, Grayson County, Texas, 75092, United States",120256.33,33.6824679,-96.6125805,,commercial_industrial_unknown,unknown,"MULTIPOLYGON (((-96.61221 33.683172, -96.612704 33.683183, -96.612708 33.683078, -96.612981 33.683084, -96.613021 33.681879, -96.61283 33.681874, -96.612832 33.681827, -96.612379 33.681816, -96.612386 33.681592, -96.612255 33.681589, -96.612243 33.681945, -96.612206 33.681944, -96.612169 33.683057, -96.612213 33.683058, -96.61221 33.683172)))",microsoft_us_building_footprints
ms-tx-000433,Microsoft footprint TX #434,TX,San Angelo,Tom Green County,"Art Street, San Angelo, Tom Green County, Texas, 76903, United States",112238.15,31.4821507,-100.4630541,,commercial_industrial_unknown,unknown,"MULTIPOLYGON (((-100.462374 31.482159, -100.462486 31.482351, -100.462507 31.482342, -100.462575 31.482458, -100.461861 31.482762, -100.461975 31.482956, -100.462198 31.482861, -100.462256 31.48296, -100.462549 31.482835, -100.462473 31.482705, -100.46297 31.482493, -100.462976 31.482504, -100.463077 31.482461, -100.463098 31.482498, -100.463428 31.482358, -100.463439 31.482377, -100.463477 31.482361, -100.463433 31.482287, -100.463598 31.482217, -100.463555 31.482145, -100.463445 31.482192, -100.463469 31.482233, -100.463377 31.482272, -100.463219 31.482003, -100.464385 31.481507, -100.464259 31.481291, -100.463121 31.481776, -100.463116 31.481767, -100.463052 31.481794, -100.463088 31.481855, -100.462374 31.482159)))",microsoft_us_building_footprints
ms-tx-000434,Microsoft footprint TX #435,TX,San Angelo,Tom Green County,"TLC Way, San Angelo, Tom Green County, Texas, 76901, United States",184459.72,31.4499325,-100.4845263,,commercial_industrial_unknown,unknown,"MULTIPOLYGON (((-100.485428 31.450304, -100.484967 31.449523, -100.485098 31.449466, -100.485052 31.449388, -100.48488 31.449462, -100.48468 31.449123, -100.483624 31.449577, -100.483769 31.449822, -100.483709 31.449848, -100.48387 31.450121, -100.483967 31.450079, -100.484207 31.450484, -100.484232 31.450473, -100.484353 31.450678, -100.484318 31.450693, -100.484341 31.450733, -100.484323 31.450741, -100.484341 31.450771, -100.485428 31.450304)))",microsoft_us_building_footprints
ms-tx-000435,Microsoft footprint TX #436,TX,McKinney,Collin County,"Interchange Street, McKinney, Collin County, Texas, 75069, United States",143488.92,33.2228530,-96.6083005,,commercial_industrial_unknown,unknown,"MULTIPOLYGON (((-96.609092 33.222461, -96.607547 33.222412, -96.607509 33.223245, -96.609054 33.223294, -96.609092 33.222461)))",microsoft_us_building_footprints
ms-tx-000436,Microsoft footprint TX #437,TX,Garland,Dallas County,"Sam's Club Pharmacy, 5150, North Garland Avenue, Garland, Dallas County, Texas, 75040, United States",134328.43,32.9610295,-96.6442105,,commercial_industrial_unknown,unknown,"MULTIPOLYGON (((-96.643372 32.961096, -96.64365 32.961342, -96.643449 32.961502, -96.643563 32.961602, -96.64376 32.961444, -96.64406 32.96171, -96.644787 32.96113, -96.644815 32.961155, -96.645122 32.96091, -96.644699 32.960536, -96.6446 32.960614, -96.644305 32.960353, -96.643372 32.961096)))",microsoft_us_building_footprints
ms-tx-000437,Microsoft footprint TX #438,TX,San Angelo,Tom Green County,"Grape Creek Road, San Angelo, Tom Green County, Texas, 76901, United States",133883.24,31.5090401,-100.4597962,,commercial_industrial_unknown,unknown,"MULTIPOLYGON (((-100.459275 31.509494, -100.459615 31.509495, -100.459614 31.509825, -100.459964 31.509826, -100.459966 31.509496, -100.46029 31.509497, -100.460291 31.50922, -100.460378 31.50922, -100.460379 31.50894, -100.46029 31.50894, -100.460291 31.508586, -100.459966 31.508585, -100.459968 31.508252, -100.459618 31.508251, -100.459616 31.508582, -100.459278 31.508581, -100.459275 31.509494)))",microsoft_us_building_footprints
ms-tx-000438,Microsoft footprint TX #439,TX,Ennis,Ellis County,"2708, Northeast Main Street, Ennis, Ellis County, Texas, 75119, United States",139456.66,32.3509554,-96.6391533,,commercial_industrial_unknown,unknown,"MULTIPOLYGON (((-96.638823 32.350393, -96.638489 32.351489, -96.638478 32.351471, -96.638402 32.351722, -96.638429 32.351767, -96.638523 32.351787, -96.638942 32.351607, -96.638982 32.351477, -96.639104 32.351503, -96.639626 32.351279, -96.639682 32.351093, -96.639378 32.351027, -96.639428 32.350864, -96.639723 32.350929, -96.639809 32.350892, -96.639829 32.350826, -96.63968 32.350793, -96.63972 32.350663, -96.639883 32.350698, -96.639947 32.35049, -96.639791 32.350456, -96.639901 32.350095, -96.639704 32.350052, -96.639602 32.350387, -96.639582 32.350396, -96.63937 32.35035, -96.639323 32.350502, -96.638823 32.350393)))",microsoft_us_building_footprints
ms-tx-000439,Microsoft footprint TX #440,TX,Dallas,Dallas County,"8420, Eastpoint Drive, Dallas, Dallas County, Texas, 75227, United States",100197.61,32.7833355,-96.6740445,,commercial_industrial_unknown,unknown,"MULTIPOLYGON (((-96.674403 32.782705, -96.673695 32.782701, -96.673686 32.783966, -96.674394 32.78397, -96.674403 32.782705)))",microsoft_us_building_footprints
ms-tx-000440,Microsoft footprint TX #441,TX,,Gray County,"Lake McClellan Campground, FM 2477, Gray County, Texas, United States",210440.55,35.2079219,-100.8711951,,commercial_industrial_unknown,unknown,"MULTIPOLYGON (((-100.87212 35.207245, -100.871652 35.207229, -100.871641 35.207426, -100.871165 35.207539, -100.870916 35.207436, -100.870907 35.207608, -100.870531 35.207697, -100.870425 35.2076, -100.869466 35.208301, -100.869873 35.20847, -100.869932 35.208374, -100.869943 35.208329, -100.870098 35.208215, -100.870308 35.208222, -100.870368 35.208125, -100.87054 35.208281, -100.870568 35.208275, -100.870563 35.208377, -100.871002 35.208273, -100.871053 35.208283, -100.871422 35.208196, -100.871541 35.208304, -100.871488 35.208344, -100.871549 35.208346, -100.87154 35.208509, -100.871593 35.20853, -100.871596 35.208462, -100.871887 35.208582, -100.872337 35.207857, -100.87212 35.207245)))",microsoft_us_building_footprints
ms-tx-000441,Microsoft footprint TX #442,TX,Pampa,Gray County,"Burkes, 2545, Perryton Parkway, Pampa, Gray County, Texas, 79065, United States",267776.52,35.5672244,-100.9690419,,commercial_industrial_unknown,unknown,"MULTIPOLYGON (((-100.96972 35.565636, -100.968747 35.567044, -100.968695 35.56702, -100.968591 35.56717, -100.968582 35.567166, -100.968269 35.567619, -100.968209 35.567592, -100.96775 35.568255, -100.968519 35.568606, -100.969148 35.567696, -100.969453 35.567835, -100.969675 35.567514, -100.969379 35.567379, -100.969694 35.566923, -100.969758 35.566953, -100.969962 35.566657, -100.969987 35.566668, -100.970021 35.566618, -100.969683 35.566464, -100.96979 35.566309, -100.969904 35.566361, -100.970147 35.566008, -100.970173 35.56602, -100.970266 35.565886, -100.96972 35.565636)))",microsoft_us_building_footprints
ms-tx-000442,Microsoft footprint TX #443,TX,Pampa,Gray County,"Cinema 4, 1201, North Hobart Street, Pampa, Gray County, Texas, 79065, United States",111166.8,35.5459539,-100.9743068,,commercial_industrial_unknown,unknown,"MULTIPOLYGON (((-100.974969 35.54643, -100.974598 35.545765, -100.974909 35.545765, -100.974761 35.545499, -100.974745 35.545499, -100.974745 35.545569, -100.974783 35.545594, -100.974788 35.545646, -100.974706 35.545728, -100.97427 35.544946, -100.974163 35.544946, -100.974164 35.545253, -100.973981 35.545254, -100.973982 35.545812, -100.974474 35.545812, -100.974475 35.546077, -100.97439 35.546077, -100.97439 35.545844, -100.973818 35.546055, -100.973818 35.546326, -100.974179 35.546192, -100.974199 35.546205, -100.974199 35.546328, -100.973796 35.546329, -100.973823 35.546347, -100.973824 35.546692, -100.974385 35.546691, -100.974384 35.546256, -100.974472 35.546256, -100.974473 35.546431, -100.974969 35.54643)))",microsoft_us_building_footprints
ms-tx-000443,Microsoft footprint TX #444,TX,Snyder,Scurry County,"Cogdell Memorial Hospital, 1700, Cogdell Boulevard, Snyder, Scurry County, Texas, 79549, United States",115199.17,32.6877899,-100.9172976,,commercial_industrial_unknown,unknown,"MULTIPOLYGON (((-100.917594 32.687686, -100.917949 32.687743, -100.918015 32.687456, -100.917849 32.687429, -100.917713 32.687351, -100.917586 32.687331, -100.917535 32.687554, -100.917416 32.687535, -100.917488 32.687219, -100.917276 32.687185, -100.917291 32.68712, -100.917084 32.687086, -100.916969 32.68759, -100.916896 32.687604, -100.91696 32.687324, -100.916681 32.687279, -100.91686 32.687906, -100.916995 32.687928, -100.916944 32.687748, -100.917055 32.687766, -100.916988 32.68806, -100.916657 32.688006, -100.916629 32.688128, -100.916936 32.688178, -100.916799 32.688296, -100.917738 32.688448, -100.917797 32.688186, -100.91752 32.688141, -100.917741 32.687949, -100.917566 32.687807, -100.917594 32.687686)))",microsoft_us_building_footprints
ms-tx-000444,Microsoft footprint TX #445,TX,Richardson,Dallas County,"East Collins Boulevard, Richardson, Dallas County, Texas, 75081, United States",122619.56,32.9687277,-96.7009060,,commercial_industrial_unknown,unknown,"MULTIPOLYGON (((-96.700305 32.968262, -96.7003 32.969176, -96.701566 32.96918, -96.701568 32.96888, -96.701384 32.968879, -96.701384 32.968746, -96.70155 32.968747, -96.70155 32.968595, -96.701455 32.968595, -96.701456 32.968433, -96.701602 32.968433, -96.701602 32.968353, -96.701396 32.968353, -96.701396 32.968266, -96.700305 32.968262)))",microsoft_us_building_footprints
ms-tx-000445,Microsoft footprint TX #446,TX,Garland,Dallas County,"West Miller Road, Garland, Dallas County, Texas, 75041, United States",283333.46,32.8957320,-96.6758656,,commercial_industrial_unknown,unknown,"MULTIPOLYGON (((-96.67492 32.896435, -96.676409 32.896435, -96.676409 32.896102, -96.677023 32.896102, -96.677023 32.895261, -96.675893 32.895261, -96.675893 32.89486, -96.675495 32.89486, -96.675495 32.894793, -96.675424 32.894793, -96.675424 32.894863, -96.675259 32.894863, -96.675259 32.895255, -96.674927 32.895255, -96.674927 32.895502, -96.674808 32.895502, -96.674808 32.895575, -96.674902 32.895575, -96.674902 32.89582, -96.67492 32.89582, -96.67492 32.896435)))",microsoft_us_building_footprints
ms-tx-000446,Microsoft footprint TX #447,TX,Pampa,Gray County,"Pampa Junior High School, 400, Bad Cattle Company Road, Pampa, Gray County, Texas, 79065, United States",136819.06,35.5787398,-100.9635774,,commercial_industrial_unknown,unknown,"MULTIPOLYGON (((-100.964496 35.578543, -100.964319 35.578441, -100.96419 35.578406, -100.964174 35.578445, -100.963932 35.57838, -100.964046 35.578102, -100.96362 35.577856, -100.963466 35.578031, -100.963676 35.578153, -100.963639 35.578244, -100.96327 35.578144, -100.963201 35.578312, -100.96347 35.578468, -100.963433 35.578558, -100.963281 35.578517, -100.963222 35.57866, -100.963157 35.578678, -100.963117 35.578724, -100.963233 35.578791, -100.963067 35.57898, -100.96301 35.57912, -100.962699 35.578941, -100.962537 35.579127, -100.96311 35.579457, -100.963207 35.579346, -100.963412 35.579464, -100.963841 35.578973, -100.96413 35.579051, -100.964292 35.578654, -100.964435 35.578692, -100.964496 35.578543)))",microsoft_us_building_footprints
ms-tx-000447,Microsoft footprint TX #448,TX,Allen,Collin County,"1451, South Greenville Avenue, Allen, Collin County, Texas, 75003, United States",163318.08,33.0756824,-96.6780437,,commercial_industrial_unknown,unknown,"MULTIPOLYGON (((-96.677333 33.075848, -96.677309 33.076168, -96.678822 33.076247, -96.678835 33.076072, -96.67863 33.076062, -96.678652 33.075759, -96.678831 33.075769, -96.678837 33.075686, -96.678661 33.075677, -96.678683 33.075374, -96.678891 33.075385, -96.678905 33.075206, -96.677374 33.075127, -96.67732 33.075852, -96.677333 33.075848)))",microsoft_us_building_footprints
ms-tx-000448,Microsoft footprint TX #449,TX,Plano,Collin County,"Kiosk Brazil, 300, Lombardy Drive, Plano, Collin County, Texas, 75023, United States",111293.48,33.0425475,-96.7144262,,commercial_industrial_unknown,unknown,"MULTIPOLYGON (((-96.715761 33.042378, -96.715331 33.042377, -96.715331 33.042343, -96.714408 33.04234, -96.714408 33.042369, -96.712974 33.042365, -96.712973 33.042716, -96.713065 33.042716, -96.713065 33.042784, -96.713132 33.042784, -96.713132 33.042716, -96.713659 33.042718, -96.71366 33.042597, -96.713913 33.042597, -96.713913 33.04267, -96.714433 33.042672, -96.714433 33.042729, -96.714648 33.04273, -96.714647 33.042814, -96.715172 33.042816, -96.715172 33.042626, -96.715525 33.042627, -96.715524 33.042849, -96.715759 33.04285, -96.715761 33.042378)))",microsoft_us_building_footprints
ms-tx-000449,Microsoft footprint TX #450,TX,Richardson,Collin County,"Infocom Drive, Richardson, Collin County, Texas, 75082, United States",122373.18,32.9998484,-96.6868408,,commercial_industrial_unknown,unknown,"MULTIPOLYGON (((-96.686069 32.9996, -96.686063 33.000082, -96.686213 33.000084, -96.686212 33.000189, -96.686811 33.000195, -96.68681 33.000283, -96.687511 33.000289, -96.687522 32.999506, -96.687413 32.999505, -96.687414 32.999455, -96.686991 32.999451, -96.686992 32.999412, -96.686595 32.999408, -96.686594 32.999453, -96.686323 32.99945, -96.686321 32.999602, -96.686069 32.9996)))",microsoft_us_building_footprints
ms-tx-000450,Microsoft footprint TX #451,TX,Garland,Dallas County,"2333, South Jupiter Road, Garland, Dallas County, Texas, 75041, United States",246849.35,32.8899623,-96.6851697,,commercial_industrial_unknown,unknown,"MULTIPOLYGON (((-96.686728 32.889634, -96.685781 32.889633, -96.685781 32.889492, -96.685533 32.889492, -96.685533 32.889626, -96.683792 32.889624, -96.683792 32.889548, -96.683567 32.889548, -96.683566 32.889937, -96.683617 32.889937, -96.683617 32.890178, -96.683786 32.890179, -96.683786 32.890323, -96.686727 32.890326, -96.686728 32.889634)))",microsoft_us_building_footprints
ms-tx-000451,Microsoft footprint TX #452,TX,Garland,Dallas County,"3737, Grader Street, Lake Highlands, Garland, Dallas County, Texas, 75042, United States",228090.88,32.8870221,-96.6870719,,commercial_industrial_unknown,unknown,"MULTIPOLYGON (((-96.687741 32.886259, -96.686411 32.886254, -96.686404 32.887562, -96.686328 32.887562, -96.686327 32.887765, -96.687807 32.887771, -96.687809 32.887563, -96.687734 32.887563, -96.687741 32.886259)))",microsoft_us_building_footprints
ms-tx-000452,Microsoft footprint TX #453,TX,Richardson,Dallas County,"Arapaho Center Station, Central Trail, Richardson, Dallas County, Texas, 75081, United States",128732.77,32.9642044,-96.7204998,,commercial_industrial_unknown,unknown,"MULTIPOLYGON (((-96.719621 32.963857, -96.71962 32.964094, -96.720045 32.964686, -96.720698 32.964689, -96.720699 32.964414, -96.721394 32.964417, -96.721397 32.963863, -96.719621 32.963857)))",microsoft_us_building_footprints
ms-tx-000453,Microsoft footprint TX #454,TX,Richardson,Dallas County,"math science technology magnet, 450, Abrams Road, Richardson, Dallas County, Texas, 75081, United States",133441.41,32.9442163,-96.7271886,,commercial_industrial_unknown,unknown,"MULTIPOLYGON (((-96.726129 32.94388, -96.726126 32.944202, -96.726487 32.944205, -96.726485 32.94438, -96.726687 32.944381, -96.726684 32.944635, -96.726805 32.944636, -96.726804 32.944664, -96.726993 32.944666, -96.726993 32.944639, -96.727092 32.944639, -96.72709 32.944759, -96.727286 32.94476, -96.727288 32.944556, -96.727328 32.944557, -96.727329 32.944495, -96.727962 32.944499, -96.727962 32.944476, -96.728171 32.944477, -96.728173 32.944332, -96.728141 32.944332, -96.728143 32.944145, -96.728085 32.944145, -96.728087 32.943948, -96.727961 32.943947, -96.727961 32.943894, -96.726129 32.94388)))",microsoft_us_building_footprints
ms-tx-000454,Microsoft footprint TX #455,TX,Plano,Collin County,"Central Expressway, Plano, Collin County, Texas, 75074, United States",376859.13,33.0626625,-96.6951637,,commercial_industrial_unknown,unknown,"MULTIPOLYGON (((-96.695852 33.062892, -96.695994 33.061011, -96.695007 33.060958, -96.694872 33.062738, -96.694676 33.062727, -96.694643 33.063156, -96.694011 33.063123, -96.693999 33.063282, -96.694001 33.063283, -96.693968 33.063719, -96.693965 33.063719, -96.693946 33.063971, -96.695674 33.064063, -96.695685 33.063927, -96.695647 33.063925, -96.695654 33.063828, -96.695697 33.063831, -96.695725 33.063469, -96.695698 33.063468, -96.695703 33.063395, -96.695738 33.063397, -96.695751 33.063224, -96.694742 33.06317, -96.694767 33.062835, -96.695852 33.062892)))",microsoft_us_building_footprints
ms-tx-000455,Microsoft footprint TX #456,TX,Forsan,Howard County,"Forsan Independent School District, 7th Street, Forsan, Howard County, Texas, 79720, United States",139182.92,32.1120849,-101.3689510,,commercial_industrial_unknown,unknown,"MULTIPOLYGON (((-101.369007 32.111139, -101.368366 32.111099, -101.368348 32.111298, -101.368544 32.11131, -101.368529 32.111486, -101.368535 32.111507, -101.368533 32.11153, -101.368437 32.11155, -101.368406 32.111905, -101.36847 32.111909, -101.368458 32.112052, -101.368535 32.112057, -101.368513 32.112313, -101.368591 32.112317, -101.368564 32.112622, -101.368732 32.112633, -101.368746 32.112477, -101.368823 32.112482, -101.368798 32.112767, -101.369153 32.112789, -101.369172 32.112854, -101.369721 32.112888, -101.369764 32.112394, -101.36942 32.112373, -101.369427 32.112289, -101.369373 32.112301, -101.369332 32.112302, -101.369051 32.112285, -101.369114 32.111564, -101.368971 32.111555, -101.369007 32.111139)))",microsoft_us_building_footprints
ms-tx-000456,Microsoft footprint TX #457,TX,Plano,Collin County,"Ashley HomeStore, 1201, North Central Expressway, Plano, Collin County, Texas, 75075, United States",102794.39,33.0181304,-96.7107281,,commercial_industrial_unknown,unknown,"MULTIPOLYGON (((-96.710213 33.01705, -96.710754 33.019024, -96.710859 33.019004, -96.710942 33.019307, -96.711202 33.019257, -96.711082 33.01882, -96.711113 33.018814, -96.711022 33.018484, -96.711114 33.018467, -96.710971 33.017945, -96.7109 33.017959, -96.710877 33.017876, -96.710831 33.017885, -96.710605 33.01706, -96.710529 33.017075, -96.710506 33.016994, -96.710213 33.01705)))",microsoft_us_building_footprints
ms-tx-000457,Microsoft footprint TX #458,TX,Dallas,Dallas County,"FedEx Cedardale, Cedardale Road, Dallas, Dallas County, Texas, 75134, United States",773832.81,32.6417598,-96.7591821,,commercial_industrial_unknown,unknown,"MULTIPOLYGON (((-96.757799 32.640121, -96.758708 32.643574, -96.758693 32.643577, -96.758738 32.643749, -96.760564 32.643408, -96.759651 32.639945, -96.759682 32.639939, -96.759624 32.639721, -96.75937 32.639768, -96.759385 32.639825, -96.757799 32.640121)))",microsoft_us_building_footprints
ms-tx-000458,Microsoft footprint TX #459,TX,Dallas,Dallas County,"Texas Instruments, 12500, TI Boulevard, Texas Instruments, Dallas, Dallas County, Texas, 75243, United States",213730.16,32.9257336,-96.7590372,,commercial_industrial_unknown,unknown,"MULTIPOLYGON (((-96.759784 32.92627, -96.759795 32.925297, -96.759552 32.925296, -96.75963 32.925181, -96.759378 32.92506, -96.759343 32.924961, -96.758672 32.924955, -96.758469 32.925064, -96.758467 32.925258, -96.75847 32.92526, -96.758314 32.925298, -96.758311 32.925563, -96.758277 32.925562, -96.758221 32.925644, -96.758018 32.925642, -96.758017 32.925711, -96.757845 32.92571, -96.757843 32.925893, -96.75795 32.925835, -96.757985 32.925936, -96.758003 32.925926, -96.758 32.926184, -96.758244 32.926186, -96.75825 32.925705, -96.758903 32.92571, -96.758804 32.925856, -96.75897 32.926074, -96.758835 32.926073, -96.758513 32.926547, -96.759324 32.926553, -96.759424 32.926407, -96.75969 32.926409, -96.759784 32.92627)))",microsoft_us_building_footprints
ms-tx-000459,Microsoft footprint TX #460,TX,Plainview,Hale County,"Tractor Supply Company, 1001, North Interstate 27, Plainview, Hale County, Texas, 79072, United States",184305.28,34.1903471,-101.7537552,,commercial_industrial_unknown,unknown,"MULTIPOLYGON (((-101.753483 34.189251, -101.753487 34.189621, -101.753444 34.189622, -101.753446 34.189814, -101.753497 34.189813, -101.753501 34.190129, -101.753419 34.19013, -101.753426 34.190744, -101.753385 34.190744, -101.753392 34.191365, -101.753138 34.191367, -101.753139 34.191401, -101.75295 34.191403, -101.752951 34.19154, -101.752923 34.191541, -101.752926 34.191789, -101.753571 34.191784, -101.753573 34.191894, -101.753668 34.191893, -101.753666 34.191781, -101.75376 34.19178, -101.753741 34.190116, -101.754494 34.19011, -101.754483 34.189165, -101.754179 34.189168, -101.75418 34.189245, -101.753483 34.189251)))",microsoft_us_building_footprints
ms-tx-000460,Microsoft footprint TX #461,TX,Amarillo,Potter County,"Potter County Sheriff's Office, 13103, Northeast 29th Avenue, Amarillo, Potter County, Texas, 79111, United States",121715.38,35.2411918,-101.6670401,,commercial_industrial_unknown,unknown,"MULTIPOLYGON (((-101.667394 35.240539, -101.666668 35.241114, -101.666271 35.240779, -101.666103 35.240911, -101.666504 35.24125, -101.666262 35.241441, -101.666778 35.241876, -101.667273 35.241484, -101.667338 35.241539, -101.66765 35.241292, -101.667578 35.241232, -101.667751 35.241096, -101.667819 35.241154, -101.667976 35.24103, -101.667394 35.240539)))",microsoft_us_building_footprints
ms-tx-000461,Microsoft footprint TX #462,TX,Lubbock,Lubbock County,"McLane, 1717, East Loop 289, Lubbock, Lubbock County, Texas, 79403, United States",270888.45,33.5796423,-101.7856275,,commercial_industrial_unknown,unknown,"MULTIPOLYGON (((-101.785853 33.579278, -101.785658 33.579281, -101.785661 33.579395, -101.784516 33.579415, -101.78452 33.579565, -101.784466 33.579566, -101.784469 33.579678, -101.784517 33.579677, -101.784519 33.579768, -101.784678 33.579766, -101.7847 33.580639, -101.785885 33.580618, -101.785866 33.579868, -101.786217 33.579861, -101.786212 33.579656, -101.786142 33.579657, -101.78614 33.579569, -101.786081 33.57957, -101.78608 33.579544, -101.786246 33.579541, -101.786243 33.579412, -101.786841 33.579401, -101.786838 33.579292, -101.786819 33.579292, -101.786814 33.579064, -101.786318 33.579073, -101.786315 33.57897, -101.786047 33.578975, -101.786043 33.57881, -101.786836 33.578796, -101.786828 33.578452, -101.785833 33.578469, -101.785853 33.579278)))",microsoft_us_building_footprints
ms-tx-000462,Microsoft footprint TX #463,TX,Posey,Lubbock County,"Great Plains Distributors, 5701, East Highway 84, Posey, Lubbock County, Texas, 79404, United States",101815.24,33.5037034,-101.7459018,,commercial_industrial_unknown,unknown,"MULTIPOLYGON (((-101.746479 33.504188, -101.746483 33.503685, -101.746262 33.503684, -101.746262 33.503656, -101.746449 33.503657, -101.74645 33.503466, -101.745845 33.503463, -101.745845 33.503475, -101.745793 33.503474, -101.745793 33.503416, -101.745986 33.503417, -101.745988 33.503245, -101.745788 33.503244, -101.745789 33.503053, -101.745776 33.503053, -101.745777 33.502952, -101.745468 33.502951, -101.745468 33.503039, -101.745568 33.503039, -101.745568 33.503068, -101.74549 33.503068, -101.745489 33.503137, -101.74546 33.503137, -101.745456 33.503661, -101.745699 33.503662, -101.745699 33.503693, -101.745453 33.503692, -101.74545 33.504183, -101.746479 33.504188)))",microsoft_us_building_footprints
ms-tx-000463,Microsoft footprint TX #464,TX,Lubbock,Lubbock County,"Martin Luther King Jr. Boulevard, Lubbock, Lubbock County, Texas, 79404, United States",138957.05,33.5456875,-101.8170516,,commercial_industrial_unknown,unknown,"MULTIPOLYGON (((-101.815929 33.545953, -101.817732 33.54595, -101.817733 33.546125, -101.817977 33.546124, -101.817976 33.545951, -101.818119 33.545951, -101.818117 33.545397, -101.815927 33.545401, -101.815929 33.545953)))",microsoft_us_building_footprints
ms-tx-000464,Microsoft footprint TX #465,TX,Amarillo,Potter County,"US Postal Service Main Office, 2301, South Ross Street, Glenwood Addition, Amarillo, Potter County, Texas, 79103, United States",124675.77,35.1878818,-101.8159217,,commercial_industrial_unknown,unknown,"MULTIPOLYGON (((-101.816343 35.187048, -101.815562 35.187112, -101.815672 35.187235, -101.815811 35.187256, -101.815826 35.187272, -101.815708 35.187282, -101.816018 35.187477, -101.816014 35.187445, -101.816242 35.187426, -101.816178 35.187464, -101.816283 35.188316, -101.81619 35.188302, -101.815972 35.18832, -101.815926 35.188268, -101.815888 35.188292, -101.815812 35.188244, -101.81581 35.188253, -101.815078 35.187432, -101.814795 35.1876, -101.815685 35.188598, -101.815873 35.188486, -101.816021 35.188652, -101.816383 35.188436, -101.816553 35.188626, -101.816614 35.188621, -101.816567 35.188235, -101.816688 35.188225, -101.816343 35.187048)))",microsoft_us_building_footprints
ms-tx-000465,Microsoft footprint TX #466,TX,Plainview,Hale County,"Walmart Supercenter, 1501, North Interstate 27, Plainview, Hale County, Texas, 79072, United States",225545.09,34.1960922,-101.7531584,,commercial_industrial_unknown,unknown,"MULTIPOLYGON (((-101.753739 34.196899, -101.753732 34.196482, -101.753909 34.19648, -101.753902 34.196077, -101.753728 34.196079, -101.753715 34.195376, -101.753887 34.195373, -101.753885 34.19526, -101.752614 34.195276, -101.752612 34.195165, -101.752463 34.195167, -101.752467 34.195391, -101.752637 34.195389, -101.752644 34.195769, -101.75248 34.195771, -101.752485 34.196029, -101.752541 34.196029, -101.752548 34.196406, -101.752494 34.196406, -101.752498 34.196648, -101.75252 34.196648, -101.752521 34.19671, -101.752567 34.196709, -101.75257 34.196916, -101.752661 34.196915, -101.752663 34.196983, -101.752786 34.196982, -101.752785 34.196911, -101.753739 34.196899)))",microsoft_us_building_footprints
ms-tx-000466,Microsoft footprint TX #467,TX,Plano,Collin County,"West Plano Parkway, Plano, Collin County, Texas, 75075, United States",322870.74,33.0061484,-96.7392313,,commercial_industrial_unknown,unknown,"MULTIPOLYGON (((-96.741033 33.005967, -96.739207 33.005977, -96.739203 33.00551, -96.738809 33.005512, -96.738724 33.005493, -96.73754 33.005499, -96.737545 33.006201, -96.737374 33.006201, -96.737375 33.006365, -96.737476 33.006459, -96.737554 33.0064, -96.737528 33.006324, -96.73863 33.006319, -96.738632 33.006582, -96.739329 33.006578, -96.739328 33.006443, -96.73957 33.006442, -96.73957 33.006534, -96.739817 33.006533, -96.739641 33.006666, -96.73984 33.006851, -96.740023 33.006712, -96.740175 33.006854, -96.740359 33.006715, -96.740512 33.006858, -96.740696 33.006719, -96.740851 33.006863, -96.741079 33.006691, -96.740929 33.006552, -96.741037 33.006525, -96.741033 33.005967)))",microsoft_us_building_footprints
ms-tx-000467,Microsoft footprint TX #468,TX,Amarillo,Potter County,"Glenn McMennamy Building, 3301, Southeast 10th Avenue, Famous Heights Park Addition, Amarillo, Potter County, Texas, 79104, United States",265317.41,35.2039997,-101.7965768,,commercial_industrial_unknown,unknown,"MULTIPOLYGON (((-101.795558 35.203163, -101.795555 35.20483, -101.796332 35.20483, -101.796333 35.204167, -101.79663 35.204168, -101.79663 35.204404, -101.797154 35.204405, -101.797155 35.204317, -101.797416 35.204317, -101.797416 35.204349, -101.797513 35.20435, -101.797513 35.204405, -101.797994 35.204406, -101.797994 35.204272, -101.798059 35.204272, -101.798059 35.203971, -101.798107 35.203971, -101.798107 35.20391, -101.798059 35.20391, -101.798059 35.203739, -101.797994 35.203739, -101.797994 35.20363, -101.79753 35.203629, -101.79753 35.203605, -101.796661 35.203604, -101.796661 35.20374, -101.796595 35.20374, -101.796594 35.204005, -101.796334 35.204005, -101.796335 35.203164, -101.795558 35.203163)))",microsoft_us_building_footprints
ms-tx-000468,Microsoft footprint TX #469,TX,Dallas,Dallas County,"The Home Depot, 6000, Skillman Street, Dallas, Dallas County, Texas, 75231, United States",101522.93,32.8605555,-96.7497679,,commercial_industrial_unknown,unknown,"MULTIPOLYGON (((-96.749034 32.860332, -96.749188 32.860985, -96.749498 32.860933, -96.749501 32.860944, -96.750125 32.86084, -96.750151 32.860948, -96.75037 32.860911, -96.750333 32.860753, -96.750454 32.860733, -96.750278 32.859992, -96.75017 32.86001, -96.7502 32.860138, -96.749034 32.860332)))",microsoft_us_building_footprints
ms-tx-000469,Microsoft footprint TX #470,TX,Amarillo,Potter County,"Mac Joe's, 1619, South Kentucky Street, Westview, Amarillo, Potter County, Texas, 79109, United States",135900.57,35.1966488,-101.8680990,,commercial_industrial_unknown,unknown,"MULTIPOLYGON (((-101.869013 35.197149, -101.868936 35.196808, -101.868815 35.196826, -101.868698 35.196309, -101.868493 35.19634, -101.868427 35.196044, -101.867847 35.196131, -101.867824 35.196029, -101.86745 35.196085, -101.867584 35.196676, -101.868007 35.196613, -101.867971 35.196457, -101.868289 35.196409, -101.868337 35.196621, -101.867616 35.19673, -101.867611 35.196708, -101.867026 35.196797, -101.867085 35.197055, -101.867662 35.196968, -101.867682 35.197059, -101.86834 35.19696, -101.868342 35.196972, -101.868396 35.196964, -101.868456 35.197233, -101.869013 35.197149)))",microsoft_us_building_footprints
ms-tx-000470,Microsoft footprint TX #471,TX,Lancaster,Dallas County,"West Pleasant Run Road, Lancaster, Dallas County, Texas, 75134, United States",147794.45,32.6028707,-96.7864310,,commercial_industrial_unknown,unknown,"MULTIPOLYGON (((-96.785247 32.60306, -96.78777 32.602955, -96.787769 32.60294, -96.787994 32.602931, -96.787964 32.60241, -96.787739 32.602419, -96.787756 32.602718, -96.787731 32.602719, -96.787716 32.602458, -96.786868 32.602493, -96.786882 32.602743, -96.786669 32.602752, -96.786661 32.602605, -96.7865 32.602611, -96.78651 32.602782, -96.786293 32.602791, -96.786285 32.602651, -96.785964 32.602664, -96.785972 32.602805, -96.785434 32.602827, -96.785419 32.602581, -96.785029 32.602597, -96.785056 32.603042, -96.784994 32.603045, -96.785032 32.603697, -96.785324 32.603685, -96.78529 32.603099, -96.785249 32.603101, -96.785247 32.60306)))",microsoft_us_building_footprints
ms-tx-000471,Microsoft footprint TX #472,TX,Lancaster,Dallas County,"Brasscraft, Hackberry Street, Lancaster, Dallas County, Texas, 75146, United States",165677.92,32.5863797,-96.7541750,,commercial_industrial_unknown,unknown,"MULTIPOLYGON (((-96.753947 32.58555, -96.753881 32.585803, -96.753821 32.585792, -96.753796 32.585889, -96.753667 32.585865, -96.753607 32.586094, -96.753821 32.586133, -96.753799 32.586217, -96.753738 32.586206, -96.753652 32.586537, -96.753803 32.586565, -96.753771 32.586688, -96.753722 32.586679, -96.753584 32.587212, -96.754229 32.58733, -96.754352 32.586858, -96.754561 32.586897, -96.754668 32.586488, -96.754577 32.586472, -96.7547 32.585996, -96.754844 32.586022, -96.754864 32.585945, -96.754955 32.585961, -96.754977 32.585874, -96.75481 32.585843, -96.754823 32.585794, -96.754948 32.585817, -96.754969 32.585735, -96.754841 32.585711, -96.754841 32.585714, -96.753947 32.58555)))",microsoft_us_building_footprints
ms-tx-000472,Microsoft footprint TX #473,TX,Lubbock,Lubbock County,"United Supermarkets Arena, 1701, Indiana Avenue, Lubbock, Lubbock County, Texas, 79409, United States",168323.89,33.5813149,-101.8866065,,commercial_industrial_unknown,unknown,"MULTIPOLYGON (((-101.887324 33.580952, -101.887101 33.580953, -101.887101 33.580851, -101.887005 33.580851, -101.886896 33.580731, -101.886896 33.580624, -101.886394 33.580625, -101.886395 33.580781, -101.886245 33.580782, -101.886245 33.580851, -101.886138 33.580851, -101.886138 33.580951, -101.885939 33.580952, -101.885939 33.581118, -101.885793 33.581118, -101.885795 33.581521, -101.885938 33.58152, -101.885939 33.581687, -101.88612 33.581686, -101.88612 33.581791, -101.886246 33.581791, -101.886247 33.581854, -101.886524 33.581854, -101.886562 33.581896, -101.886634 33.58185, -101.886635 33.582005, -101.887084 33.582003, -101.887083 33.581687, -101.887284 33.581686, -101.887283 33.581447, -101.887326 33.581447, -101.887324 33.580952)))",microsoft_us_building_footprints
ms-tx-000473,Microsoft footprint TX #474,TX,Richardson,Dallas County,"Richardson West Junior High School, 1390, Holly Drive, Richardson, Dallas County, Texas, 75080, United States",130423.27,32.9558157,-96.7616795,,commercial_industrial_unknown,unknown,"MULTIPOLYGON (((-96.76113 32.95556, -96.761107 32.956279, -96.761188 32.956281, -96.761186 32.956344, -96.761358 32.956348, -96.761371 32.95638, -96.76197 32.956393, -96.761972 32.956343, -96.762127 32.956347, -96.76213 32.95627, -96.762226 32.956272, -96.762237 32.955923, -96.762176 32.955893, -96.762178 32.955828, -96.762001 32.955824, -96.762006 32.955673, -96.762207 32.955678, -96.762209 32.955614, -96.762277 32.955595, -96.762286 32.955297, -96.762153 32.955233, -96.761719 32.955224, -96.761716 32.955326, -96.761777 32.955356, -96.761762 32.955378, -96.761566 32.955373, -96.761522 32.955264, -96.761498 32.955253, -96.761206 32.955246, -96.761198 32.95553, -96.76113 32.95556)))",microsoft_us_building_footprints
ms-tx-000474,Microsoft footprint TX #475,TX,Dallas,Dallas County,"Gilley's, 1135, Botham Jean Boulevard, South Side PID, Dallas, Dallas County, Texas, 75099, United States",104629.88,32.7686920,-96.7978539,,commercial_industrial_unknown,unknown,"MULTIPOLYGON (((-96.797168 32.76867, -96.797268 32.76874, -96.797236 32.768772, -96.797967 32.769284, -96.798026 32.769224, -96.798152 32.769249, -96.798203 32.769198, -96.79825 32.769056, -96.798218 32.769034, -96.798342 32.768909, -96.798403 32.768952, -96.798601 32.768753, -96.798581 32.768739, -96.798633 32.768686, -96.797981 32.768229, -96.797984 32.768227, -96.797951 32.768204, -96.797755 32.768403, -96.797665 32.768339, -96.797629 32.768375, -96.79751 32.768292, -96.797515 32.768277, -96.797268 32.768104, -96.797099 32.768274, -96.797371 32.768465, -96.797168 32.76867)))",microsoft_us_building_footprints
ms-tx-000475,Microsoft footprint TX #476,TX,Dallas,Dallas County,"Barack Obama Male Leadership Academy, 3030, Stag Road, Dallas, Dallas County, Texas, 75241, United States",133136.68,32.6925828,-96.7653588,,commercial_industrial_unknown,unknown,"MULTIPOLYGON (((-96.766328 32.692477, -96.766166 32.692188, -96.766116 32.692208, -96.765988 32.69198, -96.765691 32.692098, -96.765637 32.692002, -96.765299 32.692135, -96.765378 32.692278, -96.765038 32.692413, -96.765024 32.692387, -96.764329 32.692662, -96.764448 32.692874, -96.7645 32.692854, -96.764554 32.692949, -96.76453 32.692958, -96.764659 32.693188, -96.765368 32.692907, -96.76539 32.692946, -96.765539 32.692887, -96.765576 32.692952, -96.766004 32.692782, -96.765923 32.692638, -96.766328 32.692477)))",microsoft_us_building_footprints
ms-tx-000476,Microsoft footprint TX #477,TX,Frisco,Collin County,"Cal and Walt Wester Middle School, 12293, Shepherds Hill Lane, Frisco, Collin County, Texas, 75035, United States",155131.36,33.1411035,-96.7717578,,commercial_industrial_unknown,unknown,"MULTIPOLYGON (((-96.772491 33.140655, -96.772193 33.140631, -96.772147 33.140483, -96.772152 33.140432, -96.77181 33.140405, -96.771792 33.140563, -96.771196 33.140515, -96.771157 33.140862, -96.771545 33.140892, -96.771538 33.140958, -96.771131 33.140926, -96.771092 33.141275, -96.771605 33.141316, -96.771638 33.14126, -96.771708 33.141266, -96.771797 33.141117, -96.771853 33.141299, -96.771842 33.141402, -96.771068 33.141341, -96.771031 33.14167, -96.771948 33.141743, -96.771948 33.141743, -96.771942 33.141792, -96.772107 33.141805, -96.772117 33.14172, -96.772227 33.141696, -96.772278 33.141241, -96.77239 33.14125, -96.77241 33.141076, -96.772346 33.141049, -96.772354 33.140978, -96.772453 33.140986, -96.772491 33.140655)))",microsoft_us_building_footprints
ms-tx-000477,Microsoft footprint TX #478,TX,Plano,Collin County,"Hedgcoxe Road, Plano, Collin County, Texas, 75024, United States",208666.67,33.0777710,-96.8053496,,commercial_industrial_unknown,unknown,"MULTIPOLYGON (((-96.805619 33.078458, -96.805153 33.077807, -96.805244 33.077761, -96.805263 33.077788, -96.805314 33.077762, -96.805433 33.077928, -96.805739 33.077775, -96.805955 33.078077, -96.806338 33.077885, -96.806024 33.077445, -96.806094 33.07741, -96.806041 33.077336, -96.806274 33.077219, -96.805839 33.076612, -96.805447 33.076809, -96.805674 33.077127, -96.804571 33.077681, -96.804647 33.077788, -96.8045 33.077862, -96.804453 33.077796, -96.804256 33.077895, -96.804912 33.078813, -96.805619 33.078458)))",microsoft_us_building_footprints
ms-tx-000478,Microsoft footprint TX #479,TX,Dallas,Dallas County,"Clarence Street, Dallas, Dallas County, Texas, 75215, United States",122625.25,32.7711980,-96.7732852,,commercial_industrial_unknown,unknown,"MULTIPOLYGON (((-96.773704 32.770363, -96.77353 32.770521, -96.773574 32.770555, -96.773052 32.771031, -96.773076 32.771081, -96.773026 32.771126, -96.773027 32.771129, -96.77239 32.771709, -96.77239 32.771711, -96.772012 32.771836, -96.772054 32.771926, -96.772089 32.771915, -96.772119 32.771979, -96.772151 32.771968, -96.772388 32.772153, -96.772629 32.771934, -96.772561 32.771881, -96.772791 32.771672, -96.772885 32.771745, -96.773013 32.771628, -96.772934 32.771567, -96.773163 32.771358, -96.773255 32.77143, -96.773319 32.771371, -96.773512 32.771521, -96.773778 32.771278, -96.773756 32.77123, -96.773917 32.771083, -96.773976 32.771129, -96.77424 32.770889, -96.774208 32.770863, -96.774273 32.770804, -96.773704 32.770363)))",microsoft_us_building_footprints
ms-tx-000479,Microsoft footprint TX #480,TX,Amarillo,Potter County,"De Zavala Middle School, North Coulter Street, The Woodlands, Amarillo, Potter County, Texas, 79124, United States",116657.51,35.2404490,-101.9136133,,commercial_industrial_unknown,unknown,"MULTIPOLYGON (((-101.914329 35.240264, -101.913704 35.240246, -101.913938 35.239999, -101.913739 35.239873, -101.913578 35.240043, -101.913478 35.23998, -101.913478 35.239731, -101.913168 35.239732, -101.913169 35.240277, -101.913104 35.240277, -101.913104 35.240388, -101.91302 35.240388, -101.91302 35.240422, -101.913058 35.240446, -101.913129 35.24059, -101.913129 35.240682, -101.912993 35.240682, -101.912994 35.240987, -101.913146 35.240987, -101.913286 35.240839, -101.913421 35.240839, -101.913422 35.241057, -101.913672 35.241057, -101.913672 35.240732, -101.913816 35.240732, -101.913804 35.24071, -101.913842 35.240697, -101.91385 35.240697, -101.91385 35.240846, -101.914329 35.240846, -101.914329 35.240264)))",microsoft_us_building_footprints
ms-tx-000480,Microsoft footprint TX #481,TX,Lubbock,Lubbock County,"Heritage Middle School, 6110, 73rd Street, Ironton, Lubbock, Lubbock County, Texas, 79424, United States",165865.54,33.5284452,-101.9500336,,commercial_industrial_unknown,unknown,"MULTIPOLYGON (((-101.948919 33.528204, -101.948919 33.528302, -101.94895 33.528302, -101.948952 33.528716, -101.948918 33.528716, -101.948919 33.528829, -101.950829 33.528824, -101.950828 33.528773, -101.950944 33.528773, -101.950943 33.528666, -101.950908 33.528666, -101.950908 33.528635, -101.950812 33.528635, -101.950811 33.528529, -101.951045 33.528528, -101.951044 33.528376, -101.951073 33.528376, -101.951072 33.528051, -101.9506 33.528052, -101.950599 33.527916, -101.950377 33.527916, -101.950377 33.527988, -101.950205 33.527988, -101.950205 33.52797, -101.950134 33.527971, -101.950135 33.528033, -101.9499 33.528034, -101.949901 33.528202, -101.948919 33.528204)))",microsoft_us_building_footprints
ms-tx-000481,Microsoft footprint TX #482,TX,Plano,Collin County,"Tennyson Garage, Tennyson Parkway, Plano, Collin County, Texas, 75024, United States",410451.1,33.0721060,-96.8157904,,commercial_industrial_unknown,unknown,"MULTIPOLYGON (((-96.814805 33.07264, -96.815283 33.072822, -96.81607 33.072808, -96.816087 33.072841, -96.816353 33.072836, -96.817334 33.072483, -96.817645 33.071908, -96.817458 33.071775, -96.817167 33.071781, -96.817234 33.071657, -96.817233 33.071638, -96.816973 33.071454, -96.816698 33.071459, -96.816701 33.071584, -96.816599 33.07162, -96.816427 33.071623, -96.816335 33.071559, -96.816334 33.071508, -96.816251 33.071449, -96.816083 33.071452, -96.8161 33.072101, -96.815925 33.072105, -96.815955 33.072075, -96.815947 33.071776, -96.815807 33.071779, -96.815816 33.0721, -96.815668 33.072103, -96.815651 33.071431, -96.814348 33.071455, -96.813953 33.071597, -96.814306 33.072286, -96.814805 33.07264)))",microsoft_us_building_footprints
ms-tx-000482,Microsoft footprint TX #483,TX,Dallas,Dallas County,"1107 Dragon, 1107, Dragon Street, Design District, Dallas, Dallas County, Texas, 75207, United States",140007.92,32.7879362,-96.8166246,,commercial_industrial_unknown,unknown,"MULTIPOLYGON (((-96.816315 32.78693, -96.815813 32.787154, -96.815763 32.787075, -96.815729 32.78709, -96.816881 32.788911, -96.817526 32.788623, -96.817358 32.788358, -96.817241 32.78841, -96.817091 32.788173, -96.817054 32.788189, -96.817026 32.788145, -96.817121 32.788103, -96.816822 32.787631, -96.816677 32.787696, -96.816623 32.78761, -96.816717 32.787567, -96.816315 32.78693)))",microsoft_us_building_footprints
ms-tx-000483,Microsoft footprint TX #484,TX,Dallas,Dallas County,"Homer Street, Dallas, Dallas County, Texas, 75204, United States",139562.5,32.8133168,-96.7865639,,commercial_industrial_unknown,unknown,"MULTIPOLYGON (((-96.785403 32.81394, -96.785801 32.814283, -96.786373 32.813815, -96.786347 32.813793, -96.786409 32.813742, -96.786409 32.813742, -96.787086 32.813187, -96.78706 32.813165, -96.787082 32.813147, -96.787058 32.813126, -96.787086 32.813103, -96.787111 32.813124, -96.787143 32.813098, -96.787176 32.813127, -96.787827 32.812594, -96.787654 32.812445, -96.787499 32.812572, -96.787393 32.812481, -96.787359 32.812508, -96.787257 32.81242, -96.786684 32.812889, -96.786749 32.812945, -96.786735 32.812957, -96.78667 32.812901, -96.785403 32.81394)))",microsoft_us_building_footprints
ms-tx-000484,Microsoft footprint TX #485,TX,Dallas,Dallas County,"Turtle Creek Boulevard, Oak Lawn-Hi Line PID, Design District, Dallas, Dallas County, Texas, 75207, United States",194425.67,32.7959569,-96.8218181,,commercial_industrial_unknown,unknown,"MULTIPOLYGON (((-96.823047 32.795766, -96.823012 32.795713, -96.822974 32.795695, -96.822951 32.795661, -96.822956 32.795652, -96.822668 32.795215, -96.82259 32.795179, -96.822632 32.79516, -96.822609 32.795125, -96.821755 32.795522, -96.821712 32.795589, -96.821736 32.795626, -96.821653 32.795665, -96.821623 32.79562, -96.821419 32.795715, -96.821431 32.79572, -96.82125 32.795804, -96.821284 32.795856, -96.821253 32.795905, -96.820735 32.796145, -96.820789 32.796227, -96.820754 32.796282, -96.820543 32.796186, -96.820437 32.796348, -96.820473 32.796402, -96.821132 32.796703, -96.822819 32.795917, -96.822881 32.795822, -96.822954 32.795788, -96.822978 32.795798, -96.823047 32.795766)))",microsoft_us_building_footprints
ms-tx-000485,Microsoft footprint TX #486,TX,DeSoto,Dallas County,"Kroger, North Beckley Avenue, DeSoto, Dallas County, Texas, 75115, United States",107052.99,32.6070701,-96.8254856,,commercial_industrial_unknown,unknown,"MULTIPOLYGON (((-96.824929 32.607596, -96.825689 32.607778, -96.826031 32.606763, -96.825766 32.606699, -96.825727 32.606815, -96.825553 32.606774, -96.82576 32.606161, -96.825658 32.606137, -96.825682 32.606066, -96.825592 32.606044, -96.825579 32.606081, -96.825523 32.606067, -96.82531 32.6067, -96.825235 32.606682, -96.825219 32.606732, -96.825201 32.606728, -96.825124 32.606956, -96.825129 32.606957, -96.825037 32.607229, -96.825052 32.607232, -96.824929 32.607596)))",microsoft_us_building_footprints
ms-tx-000486,Microsoft footprint TX #487,TX,Lubbock,Lubbock County,"Altitude, 4525, Milwaukee Avenue, Lubbock, Lubbock County, Texas, 79407, United States",115587.79,33.5508295,-101.9562889,,commercial_industrial_unknown,unknown,"MULTIPOLYGON (((-101.956045 33.549827, -101.956016 33.550928, -101.956335 33.550934, -101.956333 33.550994, -101.956105 33.55099, -101.956103 33.551039, -101.956043 33.551038, -101.956017 33.551978, -101.95646 33.551986, -101.956475 33.551408, -101.956497 33.551408, -101.95651 33.5509, -101.956488 33.550899, -101.95649 33.550805, -101.956434 33.550803, -101.956436 33.550744, -101.956468 33.550745, -101.956473 33.550566, -101.956438 33.550565, -101.95647 33.550477, -101.956472 33.550398, -101.956443 33.550398, -101.956454 33.550366, -101.956433 33.550361, -101.956436 33.550274, -101.956692 33.550336, -101.9567 33.55003, -101.956702 33.550031, -101.956706 33.549871, -101.956658 33.54987, -101.956658 33.549838, -101.956045 33.549827)))",microsoft_us_building_footprints
ms-tx-000487,Microsoft footprint TX #488,TX,Plano,Collin County,"Grafton Lane, Plano, Collin County, Texas, 75024, United States",112369.63,33.0598862,-96.7923375,,commercial_industrial_unknown,unknown,"MULTIPOLYGON (((-96.791774 33.060364, -96.792925 33.060391, -96.792932 33.060183, -96.792692 33.060177, -96.792704 33.05982, -96.792937 33.059825, -96.792944 33.059616, -96.792711 33.059611, -96.792718 33.059411, -96.792951 33.059416, -96.792958 33.05921, -96.792586 33.059201, -96.792583 33.059282, -96.792489 33.05928, -96.792478 33.059607, -96.792261 33.059602, -96.792266 33.059463, -96.792024 33.059457, -96.79202 33.059601, -96.791671 33.059593, -96.791666 33.059739, -96.791773 33.059741, -96.791767 33.059939, -96.791641 33.059936, -96.791638 33.060028, -96.791769 33.060031, -96.791765 33.060159, -96.791815 33.06016, -96.791813 33.060238, -96.791778 33.060237, -96.791774 33.060364)))",microsoft_us_building_footprints
ms-tx-000488,Microsoft footprint TX #489,TX,Plano,Collin County,"Whole Foods Market, 2201, Preston Road, Plano, Collin County, Texas, 75093, United States",173781.95,33.0296931,-96.7968706,,commercial_industrial_unknown,unknown,"MULTIPOLYGON (((-96.79625 33.030975, -96.796699 33.031033, -96.796805 33.030451, -96.796959 33.030471, -96.79711 33.029643, -96.797327 33.029671, -96.797342 33.029585, -96.797299 33.029579, -96.797357 33.029261, -96.797519 33.029282, -96.797534 33.029199, -96.797451 33.029188, -96.79751 33.028863, -96.797722 33.02889, -96.797755 33.02871, -96.797421 33.028667, -96.797412 33.028716, -96.796786 33.028635, -96.796689 33.029167, -96.79659 33.029154, -96.796579 33.029218, -96.796526 33.029212, -96.796517 33.029262, -96.796562 33.029268, -96.79655 33.029331, -96.796607 33.029339, -96.796566 33.029561, -96.79651 33.029553, -96.79625 33.030975)))",microsoft_us_building_footprints
ms-tx-000489,Microsoft footprint TX #490,TX,,Hale County,"Hale County, Texas, United States",177223.09,34.1059683,-102.0386168,,commercial_industrial_unknown,unknown,"MULTIPOLYGON (((-102.038727 34.106074, -102.037952 34.10631, -102.037939 34.106373, -102.038 34.106402, -102.037986 34.106467, -102.038043 34.106494, -102.038092 34.106605, -102.038059 34.106654, -102.038044 34.106726, -102.038204 34.106801, -102.038279 34.106812, -102.038351 34.106976, -102.038586 34.10701, -102.038614 34.107071, -102.03877 34.107094, -102.038818 34.107023, -102.038849 34.106878, -102.039187 34.106775, -102.039241 34.106696, -102.039267 34.106688, -102.039297 34.106548, -102.039221 34.106378, -102.039172 34.106451, -102.039117 34.106424, -102.0391 34.106386, -102.039115 34.106364, -102.039066 34.106254, -102.039176 34.10622, -102.039191 34.106147, -102.038447 34.104467, -102.037986 34.1044, -102.038727 34.106074)))",microsoft_us_building_footprints
ms-tx-000490,Microsoft footprint TX #491,TX,Dallas,Dallas County,"Maple Avenue, Dallas, Dallas County, Texas, 75390, United States",119383.88,32.8234150,-96.8414636,,commercial_industrial_unknown,unknown,"MULTIPOLYGON (((-96.841942 32.822632, -96.841922 32.822641, -96.841416 32.823064, -96.841388 32.823089, -96.840875 32.823518, -96.840957 32.823587, -96.840781 32.82374, -96.840714 32.823684, -96.840131 32.824172, -96.840461 32.82445, -96.840654 32.824288, -96.840645 32.824274, -96.840568 32.824209, -96.840595 32.824187, -96.84054 32.824141, -96.840852 32.823879, -96.840742 32.823786, -96.840754 32.823775, -96.840844 32.823736, -96.841037 32.823899, -96.841874 32.823198, -96.842175 32.823452, -96.842206 32.823439, -96.842293 32.823512, -96.842617 32.823241, -96.842524 32.823162, -96.842547 32.823142, -96.841942 32.822632)))",microsoft_us_building_footprints
ms-tx-000491,Microsoft footprint TX #492,TX,Dallas,Dallas County,"508, Young Street, West End Historic District, Downtown PID, Dallas, Dallas County, Texas, 75201, United States",174630.43,32.7743802,-96.8059397,,commercial_industrial_unknown,unknown,"MULTIPOLYGON (((-96.806691 32.775592, -96.806191 32.773606, -96.805967 32.773646, -96.805896 32.773365, -96.804902 32.773542, -96.805028 32.774042, -96.805635 32.773934, -96.805733 32.774324, -96.805769 32.774317, -96.805794 32.774418, -96.805786 32.774419, -96.8058 32.774477, -96.805826 32.774473, -96.805854 32.774586, -96.806279 32.774511, -96.806333 32.774723, -96.805924 32.774796, -96.805935 32.774839, -96.805885 32.774848, -96.806099 32.775697, -96.806691 32.775592)))",microsoft_us_building_footprints
ms-tx-000492,Microsoft footprint TX #493,TX,Frisco,Collin County,"Staples, 3333, Preston Road, Frisco, Collin County, Texas, 75034, United States",178895.67,33.1081277,-96.8095940,,commercial_industrial_unknown,unknown,"MULTIPOLYGON (((-96.807864 33.10814, -96.80798 33.10873, -96.808001 33.108727, -96.80799 33.108675, -96.808199 33.108646, -96.808135 33.108316, -96.808221 33.108304, -96.808236 33.108383, -96.808443 33.108354, -96.808513 33.108713, -96.80862 33.108699, -96.808605 33.108622, -96.809083 33.108556, -96.809069 33.108484, -96.809194 33.108467, -96.809211 33.108552, -96.809339 33.108535, -96.809333 33.108504, -96.809599 33.108467, -96.809551 33.108218, -96.810436 33.108096, -96.810474 33.108289, -96.810973 33.108221, -96.810947 33.108087, -96.811328 33.108035, -96.811238 33.107577, -96.810348 33.1077, -96.810367 33.107796, -96.807864 33.10814)))",microsoft_us_building_footprints
ms-tx-000493,Microsoft footprint TX #494,TX,,Grayson County,"Grayson County, Texas, United States",123277.25,33.7958782,-96.8084686,,commercial_industrial_unknown,unknown,"MULTIPOLYGON (((-96.808908 33.795275, -96.808223 33.795383, -96.807681 33.795851, -96.807736 33.796093, -96.807824 33.796164, -96.807826 33.796161, -96.808323 33.796362, -96.808395 33.796679, -96.808694 33.796799, -96.808685 33.796761, -96.808702 33.796758, -96.808868 33.796474, -96.808492 33.796173, -96.808374 33.796275, -96.808361 33.79627, -96.808351 33.796279, -96.808313 33.796248, -96.808441 33.796137, -96.808351 33.796152, -96.808255 33.796074, -96.808372 33.795973, -96.808372 33.795973, -96.808408 33.795942, -96.809107 33.795832, -96.809119 33.795837, -96.80914 33.795802, -96.809198 33.795849, -96.809177 33.795754, -96.809284 33.795737, -96.809299 33.795711, -96.809348 33.795627, -96.808908 33.795275)))",microsoft_us_building_footprints
ms-tx-000494,Microsoft footprint TX #495,TX,Carrollton,Denton County,"Bible Church, Marsh Lane, Carrollton, Denton County, Texas, 75187, United States",192360.36,33.0219247,-96.8512382,,commercial_industrial_unknown,unknown,"MULTIPOLYGON (((-96.850946 33.021824, -96.850844 33.021822, -96.850837 33.022014, -96.850322 33.022387, -96.850786 33.022616, -96.850781 33.022767, -96.851291 33.02278, -96.851294 33.022705, -96.851362 33.022656, -96.851487 33.022778, -96.852134 33.022795, -96.852135 33.022769, -96.851438 33.022091, -96.851439 33.022061, -96.851459 33.022046, -96.851442 33.022016, -96.851447 33.021889, -96.851828 33.021613, -96.85183 33.021561, -96.85195 33.021564, -96.851842 33.021459, -96.851798 33.021491, -96.851797 33.021515, -96.851793 33.021513, -96.851595 33.02132, -96.851613 33.020825, -96.851109 33.020812, -96.851103 33.02097, -96.850842 33.020963, -96.850827 33.021386, -96.850962 33.021389, -96.850946 33.021824)))",microsoft_us_building_footprints
ms-tx-000495,Microsoft footprint TX #496,TX,Midland,Midland County,"Lowe's, 3315, North Loop 250 West, Grandridge Park, Midland, Midland County, Texas, 79707, United States",169396.24,32.0134977,-102.1608519,,commercial_industrial_unknown,unknown,"MULTIPOLYGON (((-102.160479 32.012661, -102.16046 32.012769, -102.160429 32.012765, -102.160412 32.012865, -102.160417 32.012865, -102.160332 32.01337, -102.160359 32.013373, -102.160269 32.013909, -102.160202 32.013901, -102.160165 32.014117, -102.160212 32.014123, -102.160203 32.01418, -102.161062 32.014284, -102.161115 32.013975, -102.161272 32.013994, -102.161369 32.013423, -102.161595 32.013451, -102.161644 32.013163, -102.161443 32.013138, -102.161487 32.012878, -102.16135 32.012862, -102.161363 32.012784, -102.161114 32.012753, -102.161078 32.012965, -102.160953 32.01295, -102.160954 32.012941, -102.160793 32.012921, -102.16081 32.012819, -102.160593 32.012792, -102.160613 32.012678, -102.160479 32.012661)))",microsoft_us_building_footprints
ms-tx-000496,Microsoft footprint TX #497,TX,Lahey,Terry County,"US 62;US 385, Lahey, Terry County, Texas, United States",107930.45,33.1293156,-102.3319603,,commercial_industrial_unknown,unknown,"MULTIPOLYGON (((-102.332593 33.128431, -102.331669 33.129184, -102.331734 33.129181, -102.331735 33.1292, -102.331714 33.129217, -102.33177 33.129228, -102.331819 33.129187, -102.331857 33.129194, -102.331819 33.129225, -102.331823 33.129299, -102.331862 33.129268, -102.331874 33.129484, -102.331565 33.129735, -102.331451 33.12974, -102.331429 33.129735, -102.331345 33.129663, -102.331261 33.129666, -102.331257 33.129588, -102.331204 33.129589, -102.330815 33.129906, -102.330908 33.129987, -102.330944 33.129957, -102.331256 33.130226, -102.332439 33.129262, -102.332376 33.129207, -102.332386 33.12917, -102.332411 33.129192, -102.332599 33.129229, -102.332525 33.129165, -102.332654 33.12906, -102.332592 33.129007, -102.332937 33.128726, -102.332593 33.128431)))",microsoft_us_building_footprints
ms-tx-000497,Microsoft footprint TX #498,TX,Dallas,Dallas County,"Medical District Drive, Dallas, Dallas County, Texas, 75291, United States",138078.94,32.8128857,-96.8304426,,commercial_industrial_unknown,unknown,"MULTIPOLYGON (((-96.829341 32.813161, -96.829996 32.813695, -96.830168 32.813546, -96.830123 32.813509, -96.830161 32.813447, -96.83022 32.813396, -96.830288 32.813452, -96.830469 32.813295, -96.830363 32.81314, -96.830432 32.81308, -96.830583 32.813203, -96.83125 32.812625, -96.831358 32.812713, -96.831523 32.81257, -96.831186 32.812054, -96.831114 32.811995, -96.830956 32.812132, -96.830976 32.812148, -96.831164 32.812423, -96.831032 32.812537, -96.830981 32.812496, -96.831067 32.812421, -96.830831 32.812229, -96.83005 32.812905, -96.830039 32.81287, -96.829901 32.812757, -96.829692 32.812858, -96.829761 32.812959, -96.829341 32.813161)))",microsoft_us_building_footprints
ms-tx-000498,Microsoft footprint TX #499,TX,Farmers Branch,Dallas County,"4800, Spring Valley Road, Farmers Branch, Dallas County, Texas, 75240, United States",338095.47,32.9387124,-96.8288420,,commercial_industrial_unknown,unknown,"MULTIPOLYGON (((-96.830248 32.938082, -96.828247 32.938083, -96.828247 32.938134, -96.828212 32.938134, -96.828213 32.938242, -96.828127 32.938242, -96.828127 32.938279, -96.827567 32.93828, -96.827568 32.938737, -96.827466 32.938737, -96.827466 32.938765, -96.827517 32.938765, -96.827517 32.938801, -96.827568 32.938801, -96.827568 32.939233, -96.827501 32.939233, -96.827501 32.939298, -96.827389 32.939298, -96.827389 32.939354, -96.829788 32.939352, -96.829787 32.938765, -96.830249 32.938764, -96.830248 32.938082)))",microsoft_us_building_footprints
ms-tx-000499,Microsoft footprint TX #500,TX,Dallas,Dallas County,"Marvin D Love Freeway, Dallas, Dallas County, Texas, 75237, United States",127036.04,32.6636261,-96.8710142,,commercial_industrial_unknown,unknown,"MULTIPOLYGON (((-96.870084 32.663173, -96.869695 32.663653, -96.869879 32.663759, -96.870108 32.663477, -96.870345 32.663613, -96.870086 32.663933, -96.870145 32.663967, -96.870175 32.66393, -96.870546 32.664142, -96.87058 32.6641, -96.871475 32.664088, -96.871472 32.663915, -96.87156 32.663914, -96.87186 32.663543, -96.871958 32.663599, -96.872326 32.663145, -96.872214 32.662834, -96.871935 32.662906, -96.872012 32.663118, -96.871956 32.663187, -96.871904 32.663157, -96.87187 32.663157, -96.87142 32.663715, -96.871039 32.66372, -96.870084 32.663173)))",microsoft_us_building_footprints
