id,name,state,city,roof_area_sqft,latitude,longitude,company_id,building_type,land_use_type,footprint_wkt,data_source
ms-tx-000000,Microsoft footprint TX #1,TX,,242367.4,32.3025810,-96.5915369,,commercial_industrial_unknown,unknown,"MULTIPOLYGON (((-96.591738 32.301626, -96.590909 32.301977, -96.590859 32.301894, -96.590493 32.302049, -96.591379 32.303544, -96.591566 32.303465, -96.591636 32.303583, -96.591889 32.303475, -96.591798 32.303323, -96.592555 32.303002, -96.591738 32.301626)))",microsoft_us_building_footprints
ms-tx-000001,Microsoft footprint TX #2,TX,,157712.79,36.4026593,-100.1379106,,commercial_industrial_unknown,unknown,"MULTIPOLYGON (((-100.138519 36.402809, -100.137863 36.402116, -100.137607 36.40203, -100.1376 36.401945, -100.137461 36.401899, -100.137375 36.401903, -100.137279 36.401962, -100.137284 36.40202, -100.137204 36.401993, -100.137123 36.402042, -100.137087 36.402111, -100.136975 36.402118, -100.136872 36.402009, -100.136655 36.402021, -100.137244 36.402644, -100.137288 36.402617, -100.137476 36.402681, -100.13749 36.402841, -100.137759 36.402931, -100.137785 36.40324, -100.137843 36.4033, -100.138253 36.403277, -100.138258 36.403283, -100.138738 36.403445, -100.13861 36.403309, -100.138647 36.403238, -100.138559 36.403144, -100.138988 36.40312, -100.139156 36.403017, -100.139151 36.402959, -100.138985 36.402784, -100.138519 36.402809)))",microsoft_us_building_footprints
ms-tx-000002,Microsoft footprint TX #3,TX,,336658.79,32.4927996,-100.3628598,,commercial_industrial_unknown,unknown,"MULTIPOLYGON (((-100.362734 32.491587, -100.362727 32.491572, -100.362328 32.491691, -100.362154 32.491592, -100.361698 32.491729, -100.361945 32.49187, -100.362199 32.491794, -100.362114 32.4919, -100.362083 32.491882, -100.362099 32.491922, -100.361671 32.49205, -100.361784 32.49232, -100.361737 32.492335, -100.361697 32.49224, -100.36169 32.492242, -100.361866 32.49266, -100.362175 32.492568, -100.362368 32.493025, -100.362504 32.492984, -100.363067 32.494323, -100.363722 32.494127, -100.363525 32.493657, -100.363824 32.493283, -100.364136 32.49346, -100.364246 32.493322, -100.3638 32.493067, -100.363671 32.493228, -100.363033 32.491712, -100.362981 32.491728, -100.362734 32.491587)))",microsoft_us_building_footprints
ms-tx-000003,Microsoft footprint TX #4,TX,,121145.32,32.7257737,-96.6383136,,commercial_industrial_unknown,unknown,"MULTIPOLYGON (((-96.63788 32.726352, -96.638051 32.726355, -96.638048 32.726498, -96.638303 32.726502, -96.638301 32.72661, -96.639049 32.726621, -96.638956 32.726362, -96.638322 32.726352, -96.638324 32.726269, -96.638425 32.72627, -96.638438 32.725648, -96.638285 32.725645, -96.638262 32.725579, -96.638615 32.725585, -96.638617 32.725497, -96.638578 32.725496, -96.63857 32.725474, -96.638785 32.725477, -96.638791 32.725186, -96.638723 32.725185, -96.638726 32.725019, -96.638295 32.725012, -96.638296 32.724962, -96.637918 32.724956, -96.637915 32.725106, -96.637886 32.725113, -96.63797 32.725347, -96.638046 32.725348, -96.638043 32.725502, -96.637898 32.725499, -96.63788 32.726352)))",microsoft_us_building_footprints
ms-tx-000004,Microsoft footprint TX #5,TX,,112297.7,32.9213006,-96.6225811,,commercial_industrial_unknown,unknown,"MULTIPOLYGON (((-96.622029 32.920782, -96.622009 32.921626, -96.622385 32.921632, -96.62239 32.921396, -96.622468 32.921397, -96.622456 32.921897, -96.623081 32.921907, -96.623086 32.921691, -96.623027 32.92169, -96.623035 32.921327, -96.623078 32.921328, -96.623089 32.920871, -96.622995 32.92087, -96.622998 32.920739, -96.622746 32.920735, -96.622743 32.920877, -96.622393 32.920871, -96.622395 32.920788, -96.622029 32.920782)))",microsoft_us_building_footprints
ms-tx-000005,Microsoft footprint TX #6,TX,,263020.51,32.7791482,-96.6516478,,commercial_industrial_unknown,unknown,"MULTIPOLYGON (((-96.651041 32.77809, -96.650685 32.778081, -96.650215 32.778469, -96.650325 32.778563, -96.650325 32.778559, -96.652278 32.780231, -96.652285 32.780232, -96.652392 32.780323, -96.653036 32.779792, -96.65292 32.779693, -96.652989 32.779636, -96.652761 32.779441, -96.6527 32.779491, -96.652676 32.77949, -96.651041 32.77809)))",microsoft_us_building_footprints
ms-tx-000006,Microsoft footprint TX #7,TX,,279616.5,32.7751198,-96.6567539,,commercial_industrial_unknown,unknown,"MULTIPOLYGON (((-96.656324 32.773975, -96.655808 32.7744, -96.655775 32.774372, -96.655736 32.774404, -96.655772 32.774435, -96.655471 32.774683, -96.657399 32.776338, -96.657875 32.775946, -96.657856 32.775929, -96.657972 32.775834, -96.657712 32.775611, -96.65771 32.775613, -96.657364 32.775315, -96.65763 32.775096, -96.656324 32.773975)))",microsoft_us_building_footprints
ms-tx-000007,Microsoft footprint TX #8,TX,,243234.5,32.8780465,-96.6635098,,commercial_industrial_unknown,unknown,"MULTIPOLYGON (((-96.662632 32.878578, -96.663825 32.878587, -96.663824 32.878684, -96.664307 32.878687, -96.664308 32.878586, -96.664587 32.878588, -96.664588 32.878457, -96.664427 32.878456, -96.664432 32.877964, -96.664521 32.877965, -96.664522 32.877839, -96.664433 32.877838, -96.664434 32.877714, -96.664523 32.877715, -96.664524 32.877621, -96.664421 32.877621, -96.664423 32.877491, -96.662637 32.877478, -96.662635 32.877609, -96.662399 32.877607, -96.662398 32.877703, -96.662501 32.877703, -96.662494 32.878376, -96.662634 32.878377, -96.662632 32.878578)))",microsoft_us_building_footprints
ms-tx-000008,Microsoft footprint TX #9,TX,,335705.49,32.9048685,-96.6725883,,commercial_industrial_unknown,unknown,"MULTIPOLYGON (((-96.671458 32.904199, -96.671444 32.90552, -96.673718 32.905538, -96.673733 32.904217, -96.671458 32.904199)))",microsoft_us_building_footprints
ms-tx-000009,Microsoft footprint TX #10,TX,,100874.29,33.0953565,-96.6740015,,commercial_industrial_unknown,unknown,"MULTIPOLYGON (((-96.673415 33.095913, -96.674033 33.096098, -96.674588 33.0948, -96.67397 33.094615, -96.673415 33.095913)))",microsoft_us_building_footprints
ms-tx-000010,Microsoft footprint TX #11,TX,,187859.23,33.0057517,-96.6685746,,commercial_industrial_unknown,unknown,"MULTIPOLYGON (((-96.668172 33.004667, -96.668157 33.006778, -96.668556 33.00678, -96.668556 33.006668, -96.66868 33.006669, -96.66868 33.00666, -96.669101 33.006662, -96.669107 33.005879, -96.668905 33.005878, -96.668914 33.004671, -96.668172 33.004667)))",microsoft_us_building_footprints
ms-tx-000011,Microsoft footprint TX #12,TX,,107624.14,32.9047320,-96.6680305,,commercial_industrial_unknown,unknown,"MULTIPOLYGON (((-96.668449 32.904153, -96.66762 32.904149, -96.667612 32.905311, -96.668441 32.905315, -96.668449 32.904153)))",microsoft_us_building_footprints
ms-tx-000012,Microsoft footprint TX #13,TX,,101527.82,33.0061698,-96.6706207,,commercial_industrial_unknown,unknown,"MULTIPOLYGON (((-96.670284 33.006642, -96.670126 33.006641, -96.670125 33.006841, -96.670659 33.006843, -96.67066 33.006649, -96.671011 33.006651, -96.671017 33.005543, -96.67029 33.00554, -96.670284 33.006642)))",microsoft_us_building_footprints
ms-tx-000013,Microsoft footprint TX #14,TX,,103426.04,32.8018893,-96.6864082,,commercial_industrial_unknown,unknown,"MULTIPOLYGON (((-96.68754 32.801695, -96.687334 32.801683, -96.687329 32.801744, -96.686159 32.801676, -96.686181 32.801411, -96.685768 32.801387, -96.685755 32.801552, -96.685587 32.801542, -96.68558 32.801627, -96.685713 32.801635, -96.685729 32.801649, -96.685688 32.802157, -96.686175 32.802185, -96.686154 32.802434, -96.686403 32.802448, -96.686478 32.802385, -96.686509 32.802001, -96.686693 32.802012, -96.686636 32.802061, -96.686634 32.802061, -96.686637 32.802031, -96.686574 32.802028, -96.68657 32.802073, -96.68668 32.802079, -96.686679 32.802085, -96.687202 32.802115, -96.687168 32.802087, -96.686848 32.802068, -96.686856 32.801976, -96.687514 32.802015, -96.68754 32.801695)))",microsoft_us_building_footprints
ms-tx-000014,Microsoft footprint TX #15,TX,,297177.23,32.8772837,-96.6731578,,commercial_industrial_unknown,unknown,"MULTIPOLYGON (((-96.673084 32.876127, -96.672938 32.876129, -96.672942 32.8763, -96.672018 32.876317, -96.672044 32.877305, -96.673423 32.877279, -96.673429 32.877505, -96.672345 32.877525, -96.672355 32.877898, -96.672998 32.877885, -96.672993 32.877685, -96.673176 32.877682, -96.67318 32.877801, -96.673388 32.877797, -96.673409 32.878591, -96.673782 32.878584, -96.673776 32.878364, -96.67425 32.878355, -96.674237 32.877856, -96.674099 32.877859, -96.674092 32.87762, -96.674003 32.877622, -96.674009 32.877861, -96.673857 32.877864, -96.673848 32.877507, -96.67347 32.877514, -96.673464 32.877284, -96.674363 32.877267, -96.674351 32.876805, -96.673404 32.876822, -96.673411 32.877051, -96.673103 32.876827, -96.673084 32.876127)))",microsoft_us_building_footprints
ms-tx-000015,Microsoft footprint TX #16,TX,,132603.11,32.7034234,-100.9446319,,commercial_industrial_unknown,unknown,"MULTIPOLYGON (((-100.944125 32.702982, -100.944092 32.703107, -100.943903 32.703072, -100.943985 32.703351, -100.944102 32.703391, -100.944029 32.703406, -100.944047 32.703468, -100.944077 32.703473, -100.944099 32.703551, -100.943974 32.703577, -100.944056 32.703858, -100.944345 32.703912, -100.944378 32.704023, -100.944872 32.703921, -100.944877 32.7039, -100.945118 32.70385, -100.945139 32.703772, -100.945237 32.703751, -100.945174 32.703538, -100.94513 32.70353, -100.945107 32.703453, -100.945152 32.703444, -100.945173 32.703365, -100.94546 32.703305, -100.945389 32.703063, -100.945073 32.703004, -100.945053 32.702933, -100.944673 32.703012, -100.944634 32.702877, -100.944125 32.702982)))",microsoft_us_building_footprints
ms-tx-000016,Microsoft footprint TX #17,TX,,138673.22,32.9436290,-96.6975968,,commercial_industrial_unknown,unknown,"MULTIPOLYGON (((-96.698364 32.94318, -96.697074 32.943188, -96.697075 32.943342, -96.696999 32.943343, -96.697001 32.943645, -96.696894 32.943646, -96.696894 32.943706, -96.696676 32.943707, -96.696679 32.944081, -96.696929 32.944079, -96.696929 32.944049, -96.697433 32.944046, -96.697432 32.943983, -96.697667 32.943981, -96.697667 32.944021, -96.697854 32.944019, -96.697853 32.943988, -96.698371 32.943985, -96.698364 32.94318)))",microsoft_us_building_footprints
ms-tx-000017,Microsoft footprint TX #18,TX,,128301.79,33.0959621,-96.6815402,,commercial_industrial_unknown,unknown,"MULTIPOLYGON (((-96.68239 33.095587, -96.681645 33.095616, -96.681647 33.095657, -96.681172 33.095675, -96.681168 33.095602, -96.680732 33.095619, -96.680737 33.095726, -96.680663 33.095729, -96.680698 33.096374, -96.680897 33.096366, -96.680891 33.096257, -96.680948 33.096255, -96.680947 33.09624, -96.681208 33.096229, -96.681217 33.096399, -96.681538 33.096387, -96.681531 33.096261, -96.681617 33.096258, -96.681615 33.096229, -96.682133 33.096209, -96.682142 33.096377, -96.682331 33.096369, -96.682322 33.096209, -96.682424 33.096205, -96.68239 33.095587)))",microsoft_us_building_footprints
ms-tx-000018,Microsoft footprint TX #19,TX,,103812.95,32.8338996,-96.6998680,,commercial_industrial_unknown,unknown,"MULTIPOLYGON (((-96.700865 32.834399, -96.700321 32.833965, -96.700265 32.834015, -96.700197 32.833961, -96.700302 32.833868, -96.699742 32.833421, -96.699715 32.833445, -96.699604 32.833356, -96.69962 32.833341, -96.699399 32.833164, -96.69943 32.833137, -96.699388 32.833103, -96.69936 32.833128, -96.699313 32.833091, -96.699263 32.833136, -96.699309 32.833173, -96.69913 32.833332, -96.699416 32.83356, -96.699371 32.8336, -96.699407 32.83363, -96.699159 32.833849, -96.699374 32.83402, -96.699323 32.834065, -96.699404 32.83413, -96.699448 32.834091, -96.699762 32.834341, -96.700007 32.834124, -96.700622 32.834615, -96.700865 32.834399)))",microsoft_us_building_footprints
ms-tx-000019,Microsoft footprint TX #20,TX,,201861.86,32.8935599,-96.6891858,,commercial_industrial_unknown,unknown,"MULTIPOLYGON (((-96.688374 32.893002, -96.688367 32.89411, -96.689997 32.894118, -96.690005 32.89301, -96.688374 32.893002)))",microsoft_us_building_footprints
ms-tx-000020,Microsoft footprint TX #21,TX,,103474.95,32.9017959,-96.7090709,,commercial_industrial_unknown,unknown,"MULTIPOLYGON (((-96.709617 32.901303, -96.709198 32.901234, -96.709206 32.901198, -96.70893 32.901152, -96.708825 32.901598, -96.708616 32.901563, -96.708493 32.902086, -96.70861 32.902106, -96.708601 32.902147, -96.708559 32.90214, -96.708534 32.90225, -96.709362 32.902387, -96.709617 32.901303)))",microsoft_us_building_footprints
ms-tx-000021,Microsoft footprint TX #22,TX,,163138.01,33.0364424,-96.6969311,,commercial_industrial_unknown,unknown,"MULTIPOLYGON (((-96.698419 33.036422, -96.698428 33.035826, -96.697742 33.035819, -96.697743 33.035772, -96.697665 33.035771, -96.697664 33.035821, -96.69749 33.035819, -96.69749 33.035767, -96.697399 33.035766, -96.697399 33.035818, -96.697222 33.035816, -96.697215 33.036223, -96.696139 33.036211, -96.696053 33.036277, -96.696053 33.0363, -96.696023 33.0363, -96.695866 33.036419, -96.695861 33.036766, -96.695654 33.036764, -96.695656 33.036669, -96.695468 33.036667, -96.695457 33.037387, -96.69607 33.037393, -96.696073 33.03713, -96.696108 33.037104, -96.696117 33.03651, -96.696262 33.036399, -96.698419 33.036422)))",microsoft_us_building_footprints
ms-tx-000022,Microsoft footprint TX #23,TX,,140289.76,32.8704426,-96.7301001,,commercial_industrial_unknown,unknown,"MULTIPOLYGON (((-96.730877 32.870522, -96.730944 32.870732, -96.731152 32.870685, -96.731068 32.870422, -96.731422 32.870342, -96.731376 32.870197, -96.730434 32.87041, -96.730392 32.870278, -96.731297 32.870074, -96.731274 32.870002, -96.731034 32.869909, -96.729513 32.870252, -96.729437 32.870223, -96.729261 32.870544, -96.729184 32.870305, -96.72901 32.870345, -96.729055 32.870485, -96.728762 32.870552, -96.72926 32.870744, -96.728998 32.870804, -96.729051 32.870969, -96.729252 32.870923, -96.729311 32.871107, -96.729464 32.870829, -96.729943 32.870721, -96.729979 32.870831, -96.730154 32.870792, -96.730111 32.870657, -96.730347 32.870604, -96.730395 32.870754, -96.730551 32.870719, -96.730515 32.870604, -96.730877 32.870522)))",microsoft_us_building_footprints
ms-tx-000023,Microsoft footprint TX #24,TX,,124112.15,32.7840686,-96.7385014,,commercial_industrial_unknown,unknown,"MULTIPOLYGON (((-96.7386 32.784851, -96.738592 32.784098, -96.738989 32.784095, -96.738985 32.783784, -96.739593 32.783732, -96.739591 32.783497, -96.738886 32.783503, -96.738794 32.783711, -96.73857 32.783713, -96.738588 32.783759, -96.738532 32.783775, -96.73855 32.783734, -96.73851 32.783695, -96.738519 32.783641, -96.738475 32.783531, -96.738231 32.783533, -96.738233 32.783722, -96.738002 32.783724, -96.7379 32.783955, -96.737665 32.783957, -96.737666 32.784026, -96.737884 32.784094, -96.737885 32.784181, -96.737997 32.784149, -96.737998 32.784259, -96.737883 32.784259, -96.737885 32.784442, -96.737949 32.784505, -96.738105 32.784503, -96.738109 32.784855, -96.7386 32.784851)))",microsoft_us_building_footprints
ms-tx-000024,Microsoft footprint TX #25,TX,,277967.54,34.3623049,-101.4952682,,commercial_industrial_unknown,unknown,"MULTIPOLYGON (((-101.494407 34.361563, -101.494291 34.3616, -101.494398 34.361826, -101.494362 34.361864, -101.494889 34.362004, -101.49466 34.362079, -101.494442 34.362021, -101.494123 34.362352, -101.494151 34.362411, -101.494535 34.362417, -101.494529 34.362648, -101.494692 34.362754, -101.494655 34.362847, -101.494551 34.362846, -101.49451 34.362952, -101.494987 34.363264, -101.495083 34.363266, -101.495165 34.363056, -101.495231 34.363194, -101.4955 34.363266, -101.495697 34.363202, -101.495757 34.363049, -101.495931 34.362992, -101.495941 34.362529, -101.495976 34.362518, -101.495988 34.362019, -101.495947 34.361992, -101.495948 34.361968, -101.496584 34.361762, -101.496587 34.361627, -101.496511 34.361607, -101.496512 34.361596, -101.494407 34.361563)))",microsoft_us_building_footprints
ms-tx-000025,Microsoft footprint TX #26,TX,,105207.95,32.4684877,-101.5046260,,commercial_industrial_unknown,unknown,"MULTIPOLYGON (((-101.505364 32.468268, -101.504461 32.468054, -101.504339 32.468133, -101.50439 32.467982, -101.504334 32.467987, -101.504115 32.46813, -101.504107 32.468153, -101.504141 32.468131, -101.504188 32.468182, -101.503925 32.468353, -101.50385 32.468579, -101.503868 32.468713, -101.504101 32.468691, -101.504212 32.468812, -101.504239 32.468732, -101.50432 32.468751, -101.504385 32.468803, -101.504529 32.468709, -101.504556 32.468913, -101.504716 32.468951, -101.504726 32.46892, -101.504832 32.468851, -101.504911 32.468937, -101.504914 32.468926, -101.505128 32.468977, -101.505364 32.468268)))",microsoft_us_building_footprints
ms-tx-000026,Microsoft footprint TX #27,TX,,171138.5,32.2840227,-101.5085441,,commercial_industrial_unknown,unknown,"MULTIPOLYGON (((-101.5077 32.283645, -101.507962 32.284663, -101.509388 32.284401, -101.509126 32.283382, -101.5077 32.283645)))",microsoft_us_building_footprints
ms-tx-000027,Microsoft footprint TX #28,TX,,205342.49,35.1673477,-101.7101066,,commercial_industrial_unknown,unknown,"MULTIPOLYGON (((-101.711343 35.167738, -101.71135 35.166954, -101.710624 35.166949, -101.710623 35.166979, -101.710632 35.16701, -101.710665 35.167002, -101.710672 35.16702, -101.710685 35.167017, -101.710684 35.167059, -101.710499 35.167058, -101.710429 35.167076, -101.710405 35.167064, -101.710343 35.167063, -101.710344 35.167067, -101.710309 35.167066, -101.710309 35.167045, -101.710346 35.167046, -101.710347 35.167008, -101.710353 35.167, -101.710338 35.16696, -101.708875 35.16695, -101.708867 35.167721, -101.711343 35.167738)))",microsoft_us_building_footprints
ms-tx-000028,Microsoft footprint TX #29,TX,,120002.57,32.7417227,-96.7594682,,commercial_industrial_unknown,unknown,"MULTIPOLYGON (((-96.759279 32.74226, -96.75948 32.742328, -96.759579 32.742121, -96.760332 32.741903, -96.760177 32.741763, -96.76017 32.741636, -96.760093 32.741566, -96.760092 32.741567, -96.759864 32.741359, -96.759241 32.741844, -96.759128 32.741742, -96.760079 32.741003, -96.759966 32.740901, -96.759433 32.741316, -96.759173 32.741079, -96.758909 32.741284, -96.758909 32.742344, -96.75928 32.74247, -96.759382 32.74239, -96.759046 32.742084, -96.759276 32.741905, -96.759601 32.742015, -96.75948 32.742043, -96.759405 32.742043, -96.759455 32.742005, -96.759307 32.742005, -96.759176 32.742107, -96.75922 32.742215, -96.759279 32.742215, -96.759279 32.74226)))",microsoft_us_building_footprints
ms-tx-000029,Microsoft footprint TX #30,TX,,184120.41,32.9254757,-96.7485435,,commercial_industrial_unknown,unknown,"MULTIPOLYGON (((-96.749091 32.924645, -96.748135 32.92459, -96.747996 32.926307, -96.748952 32.926361, -96.749091 32.924645)))",microsoft_us_building_footprints
ms-tx-000030,Microsoft footprint TX #31,TX,,106494.62,32.7561564,-96.7508505,,commercial_industrial_unknown,unknown,"MULTIPOLYGON (((-96.751071 32.755456, -96.750578 32.755873, -96.750643 32.755928, -96.750533 32.756021, -96.750434 32.755938, -96.750395 32.755971, -96.75029 32.755883, -96.750263 32.755906, -96.750292 32.755931, -96.75 32.756178, -96.750243 32.756382, -96.750305 32.756329, -96.750457 32.756456, -96.750676 32.756271, -96.750763 32.756345, -96.750601 32.756482, -96.750722 32.756583, -96.750641 32.756651, -96.75086 32.756834, -96.750942 32.756766, -96.751027 32.756837, -96.751405 32.756516, -96.751049 32.756219, -96.751513 32.755826, -96.751071 32.755456)))",microsoft_us_building_footprints
ms-tx-000031,Microsoft footprint TX #32,TX,,120108.67,33.5551923,-101.8243933,,commercial_industrial_unknown,unknown,"MULTIPOLYGON (((-101.82401 33.555929, -101.824799 33.55593, -101.8248 33.55523, -101.824345 33.55523, -101.824345 33.555107, -101.824756 33.555107, -101.824757 33.554422, -101.824012 33.554421, -101.824012 33.554701, -101.824117 33.554701, -101.824117 33.554823, -101.824011 33.554822, -101.82401 33.555104, -101.82408 33.555104, -101.82408 33.555229, -101.824011 33.555229, -101.82401 33.555929)))",microsoft_us_building_footprints
ms-tx-000032,Microsoft footprint TX #33,TX,,188858.02,32.6502726,-96.7531530,,commercial_industrial_unknown,unknown,"MULTIPOLYGON (((-96.753956 32.650809, -96.753893 32.650222, -96.753948 32.650218, -96.753881 32.64959, -96.753771 32.649599, -96.753768 32.649572, -96.753414 32.649598, -96.753419 32.64964, -96.753374 32.649643, -96.753441 32.650277, -96.753143 32.650299, -96.753161 32.650471, -96.753045 32.65048, -96.752934 32.64943, -96.752398 32.64947, -96.75251 32.650535, -96.752388 32.650545, -96.7524 32.650661, -96.752576 32.650648, -96.752617 32.651036, -96.752713 32.651028, -96.752717 32.651067, -96.752789 32.651061, -96.752784 32.651017, -96.752933 32.651006, -96.752938 32.65105, -96.753028 32.651043, -96.753023 32.650989, -96.753313 32.650968, -96.753301 32.650858, -96.753956 32.650809)))",microsoft_us_building_footprints
ms-tx-000033,Microsoft footprint TX #34,TX,,143511.41,32.8787812,-96.7689870,,commercial_industrial_unknown,unknown,"MULTIPOLYGON (((-96.768455 32.878201, -96.768446 32.878365, -96.768519 32.878369, -96.768497 32.878745, -96.768623 32.87875, -96.768579 32.879493, -96.768796 32.879502, -96.768791 32.879584, -96.769014 32.879593, -96.76902 32.879611, -96.769102 32.879614, -96.769094 32.879743, -96.769208 32.879767, -96.769217 32.879614, -96.769374 32.879563, -96.769369 32.879548, -96.769338 32.879547, -96.769432 32.87793, -96.769242 32.877922, -96.769236 32.878025, -96.768864 32.87801, -96.768782 32.878125, -96.768708 32.878143, -96.768695 32.878142, -96.768455 32.878201)))",microsoft_us_building_footprints
ms-tx-000034,Microsoft footprint TX #35,TX,,336841.9,35.1988758,-101.8802530,,commercial_industrial_unknown,unknown,"MULTIPOLYGON (((-101.878634 35.198215, -101.878642 35.198517, -101.879179 35.198508, -101.879198 35.198554, -101.879206 35.198844, -101.879538 35.198838, -101.879562 35.199754, -101.880216 35.199742, -101.880217 35.199783, -101.880282 35.199801, -101.881632 35.19943, -101.881624 35.199123, -101.88102 35.199134, -101.881014 35.198916, -101.880934 35.198894, -101.880932 35.198814, -101.881097 35.198812, -101.881088 35.198474, -101.881426 35.198468, -101.881419 35.198189, -101.88114 35.198194, -101.881138 35.19812, -101.880421 35.198133, -101.880425 35.198287, -101.880382 35.198299, -101.880378 35.198142, -101.88017 35.198146, -101.880171 35.19816, -101.879222 35.198177, -101.879215 35.198193, -101.878788 35.198201, -101.878788 35.198212, -101.878634 35.198215)))",microsoft_us_building_footprints
ms-tx-000035,Microsoft footprint TX #36,TX,,191345.38,34.6622583,-101.8806207,,commercial_industrial_unknown,unknown,"MULTIPOLYGON (((-101.880042 34.661765, -101.879704 34.661948, -101.879662 34.661939, -101.87967 34.661976, -101.879589 34.661989, -101.879583 34.661963, -101.879544 34.661955, -101.879368 34.662051, -101.879327 34.662189, -101.879597 34.662355, -101.879658 34.662631, -101.879911 34.662787, -101.880717 34.662665, -101.880952 34.662538, -101.881284 34.662604, -101.881396 34.662481, -101.881436 34.662347, -101.881614 34.66232, -101.882181 34.662434, -101.882334 34.66241, -101.882387 34.662233, -101.882319 34.662148, -101.882049 34.662094, -101.881659 34.662153, -101.88156 34.662092, -101.881523 34.661927, -101.881407 34.661903, -101.881214 34.662008, -101.88085 34.661935, -101.880842 34.661925, -101.8805 34.661856, -101.88029 34.661727, -101.880042 34.661765)))",microsoft_us_building_footprints
ms-tx-000036,Microsoft footprint TX #37,TX,,127016.28,33.5279617,-101.8829244,,commercial_industrial_unknown,unknown,"MULTIPOLYGON (((-101.883282 33.528289, -101.883283 33.528408, -101.883683 33.528406, -101.883675 33.527564, -101.883568 33.527565, -101.883568 33.527589, -101.882796 33.527594, -101.882796 33.527593, -101.882264 33.527597, -101.882264 33.527576, -101.882192 33.527577, -101.882192 33.527598, -101.882133 33.527598, -101.882135 33.52784, -101.882108 33.52784, -101.882109 33.527897, -101.882133 33.527897, -101.882136 33.528211, -101.882108 33.528211, -101.882108 33.528268, -101.882134 33.528268, -101.882134 33.528318, -101.88247 33.528316, -101.88247 33.528314, -101.882555 33.528314, -101.882555 33.528298, -101.883 33.528295, -101.883 33.528291, -101.883282 33.528289)))",microsoft_us_building_footprints
ms-tx-000037,Microsoft footprint TX #38,TX,,126866.92,32.8693443,-96.7712156,,commercial_industrial_unknown,unknown,"MULTIPOLYGON (((-96.771592 32.870018, -96.771595 32.868671, -96.77154 32.868671, -96.77154 32.868581, -96.770887 32.86858, -96.770887 32.86867, -96.770834 32.868669, -96.770833 32.869348, -96.770886 32.869348, -96.770885 32.86951, -96.770832 32.86951, -96.77083 32.870015, -96.770885 32.870015, -96.770885 32.870109, -96.771537 32.87011, -96.771537 32.870018, -96.771592 32.870018)))",microsoft_us_building_footprints
ms-tx-000038,Microsoft footprint TX #39,TX,,130243.9,33.0290698,-96.7715697,,commercial_industrial_unknown,unknown,"MULTIPOLYGON (((-96.771921 33.02719, -96.771602 33.027188, -96.7716 33.027348, -96.771675 33.027413, -96.771661 33.029316, -96.771592 33.029372, -96.77151 33.029371, -96.771203 33.029616, -96.771202 33.029744, -96.771117 33.029812, -96.770505 33.029809, -96.770503 33.03005, -96.771696 33.030056, -96.771696 33.03013, -96.771768 33.03013, -96.771769 33.030057, -96.7719 33.030058, -96.771921 33.02719)))",microsoft_us_building_footprints
ms-tx-000039,Microsoft footprint TX #40,TX,,113514.39,33.5667613,-101.9062850,,commercial_industrial_unknown,unknown,"MULTIPOLYGON (((-101.90553 33.566442, -101.905529 33.566547, -101.905487 33.566547, -101.905483 33.566964, -101.90553 33.566964, -101.905529 33.567054, -101.90648 33.567061, -101.906478 33.567305, -101.906705 33.567307, -101.906705 33.567248, -101.906736 33.567248, -101.906736 33.56719, -101.906704 33.567189, -101.906705 33.567135, -101.906933 33.567136, -101.906938 33.566592, -101.907084 33.566593, -101.907086 33.566454, -101.906987 33.566454, -101.906988 33.566397, -101.906768 33.566396, -101.906768 33.566358, -101.906495 33.566356, -101.906495 33.56633, -101.906396 33.566329, -101.906395 33.566448, -101.90553 33.566442)))",microsoft_us_building_footprints
ms-tx-000040,Microsoft footprint TX #41,TX,,322631.85,33.5647392,-101.9143140,,commercial_industrial_unknown,unknown,"MULTIPOLYGON (((-101.915153 33.56357, -101.914311 33.563557, -101.914289 33.564542, -101.914015 33.564538, -101.914032 33.563787, -101.913773 33.563783, -101.913697 33.564832, -101.913627 33.564859, -101.913666 33.56493, -101.913568 33.564928, -101.913331 33.56502, -101.913328 33.56515, -101.913004 33.565145, -101.912997 33.565456, -101.913322 33.565461, -101.913314 33.565796, -101.91402 33.565807, -101.914032 33.565297, -101.914301 33.565301, -101.9143 33.565362, -101.914252 33.565361, -101.914248 33.565528, -101.914851 33.565537, -101.914856 33.565313, -101.915128 33.565317, -101.915137 33.56493, -101.915262 33.564932, -101.915271 33.564537, -101.915233 33.564536, -101.915235 33.564463, -101.915133 33.564461, -101.915153 33.56357)))",microsoft_us_building_footprints
ms-tx-000041,Microsoft footprint TX #42,TX,,119195.09,32.8144846,-96.7880932,,commercial_industrial_unknown,unknown,"MULTIPOLYGON (((-96.788521 32.813376, -96.788471 32.813407, -96.788175 32.814036, -96.788183 32.814045, -96.788068 32.814289, -96.787975 32.814258, -96.787941 32.81433, -96.787888 32.814312, -96.787791 32.814519, -96.787719 32.814495, -96.787326 32.814747, -96.787219 32.814974, -96.787239 32.814996, -96.787253 32.814964, -96.788216 32.815285, -96.788422 32.814846, -96.788244 32.814787, -96.788582 32.814068, -96.788443 32.814021, -96.788487 32.813928, -96.788622 32.813973, -96.788714 32.813778, -96.788593 32.813738, -96.788638 32.813642, -96.788775 32.813688, -96.788868 32.813491, -96.788521 32.813376)))",microsoft_us_building_footprints
ms-tx-000042,Microsoft footprint TX #43,TX,,107433.72,32.8002106,-96.8071637,,commercial_industrial_unknown,unknown,"MULTIPOLYGON (((-96.807944 32.800188, -96.807363 32.799681, -96.807364 32.799667, -96.807299 32.79961, -96.807237 32.79966, -96.807234 32.799715, -96.807171 32.799712, -96.807154 32.799725, -96.807151 32.799772, -96.807091 32.799769, -96.807087 32.799825, -96.807023 32.799822, -96.807019 32.799883, -96.806973 32.799881, -96.806852 32.799776, -96.806482 32.800076, -96.806508 32.800099, -96.806503 32.800189, -96.806478 32.800209, -96.806477 32.800231, -96.80649 32.800242, -96.806487 32.800291, -96.806553 32.800348, -96.806558 32.800348, -96.807128 32.800845, -96.807167 32.800814, -96.807169 32.800778, -96.807195 32.800779, -96.807861 32.800239, -96.807862 32.800218, -96.807904 32.80022, -96.807944 32.800188)))",microsoft_us_building_footprints
ms-tx-000043,Microsoft footprint TX #44,TX,,129373.04,34.9786410,-101.9380288,,commercial_industrial_unknown,unknown,"MULTIPOLYGON (((-101.937763 34.978005, -101.937753 34.978746, -101.937736 34.97875, -101.937426 34.978747, -101.937423 34.978969, -101.937361 34.978968, -101.93736 34.979006, -101.937224 34.979004, -101.937219 34.979369, -101.937751 34.979374, -101.937753 34.979229, -101.938116 34.979232, -101.938123 34.978769, -101.938181 34.978754, -101.938543 34.978757, -101.938653 34.978729, -101.938654 34.978612, -101.938795 34.978613, -101.938801 34.978181, -101.938649 34.97818, -101.938652 34.977982, -101.93853 34.977981, -101.938528 34.978124, -101.938488 34.978124, -101.938489 34.978084, -101.938459 34.978007, -101.937967 34.978002, -101.93795 34.978007, -101.937763 34.978005)))",microsoft_us_building_footprints
ms-tx-000044,Microsoft footprint TX #45,TX,,119812.67,33.0830592,-96.8161871,,commercial_industrial_unknown,unknown,"MULTIPOLYGON (((-96.815867 33.083015, -96.815204 33.082716, -96.815148 33.082621, -96.815057 33.082579, -96.81489 33.082839, -96.814927 33.082902, -96.814849 33.083023, -96.815552 33.08334, -96.815556 33.083339, -96.815566 33.083323, -96.815811 33.083327, -96.815839 33.083375, -96.815994 33.083377, -96.816038 33.083397, -96.816147 33.083399, -96.816175 33.083412, -96.816258 33.083378, -96.816518 33.083382, -96.816549 33.083333, -96.816715 33.083336, -96.816803 33.0833, -96.816827 33.083339, -96.817542 33.083042, -96.817468 33.082918, -96.8175 33.082868, -96.817335 33.082589, -96.817245 33.082626, -96.817243 33.082713, -96.816625 33.082969, -96.816588 33.083027, -96.815867 33.083015)))",microsoft_us_building_footprints
ms-tx-000045,Microsoft footprint TX #46,TX,,112638.24,33.5019257,-101.9757300,,commercial_industrial_unknown,unknown,"MULTIPOLYGON (((-101.974826 33.502101, -101.974897 33.50216, -101.974919 33.502141, -101.975088 33.502281, -101.975065 33.5023, -101.975133 33.502357, -101.975238 33.50227, -101.975302 33.502324, -101.975326 33.502303, -101.975414 33.502376, -101.975451 33.502345, -101.975616 33.502483, -101.975929 33.502222, -101.976095 33.502361, -101.976258 33.502225, -101.976097 33.502091, -101.976605 33.501668, -101.976538 33.501613, -101.976524 33.501624, -101.976286 33.501426, -101.976181 33.501513, -101.976041 33.501395, -101.976019 33.501414, -101.975967 33.501371, -101.975625 33.501655, -101.975518 33.501566, -101.975454 33.50162, -101.975435 33.501604, -101.975323 33.501698, -101.975238 33.501626, -101.975186 33.501669, -101.975265 33.501735, -101.974826 33.502101)))",microsoft_us_building_footprints
ms-tx-000046,Microsoft footprint TX #47,TX,,113995.48,32.7946057,-96.8044231,,commercial_industrial_unknown,unknown,"MULTIPOLYGON (((-96.804891 32.793867, -96.803961 32.794128, -96.803509 32.794457, -96.803521 32.794469, -96.803523 32.794546, -96.803612 32.794632, -96.803744 32.794536, -96.803893 32.794681, -96.803896 32.794679, -96.804605 32.795365, -96.804766 32.795247, -96.804932 32.795244, -96.804925 32.79504, -96.804941 32.795039, -96.804935 32.795034, -96.804928 32.794816, -96.805009 32.794815, -96.805006 32.79474, -96.804896 32.794743, -96.804882 32.794296, -96.80435 32.794445, -96.804315 32.794358, -96.804267 32.794371, -96.804288 32.794425, -96.804308 32.794425, -96.804044 32.794617, -96.803825 32.794405, -96.804392 32.794246, -96.804355 32.794153, -96.804963 32.794139, -96.804958 32.794003, -96.804936 32.793982, -96.804891 32.793867)))",microsoft_us_building_footprints
ms-tx-000047,Microsoft footprint TX #48,TX,,120359.9,32.8122320,-96.8298110,,commercial_industrial_unknown,unknown,"MULTIPOLYGON (((-96.828888 32.812621, -96.829352 32.813009, -96.830734 32.811842, -96.830271 32.811455, -96.828888 32.812621)))",microsoft_us_building_footprints
ms-tx-000048,Microsoft footprint TX #49,TX,,186003.62,33.8045882,-96.8076895,,commercial_industrial_unknown,unknown,"MULTIPOLYGON (((-96.80704 33.8052, -96.807635 33.805348, -96.807786 33.805488, -96.808005 33.805405, -96.808231 33.80478, -96.808556 33.804538, -96.808459 33.804514, -96.808426 33.804333, -96.808348 33.80426, -96.807811 33.80466, -96.807726 33.804639, -96.807642 33.804171, -96.807811 33.804045, -96.808529 33.804223, -96.808482 33.804138, -96.808684 33.803988, -96.808578 33.803796, -96.808308 33.803863, -96.808219 33.803781, -96.80821 33.803784, -96.808055 33.803746, -96.807762 33.803964, -96.807423 33.803879, -96.807437 33.803956, -96.807283 33.803918, -96.807258 33.803782, -96.807144 33.803754, -96.807112 33.803844, -96.806987 33.803813, -96.807313 33.804115, -96.806901 33.804422, -96.80704 33.8052)))",microsoft_us_building_footprints
ms-tx-000049,Microsoft footprint TX #50,TX,,102589.59,32.9282927,-96.8361544,,commercial_industrial_unknown,unknown,"MULTIPOLYGON (((-96.835526 32.927926, -96.835522 32.928655, -96.836783 32.928659, -96.836787 32.927931, -96.835526 32.927926)))",microsoft_us_building_footprints
ms-tx-000050,Microsoft footprint TX #51,TX,,117200.58,32.9424889,-96.8153566,,commercial_industrial_unknown,unknown,"MULTIPOLYGON (((-96.815029 32.942127, -96.81503 32.942282, -96.814968 32.942282, -96.814967 32.942129, -96.814733 32.94213, -96.814733 32.942234, -96.814552 32.942235, -96.814556 32.942791, -96.814746 32.94279, -96.814747 32.942887, -96.814976 32.942885, -96.814976 32.942789, -96.815409 32.942787, -96.815409 32.942786, -96.815725 32.942784, -96.815726 32.942886, -96.815969 32.942885, -96.815968 32.942791, -96.816161 32.94279, -96.816158 32.942238, -96.815964 32.942239, -96.815964 32.942126, -96.815721 32.942127, -96.815722 32.942283, -96.815673 32.942283, -96.815672 32.942124, -96.815029 32.942127)))",microsoft_us_building_footprints
ms-tx-000051,Microsoft footprint TX #52,TX,,215169.14,32.0360281,-102.1284096,,commercial_industrial_unknown,unknown,"MULTIPOLYGON (((-102.128386 32.035413, -102.127083 32.03568, -102.127093 32.035714, -102.127032 32.035727, -102.127145 32.036123, -102.127 32.036152, -102.127067 32.036386, -102.127561 32.036285, -102.127573 32.036326, -102.127834 32.036273, -102.127852 32.036337, -102.128301 32.036245, -102.128264 32.036115, -102.128293 32.036109, -102.128408 32.036514, -102.129018 32.036389, -102.129054 32.036518, -102.129691 32.036388, -102.12971 32.036455, -102.129751 32.036428, -102.129754 32.036432, -102.129909 32.0364, -102.129889 32.036332, -102.129938 32.036322, -102.12977 32.035731, -102.128885 32.035912, -102.128895 32.035948, -102.128644 32.036, -102.128512 32.035855, -102.128386 32.035413)))",microsoft_us_building_footprints
ms-tx-000052,Microsoft footprint TX #53,TX,,128616.63,32.9369387,-96.8196524,,commercial_industrial_unknown,unknown,"MULTIPOLYGON (((-96.819174 32.937398, -96.819405 32.937399, -96.819404 32.937604, -96.819521 32.937604, -96.819521 32.937667, -96.81963 32.937667, -96.81963 32.937604, -96.820116 32.937605, -96.820117 32.937555, -96.820075 32.937555, -96.820076 32.937386, -96.82011 32.937387, -96.820111 32.937159, -96.820095 32.937159, -96.820096 32.936558, -96.820095 32.936558, -96.820095 32.936302, -96.819261 32.936301, -96.819261 32.936389, -96.819177 32.936389, -96.819174 32.937398)))",microsoft_us_building_footprints
ms-tx-000053,Microsoft footprint TX #54,TX,,125265.34,32.9625567,-96.8441156,,commercial_industrial_unknown,unknown,"MULTIPOLYGON (((-96.843698 32.963432, -96.844521 32.963422, -96.844516 32.963098, -96.844237 32.963102, -96.844228 32.96253, -96.844483 32.962527, -96.844486 32.962707, -96.844499 32.962707, -96.844479 32.96153, -96.843983 32.961536, -96.843995 32.962271, -96.843711 32.962274, -96.843714 32.962477, -96.843942 32.962474, -96.843944 32.962587, -96.843684 32.96259, -96.843698 32.963432)))",microsoft_us_building_footprints
ms-tx-000054,Microsoft footprint TX #55,TX,,235634.1,32.4426613,-96.8444904,,commercial_industrial_unknown,unknown,"MULTIPOLYGON (((-96.844255 32.441039, -96.844245 32.442678, -96.844111 32.442677, -96.844108 32.443087, -96.843974 32.443086, -96.843969 32.443919, -96.844243 32.443921, -96.844242 32.444068, -96.844829 32.44407, -96.844839 32.442436, -96.84493 32.442436, -96.844932 32.442113, -96.844838 32.442112, -96.844845 32.441042, -96.844255 32.441039)))",microsoft_us_building_footprints
ms-tx-000055,Microsoft footprint TX #56,TX,,154675.78,32.0096293,-102.1615879,,commercial_industrial_unknown,unknown,"MULTIPOLYGON (((-102.162492 32.010029, -102.161897 32.009786, -102.161837 32.009795, -102.161822 32.009719, -102.161752 32.00969, -102.161487 32.009728, -102.161464 32.009613, -102.161746 32.009117, -102.161829 32.009151, -102.161884 32.009055, -102.161858 32.009044, -102.162014 32.008769, -102.161948 32.008743, -102.161981 32.008685, -102.161646 32.008548, -102.161632 32.008572, -102.161555 32.008541, -102.16105 32.009431, -102.16089 32.009454, -102.160738 32.009722, -102.160767 32.009868, -102.161127 32.010015, -102.16117 32.009939, -102.161183 32.010005, -102.161244 32.009996, -102.161232 32.009937, -102.161361 32.009989, -102.161402 32.010196, -102.162221 32.01053, -102.162248 32.010482, -102.162237 32.010478, -102.162492 32.010029)))",microsoft_us_building_footprints
ms-tx-000056,Microsoft footprint TX #57,TX,,122598.74,32.9314468,-96.8282365,,commercial_industrial_unknown,unknown,"MULTIPOLYGON (((-96.829269 32.931453, -96.828619 32.931453, -96.828618 32.931003, -96.827521 32.931004, -96.827522 32.931719, -96.827328 32.931719, -96.827328 32.931792, -96.82927 32.93179, -96.829269 32.931453)))",microsoft_us_building_footprints
ms-tx-000057,Microsoft footprint TX #58,TX,,108463.63,32.8307461,-96.8313989,,commercial_industrial_unknown,unknown,"MULTIPOLYGON (((-96.832053 32.830731, -96.831448 32.830222, -96.831311 32.830337, -96.831088 32.83015, -96.830601 32.830559, -96.831617 32.831414, -96.832099 32.83101, -96.83191 32.830851, -96.832053 32.830731)))",microsoft_us_building_footprints
ms-tx-000058,Microsoft footprint TX #59,TX,,140738.34,32.9576805,-96.8574725,,commercial_industrial_unknown,unknown,"MULTIPOLYGON (((-96.856411 32.957236, -96.856292 32.95778, -96.858534 32.958125, -96.858653 32.957581, -96.856411 32.957236)))",microsoft_us_building_footprints
ms-tx-000059,Microsoft footprint TX #60,TX,,104756.43,31.8601355,-102.3538136,,commercial_industrial_unknown,unknown,"MULTIPOLYGON (((-102.352578 31.860162, -102.352677 31.860563, -102.352892 31.860525, -102.35285 31.860355, -102.353042 31.860321, -102.353091 31.860517, -102.353928 31.860368, -102.353907 31.86028, -102.354112 31.860244, -102.354101 31.860198, -102.354188 31.860182, -102.354161 31.860071, -102.354248 31.860055, -102.354271 31.860149, -102.35424 31.860155, -102.354267 31.860262, -102.354858 31.860156, -102.354801 31.859926, -102.355114 31.85987, -102.355139 31.859969, -102.355217 31.859955, -102.355154 31.859702, -102.352578 31.860162)))",microsoft_us_building_footprints
ms-tx-000060,Microsoft footprint TX #61,TX,,103235.27,32.7736762,-96.8683666,,commercial_industrial_unknown,unknown,"MULTIPOLYGON (((-96.868105 32.773023, -96.867915 32.773618, -96.867955 32.773627, -96.867813 32.774074, -96.868736 32.774283, -96.868863 32.773884, -96.868734 32.773855, -96.868869 32.773432, -96.868676 32.773388, -96.868747 32.773167, -96.868105 32.773023)))",microsoft_us_building_footprints
ms-tx-000061,Microsoft footprint TX #62,TX,,229152.05,32.8295715,-96.8751215,,commercial_industrial_unknown,unknown,"MULTIPOLYGON (((-96.875409 32.828599, -96.874915 32.828714, -96.874935 32.828775, -96.874837 32.828798, -96.874825 32.828936, -96.874777 32.828947, -96.874737 32.828824, -96.874335 32.828918, -96.874339 32.82893, -96.874106 32.828985, -96.874201 32.82927, -96.874389 32.829226, -96.874508 32.829587, -96.874451 32.829625, -96.87448 32.829713, -96.874574 32.829691, -96.874693 32.830053, -96.874562 32.830142, -96.874603 32.830264, -96.874726 32.830392, -96.875304 32.830257, -96.875241 32.830066, -96.8753 32.830026, -96.875472 32.830545, -96.875483 32.830542, -96.875595 32.830466, -96.875609 32.830463, -96.875645 32.830501, -96.876015 32.830414, -96.876008 32.830392, -96.876004 32.830393, -96.875409 32.828599)))",microsoft_us_building_footprints
ms-tx-000062,Microsoft footprint TX #63,TX,,443921.66,32.7612070,-96.8824113,,commercial_industrial_unknown,unknown,"MULTIPOLYGON (((-96.880072 32.760986, -96.882816 32.761005, -96.882797 32.762931, -96.88365 32.762937, -96.883669 32.761002, -96.883582 32.761001, -96.883588 32.760348, -96.880078 32.760324, -96.880072 32.760986)))",microsoft_us_building_footprints
ms-tx-000063,Microsoft footprint TX #64,TX,,257201.01,32.9550003,-96.8806293,,commercial_industrial_unknown,unknown,"MULTIPOLYGON (((-96.881473 32.955603, -96.881488 32.954406, -96.880709 32.954399, -96.88071 32.954325, -96.880933 32.954327, -96.880935 32.954147, -96.880318 32.954141, -96.880316 32.954303, -96.880544 32.954305, -96.880543 32.954404, -96.879764 32.954397, -96.879748 32.955587, -96.880474 32.955594, -96.880473 32.955664, -96.879718 32.955657, -96.879717 32.955704, -96.881379 32.955719, -96.881372 32.956208, -96.881439 32.956208, -96.881446 32.955675, -96.880666 32.955668, -96.880667 32.955596, -96.881473 32.955603)))",microsoft_us_building_footprints
ms-tx-000064,Microsoft footprint TX #65,TX,,116125.02,33.0465819,-102.4262139,,commercial_industrial_unknown,unknown,"MULTIPOLYGON (((-102.426239 33.046872, -102.426411 33.046873, -102.426412 33.046772, -102.426964 33.046775, -102.426966 33.046551, -102.42675 33.046549, -102.426753 33.046178, -102.426819 33.046179, -102.426821 33.045969, -102.426741 33.045968, -102.426743 33.045792, -102.42649 33.04579, -102.426488 33.045978, -102.426588 33.045979, -102.426587 33.046091, -102.426383 33.04609, -102.426383 33.046153, -102.426319 33.046152, -102.426318 33.046227, -102.426245 33.046226, -102.426244 33.046373, -102.426195 33.046373, -102.426196 33.04624, -102.425896 33.046238, -102.425894 33.046454, -102.425481 33.046452, -102.425476 33.046977, -102.425838 33.046979, -102.425838 33.047027, -102.425937 33.047028, -102.425935 33.047274, -102.426236 33.047276, -102.426239 33.046872)))",microsoft_us_building_footprints
ms-tx-000065,Microsoft footprint TX #66,TX,,371323.56,32.7658144,-96.8866843,,commercial_industrial_unknown,unknown,"MULTIPOLYGON (((-96.887448 32.764716, -96.885945 32.764705, -96.88592 32.766912, -96.887424 32.766924, -96.887448 32.764716)))",microsoft_us_building_footprints
ms-tx-000066,Microsoft footprint TX #67,TX,,237813.35,34.7602989,-102.4735544,,commercial_industrial_unknown,unknown,"MULTIPOLYGON (((-102.472422 34.760429, -102.473016 34.761236, -102.473427 34.761145, -102.47327 34.760931, -102.473378 34.760877, -102.473448 34.760973, -102.473582 34.760906, -102.473568 34.760888, -102.473751 34.760797, -102.473726 34.760722, -102.473935 34.760676, -102.473919 34.760655, -102.473899 34.760664, -102.473888 34.760631, -102.473925 34.760623, -102.473862 34.760538, -102.474209 34.760366, -102.47458 34.760871, -102.474804 34.760759, -102.474613 34.760179, -102.47443 34.75993, -102.474123 34.760083, -102.474073 34.760014, -102.47431 34.759896, -102.474293 34.759844, -102.47417 34.759871, -102.473818 34.759393, -102.473524 34.759539, -102.473435 34.759418, -102.472878 34.759694, -102.473152 34.760066, -102.472422 34.760429)))",microsoft_us_building_footprints
ms-tx-000067,Microsoft footprint TX #68,TX,,187317.45,32.9977786,-96.8698859,,commercial_industrial_unknown,unknown,"MULTIPOLYGON (((-96.869365 32.997179, -96.869371 32.997397, -96.869294 32.997399, -96.869299 32.997583, -96.869232 32.997584, -96.86918 32.997734, -96.869067 32.997736, -96.869069 32.997806, -96.869012 32.997807, -96.869023 32.998191, -96.869129 32.998189, -96.869133 32.998349, -96.869278 32.998346, -96.86927 32.998081, -96.869391 32.998078, -96.869403 32.998489, -96.8699 32.998479, -96.869893 32.998224, -96.870371 32.998341, -96.870373 32.998337, -96.870647 32.998404, -96.870745 32.998124, -96.870362 32.99803, -96.87036 32.998035, -96.870117 32.997975, -96.870114 32.997891, -96.870475 32.997884, -96.870471 32.997742, -96.870551 32.997741, -96.870765 32.997128, -96.870545 32.997074, -96.870516 32.997157, -96.869365 32.997179)))",microsoft_us_building_footprints
ms-tx-000068,Microsoft footprint TX #69,TX,,336358.59,34.1836590,-102.5694404,,commercial_industrial_unknown,unknown,"MULTIPOLYGON (((-102.570216 34.18277, -102.569576 34.182787, -102.569571 34.18265, -102.569753 34.182645, -102.569742 34.182377, -102.569263 34.18239, -102.569275 34.182707, -102.568227 34.182783, -102.568236 34.183036, -102.568735 34.183023, -102.568863 34.183277, -102.568882 34.183782, -102.569216 34.183773, -102.569236 34.184284, -102.568581 34.184031, -102.568621 34.185052, -102.568771 34.185048, -102.568836 34.184977, -102.56891 34.184975, -102.568905 34.184846, -102.568982 34.184876, -102.56925 34.184471, -102.569511 34.184464, -102.569522 34.184741, -102.570027 34.184728, -102.570275 34.184288, -102.570216 34.18277)))",microsoft_us_building_footprints
ms-tx-000069,Microsoft footprint TX #70,TX,,128334.79,33.0746815,-96.8748806,,commercial_industrial_unknown,unknown,"MULTIPOLYGON (((-96.875684 33.0748, -96.875573 33.074592, -96.875671 33.074555, -96.875514 33.074259, -96.875429 33.074291, -96.875361 33.074164, -96.875632 33.074062, -96.875598 33.073999, -96.87541 33.074069, -96.875396 33.074043, -96.874971 33.074201, -96.875004 33.074263, -96.874758 33.074355, -96.874749 33.074338, -96.874534 33.074419, -96.87456 33.074467, -96.874423 33.074518, -96.874364 33.074408, -96.874134 33.074494, -96.87421 33.074636, -96.874029 33.074704, -96.874346 33.0753, -96.875684 33.0748)))",microsoft_us_building_footprints
ms-tx-000070,Microsoft footprint TX #71,TX,,156261.64,32.6878822,-96.9000750,,commercial_industrial_unknown,unknown,"MULTIPOLYGON (((-96.900782 32.688164, -96.901421 32.687995, -96.901418 32.687609, -96.901024 32.687601, -96.900998 32.687608, -96.899735 32.687617, -96.899727 32.687619, -96.899437 32.687621, -96.899429 32.687623, -96.899296 32.687624, -96.89928 32.687582, -96.899124 32.687583, -96.899124 32.687622, -96.898815 32.687625, -96.898821 32.688178, -96.900782 32.688164)))",microsoft_us_building_footprints
ms-tx-000071,Microsoft footprint TX #72,TX,,182887.5,32.9317238,-96.9053803,,commercial_industrial_unknown,unknown,"MULTIPOLYGON (((-96.904869 32.930951, -96.904869 32.932592, -96.905698 32.932592, -96.905698 32.931932, -96.906012 32.931932, -96.906011 32.931046, -96.905695 32.931046, -96.905695 32.930951, -96.904869 32.930951)))",microsoft_us_building_footprints
ms-tx-000072,Microsoft footprint TX #73,TX,,276405.33,32.7684999,-96.8932559,,commercial_industrial_unknown,unknown,"MULTIPOLYGON (((-96.894233 32.767782, -96.893201 32.767895, -96.893223 32.76804, -96.891799 32.768197, -96.891821 32.76834, -96.891974 32.768323, -96.892075 32.768973, -96.892217 32.768957, -96.892232 32.769049, -96.89288 32.768978, -96.892895 32.769071, -96.893406 32.769015, -96.89342 32.769106, -96.894422 32.768996, -96.894233 32.767782)))",microsoft_us_building_footprints
ms-tx-000073,Microsoft footprint TX #74,TX,,154456.17,32.9435732,-96.9198708,,commercial_industrial_unknown,unknown,"MULTIPOLYGON (((-96.920582 32.943124, -96.919406 32.943127, -96.919405 32.943015, -96.919141 32.943016, -96.919145 32.944116, -96.919402 32.944115, -96.919402 32.944008, -96.920711 32.944005, -96.92071 32.943732, -96.920653 32.943733, -96.920652 32.943403, -96.920583 32.943403, -96.920582 32.943124)))",microsoft_us_building_footprints
ms-tx-000074,Microsoft footprint TX #75,TX,,103388.12,33.0223159,-96.9258972,,commercial_industrial_unknown,unknown,"MULTIPOLYGON (((-96.925335 33.022742, -96.925962 33.022752, -96.925964 33.022645, -96.926026 33.022631, -96.926048 33.022631, -96.926048 33.022616, -96.926074 33.022617, -96.926071 33.022742, -96.926212 33.022745, -96.926212 33.02271, -96.926518 33.022715, -96.926523 33.022466, -96.926624 33.022468, -96.92663 33.022188, -96.926109 33.02218, -96.926091 33.022126, -96.926092 33.022078, -96.926058 33.021977, -96.926026 33.021985, -96.925972 33.021984, -96.925978 33.02174, -96.925966 33.021706, -96.925505 33.021699, -96.925495 33.022145, -96.92546 33.022154, -96.925415 33.022153, -96.925346 33.02217, -96.925333 33.022738, -96.925335 33.022742)))",microsoft_us_building_footprints
ms-tx-000075,Microsoft footprint TX #76,TX,,1101945.41,32.6900385,-96.8950882,,commercial_industrial_unknown,unknown,"MULTIPOLYGON (((-96.898336 32.689467, -96.893434 32.689461, -96.893435 32.68873, -96.891793 32.688728, -96.89179 32.690121, -96.892947 32.690122, -96.892947 32.690262, -96.893342 32.690263, -96.89334 32.690975, -96.898333 32.690981, -96.898336 32.689467)))",microsoft_us_building_footprints
ms-tx-000076,Microsoft footprint TX #77,TX,,142979.93,32.8726378,-96.9009192,,commercial_industrial_unknown,unknown,"MULTIPOLYGON (((-96.901221 32.87155, -96.900634 32.871547, -96.900617 32.873725, -96.901205 32.873728, -96.901221 32.87155)))",microsoft_us_building_footprints
ms-tx-000077,Microsoft footprint TX #78,TX,,100016.27,32.8399974,-96.9289679,,commercial_industrial_unknown,unknown,"MULTIPOLYGON (((-96.929342 32.83941, -96.928581 32.839409, -96.928579 32.840563, -96.92929 32.840564, -96.92929 32.840653, -96.929422 32.840653, -96.929422 32.840511, -96.929341 32.840511, -96.929342 32.83941)))",microsoft_us_building_footprints
ms-tx-000078,Microsoft footprint TX #79,TX,,262353.44,32.9890659,-96.9336655,,commercial_industrial_unknown,unknown,"MULTIPOLYGON (((-96.935062 32.990016, -96.932911 32.987707, -96.932285 32.988117, -96.93356 32.989486, -96.933537 32.989502, -96.933481 32.989442, -96.933419 32.989482, -96.933444 32.989508, -96.933424 32.989522, -96.933592 32.989702, -96.933622 32.989682, -96.933821 32.989896, -96.933866 32.989867, -96.933849 32.989848, -96.933914 32.989806, -96.93447 32.990403, -96.935062 32.990016)))",microsoft_us_building_footprints
ms-tx-000079,Microsoft footprint TX #80,TX,,136377.23,32.9975158,-96.9080465,,commercial_industrial_unknown,unknown,"MULTIPOLYGON (((-96.90806 32.99852, -96.908056 32.99793, -96.908054 32.99793, -96.90805 32.997325, -96.908322 32.996991, -96.909354 32.996986, -96.909358 32.996982, -96.90946 32.996981, -96.909458 32.996722, -96.909222 32.996724, -96.909222 32.996762, -96.907933 32.996768, -96.907674 32.997085, -96.907837 32.997178, -96.907751 32.997284, -96.907751 32.997419, -96.907422 32.99742, -96.907423 32.997707, -96.907347 32.997708, -96.907349 32.998111, -96.907394 32.998111, -96.907394 32.998151, -96.907805 32.998149, -96.907806 32.998309, -96.907363 32.998311, -96.907364 32.998511, -96.90745 32.99851, -96.907471 32.998522, -96.90806 32.99852)))",microsoft_us_building_footprints
ms-tx-000080,Microsoft footprint TX #81,TX,,156792.14,32.6496094,-96.9444484,,commercial_industrial_unknown,unknown,"MULTIPOLYGON (((-96.945216 32.650032, -96.945209 32.649199, -96.945031 32.6492, -96.94503 32.649127, -96.944768 32.649129, -96.944768 32.649153, -96.944264 32.649156, -96.944264 32.649132, -96.944033 32.649133, -96.944034 32.649205, -96.943685 32.649207, -96.943686 32.649336, -96.943533 32.649337, -96.943535 32.649586, -96.943691 32.649585, -96.943694 32.649943, -96.943918 32.649942, -96.943919 32.650038, -96.944422 32.650035, -96.944423 32.650184, -96.9448 32.650182, -96.944799 32.650034, -96.945216 32.650032)))",microsoft_us_building_footprints
ms-tx-000081,Microsoft footprint TX #82,TX,,355421.0,32.6928388,-96.9614556,,commercial_industrial_unknown,unknown,"MULTIPOLYGON (((-96.961835 32.6908, -96.961083 32.690799, -96.961079 32.692232, -96.960927 32.692232, -96.960927 32.692451, -96.961077 32.692451, -96.961069 32.694901, -96.961823 32.694903, -96.96183 32.692523, -96.962013 32.692523, -96.962014 32.692236, -96.961831 32.692236, -96.961835 32.6908)))",microsoft_us_building_footprints
ms-tx-000082,Microsoft footprint TX #83,TX,,159458.47,32.8991149,-96.9629599,,commercial_industrial_unknown,unknown,"MULTIPOLYGON (((-96.962859 32.89817, -96.961999 32.898647, -96.962522 32.899313, -96.962875 32.899117, -96.962955 32.899219, -96.962639 32.899394, -96.962684 32.899451, -96.962656 32.899467, -96.962682 32.899501, -96.963068 32.899287, -96.963227 32.89949, -96.96316 32.899527, -96.963113 32.899468, -96.962849 32.899613, -96.963289 32.900174, -96.963583 32.900011, -96.963516 32.899927, -96.96358 32.899891, -96.963527 32.899825, -96.963599 32.899785, -96.963649 32.89985, -96.963918 32.899701, -96.963479 32.899143, -96.963157 32.899322, -96.963102 32.899252, -96.963122 32.899241, -96.962964 32.89904, -96.963366 32.898817, -96.962859 32.89817)))",microsoft_us_building_footprints
ms-tx-000083,Microsoft footprint TX #84,TX,,130965.05,32.4931485,-96.9407527,,commercial_industrial_unknown,unknown,"MULTIPOLYGON (((-96.940008 32.493541, -96.940423 32.493553, -96.940428 32.493434, -96.940734 32.493442, -96.940821 32.493739, -96.940982 32.493705, -96.940978 32.493692, -96.941032 32.493681, -96.941043 32.493397, -96.941175 32.493401, -96.941163 32.493688, -96.941217 32.493689, -96.941215 32.49374, -96.941426 32.493696, -96.941441 32.493311, -96.941469 32.493312, -96.94138 32.493008, -96.941263 32.493005, -96.94128 32.492589, -96.941017 32.492582, -96.941006 32.492853, -96.940856 32.492849, -96.940864 32.492643, -96.940309 32.492627, -96.940125 32.492994, -96.940015 32.493017, -96.940002 32.493333, -96.940094 32.493336, -96.940068 32.493387, -96.940014 32.493386, -96.940008 32.493541)))",microsoft_us_building_footprints
ms-tx-000084,Microsoft footprint TX #85,TX,,158559.73,32.8351128,-96.9779156,,commercial_industrial_unknown,unknown,"MULTIPOLYGON (((-96.978826 32.835505, -96.978825 32.835221, -96.978547 32.835222, -96.978547 32.835222, -96.978444 32.835222, -96.978443 32.83474, -96.978396 32.83474, -96.978395 32.83465, -96.978365 32.83465, -96.978365 32.834593, -96.978088 32.834594, -96.978088 32.834474, -96.977466 32.834476, -96.977466 32.834557, -96.977233 32.834557, -96.977234 32.835186, -96.977469 32.835185, -96.977469 32.835237, -96.977672 32.835237, -96.977672 32.83529, -96.977364 32.835291, -96.977364 32.83549, -96.977557 32.83549, -96.977557 32.835562, -96.977364 32.835562, -96.977365 32.835758, -96.977762 32.835757, -96.977762 32.835669, -96.97844 32.835668, -96.97844 32.835506, -96.978826 32.835505)))",microsoft_us_building_footprints
ms-tx-000085,Microsoft footprint TX #86,TX,,202607.1,33.0232098,-96.9795052,,commercial_industrial_unknown,unknown,"MULTIPOLYGON (((-96.979155 33.024585, -96.979814 33.024592, -96.979855 33.021834, -96.979197 33.021827, -96.979155 33.024585)))",microsoft_us_building_footprints
ms-tx-000086,Microsoft footprint TX #87,TX,,284300.32,33.0410898,-96.9813842,,commercial_industrial_unknown,unknown,"MULTIPOLYGON (((-96.980385 33.041775, -96.982616 33.041735, -96.982614 33.041656, -96.982471 33.041658, -96.982454 33.040959, -96.981955 33.040968, -96.981954 33.040925, -96.981801 33.040928, -96.981802 33.040962, -96.981494 33.040967, -96.98149 33.040828, -96.98171 33.040824, -96.982046 33.040695, -96.982069 33.040737, -96.982211 33.040682, -96.982209 33.040595, -96.982482 33.040491, -96.982318 33.040191, -96.98172 33.040421, -96.98171 33.040403, -96.980651 33.040422, -96.980653 33.040499, -96.980074 33.040509, -96.980083 33.040848, -96.981445 33.040824, -96.981448 33.040954, -96.9805 33.040971, -96.980507 33.041257, -96.980373 33.041308, -96.980385 33.041775)))",microsoft_us_building_footprints
ms-tx-000087,Microsoft footprint TX #88,TX,,338477.06,32.8973518,-96.9827775,,commercial_industrial_unknown,unknown,"MULTIPOLYGON (((-96.983933 32.896237, -96.982652 32.896211, -96.98264 32.89664, -96.982511 32.896638, -96.982439 32.896749, -96.982488 32.896913, -96.982648 32.896916, -96.982582 32.897345, -96.982444 32.897342, -96.982441 32.897448, -96.98205 32.89744, -96.982047 32.897551, -96.981417 32.897538, -96.981396 32.89827, -96.982375 32.898335, -96.982374 32.898381, -96.982734 32.898547, -96.982849 32.898371, -96.982571 32.898365, -96.982605 32.898312, -96.982649 32.898332, -96.982698 32.898075, -96.983412 32.898089, -96.98343 32.897431, -96.983549 32.897406, -96.983552 32.897301, -96.983422 32.897241, -96.983427 32.89706, -96.98391 32.89707, -96.983933 32.896237)))",microsoft_us_building_footprints
ms-tx-000088,Microsoft footprint TX #89,TX,,108471.36,32.8301266,-96.9845476,,commercial_industrial_unknown,unknown,"MULTIPOLYGON (((-96.984911 32.829474, -96.984182 32.82947, -96.984172 32.830781, -96.9849 32.830785, -96.984905 32.830175, -96.984988 32.830176, -96.984989 32.829991, -96.984907 32.829991, -96.984911 32.829474)))",microsoft_us_building_footprints
ms-tx-000089,Microsoft footprint TX #90,TX,,162228.79,32.8397640,-96.9909806,,commercial_industrial_unknown,unknown,"MULTIPOLYGON (((-96.991934 32.839422, -96.991627 32.839424, -96.991626 32.839328, -96.991156 32.839331, -96.991155 32.839229, -96.990683 32.839232, -96.990684 32.839288, -96.989994 32.839293, -96.990002 32.840088, -96.990988 32.840082, -96.990987 32.839994, -96.991059 32.839993, -96.991076 32.839957, -96.991151 32.839957, -96.991148 32.83958, -96.991254 32.83958, -96.991262 32.839562, -96.991509 32.83956, -96.991601 32.839609, -96.991602 32.83971, -96.991675 32.83971, -96.991676 32.839856, -96.991625 32.839857, -96.991625 32.839862, -96.991594 32.839931, -96.991511 32.839932, -96.991512 32.840078, -96.991656 32.840125, -96.991662 32.840747, -96.991946 32.840745, -96.991934 32.839422)))",microsoft_us_building_footprints
ms-tx-000090,Microsoft footprint TX #91,TX,,915801.42,32.8398853,-96.9965976,,commercial_industrial_unknown,unknown,"MULTIPOLYGON (((-96.994684 32.839389, -96.994811 32.840284, -96.994328 32.8423, -96.994443 32.842319, -96.994363 32.842652, -96.994564 32.842686, -96.994659 32.842289, -96.995162 32.842374, -96.995366 32.841522, -96.996007 32.841631, -96.995874 32.840691, -96.995751 32.84067, -96.995773 32.84058, -96.996199 32.840538, -96.996227 32.840737, -96.996522 32.840707, -96.996771 32.840393, -96.996728 32.840088, -96.997075 32.840053, -96.99709 32.83999, -96.997916 32.839908, -96.997828 32.839286, -96.999933 32.839076, -96.999813 32.838229, -96.9964 32.83857, -96.996462 32.839008, -96.996663 32.839042, -96.996679 32.839156, -96.996178 32.839206, -96.996198 32.839352, -96.996023 32.83937, -96.996006 32.839257, -96.994684 32.839389)))",microsoft_us_building_footprints
ms-tx-000091,Microsoft footprint TX #92,TX,,160249.1,28.8082518,-96.9984830,,commercial_industrial_unknown,unknown,"MULTIPOLYGON (((-96.998013 28.807773, -96.998142 28.807942, -96.997977 28.807949, -96.997939 28.808099, -96.997985 28.808127, -96.997844 28.80821, -96.997828 28.807908, -96.997549 28.80792, -96.997569 28.808276, -96.997896 28.808263, -96.997832 28.808517, -96.998184 28.808502, -96.998193 28.808664, -96.997693 28.808685, -96.997706 28.808938, -96.997982 28.808926, -96.997995 28.809161, -96.998204 28.809152, -96.998336 28.808623, -96.998555 28.808613, -96.998426 28.808446, -96.998446 28.808367, -96.998433 28.808358, -96.998423 28.808174, -96.998622 28.808166, -96.99864 28.808495, -96.998966 28.808481, -96.998974 28.808619, -96.99933 28.808605, -96.999287 28.807812, -96.998933 28.807595, -96.998677 28.807746, -96.998013 28.807773)))",microsoft_us_building_footprints
ms-tx-000092,Microsoft footprint TX #93,TX,,343987.33,33.0070631,-96.9791570,,commercial_industrial_unknown,unknown,"MULTIPOLYGON (((-96.97865 33.00898, -96.979351 33.008978, -96.97935 33.008664, -96.979576 33.008664, -96.979574 33.008077, -96.979013 33.008078, -96.979013 33.007966, -96.979241 33.007965, -96.97924 33.007556, -96.979524 33.007555, -96.979523 33.007398, -96.979566 33.007398, -96.979566 33.007335, -96.979663 33.007334, -96.979658 33.005863, -96.979721 33.005863, -96.979721 33.005759, -96.979583 33.005759, -96.979582 33.00549, -96.979654 33.00549, -96.979654 33.005423, -96.979356 33.005423, -96.979356 33.005321, -96.979764 33.00532, -96.979763 33.005103, -96.978918 33.005105, -96.978923 33.006506, -96.978711 33.006507, -96.978711 33.006777, -96.978643 33.006777, -96.97865 33.00898)))",microsoft_us_building_footprints
ms-tx-000093,Microsoft footprint TX #94,TX,,1178350.87,32.7435173,-96.9779045,,commercial_industrial_unknown,unknown,"MULTIPOLYGON (((-96.979845 32.742257, -96.976533 32.742385, -96.976498 32.741748, -96.975682 32.74178, -96.975703 32.742156, -96.975855 32.74215, -96.975872 32.742473, -96.976044 32.742466, -96.976058 32.742731, -96.975574 32.74275, -96.975587 32.743004, -96.975564 32.743005, -96.9756 32.743653, -96.97632 32.743625, -96.976323 32.743687, -96.975539 32.743717, -96.975564 32.744168, -96.976625 32.744127, -96.976573 32.743178, -96.976735 32.743172, -96.97683 32.744914, -96.977616 32.744884, -96.977625 32.745039, -96.978303 32.745013, -96.978294 32.744843, -96.979222 32.744807, -96.979227 32.744891, -96.978911 32.744903, -96.978926 32.745175, -96.979753 32.745143, -96.979733 32.74478, -96.979982 32.744771, -96.979845 32.742257)))",microsoft_us_building_footprints
ms-tx-000094,Microsoft footprint TX #95,TX,,207792.46,32.8348181,-97.0063937,,commercial_industrial_unknown,unknown,"MULTIPOLYGON (((-97.005334 32.834339, -97.005369 32.835193, -97.005516 32.835189, -97.005519 32.835251, -97.005599 32.835249, -97.005601 32.835292, -97.00589 32.835284, -97.00589 32.835288, -97.006843 32.83526, -97.00684 32.835207, -97.007397 32.835191, -97.007403 32.835361, -97.007575 32.835356, -97.007556 32.834902, -97.007252 32.834911, -97.007247 32.834781, -97.007355 32.834777, -97.007353 32.834725, -97.007472 32.834721, -97.007468 32.83462, -97.007515 32.834619, -97.007514 32.834583, -97.007257 32.83459, -97.007248 32.834391, -97.006889 32.834401, -97.006884 32.834273, -97.006306 32.834289, -97.006309 32.834378, -97.005468 32.834403, -97.005465 32.834335, -97.005334 32.834339)))",microsoft_us_building_footprints
ms-tx-000095,Microsoft footprint TX #96,TX,,425563.75,32.8011350,-97.0149060,,commercial_industrial_unknown,unknown,"MULTIPOLYGON (((-97.014225 32.802522, -97.015599 32.802518, -97.015587 32.799748, -97.014213 32.799752, -97.014225 32.802522)))",microsoft_us_building_footprints
ms-tx-000096,Microsoft footprint TX #97,TX,,218661.56,33.0004976,-96.9910757,,commercial_industrial_unknown,unknown,"MULTIPOLYGON (((-96.991761 32.999969, -96.990959 32.999964, -96.990959 32.999971, -96.990248 32.999966, -96.99025 32.999795, -96.990124 32.999794, -96.990114 33.000876, -96.990328 33.000878, -96.990327 33.001013, -96.990509 33.001014, -96.990509 33.001045, -96.990616 33.001046, -96.990617 33.001015, -96.991268 33.001019, -96.991268 33.001048, -96.991378 33.001049, -96.991378 33.00102, -96.991491 33.00102, -96.991492 33.000881, -96.991881 33.000884, -96.99188 33.001043, -96.992255 33.001046, -96.992259 33.000636, -96.991868 33.000634, -96.99187 33.000384, -96.992135 33.000386, -96.992137 33.000235, -96.991855 33.000233, -96.991856 33.00017, -96.991759 33.00017, -96.991761 32.999969)))",microsoft_us_building_footprints
ms-tx-000097,Microsoft footprint TX #98,TX,,281432.62,32.8858517,-97.0204072,,commercial_industrial_unknown,unknown,"MULTIPOLYGON (((-97.018944 32.886271, -97.022055 32.886267, -97.022055 32.886206, -97.02195 32.886175, -97.021949 32.885522, -97.021336 32.885523, -97.021336 32.88541, -97.021171 32.88541, -97.021171 32.885448, -97.021161 32.885471, -97.021038 32.885471, -97.021038 32.885424, -97.020861 32.885424, -97.020842 32.885418, -97.020842 32.885388, -97.020735 32.885388, -97.020724 32.885415, -97.018872 32.885417, -97.018873 32.885714, -97.018956 32.885714, -97.018956 32.885748, -97.019023 32.885748, -97.019023 32.885885, -97.018861 32.885885, -97.018861 32.886075, -97.018877 32.886079, -97.019011 32.886079, -97.019034 32.886086, -97.018944 32.886271)))",microsoft_us_building_footprints
ms-tx-000098,Microsoft footprint TX #99,TX,,553642.97,32.9710180,-97.0174373,,commercial_industrial_unknown,unknown,"MULTIPOLYGON (((-97.019306 32.971691, -97.019318 32.970368, -97.015568 32.970345, -97.015557 32.971668, -97.019306 32.971691)))",microsoft_us_building_footprints
ms-tx-000099,Microsoft footprint TX #100,TX,,251065.73,32.8214023,-97.0227820,,commercial_industrial_unknown,unknown,"MULTIPOLYGON (((-97.02141 32.821658, -97.023998 32.821994, -97.024154 32.821146, -97.021565 32.820811, -97.02141 32.821658)))",microsoft_us_building_footprints
ms-tx-000100,Microsoft footprint TX #101,TX,,207035.46,32.9830530,-97.0265518,,commercial_industrial_unknown,unknown,"MULTIPOLYGON (((-97.025406 32.983665, -97.026093 32.984152, -97.026841 32.98341, -97.026737 32.983337, -97.026736 32.98333, -97.027557 32.982515, -97.027475 32.982049, -97.027219 32.981867, -97.025406 32.983665)))",microsoft_us_building_footprints
ms-tx-000101,Microsoft footprint TX #102,TX,,110945.87,32.9350965,-96.9982445,,commercial_industrial_unknown,unknown,"MULTIPOLYGON (((-96.999403 32.935258, -96.999402 32.93489, -96.999324 32.93489, -96.999285 32.934879, -96.999178 32.934879, -96.999156 32.934891, -96.99914 32.934929, -96.999 32.934929, -96.999 32.93481, -96.997891 32.93481, -96.997881 32.934833, -96.997882 32.93493, -96.99775 32.93493, -96.997732 32.93494, -96.997702 32.934931, -96.997299 32.934931, -96.997283 32.934971, -96.997183 32.935025, -96.997162 32.935075, -96.997127 32.935094, -96.997491 32.935569, -96.998066 32.935259, -96.999403 32.935258)))",microsoft_us_building_footprints
ms-tx-000102,Microsoft footprint TX #103,TX,,282298.64,32.8086645,-97.0324455,,commercial_industrial_unknown,unknown,"MULTIPOLYGON (((-97.0313 32.809212, -97.033585 32.809222, -97.033591 32.808117, -97.031306 32.808107, -97.0313 32.809212)))",microsoft_us_building_footprints
ms-tx-000103,Microsoft footprint TX #104,TX,,252955.65,32.7178163,-97.0341923,,commercial_industrial_unknown,unknown,"MULTIPOLYGON (((-97.0334 32.71853, -97.034975 32.718538, -97.034984 32.717102, -97.03341 32.717095, -97.0334 32.71853)))",microsoft_us_building_footprints
ms-tx-000104,Microsoft footprint TX #105,TX,,758347.13,32.9948752,-97.0355826,,commercial_industrial_unknown,unknown,"MULTIPOLYGON (((-97.034806 32.997068, -97.036355 32.997072, -97.036372 32.992759, -97.035595 32.992756, -97.035596 32.992606, -97.034824 32.992604, -97.034806 32.997068)))",microsoft_us_building_footprints
ms-tx-000105,Microsoft footprint TX #106,TX,,500046.28,32.8889156,-97.0372185,,commercial_industrial_unknown,unknown,"MULTIPOLYGON (((-97.035924 32.888652, -97.035867 32.888591, -97.035536 32.890554, -97.035791 32.89124, -97.035901 32.891211, -97.035813 32.890975, -97.036048 32.891003, -97.036107 32.890658, -97.035965 32.890279, -97.036084 32.890247, -97.03625 32.889722, -97.036034 32.889491, -97.036727 32.889034, -97.03673 32.889044, -97.037105 32.888797, -97.037323 32.888823, -97.036925 32.889086, -97.03732 32.889509, -97.038899 32.889094, -97.03896 32.888735, -97.038355 32.888358, -97.038313 32.888313, -97.038423 32.888241, -97.039007 32.88831, -97.039118 32.887656, -97.037265 32.888142, -97.037195 32.887956, -97.037559 32.88786, -97.037474 32.887631, -97.035924 32.888652)))",microsoft_us_building_footprints
ms-tx-000106,Microsoft footprint TX #107,TX,,332327.6,32.8109285,-97.0408652,,commercial_industrial_unknown,unknown,"MULTIPOLYGON (((-97.039724 32.810271, -97.039717 32.81157, -97.042019 32.811579, -97.042025 32.810429, -97.041953 32.810429, -97.041953 32.810353, -97.041868 32.810352, -97.041868 32.81028, -97.039724 32.810271)))",microsoft_us_building_footprints
ms-tx-000107,Microsoft footprint TX #108,TX,,152037.79,32.9448140,-97.0119565,,commercial_industrial_unknown,unknown,"MULTIPOLYGON (((-97.011626 32.943856, -97.011613 32.94463, -97.01156 32.94463, -97.011554 32.945023, -97.011609 32.945024, -97.011597 32.945765, -97.012298 32.945773, -97.012329 32.943864, -97.011626 32.943856)))",microsoft_us_building_footprints
ms-tx-000108,Microsoft footprint TX #109,TX,,126454.64,32.8207661,-97.0454607,,commercial_industrial_unknown,unknown,"MULTIPOLYGON (((-97.044778 32.821378, -97.045977 32.821389, -97.045993 32.820153, -97.044792 32.820142, -97.044787 32.820513, -97.045502 32.820519, -97.045495 32.821013, -97.044783 32.821006, -97.044778 32.821378)))",microsoft_us_building_footprints
ms-tx-000109,Microsoft footprint TX #110,TX,,327346.74,32.7318924,-97.0211288,,commercial_industrial_unknown,unknown,"MULTIPOLYGON (((-97.02052 32.733032, -97.021808 32.733015, -97.021767 32.730787, -97.020479 32.730804, -97.020481 32.730889, -97.02024 32.730892, -97.020245 32.731122, -97.020485 32.731119, -97.02052 32.733032)))",microsoft_us_building_footprints
ms-tx-000110,Microsoft footprint TX #111,TX,,110900.8,32.7584081,-97.0509300,,commercial_industrial_unknown,unknown,"MULTIPOLYGON (((-97.050412 32.758743, -97.050739 32.758743, -97.050739 32.758938, -97.051541 32.758939, -97.051541 32.758461, -97.051262 32.758461, -97.051263 32.757854, -97.050413 32.757853, -97.050412 32.758743)))",microsoft_us_building_footprints
ms-tx-000111,Microsoft footprint TX #112,TX,,130056.19,33.1197310,-97.0244494,,commercial_industrial_unknown,unknown,"MULTIPOLYGON (((-97.025453 33.119392, -97.024546 33.119378, -97.024534 33.119344, -97.024423 33.119342, -97.024374 33.119355, -97.024246 33.119353, -97.024205 33.119363, -97.024204 33.119391, -97.023533 33.119568, -97.023533 33.119561, -97.023398 33.119597, -97.023553 33.12001, -97.023598 33.120011, -97.024019 33.1199, -97.024039 33.119954, -97.024087 33.119955, -97.024226 33.120326, -97.024508 33.120252, -97.024509 33.120233, -97.024494 33.120193, -97.024857 33.120097, -97.02486 33.119931, -97.024713 33.119928, -97.024715 33.119825, -97.025443 33.119836, -97.025453 33.119392)))",microsoft_us_building_footprints
ms-tx-000112,Microsoft footprint TX #113,TX,,123202.76,33.0410123,-97.0291892,,commercial_industrial_unknown,unknown,"MULTIPOLYGON (((-97.029578 33.040876, -97.029565 33.041658, -97.029568 33.041658, -97.029564 33.041892, -97.030044 33.041897, -97.030051 33.041475, -97.030091 33.041475, -97.0301 33.040949, -97.029901 33.040947, -97.029903 33.040859, -97.029608 33.040856, -97.029612 33.040624, -97.029284 33.04062, -97.029286 33.040528, -97.028852 33.040523, -97.028851 33.040553, -97.028647 33.04055, -97.028648 33.040501, -97.028203 33.040496, -97.028202 33.040547, -97.027987 33.040545, -97.027988 33.040496, -97.027787 33.040493, -97.027781 33.040855, -97.029578 33.040876)))",microsoft_us_building_footprints
ms-tx-000113,Microsoft footprint TX #114,TX,,281469.07,32.7079631,-97.0309464,,commercial_industrial_unknown,unknown,"MULTIPOLYGON (((-97.031256 32.705897, -97.030827 32.705896, -97.030827 32.70586, -97.030621 32.70586, -97.030621 32.705975, -97.030655 32.705975, -97.03065 32.708074, -97.030601 32.708074, -97.030601 32.708146, -97.030639 32.708146, -97.030634 32.710028, -97.031245 32.710029, -97.031256 32.705897)))",microsoft_us_building_footprints
ms-tx-000114,Microsoft footprint TX #115,TX,,503912.09,32.7171340,-97.0305269,,commercial_industrial_unknown,unknown,"MULTIPOLYGON (((-97.031268 32.715433, -97.02993 32.715422, -97.029922 32.716093, -97.030923 32.716101, -97.030921 32.716205, -97.030374 32.716201, -97.030317 32.71634, -97.030109 32.71628, -97.03005 32.716427, -97.030049 32.716488, -97.030341 32.716491, -97.030339 32.716673, -97.029823 32.716526, -97.029825 32.716369, -97.029789 32.716369, -97.029723 32.716533, -97.029711 32.717579, -97.02955 32.717577, -97.029531 32.717626, -97.029722 32.717627, -97.029712 32.718517, -97.030428 32.718522, -97.030428 32.718594, -97.030277 32.718593, -97.030273 32.718995, -97.030748 32.718999, -97.030752 32.718597, -97.030538 32.718595, -97.030538 32.718519, -97.031233 32.718524, -97.031268 32.715433)))",microsoft_us_building_footprints
ms-tx-000115,Microsoft footprint TX #116,TX,,110384.74,32.7199407,-97.0423931,,commercial_industrial_unknown,unknown,"MULTIPOLYGON (((-97.041877 32.720384, -97.043137 32.720392, -97.043142 32.719886, -97.042474 32.719882, -97.042479 32.719293, -97.041887 32.719289, -97.041877 32.720384)))",microsoft_us_building_footprints
ms-tx-000116,Microsoft footprint TX #117,TX,,227013.68,32.7865817,-97.0443108,,commercial_industrial_unknown,unknown,"MULTIPOLYGON (((-97.046342 32.78684, -97.046345 32.786341, -97.042281 32.786323, -97.042278 32.786823, -97.046342 32.78684)))",microsoft_us_building_footprints
ms-tx-000117,Microsoft footprint TX #118,TX,,114117.65,32.7923143,-97.0479586,,commercial_industrial_unknown,unknown,"MULTIPOLYGON (((-97.047467 32.792726, -97.048546 32.792732, -97.048552 32.791862, -97.04747 32.791856, -97.047466 32.792348, -97.047277 32.792347, -97.047274 32.792763, -97.047467 32.792764, -97.047467 32.792726)))",microsoft_us_building_footprints
ms-tx-000118,Microsoft footprint TX #119,TX,,118697.17,33.0754242,-97.0734006,,commercial_industrial_unknown,unknown,"MULTIPOLYGON (((-97.072979 33.074728, -97.072917 33.074778, -97.072982 33.074833, -97.072909 33.074893, -97.072913 33.075175, -97.07331 33.075171, -97.073312 33.075291, -97.072958 33.075295, -97.072962 33.075542, -97.072864 33.075543, -97.072865 33.075613, -97.072959 33.075612, -97.072965 33.076031, -97.073885 33.076021, -97.073874 33.075295, -97.073637 33.075298, -97.073636 33.075221, -97.073589 33.075181, -97.073591 33.075179, -97.07388 33.075176, -97.073877 33.074992, -97.073721 33.074994, -97.073803 33.074926, -97.073843 33.074961, -97.073887 33.07496, -97.073885 33.074879, -97.073798 33.074804, -97.073621 33.074806, -97.073457 33.074941, -97.073149 33.074678, -97.073033 33.074774, -97.072979 33.074728)))",microsoft_us_building_footprints
ms-tx-000119,Microsoft footprint TX #120,TX,,169234.85,32.7887320,-97.0483915,,commercial_industrial_unknown,unknown,"MULTIPOLYGON (((-97.049751 32.788458, -97.047034 32.788449, -97.047032 32.789006, -97.049749 32.789015, -97.049751 32.788458)))",microsoft_us_building_footprints
ms-tx-000120,Microsoft footprint TX #121,TX,,153756.56,32.7535485,-97.0522908,,commercial_industrial_unknown,unknown,"MULTIPOLYGON (((-97.051923 32.754488, -97.052654 32.75449, -97.052658 32.752608, -97.051928 32.752607, -97.051923 32.754488)))",microsoft_us_building_footprints
ms-tx-000121,Microsoft footprint TX #122,TX,,120588.89,32.7873429,-97.0514673,,commercial_industrial_unknown,unknown,"MULTIPOLYGON (((-97.052487 32.787091, -97.050402 32.787085, -97.050402 32.787275, -97.050238 32.787274, -97.050238 32.787361, -97.050326 32.787361, -97.050326 32.787421, -97.0504 32.787421, -97.050399 32.787478, -97.05044 32.787478, -97.050439 32.787513, -97.050479 32.787513, -97.050479 32.787548, -97.050516 32.787548, -97.050516 32.78758, -97.052348 32.787585, -97.052348 32.787607, -97.052412 32.787699, -97.052505 32.7877, -97.052619 32.787643, -97.052619 32.787566, -97.052556 32.787476, -97.052485 32.787476, -97.052487 32.787091)))",microsoft_us_building_footprints
ms-tx-000122,Microsoft footprint TX #123,TX,,101741.93,32.6788040,-97.0747120,,commercial_industrial_unknown,unknown,"MULTIPOLYGON (((-97.074254 32.678308, -97.074253 32.679299, -97.07517 32.6793, -97.075171 32.678309, -97.074254 32.678308)))",microsoft_us_building_footprints
ms-tx-000123,Microsoft footprint TX #124,TX,,127160.29,33.1952010,-97.0952174,,commercial_industrial_unknown,unknown,"MULTIPOLYGON (((-97.09397 33.194973, -97.093613 33.19536, -97.093833 33.195502, -97.094094 33.195219, -97.094814 33.19522, -97.094826 33.195228, -97.094826 33.195397, -97.095176 33.195398, -97.095176 33.195435, -97.095216 33.195461, -97.095216 33.195507, -97.095684 33.195507, -97.095684 33.195592, -97.095706 33.195606, -97.095971 33.195606, -97.095971 33.195526, -97.096128 33.195526, -97.096155 33.195497, -97.096282 33.195497, -97.096283 33.194963, -97.095967 33.194962, -97.095967 33.19492, -97.095943 33.19492, -97.095901 33.194893, -97.095439 33.194892, -97.095423 33.194909, -97.095248 33.194909, -97.095248 33.194979, -97.095119 33.194979, -97.095119 33.194936, -97.094969 33.194936, -97.094934 33.194974, -97.09397 33.194973)))",microsoft_us_building_footprints
ms-tx-000124,Microsoft footprint TX #125,TX,,230657.82,32.9157053,-97.0991975,,commercial_industrial_unknown,unknown,"MULTIPOLYGON (((-97.100319 32.916069, -97.098977 32.914713, -97.098076 32.915341, -97.099418 32.916698, -97.100319 32.916069)))",microsoft_us_building_footprints
ms-tx-000125,Microsoft footprint TX #126,TX,,125088.07,32.0131377,-97.0992015,,commercial_industrial_unknown,unknown,"MULTIPOLYGON (((-97.098745 32.012678, -97.098815 32.012902, -97.098765 32.012913, -97.098726 32.012969, -97.098639 32.012988, -97.098687 32.013143, -97.09861 32.01316, -97.098634 32.013235, -97.098656 32.013237, -97.098781 32.013634, -97.099068 32.013569, -97.099088 32.013635, -97.098865 32.013685, -97.098943 32.013933, -97.099612 32.013782, -97.099524 32.013502, -97.0996 32.013463, -97.099564 32.013347, -97.099491 32.013364, -97.099427 32.01316, -97.099523 32.013119, -97.099566 32.012853, -97.099642 32.012796, -97.099597 32.012653, -97.099944 32.012575, -97.099878 32.012365, -97.099189 32.012521, -97.099179 32.01258, -97.098745 32.012678)))",microsoft_us_building_footprints
ms-tx-000126,Microsoft footprint TX #127,TX,,127785.58,32.9172750,-97.1010340,,commercial_industrial_unknown,unknown,"MULTIPOLYGON (((-97.100134 32.917437, -97.100655 32.917979, -97.101934 32.917113, -97.101413 32.916571, -97.100134 32.917437)))",microsoft_us_building_footprints
ms-tx-000127,Microsoft footprint TX #128,TX,,107131.21,31.5624753,-97.1337304,,commercial_industrial_unknown,unknown,"MULTIPOLYGON (((-97.132826 31.562183, -97.133279 31.562574, -97.133251 31.562598, -97.133679 31.562967, -97.133965 31.562726, -97.133952 31.562715, -97.134056 31.562627, -97.134134 31.562694, -97.134207 31.562633, -97.134412 31.56281, -97.134301 31.562903, -97.134619 31.563177, -97.134852 31.56298, -97.134552 31.562721, -97.134528 31.562742, -97.134235 31.56249, -97.134257 31.562471, -97.133676 31.56197, -97.133506 31.562113, -97.133212 31.561859, -97.132826 31.562183)))",microsoft_us_building_footprints
ms-tx-000128,Microsoft footprint TX #129,TX,,135611.9,32.5521822,-97.1445947,,commercial_industrial_unknown,unknown,"MULTIPOLYGON (((-97.143515 32.552526, -97.143755 32.552982, -97.144522 32.552695, -97.144438 32.552534, -97.144872 32.552371, -97.144879 32.552385, -97.144931 32.552365, -97.144945 32.552393, -97.145132 32.552323, -97.1451 32.552262, -97.145544 32.552096, -97.14545 32.551918, -97.145482 32.551906, -97.145416 32.551781, -97.145335 32.551812, -97.145098 32.551363, -97.144414 32.551619, -97.144665 32.552095, -97.143515 32.552526)))",microsoft_us_building_footprints
ms-tx-000129,Microsoft footprint TX #130,TX,,103090.01,32.7348656,-97.1443813,,commercial_industrial_unknown,unknown,"MULTIPOLYGON (((-97.14321 32.735025, -97.143574 32.735039, -97.143578 32.734958, -97.144194 32.734981, -97.144188 32.735091, -97.144948 32.73512, -97.144939 32.735304, -97.145139 32.735312, -97.145154 32.735044, -97.145372 32.735052, -97.145389 32.734723, -97.145141 32.734714, -97.145148 32.734592, -97.144752 32.734577, -97.144746 32.734688, -97.144666 32.734685, -97.144669 32.734619, -97.144211 32.734602, -97.144207 32.734681, -97.14417 32.73468, -97.14417 32.734682, -97.143409 32.734654, -97.143407 32.734699, -97.143155 32.734689, -97.143143 32.73493, -97.143215 32.734933, -97.14321 32.735025)))",microsoft_us_building_footprints
ms-tx-000130,Microsoft footprint TX #131,TX,,197705.15,31.5244544,-97.1626732,,commercial_industrial_unknown,unknown,"MULTIPOLYGON (((-97.163784 31.524217, -97.163404 31.523867, -97.16318 31.524044, -97.162649 31.523554, -97.162234 31.523881, -97.162456 31.524086, -97.162233 31.524261, -97.162199 31.52423, -97.16214 31.524276, -97.162151 31.524287, -97.162047 31.524369, -97.162078 31.524397, -97.161657 31.524729, -97.162337 31.525357, -97.163784 31.524217)))",microsoft_us_building_footprints
ms-tx-000131,Microsoft footprint TX #132,TX,,100348.14,31.5131970,-97.1784520,,commercial_industrial_unknown,unknown,"MULTIPOLYGON (((-97.177731 31.513227, -97.178425 31.513812, -97.179173 31.513167, -97.178479 31.512582, -97.177731 31.513227)))",microsoft_us_building_footprints
ms-tx-000132,Microsoft footprint TX #133,TX,,134796.8,31.4883033,-97.1913912,,commercial_industrial_unknown,unknown,"MULTIPOLYGON (((-97.190498 31.488327, -97.190858 31.488906, -97.191727 31.488513, -97.191834 31.488685, -97.192311 31.488469, -97.192239 31.488353, -97.192466 31.488251, -97.192327 31.488028, -97.19227 31.488053, -97.192297 31.488096, -97.192121 31.488175, -97.192111 31.488159, -97.19192 31.488245, -97.191611 31.487747, -97.191533 31.487782, -97.191462 31.487667, -97.190865 31.487936, -97.190974 31.488112, -97.190498 31.488327)))",microsoft_us_building_footprints
ms-tx-000133,Microsoft footprint TX #134,TX,,103030.84,32.6558842,-97.1678780,,commercial_industrial_unknown,unknown,"MULTIPOLYGON (((-97.168205 32.655329, -97.167547 32.655321, -97.167546 32.65534, -97.167394 32.655339, -97.167391 32.655523, -97.167575 32.655525, -97.167573 32.65564, -97.167402 32.655638, -97.167397 32.655941, -97.167566 32.655943, -97.167565 32.656007, -97.167478 32.656006, -97.167473 32.656364, -97.167683 32.656366, -97.167681 32.656471, -97.168075 32.656476, -97.168077 32.656368, -97.168345 32.656371, -97.168351 32.655993, -97.168193 32.655991, -97.168194 32.65595, -97.168347 32.655951, -97.168352 32.655639, -97.1682 32.655637, -97.168205 32.655329)))",microsoft_us_building_footprints
ms-tx-000134,Microsoft footprint TX #135,TX,,170718.46,31.5350601,-97.1928669,,commercial_industrial_unknown,unknown,"MULTIPOLYGON (((-97.193839 31.535167, -97.193744 31.535005, -97.19382 31.534973, -97.193448 31.534346, -97.19209 31.534931, -97.192148 31.535027, -97.191637 31.535247, -97.191801 31.535524, -97.191934 31.535467, -97.191973 31.535532, -97.192328 31.535379, -97.192258 31.535261, -97.192325 31.535232, -97.192602 31.535699, -97.193839 31.535167)))",microsoft_us_building_footprints
ms-tx-000135,Microsoft footprint TX #136,TX,,157753.55,33.1929400,-97.1719943,,commercial_industrial_unknown,unknown,"MULTIPOLYGON (((-97.170721 33.192673, -97.170728 33.193231, -97.173268 33.193207, -97.17326 33.192649, -97.170721 33.192673)))",microsoft_us_building_footprints
ms-tx-000136,Microsoft footprint TX #137,TX,,245066.47,31.4790807,-97.2043867,,commercial_industrial_unknown,unknown,"MULTIPOLYGON (((-97.203842 31.479735, -97.204651 31.479404, -97.204827 31.479717, -97.20463 31.479798, -97.204787 31.480076, -97.205681 31.47971, -97.2055 31.479388, -97.205236 31.479496, -97.204932 31.478955, -97.204841 31.478965, -97.204749 31.478802, -97.204676 31.478811, -97.204606 31.478748, -97.204933 31.478614, -97.204588 31.478, -97.203923 31.478273, -97.204335 31.479005, -97.204269 31.479032, -97.204092 31.478873, -97.204006 31.478883, -97.203905 31.478704, -97.203856 31.47866, -97.203843 31.478576, -97.203763 31.478504, -97.203253 31.478713, -97.203306 31.478806, -97.203265 31.478839, -97.203345 31.478981, -97.203282 31.479031, -97.203453 31.479334, -97.203557 31.479292, -97.203629 31.479357, -97.203842 31.479735)))",microsoft_us_building_footprints
ms-tx-000137,Microsoft footprint TX #138,TX,,337233.02,33.0191439,-97.2030053,,commercial_industrial_unknown,unknown,"MULTIPOLYGON (((-97.205117 33.019158, -97.203418 33.018685, -97.203425 33.018668, -97.202686 33.01872, -97.202658 33.018435, -97.201641 33.018152, -97.20154 33.018405, -97.201582 33.018819, -97.201939 33.018919, -97.20198 33.019321, -97.201838 33.019282, -97.201822 33.019323, -97.201135 33.019372, -97.201096 33.01947, -97.203569 33.020158, -97.203507 33.019934, -97.202212 33.019574, -97.202482 33.018893, -97.202914 33.019014, -97.202677 33.019613, -97.203155 33.019746, -97.203341 33.019277, -97.203533 33.019263, -97.203819 33.019343, -97.203755 33.019504, -97.204362 33.019673, -97.204342 33.019485, -97.204923 33.019647, -97.205117 33.019158)))",microsoft_us_building_footprints
ms-tx-000138,Microsoft footprint TX #139,TX,,104542.65,26.0749392,-97.2439548,,commercial_industrial_unknown,unknown,"MULTIPOLYGON (((-97.243315 26.074864, -97.24382 26.075632, -97.243909 26.075585, -97.243846 26.07549, -97.244134 26.075337, -97.244168 26.07539, -97.244397 26.075269, -97.244493 26.075414, -97.244515 26.075403, -97.2445 26.07538, -97.244508 26.075376, -97.244316 26.075085, -97.24461 26.074929, -97.2445 26.074761, -97.244416 26.074806, -97.244301 26.07463, -97.24435 26.074605, -97.24422 26.074406, -97.24413 26.074454, -97.244041 26.074318, -97.243571 26.074567, -97.24365 26.074686, -97.243315 26.074864)))",microsoft_us_building_footprints
ms-tx-000139,Microsoft footprint TX #140,TX,,111182.97,32.6953185,-97.2447068,,commercial_industrial_unknown,unknown,"MULTIPOLYGON (((-97.245645 32.695179, -97.243886 32.694911, -97.243769 32.695458, -97.245527 32.695726, -97.245645 32.695179)))",microsoft_us_building_footprints
ms-tx-000140,Microsoft footprint TX #141,TX,,197307.96,32.9961855,-97.2426495,,commercial_industrial_unknown,unknown,"MULTIPOLYGON (((-97.241767 32.996687, -97.243534 32.996685, -97.243532 32.995684, -97.241765 32.995686, -97.241767 32.996687)))",microsoft_us_building_footprints
ms-tx-000141,Microsoft footprint TX #142,TX,,182126.0,32.8228373,-97.2870895,,commercial_industrial_unknown,unknown,"MULTIPOLYGON (((-97.28769 32.822102, -97.286154 32.822655, -97.286448 32.823232, -97.286123 32.823349, -97.286163 32.823428, -97.286171 32.823521, -97.286173 32.823523, -97.286182 32.823632, -97.286197 32.82366, -97.286284 32.823628, -97.28628 32.82359, -97.286431 32.823536, -97.286456 32.823585, -97.286566 32.823545, -97.28656 32.823477, -97.287765 32.823043, -97.287803 32.823117, -97.287979 32.823053, -97.287999 32.823037, -97.28814 32.822986, -97.28769 32.822102)))",microsoft_us_building_footprints
ms-tx-000142,Microsoft footprint TX #143,TX,,169611.83,33.0029428,-97.3106629,,commercial_industrial_unknown,unknown,"MULTIPOLYGON (((-97.311563 33.002433, -97.30963 33.002683, -97.309772 33.003457, -97.310848 33.003317, -97.310857 33.003361, -97.310891 33.003357, -97.31088 33.003299, -97.311703 33.003192, -97.311563 33.002433)))",microsoft_us_building_footprints
ms-tx-000143,Microsoft footprint TX #144,TX,,257589.33,32.6266164,-97.3187232,,commercial_industrial_unknown,unknown,"MULTIPOLYGON (((-97.31939 32.625675, -97.318285 32.625666, -97.318283 32.625827, -97.318932 32.625832, -97.31893 32.625994, -97.31815 32.625988, -97.318147 32.626238, -97.31922 32.626246, -97.319217 32.626519, -97.318839 32.626516, -97.31884 32.626389, -97.318695 32.626388, -97.318694 32.626515, -97.318568 32.626514, -97.318569 32.626389, -97.318127 32.626386, -97.318125 32.626519, -97.318109 32.626519, -97.318105 32.626869, -97.317706 32.626866, -97.317711 32.626385, -97.317421 32.626383, -97.317416 32.626837, -97.317623 32.626838, -97.317617 32.627351, -97.317977 32.627354, -97.317981 32.626991, -97.31826 32.626993, -97.318256 32.627358, -97.319538 32.627368, -97.319556 32.625699, -97.31939 32.625697, -97.31939 32.625675)))",microsoft_us_building_footprints
ms-tx-000144,Microsoft footprint TX #145,TX,,217725.17,32.9810733,-97.3333126,,commercial_industrial_unknown,unknown,"MULTIPOLYGON (((-97.333992 32.980227, -97.332419 32.980994, -97.332329 32.980861, -97.331942 32.981044, -97.332126 32.981317, -97.332319 32.981226, -97.332595 32.981636, -97.33276 32.981558, -97.332996 32.981909, -97.333712 32.98157, -97.333684 32.981528, -97.333682 32.981491, -97.333588 32.981428, -97.33358 32.981207, -97.333583 32.981204, -97.333514 32.981206, -97.333512 32.981166, -97.333622 32.981163, -97.333651 32.981133, -97.333653 32.981212, -97.333894 32.981206, -97.333895 32.981243, -97.333935 32.981302, -97.333965 32.981301, -97.334064 32.981367, -97.334472 32.981174, -97.334466 32.98102, -97.334305 32.981024, -97.334302 32.98092, -97.334235 32.98082, -97.334226 32.980574, -97.333992 32.980227)))",microsoft_us_building_footprints
ms-tx-000145,Microsoft footprint TX #146,TX,,497705.87,32.6726775,-97.3227578,,commercial_industrial_unknown,unknown,"MULTIPOLYGON (((-97.324316 32.67205, -97.323156 32.67205, -97.323156 32.671867, -97.322916 32.671867, -97.322916 32.671718, -97.322388 32.671717, -97.322388 32.6716, -97.322132 32.6716, -97.322132 32.671557, -97.322077 32.671557, -97.322077 32.671597, -97.321736 32.671597, -97.321736 32.67199, -97.32161 32.67199, -97.321609 32.672581, -97.321482 32.672581, -97.321482 32.673131, -97.3216 32.673131, -97.321599 32.673683, -97.321826 32.673684, -97.321826 32.673783, -97.322077 32.673783, -97.322077 32.673687, -97.323154 32.673688, -97.323154 32.673142, -97.32431 32.673143, -97.32431 32.673075, -97.324506 32.673075, -97.324506 32.67294, -97.324315 32.67294, -97.324316 32.67205)))",microsoft_us_building_footprints
ms-tx-000146,Microsoft footprint TX #147,TX,,141286.31,32.7529578,-97.3239622,,commercial_industrial_unknown,unknown,"MULTIPOLYGON (((-97.324718 32.753317, -97.324525 32.752996, -97.324491 32.753011, -97.32432 32.752727, -97.324493 32.752653, -97.324382 32.752468, -97.324575 32.752386, -97.324439 32.75216, -97.323483 32.752566, -97.323541 32.752662, -97.323308 32.752761, -97.323534 32.753137, -97.322956 32.753382, -97.323029 32.753504, -97.323078 32.753483, -97.32312 32.753553, -97.323672 32.753318, -97.323749 32.753446, -97.323897 32.753383, -97.323932 32.753442, -97.323881 32.753464, -97.323913 32.753517, -97.323977 32.75349, -97.324045 32.753603, -97.324718 32.753317)))",microsoft_us_building_footprints
ms-tx-000147,Microsoft footprint TX #148,TX,,135998.03,32.8150950,-97.3475409,,commercial_industrial_unknown,unknown,"MULTIPOLYGON (((-97.347044 32.814488, -97.347031 32.815697, -97.347335 32.815699, -97.347334 32.815735, -97.347384 32.815736, -97.347385 32.815697, -97.348015 32.815702, -97.348019 32.815358, -97.348078 32.815359, -97.348079 32.815227, -97.348018 32.815227, -97.348019 32.815072, -97.348138 32.815073, -97.34814 32.814933, -97.348021 32.814932, -97.348023 32.814703, -97.34805 32.814703, -97.348052 32.814538, -97.348017 32.814538, -97.348018 32.814495, -97.347044 32.814488)))",microsoft_us_building_footprints
ms-tx-000148,Microsoft footprint TX #149,TX,,193730.04,32.6683692,-97.3288377,,commercial_industrial_unknown,unknown,"MULTIPOLYGON (((-97.330167 32.668473, -97.329424 32.66794, -97.32913 32.668231, -97.328887 32.668057, -97.328872 32.668053, -97.328776 32.668148, -97.328764 32.668149, -97.328068 32.66765, -97.328027 32.66764, -97.327732 32.667931, -97.327619 32.668225, -97.327626 32.668294, -97.327879 32.668475, -97.327881 32.668493, -97.327897 32.668497, -97.328301 32.668787, -97.32838 32.668807, -97.328425 32.668678, -97.328453 32.668684, -97.328554 32.668757, -97.328574 32.668762, -97.328787 32.668551, -97.329483 32.66905, -97.329591 32.669043, -97.330167 32.668473)))",microsoft_us_building_footprints
ms-tx-000149,Microsoft footprint TX #150,TX,,159666.84,26.1249764,-97.3487368,,commercial_industrial_unknown,unknown,"MULTIPOLYGON (((-97.349529 26.12539, -97.34951 26.124535, -97.347944 26.124563, -97.347957 26.125144, -97.347959 26.125144, -97.347965 26.125418, -97.349529 26.12539)))",microsoft_us_building_footprints
ms-tx-000150,Microsoft footprint TX #151,TX,,256616.94,31.0662202,-97.3671377,,commercial_industrial_unknown,unknown,"MULTIPOLYGON (((-97.366797 31.06516, -97.366653 31.065613, -97.366547 31.065588, -97.366534 31.065606, -97.366511 31.065678, -97.366713 31.065726, -97.366338 31.0669, -97.366392 31.066927, -97.366407 31.066905, -97.366481 31.066922, -97.366462 31.066983, -97.36649 31.066997, -97.366439 31.067155, -97.36663 31.0672, -97.366671 31.067071, -97.366721 31.067083, -97.366737 31.067033, -97.366753 31.067009, -97.366941 31.067053, -97.366873 31.067267, -97.367374 31.067384, -97.367547 31.066844, -97.367354 31.066798, -97.367431 31.066558, -97.367656 31.066611, -97.36788 31.065912, -97.367908 31.065919, -97.367984 31.065681, -97.367833 31.065604, -97.367893 31.065416, -97.366797 31.06516)))",microsoft_us_building_footprints
ms-tx-000151,Microsoft footprint TX #152,TX,,470594.72,27.7070669,-97.3746703,,commercial_industrial_unknown,unknown,"MULTIPOLYGON (((-97.374248 27.707348, -97.377612 27.708952, -97.377813 27.708621, -97.377488 27.708467, -97.377422 27.708576, -97.377315 27.708525, -97.377485 27.708245, -97.37521 27.707161, -97.375276 27.707052, -97.374719 27.706786, -97.374574 27.707025, -97.374523 27.707001, -97.374446 27.70678, -97.37431 27.706715, -97.374603 27.706233, -97.37448 27.706174, -97.374543 27.706069, -97.373712 27.705673, -97.373387 27.706207, -97.372849 27.70617, -97.372948 27.706006, -97.372086 27.705595, -97.372096 27.705476, -97.371907 27.705386, -97.37152 27.706021, -97.37236 27.706422, -97.372375 27.706398, -97.373388 27.706461, -97.374229 27.706862, -97.374231 27.706858, -97.374289 27.706886, -97.374248 27.707348)))",microsoft_us_building_footprints
ms-tx-000152,Microsoft footprint TX #153,TX,,102713.86,31.0578687,-97.3754645,,commercial_industrial_unknown,unknown,"MULTIPOLYGON (((-97.375133 31.057124, -97.375091 31.057273, -97.375416 31.057341, -97.375297 31.057467, -97.375303 31.057471, -97.375205 31.057819, -97.374748 31.057775, -97.374701 31.057941, -97.375288 31.058063, -97.375214 31.058327, -97.374801 31.058241, -97.374859 31.058037, -97.374671 31.057998, -97.374584 31.058306, -97.375838 31.058567, -97.375898 31.058352, -97.375313 31.05823, -97.375388 31.057968, -97.375793 31.058052, -97.375735 31.058258, -97.375926 31.058298, -97.37603 31.05793, -97.37536 31.057791, -97.375392 31.057677, -97.375651 31.057402, -97.375964 31.057467, -97.37587 31.057799, -97.376059 31.057838, -97.376221 31.057265, -97.376087 31.057238, -97.376064 31.057318, -97.375133 31.057124)))",microsoft_us_building_footprints
ms-tx-000153,Microsoft footprint TX #154,TX,,108402.05,30.3586560,-97.3868806,,commercial_industrial_unknown,unknown,"MULTIPOLYGON (((-97.387823 30.358374, -97.387538 30.357961, -97.387087 30.358192, -97.387139 30.358267, -97.386966 30.358356, -97.386942 30.358322, -97.386684 30.358454, -97.386708 30.358488, -97.386639 30.358524, -97.386594 30.358459, -97.386366 30.358576, -97.38647 30.358726, -97.385824 30.359057, -97.385864 30.359114, -97.385952 30.359069, -97.386113 30.359303, -97.386039 30.359342, -97.386061 30.359374, -97.387025 30.35888, -97.387048 30.358914, -97.387271 30.358799, -97.387223 30.358729, -97.387427 30.358624, -97.387403 30.358589, -97.387823 30.358374)))",microsoft_us_building_footprints
ms-tx-000154,Microsoft footprint TX #155,TX,,162746.25,31.1130604,-97.3904775,,commercial_industrial_unknown,unknown,"MULTIPOLYGON (((-97.390987 31.113653, -97.391312 31.112688, -97.390064 31.11238, -97.389668 31.113554, -97.39022 31.113691, -97.390291 31.113481, -97.390987 31.113653)))",microsoft_us_building_footprints
ms-tx-000155,Microsoft footprint TX #156,TX,,226044.94,29.4803610,-97.3798494,,commercial_industrial_unknown,unknown,"MULTIPOLYGON (((-97.379612 29.479856, -97.379394 29.479927, -97.379135 29.479678, -97.37923 29.479604, -97.378741 29.4794, -97.378412 29.479999, -97.379587 29.480488, -97.379576 29.480492, -97.379476 29.480673, -97.379633 29.480738, -97.379492 29.480995, -97.379564 29.481025, -97.379735 29.48089, -97.38017 29.48107, -97.380265 29.480896, -97.38011 29.480832, -97.380167 29.480729, -97.380579 29.481124, -97.380622 29.481045, -97.380726 29.481088, -97.380866 29.480834, -97.38096 29.480873, -97.380812 29.481141, -97.381007 29.481222, -97.381196 29.480878, -97.381041 29.480813, -97.381178 29.480564, -97.381064 29.480517, -97.381017 29.480603, -97.380931 29.480406, -97.379612 29.479856)))",microsoft_us_building_footprints
ms-tx-000156,Microsoft footprint TX #157,TX,,113618.52,32.7822747,-97.3862839,,commercial_industrial_unknown,unknown,"MULTIPOLYGON (((-97.386876 32.782584, -97.387122 32.782418, -97.387198 32.782441, -97.387404 32.782302, -97.387297 32.782189, -97.387326 32.782121, -97.387228 32.782127, -97.387101 32.781994, -97.387049 32.781998, -97.387006 32.781952, -97.386943 32.781994, -97.386857 32.781904, -97.386812 32.781934, -97.386738 32.781857, -97.386684 32.781893, -97.386618 32.781823, -97.38664 32.781772, -97.386629 32.781661, -97.385815 32.781716, -97.385839 32.781965, -97.385736 32.782204, -97.385464 32.782222, -97.385488 32.782476, -97.385453 32.782478, -97.385509 32.783054, -97.385606 32.783155, -97.385759 32.783145, -97.385763 32.783192, -97.385897 32.783183, -97.385797 32.782142, -97.385917 32.782061, -97.386351 32.782031, -97.386876 32.782584)))",microsoft_us_building_footprints
ms-tx-000157,Microsoft footprint TX #158,TX,,258500.65,32.3758289,-97.3958112,,commercial_industrial_unknown,unknown,"MULTIPOLYGON (((-97.39508 32.375018, -97.395076 32.375428, -97.394963 32.375427, -97.394957 32.376046, -97.395228 32.376047, -97.395228 32.376086, -97.39497 32.376084, -97.394966 32.376528, -97.395148 32.376529, -97.395148 32.376545, -97.395553 32.376548, -97.395553 32.376589, -97.395647 32.376589, -97.395647 32.376521, -97.395843 32.376523, -97.395842 32.376586, -97.396154 32.376588, -97.396154 32.37652, -97.396302 32.376521, -97.396306 32.376075, -97.39607 32.376074, -97.39607 32.376035, -97.396486 32.376038, -97.396484 32.37621, -97.396924 32.376213, -97.396932 32.375459, -97.395955 32.375452, -97.395957 32.375339, -97.396171 32.37534, -97.396172 32.3752, -97.395947 32.375198, -97.395949 32.375024, -97.39508 32.375018)))",microsoft_us_building_footprints
ms-tx-000158,Microsoft footprint TX #159,TX,,105887.22,30.5944045,-97.4121049,,commercial_industrial_unknown,unknown,"MULTIPOLYGON (((-97.412698 30.595189, -97.412627 30.595012, -97.412637 30.595005, -97.412244 30.594027, -97.412197 30.594041, -97.412178 30.593994, -97.412215 30.593968, -97.412029 30.593506, -97.411976 30.593522, -97.411956 30.593472, -97.411417 30.593633, -97.411474 30.593773, -97.411531 30.593756, -97.41171 30.594201, -97.411835 30.594164, -97.411904 30.594335, -97.412055 30.59429, -97.412186 30.594618, -97.412004 30.594672, -97.412071 30.594839, -97.412009 30.594882, -97.411993 30.594907, -97.411934 30.594924, -97.412005 30.595101, -97.412034 30.595093, -97.412085 30.59522, -97.412093 30.595229, -97.412053 30.595257, -97.412098 30.595368, -97.412698 30.595189)))",microsoft_us_building_footprints
ms-tx-000159,Microsoft footprint TX #160,TX,,391117.8,25.9106548,-97.4394923,,commercial_industrial_unknown,unknown,"MULTIPOLYGON (((-97.438429 25.911627, -97.439525 25.911663, -97.43954 25.911277, -97.440269 25.911301, -97.440304 25.910429, -97.441287 25.910461, -97.44129 25.910381, -97.441362 25.910383, -97.441369 25.910227, -97.441296 25.910224, -97.4413 25.910118, -97.439867 25.910072, -97.439882 25.909706, -97.439558 25.909695, -97.43956 25.909649, -97.439434 25.909645, -97.439432 25.909689, -97.439065 25.909677, -97.439054 25.909954, -97.4393 25.909962, -97.439297 25.910053, -97.438493 25.910027, -97.438429 25.911627)))",microsoft_us_building_footprints
ms-tx-000160,Microsoft footprint TX #161,TX,,165440.97,30.1653695,-97.4446658,,commercial_industrial_unknown,unknown,"MULTIPOLYGON (((-97.445745 30.165377, -97.445633 30.165311, -97.445566 30.165395, -97.445207 30.16518, -97.445262 30.165112, -97.444971 30.164761, -97.443786 30.164585, -97.443708 30.164682, -97.44432 30.164772, -97.443981 30.165194, -97.443621 30.164978, -97.443414 30.165235, -97.443977 30.165319, -97.44356 30.165838, -97.443877 30.165885, -97.443947 30.165531, -97.444049 30.165592, -97.444426 30.16536, -97.444144 30.165318, -97.444453 30.16493, -97.444585 30.16495, -97.444589 30.16493, -97.444766 30.165036, -97.444716 30.165288, -97.444832 30.165305, -97.444355 30.165899, -97.444765 30.165959, -97.444861 30.166075, -97.445034 30.166064, -97.445176 30.166085, -97.445745 30.165377)))",microsoft_us_building_footprints
ms-tx-000161,Microsoft footprint TX #162,TX,,109442.61,29.5338076,-97.4553574,,commercial_industrial_unknown,unknown,"MULTIPOLYGON (((-97.455922 29.533367, -97.455676 29.532781, -97.455401 29.532868, -97.455535 29.533187, -97.455094 29.533328, -97.455098 29.533392, -97.45501 29.53342, -97.455077 29.533578, -97.455176 29.533546, -97.455201 29.533606, -97.455336 29.533563, -97.455353 29.533782, -97.454773 29.533815, -97.454805 29.534239, -97.455056 29.534225, -97.45502 29.534139, -97.455084 29.534136, -97.455095 29.534288, -97.455018 29.534292, -97.455031 29.534473, -97.455118 29.534679, -97.455476 29.534658, -97.455441 29.534196, -97.455652 29.534184, -97.455649 29.534134, -97.455775 29.534127, -97.455746 29.533739, -97.455419 29.533757, -97.455403 29.533531, -97.455568 29.533478, -97.455569 29.533479, -97.455922 29.533367)))",microsoft_us_building_footprints
ms-tx-000162,Microsoft footprint TX #163,TX,,143675.43,27.7837271,-97.4425709,,commercial_industrial_unknown,unknown,"MULTIPOLYGON (((-97.442766 27.782333, -97.442346 27.782339, -97.442365 27.7833, -97.442313 27.783301, -97.442336 27.784504, -97.442388 27.784503, -97.4424 27.785103, -97.442819 27.785097, -97.442766 27.782333)))",microsoft_us_building_footprints
ms-tx-000163,Microsoft footprint TX #164,TX,,120792.17,25.9082800,-97.4446145,,commercial_industrial_unknown,unknown,"MULTIPOLYGON (((-97.44498 25.907509, -97.444338 25.90748, -97.444249 25.909051, -97.444891 25.90908, -97.44498 25.907509)))",microsoft_us_building_footprints
ms-tx-000164,Microsoft footprint TX #165,TX,,122821.88,27.7945335,-97.4513718,,commercial_industrial_unknown,unknown,"MULTIPOLYGON (((-97.452236 27.794689, -97.450755 27.7938, -97.450517 27.794111, -97.450674 27.794388, -97.450675 27.794387, -97.450705 27.794439, -97.45082 27.794509, -97.450849 27.794496, -97.451291 27.794761, -97.451272 27.794786, -97.451316 27.794863, -97.451354 27.794886, -97.451298 27.794958, -97.45131 27.794979, -97.451535 27.795114, -97.451512 27.795145, -97.45163 27.795216, -97.451662 27.795202, -97.451785 27.795276, -97.452236 27.794689)))",microsoft_us_building_footprints
ms-tx-000165,Microsoft footprint TX #166,TX,,115425.98,32.7191353,-97.4721050,,commercial_industrial_unknown,unknown,"MULTIPOLYGON (((-97.471604 32.719762, -97.472 32.719762, -97.471999 32.719512, -97.472466 32.719512, -97.472466 32.71929, -97.472531 32.71929, -97.472532 32.71943, -97.472856 32.71943, -97.472855 32.718878, -97.472528 32.718879, -97.472528 32.719019, -97.47246 32.719019, -97.47246 32.718807, -97.471989 32.718808, -97.471989 32.718453, -97.4716 32.718453, -97.4716 32.718954, -97.47175 32.718954, -97.471751 32.719015, -97.471603 32.719015, -97.471604 32.719762)))",microsoft_us_building_footprints
ms-tx-000166,Microsoft footprint TX #167,TX,,101074.5,25.8843422,-97.5023408,,commercial_industrial_unknown,unknown,"MULTIPOLYGON (((-97.501678 25.88438, -97.501936 25.884623, -97.502314 25.88461, -97.502315 25.884634, -97.502184 25.884638, -97.50219 25.884783, -97.502398 25.884776, -97.502479 25.884954, -97.502648 25.885114, -97.502755 25.88511, -97.50269 25.883548, -97.502625 25.88355, -97.502642 25.883957, -97.502369 25.883966, -97.502364 25.883837, -97.50242 25.883835, -97.502424 25.883939, -97.502538 25.883935, -97.502535 25.88387, -97.502525 25.883833, -97.502514 25.883591, -97.502245 25.8836, -97.502256 25.883847, -97.502292 25.883846, -97.50232 25.883908, -97.50223 25.883941, -97.502233 25.884005, -97.502316 25.884002, -97.50232 25.884101, -97.501668 25.884124, -97.501678 25.88438)))",microsoft_us_building_footprints
ms-tx-000167,Microsoft footprint TX #168,TX,,225766.25,32.9635304,-97.4954819,,commercial_industrial_unknown,unknown,"MULTIPOLYGON (((-97.496609 32.963513, -97.496506 32.963497, -97.496571 32.9632, -97.49629 32.962943, -97.495452 32.962814, -97.495413 32.962778, -97.494963 32.963123, -97.49494 32.963102, -97.494849 32.963088, -97.494844 32.963113, -97.49461 32.963077, -97.494589 32.963176, -97.494735 32.963198, -97.494683 32.963436, -97.49475 32.963498, -97.494661 32.963902, -97.494713 32.96391, -97.494673 32.963941, -97.494655 32.963924, -97.49462 32.96395, -97.49468 32.963959, -97.494576 32.964434, -97.4949 32.964484, -97.495775 32.963812, -97.495757 32.963795, -97.495952 32.963825, -97.495947 32.963829, -97.496156 32.963861, -97.496609 32.963513)))",microsoft_us_building_footprints
ms-tx-000168,Microsoft footprint TX #169,TX,,103109.13,31.8113382,-106.2591874,,commercial_industrial_unknown,unknown,"MULTIPOLYGON (((-106.259598 31.811865, -106.25958 31.810764, -106.258778 31.810773, -106.258796 31.811873, -106.258949 31.811871, -106.25895 31.81192, -106.259064 31.811919, -106.259065 31.811957, -106.259347 31.811954, -106.259346 31.811868, -106.259598 31.811865)))",microsoft_us_building_footprints
ms-tx-000169,Microsoft footprint TX #170,TX,,107750.47,31.7631619,-106.2860510,,commercial_industrial_unknown,unknown,"MULTIPOLYGON (((-106.286502 31.762608, -106.285706 31.76261, -106.285706 31.76277, -106.285667 31.76277, -106.285668 31.762952, -106.285541 31.762953, -106.285541 31.763062, -106.285605 31.763062, -106.285607 31.763502, -106.285496 31.763503, -106.285496 31.763571, -106.285597 31.763571, -106.285597 31.763706, -106.285962 31.763705, -106.285962 31.76364, -106.286024 31.76364, -106.286024 31.763725, -106.286355 31.763724, -106.286354 31.763576, -106.286413 31.763576, -106.286413 31.763547, -106.286506 31.763546, -106.286502 31.762608)))",microsoft_us_building_footprints
ms-tx-000170,Microsoft footprint TX #171,TX,,159632.94,31.7665282,-106.2662472,,commercial_industrial_unknown,unknown,"MULTIPOLYGON (((-106.267141 31.766155, -106.266831 31.766171, -106.266816 31.76616, -106.266813 31.766119, -106.266382 31.766141, -106.266386 31.766187, -106.266046 31.766204, -106.266049 31.766243, -106.265297 31.766281, -106.264861 31.765977, -106.264706 31.766137, -106.265081 31.766399, -106.265136 31.766397, -106.265157 31.766375, -106.265197 31.766403, -106.265203 31.766491, -106.265297 31.766486, -106.265307 31.766628, -106.265458 31.766734, -106.265921 31.76671, -106.265927 31.766796, -106.26609 31.766788, -106.266106 31.767019, -106.26704 31.766971, -106.267051 31.767127, -106.267136 31.767122, -106.267125 31.766973, -106.267198 31.76697, -106.267141 31.766155)))",microsoft_us_building_footprints
ms-tx-000171,Microsoft footprint TX #172,TX,,132598.72,31.7160002,-106.3113350,,commercial_industrial_unknown,unknown,"MULTIPOLYGON (((-106.311859 31.715269, -106.311858 31.715269, -106.311901 31.7151, -106.311459 31.715018, -106.311432 31.715125, -106.31125 31.715091, -106.311195 31.715306, -106.311345 31.715334, -106.311256 31.715683, -106.311007 31.715637, -106.310881 31.716134, -106.310908 31.71617, -106.310906 31.716171, -106.310998 31.716188, -106.310871 31.716687, -106.310877 31.716688, -106.310784 31.717054, -106.311044 31.717102, -106.31111 31.716842, -106.311137 31.716847, -106.311151 31.71679, -106.311415 31.716643, -106.311554 31.716669, -106.311678 31.716185, -106.311542 31.716008, -106.311597 31.715978, -106.311687 31.715995, -106.31172 31.715865, -106.31171 31.715852, -106.311859 31.715269)))",microsoft_us_building_footprints
ms-tx-000172,Microsoft footprint TX #173,TX,,131513.77,31.7158227,-106.2934746,,commercial_industrial_unknown,unknown,"MULTIPOLYGON (((-106.292376 31.715901, -106.292619 31.716413, -106.294496 31.715768, -106.294489 31.715753, -106.294602 31.715715, -106.294516 31.715532, -106.294459 31.715551, -106.29431 31.715236, -106.292376 31.715901)))",microsoft_us_building_footprints
ms-tx-000173,Microsoft footprint TX #174,TX,,107114.35,31.6991299,-106.3223025,,commercial_industrial_unknown,unknown,"MULTIPOLYGON (((-106.321587 31.699163, -106.321732 31.699291, -106.321672 31.69934, -106.322158 31.699769, -106.322497 31.699491, -106.322533 31.699522, -106.322583 31.699481, -106.322546 31.699448, -106.322793 31.699245, -106.32284 31.699287, -106.323064 31.699104, -106.323008 31.699055, -106.323022 31.699043, -106.322487 31.698572, -106.322511 31.698553, -106.322424 31.698476, -106.321587 31.699163)))",microsoft_us_building_footprints
ms-tx-000174,Microsoft footprint TX #175,TX,,107876.33,31.6546293,-106.3217240,,commercial_industrial_unknown,unknown,"MULTIPOLYGON (((-106.322435 31.65424, -106.321973 31.654465, -106.3218 31.65435, -106.321597 31.654382, -106.321311 31.653958, -106.321209 31.654008, -106.321089 31.654277, -106.321179 31.65441, -106.320982 31.654441, -106.321069 31.65457, -106.32116 31.654786, -106.321237 31.654901, -106.321522 31.654855, -106.321457 31.655001, -106.321637 31.655268, -106.322197 31.654995, -106.322063 31.654795, -106.322129 31.654763, -106.32209 31.65459, -106.322389 31.654686, -106.32241 31.654718, -106.322515 31.654666, -106.322578 31.654761, -106.322767 31.654669, -106.322731 31.654645, -106.322678 31.654703, -106.322617 31.654611, -106.322667 31.654557, -106.322638 31.654516, -106.3225 31.654538, -106.322435 31.65424)))",microsoft_us_building_footprints
ms-tx-000175,Microsoft footprint TX #176,TX,,133691.72,31.7785938,-106.3355001,,commercial_industrial_unknown,unknown,"MULTIPOLYGON (((-106.334497 31.778703, -106.334497 31.778847, -106.334502 31.778847, -106.334503 31.779018, -106.336334 31.779017, -106.336465 31.778687, -106.33619 31.778687, -106.336189 31.778613, -106.336214 31.778613, -106.336214 31.778292, -106.335853 31.778292, -106.335839 31.778333, -106.335836 31.778333, -106.335765 31.778316, -106.335798 31.778217, -106.335733 31.778201, -106.335762 31.778114, -106.335307 31.778001, -106.335304 31.77801, -106.334871 31.777904, -106.334776 31.778183, -106.335052 31.778251, -106.335052 31.77836, -106.335302 31.778422, -106.335302 31.778431, -106.335624 31.778532, -106.335624 31.778641, -106.335589 31.778641, -106.335568 31.778703, -106.334497 31.778703)))",microsoft_us_building_footprints
ms-tx-000176,Microsoft footprint TX #177,TX,,352598.48,31.7425168,-106.3142487,,commercial_industrial_unknown,unknown,"MULTIPOLYGON (((-106.31291 31.742795, -106.313891 31.743292, -106.313996 31.743142, -106.314712 31.743505, -106.314896 31.743242, -106.315146 31.743369, -106.315479 31.742892, -106.315268 31.742785, -106.315476 31.742487, -106.314793 31.742141, -106.314949 31.741919, -106.3149 31.741894, -106.314976 31.741784, -106.314842 31.741716, -106.314767 31.741822, -106.314394 31.741633, -106.314438 31.741571, -106.314351 31.741527, -106.314321 31.741569, -106.313914 31.741362, -106.31291 31.742795)))",microsoft_us_building_footprints
ms-tx-000177,Microsoft footprint TX #178,TX,,160621.5,31.7199978,-106.3180504,,commercial_industrial_unknown,unknown,"MULTIPOLYGON (((-106.3187 31.719361, -106.318117 31.719241, -106.318151 31.71912, -106.317862 31.71906, -106.317405 31.720666, -106.317808 31.720749, -106.317792 31.720807, -106.317837 31.720817, -106.317848 31.72078, -106.318271 31.720867, -106.3187 31.719361)))",microsoft_us_building_footprints
ms-tx-000178,Microsoft footprint TX #179,TX,,214651.78,31.7531835,-106.3399703,,commercial_industrial_unknown,unknown,"MULTIPOLYGON (((-106.339037 31.753306, -106.34039 31.754076, -106.340971 31.753337, -106.340808 31.753245, -106.340923 31.753099, -106.339981 31.752563, -106.339897 31.75267, -106.339773 31.752599, -106.339887 31.752454, -106.339491 31.752228, -106.339225 31.752566, -106.33942 31.752677, -106.339254 31.752888, -106.339032 31.752762, -106.338937 31.752883, -106.339149 31.753004, -106.339122 31.753038, -106.339209 31.753087, -106.339037 31.753306)))",microsoft_us_building_footprints
ms-tx-000179,Microsoft footprint TX #180,TX,,356074.5,31.8177146,-106.3854210,,commercial_industrial_unknown,unknown,"MULTIPOLYGON (((-106.387188 31.817841, -106.385255 31.817865, -106.385214 31.817831, -106.385251 31.8178, -106.385187 31.817747, -106.38516 31.817747, -106.385137 31.817768, -106.38509 31.817729, -106.385066 31.816305, -106.384162 31.816316, -106.384187 31.817748, -106.384511 31.817744, -106.384515 31.81796, -106.384691 31.818105, -106.384659 31.818133, -106.384734 31.818195, -106.384765 31.818168, -106.385007 31.818367, -106.385264 31.818364, -106.385268 31.818637, -106.387202 31.818613, -106.387188 31.817841)))",microsoft_us_building_footprints
ms-tx-000180,Microsoft footprint TX #181,TX,,576563.79,31.7835051,-106.4123523,,commercial_industrial_unknown,unknown,"MULTIPOLYGON (((-106.41459 31.783505, -106.414652 31.783149, -106.414896 31.783092, -106.414745 31.782625, -106.41464 31.782649, -106.41453 31.782311, -106.41342 31.78257, -106.413314 31.782877, -106.413045 31.78294, -106.413036 31.782991, -106.413108 31.783213, -106.413107 31.78322, -106.41231 31.783449, -106.412124 31.782875, -106.412105 31.782879, -106.412121 31.782928, -106.410012 31.783421, -106.409942 31.783825, -106.410076 31.783842, -106.410282 31.784479, -106.410676 31.784387, -106.410738 31.784578, -106.411317 31.784443, -106.411305 31.784407, -106.412606 31.784103, -106.41263 31.783963, -106.41459 31.783505)))",microsoft_us_building_footprints
ms-tx-000181,Microsoft footprint TX #182,TX,,138193.95,31.8810466,-106.4394402,,commercial_industrial_unknown,unknown,"MULTIPOLYGON (((-106.439983 31.8805, -106.439367 31.880499, -106.439368 31.880269, -106.439208 31.880269, -106.439208 31.880501, -106.438934 31.880501, -106.438932 31.88136, -106.438929 31.88136, -106.438928 31.881694, -106.439159 31.881695, -106.439159 31.881638, -106.439802 31.881639, -106.439803 31.881573, -106.439765 31.881573, -106.439765 31.881532, -106.43998 31.881532, -106.439983 31.8805)))",microsoft_us_building_footprints
ms-tx-000182,Microsoft footprint TX #183,TX,,234120.58,31.8962135,-106.4382210,,commercial_industrial_unknown,unknown,"MULTIPOLYGON (((-106.439372 31.896613, -106.439376 31.896254, -106.439185 31.896252, -106.439188 31.896078, -106.43955 31.896081, -106.439551 31.89593, -106.43929 31.895927, -106.439291 31.895898, -106.439174 31.895897, -106.439175 31.895758, -106.438727 31.895754, -106.438728 31.89567, -106.438564 31.895668, -106.438562 31.895775, -106.437711 31.895768, -106.437711 31.895708, -106.436904 31.895701, -106.436903 31.895803, -106.437171 31.895806, -106.437161 31.896622, -106.4374 31.896624, -106.437399 31.896715, -106.438396 31.896723, -106.438395 31.896746, -106.438514 31.896747, -106.438515 31.896728, -106.43863 31.896729, -106.43863 31.896684, -106.438995 31.896688, -106.438996 31.89661, -106.439372 31.896613)))",microsoft_us_building_footprints
ms-tx-000183,Microsoft footprint TX #184,TX,,400023.03,30.3401625,-97.6142576,,commercial_industrial_unknown,unknown,"MULTIPOLYGON (((-97.613085 30.338752, -97.613376 30.339749, -97.613548 30.339711, -97.613733 30.340345, -97.613871 30.340314, -97.613898 30.340404, -97.614161 30.340346, -97.614128 30.340232, -97.614553 30.340139, -97.614737 30.34077, -97.613873 30.340958, -97.614161 30.341941, -97.614806 30.341801, -97.614826 30.341869, -97.615082 30.341813, -97.615049 30.341702, -97.615511 30.341601, -97.615288 30.340838, -97.615139 30.34087, -97.61511 30.34077, -97.61498 30.340799, -97.61495 30.340696, -97.614847 30.340719, -97.614508 30.33956, -97.61441 30.339582, -97.61438 30.339481, -97.6145 30.339455, -97.614467 30.339342, -97.614584 30.339317, -97.614551 30.339204, -97.614651 30.339183, -97.614439 30.338457, -97.613085 30.338752)))",microsoft_us_building_footprints
ms-tx-000184,Microsoft footprint TX #185,TX,,143665.67,30.4822670,-97.6281400,,commercial_industrial_unknown,unknown,"MULTIPOLYGON (((-97.627451 30.481446, -97.627998 30.482768, -97.627997 30.482769, -97.628055 30.482909, -97.628109 30.482893, -97.628274 30.48329, -97.62883 30.483119, -97.62806 30.481258, -97.627451 30.481446)))",microsoft_us_building_footprints
ms-tx-000185,Microsoft footprint TX #186,TX,,197167.98,31.8216490,-106.5437950,,commercial_industrial_unknown,unknown,"MULTIPOLYGON (((-106.543967 31.821051, -106.543637 31.82123, -106.543613 31.821197, -106.543466 31.821277, -106.543469 31.821348, -106.542481 31.821885, -106.542663 31.822126, -106.542916 31.821988, -106.542917 31.82202, -106.542853 31.822055, -106.54292 31.822144, -106.542749 31.822237, -106.542996 31.822565, -106.543336 31.82238, -106.543294 31.822324, -106.543293 31.822293, -106.543846 31.821992, -106.543891 31.822051, -106.54423 31.821867, -106.544278 31.821931, -106.544372 31.821881, -106.543966 31.821342, -106.544048 31.821298, -106.544447 31.821285, -106.544458 31.821558, -106.544932 31.821544, -106.544934 31.821609, -106.544993 31.821607, -106.545012 31.821597, -106.545004 31.821417, -106.545254 31.82141, -106.545237 31.821011, -106.543967 31.821051)))",microsoft_us_building_footprints
ms-tx-000186,Microsoft footprint TX #187,TX,,167867.52,26.1447311,-97.6325392,,commercial_industrial_unknown,unknown,"MULTIPOLYGON (((-97.633712 26.145197, -97.633342 26.144951, -97.633361 26.144927, -97.631674 26.143805, -97.631348 26.1442, -97.631365 26.144212, -97.631309 26.14428, -97.631343 26.144303, -97.631381 26.144258, -97.632399 26.144935, -97.632312 26.145041, -97.632429 26.145119, -97.632484 26.145053, -97.633088 26.145455, -97.633039 26.145515, -97.633139 26.145582, -97.633173 26.145541, -97.633337 26.145651, -97.633712 26.145197)))",microsoft_us_building_footprints
ms-tx-000187,Microsoft footprint TX #188,TX,,136751.95,27.8548078,-97.6356980,,commercial_industrial_unknown,unknown,"MULTIPOLYGON (((-97.636694 27.854332, -97.635887 27.854249, -97.635852 27.854515, -97.635678 27.854497, -97.635703 27.854306, -97.635602 27.854296, -97.635588 27.854404, -97.635497 27.854425, -97.635424 27.854335, -97.635397 27.85454, -97.635097 27.85451, -97.635073 27.854687, -97.635214 27.854597, -97.635184 27.854828, -97.634976 27.854711, -97.63486 27.854872, -97.634708 27.854856, -97.634656 27.855249, -97.635064 27.855291, -97.635076 27.8552, -97.634696 27.855161, -97.634706 27.855089, -97.63478 27.855096, -97.634933 27.854884, -97.635159 27.854907, -97.635119 27.855212, -97.635189 27.855252, -97.635935 27.855328, -97.636257 27.855122, -97.636121 27.854663, -97.636709 27.854527, -97.636599 27.854393, -97.636694 27.854332)))",microsoft_us_building_footprints
ms-tx-000188,Microsoft footprint TX #189,TX,,168270.21,30.4839479,-97.6661110,,commercial_industrial_unknown,unknown,"MULTIPOLYGON (((-97.665646 30.48327, -97.665588 30.483384, -97.665528 30.483378, -97.665511 30.483494, -97.665334 30.483843, -97.665264 30.483836, -97.665231 30.4839, -97.665262 30.483912, -97.665187 30.484059, -97.665561 30.4842, -97.665558 30.484225, -97.665842 30.484448, -97.666181 30.484485, -97.666168 30.484498, -97.666561 30.484645, -97.666619 30.48453, -97.666672 30.484535, -97.666701 30.484478, -97.666683 30.484463, -97.666881 30.484072, -97.666945 30.484078, -97.666974 30.484021, -97.666948 30.484001, -97.66702 30.483858, -97.666637 30.483714, -97.666678 30.483633, -97.666612 30.483608, -97.66662 30.483551, -97.666161 30.483378, -97.666144 30.483394, -97.666069 30.483366, -97.666042 30.483419, -97.665646 30.48327)))",microsoft_us_building_footprints
ms-tx-000189,Microsoft footprint TX #190,TX,,108056.65,30.4624224,-97.6711632,,commercial_industrial_unknown,unknown,"MULTIPOLYGON (((-97.670479 30.463109, -97.670915 30.463289, -97.670963 30.463203, -97.671019 30.463227, -97.671845 30.461747, -97.671352 30.461543, -97.670479 30.463109)))",microsoft_us_building_footprints
ms-tx-000190,Microsoft footprint TX #191,TX,,124698.21,30.4884665,-97.6705571,,commercial_industrial_unknown,unknown,"MULTIPOLYGON (((-97.670851 30.488344, -97.670659 30.488405, -97.670638 30.488353, -97.670303 30.488294, -97.670261 30.488473, -97.669998 30.487852, -97.6698 30.487914, -97.669767 30.488054, -97.669728 30.488066, -97.670057 30.488846, -97.670093 30.488834, -97.670121 30.4889, -97.670214 30.488917, -97.670358 30.488871, -97.670317 30.488775, -97.670471 30.488727, -97.670705 30.48928, -97.670741 30.489269, -97.670779 30.489359, -97.670998 30.48929, -97.670959 30.489198, -97.671026 30.489177, -97.670798 30.488638, -97.670969 30.488585, -97.671011 30.488685, -97.671227 30.488617, -97.671188 30.488525, -97.671263 30.488501, -97.670932 30.487718, -97.670894 30.48773, -97.670853 30.487634, -97.670586 30.487718, -97.670851 30.488344)))",microsoft_us_building_footprints
ms-tx-000191,Microsoft footprint TX #192,TX,,278031.81,31.0566004,-97.6510723,,commercial_industrial_unknown,unknown,"MULTIPOLYGON (((-97.650975 31.05598, -97.650976 31.055971, -97.649827 31.055909, -97.649802 31.05626, -97.649721 31.056293, -97.649697 31.05663, -97.65052 31.056674, -97.650487 31.057123, -97.650766 31.057138, -97.650781 31.05693, -97.650977 31.05694, -97.650955 31.057241, -97.651207 31.057255, -97.6513 31.057217, -97.651277 31.057538, -97.651416 31.057545, -97.65142 31.05749, -97.651767 31.057509, -97.651781 31.057325, -97.652083 31.057341, -97.652115 31.056897, -97.651625 31.056871, -97.651635 31.056732, -97.651755 31.056739, -97.651695 31.056631, -97.652333 31.056665, -97.652366 31.056214, -97.651033 31.056142, -97.651045 31.055983, -97.650975 31.05598)))",microsoft_us_building_footprints
ms-tx-000192,Microsoft footprint TX #193,TX,,104150.32,30.2149726,-97.6949763,,commercial_industrial_unknown,unknown,"MULTIPOLYGON (((-97.695547 30.214477, -97.695105 30.214589, -97.695104 30.214585, -97.694609 30.21471, -97.694604 30.21478, -97.69421 30.214879, -97.694289 30.215114, -97.694266 30.21512, -97.694313 30.21526, -97.694364 30.215263, -97.694373 30.215291, -97.69437 30.21533, -97.694459 30.215493, -97.694517 30.215478, -97.69452 30.215437, -97.694863 30.215351, -97.694865 30.215356, -97.695362 30.215231, -97.695367 30.215166, -97.695739 30.215058, -97.69574 30.215049, -97.695547 30.214477)))",microsoft_us_building_footprints
ms-tx-000193,Microsoft footprint TX #194,TX,,151619.42,30.2078010,-97.6960727,,commercial_industrial_unknown,unknown,"MULTIPOLYGON (((-97.697075 30.208007, -97.69696 30.207389, -97.696991 30.207385, -97.696974 30.20729, -97.696934 30.207295, -97.69693 30.20727, -97.696823 30.207285, -97.696834 30.207349, -97.695072 30.207594, -97.695187 30.208212, -97.695158 30.208216, -97.695181 30.208338, -97.69533 30.208317, -97.695318 30.208251, -97.697075 30.208007)))",microsoft_us_building_footprints
ms-tx-000194,Microsoft footprint TX #195,TX,,180285.49,30.6308200,-97.6986395,,commercial_industrial_unknown,unknown,"MULTIPOLYGON (((-97.699289 30.631612, -97.69926 30.630805, -97.699153 30.630808, -97.69915 30.630713, -97.699112 30.630714, -97.699105 30.630535, -97.698891 30.63054, -97.698889 30.630484, -97.698838 30.630485, -97.698825 30.630127, -97.698506 30.630135, -97.698486 30.629582, -97.698415 30.629584, -97.698413 30.629524, -97.698275 30.629528, -97.698277 30.629585, -97.698156 30.629589, -97.69818 30.630248, -97.69814 30.630249, -97.698148 30.63046, -97.698201 30.630459, -97.698205 30.630552, -97.698267 30.63055, -97.698268 30.630599, -97.698222 30.6306, -97.698241 30.631137, -97.698178 30.631139, -97.698194 30.631579, -97.698229 30.631578, -97.698231 30.631641, -97.699289 30.631612)))",microsoft_us_building_footprints
ms-tx-000195,Microsoft footprint TX #196,TX,,157869.57,30.4820552,-97.6787646,,commercial_industrial_unknown,unknown,"MULTIPOLYGON (((-97.679106 30.483364, -97.679104 30.483316, -97.679139 30.483306, -97.679098 30.482202, -97.679105 30.482202, -97.679103 30.482151, -97.679147 30.48215, -97.679143 30.482028, -97.679083 30.481877, -97.679072 30.481565, -97.679013 30.481567, -97.679007 30.48139, -97.678913 30.481393, -97.678906 30.481207, -97.678811 30.481209, -97.678808 30.481126, -97.678822 30.481122, -97.678811 30.48082, -97.678262 30.480835, -97.678277 30.481241, -97.67851 30.481235, -97.678517 30.481422, -97.678441 30.481424, -97.678482 30.482555, -97.678397 30.482579, -97.6784 30.482653, -97.678758 30.482643, -97.678774 30.483105, -97.678622 30.483109, -97.67863 30.483339, -97.678589 30.483351, -97.67859 30.483378, -97.679106 30.483364)))",microsoft_us_building_footprints
ms-tx-000196,Microsoft footprint TX #197,TX,,219629.8,30.4894859,-97.6800953,,commercial_industrial_unknown,unknown,"MULTIPOLYGON (((-97.679647 30.488005, -97.680207 30.490087, -97.680188 30.490132, -97.679038 30.490362, -97.679109 30.490624, -97.679046 30.49077, -97.679171 30.490745, -97.679207 30.49088, -97.679464 30.490829, -97.679366 30.490463, -97.679521 30.490431, -97.679593 30.4907, -97.680587 30.490501, -97.680554 30.490379, -97.680332 30.490309, -97.680361 30.490242, -97.680686 30.490345, -97.680872 30.48991, -97.680624 30.489831, -97.680565 30.489611, -97.680747 30.489575, -97.680682 30.489334, -97.68044 30.489382, -97.680335 30.488991, -97.680161 30.489026, -97.680131 30.488917, -97.680554 30.488832, -97.680372 30.488158, -97.680006 30.488231, -97.679984 30.488151, -97.680422 30.488063, -97.680367 30.487861, -97.679647 30.488005)))",microsoft_us_building_footprints
ms-tx-000197,Microsoft footprint TX #198,TX,,101329.34,30.3842195,-97.7149381,,commercial_industrial_unknown,unknown,"MULTIPOLYGON (((-97.714024 30.38449, -97.714274 30.384591, -97.714461 30.384248, -97.715602 30.384711, -97.715852 30.384252, -97.714461 30.383688, -97.714024 30.38449)))",microsoft_us_building_footprints
ms-tx-000198,Microsoft footprint TX #199,TX,,231541.63,30.3392647,-97.6897204,,commercial_industrial_unknown,unknown,"MULTIPOLYGON (((-97.689706 30.340119, -97.690033 30.340256, -97.690156 30.340036, -97.690701 30.339749, -97.690618 30.339631, -97.690682 30.339597, -97.690639 30.339535, -97.690662 30.339523, -97.69047 30.339252, -97.690412 30.339283, -97.690144 30.338906, -97.690163 30.338896, -97.689995 30.338658, -97.689874 30.338722, -97.68965 30.338407, -97.689762 30.338348, -97.689828 30.338376, -97.689672 30.338155, -97.689267 30.338369, -97.689366 30.338509, -97.689337 30.338524, -97.68938 30.338584, -97.689128 30.338717, -97.688998 30.338534, -97.68885 30.338612, -97.688995 30.338817, -97.688609 30.339021, -97.688696 30.339144, -97.688864 30.339056, -97.689478 30.339923, -97.689543 30.339889, -97.689706 30.340119)))",microsoft_us_building_footprints
ms-tx-000199,Microsoft footprint TX #200,TX,,166934.58,30.2487644,-97.6916409,,commercial_industrial_unknown,unknown,"MULTIPOLYGON (((-97.691392 30.249331, -97.691376 30.249278, -97.691512 30.247188, -97.691281 30.246401, -97.69136 30.246368, -97.691285 30.24611, -97.691275 30.246128, -97.691226 30.246126, -97.691037 30.249029, -97.69107 30.249021, -97.691095 30.249104, -97.691184 30.249085, -97.691183 30.249106, -97.691148 30.249113, -97.691145 30.24916, -97.691236 30.249111, -97.691211 30.249491, -97.691307 30.249532, -97.691371 30.249518, -97.691419 30.249583, -97.691263 30.249575, -97.691665 30.250126, -97.691759 30.250166, -97.691784 30.25025, -97.693665 30.251037, -97.693744 30.250994, -97.693571 30.250794, -97.693554 30.250826, -97.692012 30.250181, -97.691392 30.249331)))",microsoft_us_building_footprints
ms-tx-000200,Microsoft footprint TX #201,TX,,102005.6,30.6815463,-97.7196760,,commercial_industrial_unknown,unknown,"MULTIPOLYGON (((-97.719298 30.681032, -97.719051 30.681524, -97.718943 30.681483, -97.71891 30.681548, -97.718992 30.681579, -97.718949 30.681664, -97.720121 30.682099, -97.72013 30.682081, -97.720197 30.682105, -97.720268 30.681964, -97.720219 30.681946, -97.720264 30.681857, -97.720211 30.681837, -97.720267 30.681725, -97.720136 30.681677, -97.720294 30.681362, -97.719857 30.6812, -97.719898 30.681119, -97.719679 30.681038, -97.719649 30.681096, -97.719527 30.681051, -97.719513 30.681079, -97.719477 30.681065, -97.719463 30.681094, -97.719298 30.681032)))",microsoft_us_building_footprints
ms-tx-000201,Microsoft footprint TX #202,TX,,107714.55,30.3801818,-97.7216704,,commercial_industrial_unknown,unknown,"MULTIPOLYGON (((-97.72232 30.379534, -97.721796 30.379333, -97.721021 30.38083, -97.721544 30.381031, -97.72232 30.379534)))",microsoft_us_building_footprints
ms-tx-000202,Microsoft footprint TX #203,TX,,142900.56,30.2773323,-97.7350463,,commercial_industrial_unknown,unknown,"MULTIPOLYGON (((-97.735711 30.276304, -97.735162 30.276165, -97.734722 30.277463, -97.734802 30.277484, -97.734831 30.277484, -97.734959 30.277517, -97.734995 30.277503, -97.735081 30.277525, -97.735012 30.277729, -97.73499 30.277729, -97.734923 30.277712, -97.734906 30.277762, -97.734858 30.27778, -97.734844 30.277751, -97.734688 30.277809, -97.734662 30.277756, -97.734468 30.277827, -97.734461 30.277813, -97.734381 30.277843, -97.734373 30.278337, -97.734806 30.278447, -97.734817 30.278468, -97.734946 30.278501, -97.735063 30.278158, -97.735063 30.27814, -97.735079 30.278134, -97.735201 30.277789, -97.73512 30.277768, -97.73519 30.277562, -97.735283 30.277563, -97.735711 30.276304)))",microsoft_us_building_footprints
ms-tx-000203,Microsoft footprint TX #204,TX,,150482.4,30.3963285,-97.7209404,,commercial_industrial_unknown,unknown,"MULTIPOLYGON (((-97.720201 30.396812, -97.721205 30.397062, -97.721353 30.396622, -97.721314 30.396612, -97.721373 30.396437, -97.721286 30.396416, -97.721329 30.396287, -97.721418 30.39631, -97.721407 30.396344, -97.721514 30.396371, -97.721697 30.395826, -97.721527 30.395784, -97.721525 30.39579, -97.720747 30.395597, -97.720628 30.395953, -97.720618 30.395951, -97.720581 30.396062, -97.720462 30.396032, -97.720201 30.396812)))",microsoft_us_building_footprints
ms-tx-000204,Microsoft footprint TX #205,TX,,127193.96,30.3897536,-97.7277173,,commercial_industrial_unknown,unknown,"MULTIPOLYGON (((-97.727083 30.390188, -97.727366 30.39026, -97.727379 30.390222, -97.727579 30.390273, -97.727557 30.390339, -97.727714 30.390379, -97.727731 30.390331, -97.727895 30.390373, -97.727948 30.39022, -97.728034 30.390242, -97.727924 30.390562, -97.728056 30.390596, -97.72822 30.390118, -97.728172 30.390106, -97.728228 30.389943, -97.727935 30.389869, -97.727963 30.389788, -97.728033 30.389806, -97.728042 30.389779, -97.727981 30.389763, -97.728029 30.389622, -97.728218 30.38967, -97.728333 30.389333, -97.728144 30.389284, -97.728129 30.389326, -97.727986 30.389289, -97.728024 30.389179, -97.727836 30.389131, -97.727858 30.389066, -97.727499 30.388974, -97.727083 30.390188)))",microsoft_us_building_footprints
ms-tx-000205,Microsoft footprint TX #206,TX,,150174.93,30.3221562,-97.7295117,,commercial_industrial_unknown,unknown,"MULTIPOLYGON (((-97.728772 30.322543, -97.729218 30.322717, -97.729189 30.322773, -97.729779 30.323003, -97.730046 30.322495, -97.729981 30.32247, -97.729997 30.32244, -97.729663 30.32231, -97.729776 30.322095, -97.729912 30.322148, -97.730006 30.321967, -97.729904 30.321927, -97.729994 30.321756, -97.73013 30.321809, -97.730236 30.321606, -97.72943 30.32129, -97.728772 30.322543)))",microsoft_us_building_footprints
ms-tx-000206,Microsoft footprint TX #207,TX,,272850.36,30.3896177,-97.7324164,,commercial_industrial_unknown,unknown,"MULTIPOLYGON (((-97.732667 30.388964, -97.732927 30.388999, -97.732972 30.388749, -97.733182 30.388777, -97.73349 30.387082, -97.733048 30.387022, -97.73284 30.388165, -97.732578 30.388129, -97.732492 30.388601, -97.732737 30.388635, -97.732686 30.388915, -97.732429 30.38888, -97.732243 30.389902, -97.732212 30.389897, -97.732165 30.390156, -97.731875 30.390117, -97.731774 30.390673, -97.731608 30.390651, -97.73159 30.39075, -97.731543 30.390744, -97.731343 30.391841, -97.731971 30.391926, -97.732161 30.390884, -97.732284 30.390901, -97.732401 30.390256, -97.732408 30.390257, -97.732462 30.389959, -97.732486 30.389962, -97.732667 30.388964)))",microsoft_us_building_footprints
ms-tx-000207,Microsoft footprint TX #208,TX,,171717.9,32.2316599,-97.7656785,,commercial_industrial_unknown,unknown,"MULTIPOLYGON (((-97.764498 32.231452, -97.765184 32.231826, -97.765214 32.231829, -97.765256 32.231955, -97.765656 32.231989, -97.765646 32.232074, -97.765744 32.232083, -97.765722 32.232271, -97.766058 32.2323, -97.766065 32.232323, -97.766412 32.232353, -97.766439 32.232126, -97.766365 32.232119, -97.766298 32.231917, -97.766385 32.231896, -97.766693 32.232064, -97.766994 32.231669, -97.76645 32.231623, -97.76642 32.231534, -97.766297 32.231467, -97.766209 32.231582, -97.766 32.231468, -97.765951 32.231533, -97.765812 32.231457, -97.765858 32.231396, -97.765799 32.231391, -97.765804 32.231353, -97.76563 32.231258, -97.765708 32.231155, -97.765519 32.231052, -97.765405 32.231202, -97.764899 32.230927, -97.764498 32.231452)))",microsoft_us_building_footprints
ms-tx-000208,Microsoft footprint TX #209,TX,,163473.28,30.2050909,-97.7436634,,commercial_industrial_unknown,unknown,"MULTIPOLYGON (((-97.742252 30.204745, -97.744813 30.205877, -97.745074 30.205436, -97.742513 30.204305, -97.742252 30.204745)))",microsoft_us_building_footprints
ms-tx-000209,Microsoft footprint TX #210,TX,,159138.59,30.3988402,-97.7521570,,commercial_industrial_unknown,unknown,"MULTIPOLYGON (((-97.752839 30.399316, -97.75295 30.398908, -97.752793 30.398876, -97.752848 30.398676, -97.752532 30.398611, -97.752584 30.398426, -97.752437 30.397976, -97.75232 30.397952, -97.752216 30.397977, -97.752237 30.398043, -97.752208 30.39805, -97.752143 30.397853, -97.752037 30.397879, -97.752097 30.398061, -97.7519 30.398109, -97.751878 30.398189, -97.751977 30.398491, -97.75195 30.398589, -97.751777 30.398631, -97.751748 30.398735, -97.751815 30.398939, -97.751283 30.399068, -97.751198 30.399051, -97.75115 30.399229, -97.751257 30.39925, -97.751406 30.399214, -97.751517 30.399553, -97.752183 30.399391, -97.752137 30.399251, -97.752535 30.399332, -97.752555 30.399258, -97.752839 30.399316)))",microsoft_us_building_footprints
ms-tx-000210,Microsoft footprint TX #211,TX,,244061.34,31.1309498,-97.7742181,,commercial_industrial_unknown,unknown,"MULTIPOLYGON (((-97.773161 31.130117, -97.77309 31.130518, -97.773103 31.130524, -97.77309 31.130595, -97.773213 31.130658, -97.773148 31.131027, -97.773235 31.131038, -97.773252 31.130937, -97.773577 31.131102, -97.77364 31.131068, -97.774346 31.131426, -97.774325 31.131546, -97.774355 31.131561, -97.774315 31.131785, -97.774585 31.131922, -97.774691 31.131936, -97.774726 31.131736, -97.775065 31.131908, -97.775168 31.131758, -97.775246 31.131768, -97.77535 31.13118, -97.77524 31.131166, -97.774488 31.130784, -97.774597 31.130723, -97.774771 31.130811, -97.774798 31.130773, -97.774623 31.130543, -97.774657 31.130347, -97.774348 31.130307, -97.774371 31.130273, -97.773161 31.130117)))",microsoft_us_building_footprints
ms-tx-000211,Microsoft footprint TX #212,TX,,187827.55,30.1897744,-97.7736690,,commercial_industrial_unknown,unknown,"MULTIPOLYGON (((-97.774178 30.189774, -97.773389 30.191069, -97.773916 30.191309, -97.774186 30.190867, -97.774243 30.190893, -97.774322 30.190763, -97.773997 30.190615, -97.774087 30.190467, -97.774249 30.19054, -97.774346 30.190381, -97.774249 30.190337, -97.77428 30.190287, -97.774326 30.190308, -97.774405 30.190179, -97.774385 30.190086, -97.774351 30.190071, -97.774454 30.189902, -97.77437 30.189864, -97.774341 30.189723, -97.774403 30.189621, -97.77414 30.189502, -97.774251 30.189319, -97.773694 30.189065, -97.773761 30.188956, -97.773466 30.188822, -97.77351 30.18875, -97.773337 30.188671, -97.773302 30.188729, -97.772865 30.18853, -97.77259 30.188981, -97.772607 30.189059, -97.774178 30.189774)))",microsoft_us_building_footprints
ms-tx-000212,Microsoft footprint TX #213,TX,,931930.02,30.2576468,-97.8070658,,commercial_industrial_unknown,unknown,"MULTIPOLYGON (((-97.80803 30.257433, -97.808619 30.256839, -97.808794 30.256969, -97.808717 30.256759, -97.809058 30.256414, -97.808467 30.255977, -97.808106 30.256077, -97.80732 30.256871, -97.806665 30.256387, -97.806252 30.256805, -97.805322 30.256118, -97.804623 30.256825, -97.805555 30.257514, -97.805761 30.258067, -97.805947 30.258205, -97.806257 30.257891, -97.8067 30.258218, -97.806682 30.258236, -97.805976 30.258432, -97.805575 30.258837, -97.806398 30.259445, -97.807182 30.258653, -97.807139 30.258536, -97.807056 30.258559, -97.806962 30.258305, -97.808541 30.259471, -97.809114 30.258893, -97.808126 30.258164, -97.808726 30.257823, -97.808591 30.257645, -97.808299 30.25743, -97.808146 30.257585, -97.80803 30.257433)))",microsoft_us_building_footprints
ms-tx-000213,Microsoft footprint TX #214,TX,,179303.26,30.5213523,-97.7885439,,commercial_industrial_unknown,unknown,"MULTIPOLYGON (((-97.788035 30.522001, -97.788413 30.521954, -97.788435 30.522082, -97.788721 30.522046, -97.788727 30.52208, -97.789453 30.521989, -97.789414 30.521763, -97.789183 30.521792, -97.789126 30.521453, -97.789196 30.521423, -97.789062 30.521194, -97.788757 30.521327, -97.788697 30.520976, -97.789073 30.520929, -97.789037 30.520717, -97.788622 30.52077, -97.788559 30.520399, -97.788294 30.520432, -97.788297 30.520448, -97.788034 30.520481, -97.788102 30.520881, -97.7878 30.520919, -97.787828 30.521084, -97.787855 30.52113, -97.78817 30.52109, -97.788188 30.521199, -97.787918 30.521233, -97.787948 30.521411, -97.788036 30.5214, -97.788068 30.521588, -97.787967 30.521601, -97.788035 30.522001)))",microsoft_us_building_footprints
ms-tx-000214,Microsoft footprint TX #215,TX,,214901.15,30.5224831,-97.8344685,,commercial_industrial_unknown,unknown,"MULTIPOLYGON (((-97.834007 30.5231, -97.834062 30.523086, -97.834106 30.523221, -97.834269 30.523181, -97.834317 30.523324, -97.83552 30.523029, -97.835478 30.522903, -97.835263 30.522955, -97.834981 30.522103, -97.834938 30.522113, -97.834846 30.521837, -97.83498 30.521804, -97.834951 30.521714, -97.834574 30.521807, -97.834554 30.521749, -97.83447 30.52177, -97.834396 30.521546, -97.834229 30.521587, -97.834303 30.521814, -97.834026 30.521882, -97.833965 30.521697, -97.833511 30.521809, -97.83358 30.522019, -97.833778 30.521971, -97.833879 30.522276, -97.833701 30.52232, -97.83376 30.522497, -97.833827 30.522481, -97.833997 30.522996, -97.833975 30.523001, -97.834007 30.5231)))",microsoft_us_building_footprints
ms-tx-000215,Microsoft footprint TX #216,TX,,108975.15,30.2911814,-97.8582189,,commercial_industrial_unknown,unknown,"MULTIPOLYGON (((-97.859234 30.291649, -97.858277 30.291176, -97.85825 30.29106, -97.858664 30.290986, -97.858702 30.290928, -97.858647 30.290697, -97.858055 30.290803, -97.858086 30.290932, -97.858014 30.290944, -97.857846 30.290664, -97.857983 30.29064, -97.857921 30.290536, -97.857787 30.290595, -97.857721 30.290485, -97.857542 30.290517, -97.857509 30.290567, -97.857477 30.290572, -97.85761 30.290795, -97.857547 30.290891, -97.857388 30.290961, -97.85768 30.291448, -97.857955 30.291325, -97.857935 30.291242, -97.857908 30.291198, -97.857956 30.291157, -97.858042 30.291233, -97.857999 30.291297, -97.858485 30.291537, -97.858494 30.291529, -97.858537 30.29155, -97.858431 30.291711, -97.858893 30.291939, -97.859234 30.291649)))",microsoft_us_building_footprints
ms-tx-000216,Microsoft footprint TX #217,TX,,134188.57,30.3045213,-97.9320825,,commercial_industrial_unknown,unknown,"MULTIPOLYGON (((-97.931956 30.304323, -97.931614 30.304711, -97.931774 30.304815, -97.931747 30.304845, -97.931877 30.304931, -97.931843 30.304969, -97.932147 30.305168, -97.932167 30.305146, -97.932206 30.305172, -97.932254 30.305118, -97.932573 30.305327, -97.932934 30.304918, -97.933015 30.304972, -97.93308 30.304898, -97.933007 30.30485, -97.933039 30.304814, -97.932984 30.304778, -97.932972 30.304792, -97.932933 30.304767, -97.932937 30.304762, -97.932903 30.30474, -97.93289 30.304755, -97.932837 30.30472, -97.932868 30.304685, -97.932665 30.304553, -97.932684 30.304532, -97.93215 30.304181, -97.932139 30.304195, -97.930872 30.303363, -97.930734 30.30352, -97.931956 30.304323)))",microsoft_us_building_footprints
ms-tx-000217,Microsoft footprint TX #218,TX,,119427.1,29.5565408,-97.9388297,,commercial_industrial_unknown,unknown,"MULTIPOLYGON (((-97.938458 29.556437, -97.938487 29.556538, -97.938464 29.556543, -97.938508 29.556694, -97.938544 29.5567, -97.938531 29.556758, -97.938757 29.556797, -97.938786 29.556832, -97.938726 29.557098, -97.938768 29.55715, -97.938919 29.557175, -97.938937 29.55724, -97.939158 29.557277, -97.939167 29.557239, -97.939388 29.557276, -97.939453 29.556985, -97.939221 29.556946, -97.939239 29.556867, -97.939484 29.556813, -97.939433 29.556637, -97.939345 29.556527, -97.939259 29.556513, -97.939213 29.556353, -97.93904 29.556391, -97.938802 29.555588, -97.938565 29.55564, -97.938663 29.555979, -97.938537 29.556006, -97.938591 29.556193, -97.937837 29.556358, -97.937895 29.55656, -97.938458 29.556437)))",microsoft_us_building_footprints
ms-tx-000218,Microsoft footprint TX #219,TX,,122815.57,30.3182267,-97.9558493,,commercial_industrial_unknown,unknown,"MULTIPOLYGON (((-97.956689 30.318327, -97.95561 30.31759, -97.955493 30.317718, -97.955397 30.317653, -97.955166 30.317905, -97.955212 30.317937, -97.955121 30.318036, -97.955028 30.317973, -97.955033 30.317968, -97.954916 30.317888, -97.95486 30.317949, -97.955243 30.31821, -97.955212 30.318244, -97.955392 30.318367, -97.95542 30.318336, -97.955548 30.318423, -97.955515 30.318459, -97.955708 30.31859, -97.955739 30.318556, -97.955871 30.318646, -97.955773 30.318753, -97.955966 30.318885, -97.956063 30.318779, -97.956193 30.318868, -97.956689 30.318327)))",microsoft_us_building_footprints
ms-tx-000219,Microsoft footprint TX #220,TX,,857941.08,29.8373149,-97.9629472,,commercial_industrial_unknown,unknown,"MULTIPOLYGON (((-97.960635 29.836428, -97.963996 29.839327, -97.965252 29.838232, -97.965092 29.838095, -97.965099 29.838089, -97.964295 29.837396, -97.96431 29.837383, -97.963823 29.836963, -97.963838 29.83695, -97.963749 29.836873, -97.963772 29.836854, -97.963683 29.836777, -97.963648 29.836807, -97.96302 29.836265, -97.963041 29.836246, -97.962993 29.836205, -97.962971 29.836224, -97.96261 29.835913, -97.962617 29.835907, -97.962215 29.83556, -97.962233 29.835544, -97.962186 29.835504, -97.962164 29.835522, -97.961917 29.835309, -97.960635 29.836428)))",microsoft_us_building_footprints
ms-tx-000220,Microsoft footprint TX #221,TX,,301841.05,29.8460906,-97.9715025,,commercial_industrial_unknown,unknown,"MULTIPOLYGON (((-97.97261 29.844758, -97.972462 29.844888, -97.972428 29.844859, -97.971723 29.845512, -97.971695 29.845488, -97.971272 29.845859, -97.971172 29.845774, -97.970963 29.845846, -97.970848 29.845948, -97.970954 29.846039, -97.970597 29.846163, -97.97039 29.846345, -97.970375 29.846333, -97.970235 29.846456, -97.970293 29.846505, -97.969686 29.847037, -97.97003 29.847332, -97.970596 29.846836, -97.971022 29.847201, -97.971702 29.846604, -97.971556 29.846478, -97.971775 29.846286, -97.971452 29.846009, -97.971867 29.845645, -97.971957 29.845722, -97.972075 29.845619, -97.972519 29.846, -97.973338 29.845282, -97.973224 29.845184, -97.97314 29.845213, -97.97261 29.844758)))",microsoft_us_building_footprints
ms-tx-000221,Microsoft footprint TX #222,TX,,201765.63,29.8221566,-97.9881677,,commercial_industrial_unknown,unknown,"MULTIPOLYGON (((-97.988536 29.821045, -97.986728 29.82272, -97.986734 29.82308, -97.987001 29.823297, -97.986918 29.823373, -97.987578 29.82391, -97.987814 29.823691, -97.987814 29.823657, -97.987748 29.823603, -97.987716 29.823633, -97.987166 29.823186, -97.987196 29.823157, -97.987077 29.82306, -97.987124 29.823017, -97.987121 29.822871, -97.987078 29.822836, -97.987186 29.822735, -97.987184 29.822733, -97.988545 29.821472, -97.988567 29.821491, -97.988663 29.821402, -97.988823 29.8214, -97.988823 29.821361, -97.988891 29.82136, -97.988919 29.821383, -97.988949 29.821356, -97.98895 29.821407, -97.989251 29.821403, -97.989186 29.821463, -97.990081 29.82219, -97.990298 29.82199, -97.989126 29.821037, -97.988536 29.821045)))",microsoft_us_building_footprints
ms-tx-000222,Microsoft footprint TX #223,TX,,705600.72,29.5756415,-97.9947734,,commercial_industrial_unknown,unknown,"MULTIPOLYGON (((-97.9955 29.578017, -97.995444 29.573558, -97.994249 29.573569, -97.994247 29.573476, -97.994067 29.573478, -97.994067 29.573468, -97.993885 29.57347, -97.993888 29.573685, -97.993963 29.573684, -97.994 29.576604, -97.99437 29.5766, -97.994373 29.576829, -97.994389 29.576829, -97.994404 29.578028, -97.9955 29.578017)))",microsoft_us_building_footprints
ms-tx-000223,Microsoft footprint TX #224,TX,,102762.68,29.7396386,-98.0888405,,commercial_industrial_unknown,unknown,"MULTIPOLYGON (((-98.088421 29.73979, -98.088201 29.739658, -98.088146 29.739728, -98.088271 29.739803, -98.08819 29.739906, -98.088244 29.739939, -98.088071 29.740158, -98.088386 29.740346, -98.088446 29.74027, -98.088565 29.740341, -98.088955 29.739849, -98.089092 29.739931, -98.089335 29.739625, -98.089237 29.739566, -98.089545 29.739176, -98.089477 29.739135, -98.089529 29.739069, -98.089164 29.738851, -98.088421 29.73979)))",microsoft_us_building_footprints
ms-tx-000224,Microsoft footprint TX #225,TX,,157494.84,26.3901622,-98.0889631,,commercial_industrial_unknown,unknown,"MULTIPOLYGON (((-98.088899 26.389071, -98.088833 26.38952, -98.08853 26.389484, -98.08847 26.389892, -98.088696 26.389919, -98.088671 26.390092, -98.088832 26.390112, -98.088659 26.390357, -98.088519 26.39034, -98.088544 26.390173, -98.088467 26.390164, -98.088411 26.390544, -98.088477 26.390552, -98.0885 26.390396, -98.088685 26.390417, -98.088584 26.391102, -98.088608 26.391105, -98.088584 26.391266, -98.089096 26.391326, -98.089163 26.39087, -98.08935 26.390892, -98.089386 26.390644, -98.088912 26.390588, -98.088953 26.390308, -98.089217 26.39034, -98.089243 26.390159, -98.089074 26.390139, -98.089096 26.389993, -98.089486 26.390039, -98.089546 26.38963, -98.08928 26.389599, -98.08935 26.389124, -98.088899 26.389071)))",microsoft_us_building_footprints
ms-tx-000225,Microsoft footprint TX #226,TX,,119414.06,29.7132245,-98.1606102,,commercial_industrial_unknown,unknown,"MULTIPOLYGON (((-98.161586 29.714196, -98.160804 29.713533, -98.160953 29.713401, -98.160862 29.713324, -98.161121 29.713093, -98.160789 29.712812, -98.160859 29.712749, -98.160702 29.712616, -98.160678 29.712637, -98.160594 29.712566, -98.160528 29.712625, -98.160344 29.712469, -98.160285 29.712521, -98.160245 29.712487, -98.160102 29.712614, -98.160158 29.712661, -98.159801 29.712979, -98.160358 29.71345, -98.160358 29.71345, -98.160433 29.713514, -98.160448 29.7135, -98.161432 29.714333, -98.161586 29.714196)))",microsoft_us_building_footprints
ms-tx-000226,Microsoft footprint TX #227,TX,,252978.55,26.1767201,-98.1681717,,commercial_industrial_unknown,unknown,"MULTIPOLYGON (((-98.166483 26.176153, -98.166529 26.176816, -98.167355 26.176771, -98.167349 26.176686, -98.167463 26.176679, -98.16776 26.177043, -98.167537 26.177189, -98.167673 26.177356, -98.168022 26.177126, -98.168158 26.177293, -98.168433 26.177278, -98.168551 26.177201, -98.168808 26.177516, -98.168989 26.177397, -98.168911 26.177301, -98.169487 26.176923, -98.169482 26.176853, -98.169218 26.176737, -98.169206 26.176567, -98.169004 26.176477, -98.169329 26.176264, -98.169318 26.176111, -98.16918 26.176118, -98.16904 26.17621, -98.168079 26.176264, -98.167902 26.176045, -98.167712 26.17617, -98.167873 26.176367, -98.167566 26.176569, -98.167536 26.176623, -98.167396 26.176631, -98.167391 26.176553, -98.166483 26.176153)))",microsoft_us_building_footprints
ms-tx-000227,Microsoft footprint TX #228,TX,,150791.1,26.2843875,-98.1676285,,commercial_industrial_unknown,unknown,"MULTIPOLYGON (((-98.167351 26.283802, -98.167166 26.284232, -98.167126 26.284308, -98.167123 26.284333, -98.166858 26.284221, -98.1668 26.284331, -98.166809 26.284379, -98.167059 26.284484, -98.167073 26.284559, -98.166855 26.284467, -98.1668 26.284476, -98.166705 26.284647, -98.166808 26.284691, -98.166778 26.284748, -98.166833 26.284771, -98.166825 26.28484, -98.166947 26.284891, -98.167091 26.284702, -98.167112 26.284699, -98.16729 26.284773, -98.167302 26.284751, -98.167869 26.284989, -98.167904 26.284922, -98.168032 26.284975, -98.168306 26.284452, -98.168358 26.284025, -98.168195 26.284009, -98.16821 26.283887, -98.167351 26.283802)))",microsoft_us_building_footprints
ms-tx-000228,Microsoft footprint TX #229,TX,,118058.17,30.0051502,-98.1170802,,commercial_industrial_unknown,unknown,"MULTIPOLYGON (((-98.117795 30.005318, -98.117674 30.004843, -98.117467 30.004883, -98.11746 30.004854, -98.117391 30.004867, -98.117328 30.00462, -98.116323 30.004811, -98.116366 30.00498, -98.116473 30.00496, -98.116535 30.005205, -98.116376 30.005235, -98.116394 30.005305, -98.116432 30.005298, -98.11645 30.005367, -98.116419 30.005373, -98.116426 30.0054, -98.116446 30.005396, -98.116487 30.005557, -98.116893 30.00548, -98.116903 30.005523, -98.117019 30.005501, -98.117004 30.005444, -98.11714 30.005419, -98.117222 30.005742, -98.117751 30.005642, -98.1177 30.005443, -98.117205 30.005537, -98.117188 30.005471, -98.117243 30.00546, -98.117234 30.005425, -98.117795 30.005318)))",microsoft_us_building_footprints
ms-tx-000229,Microsoft footprint TX #230,TX,,276139.42,26.2081603,-98.1967825,,commercial_industrial_unknown,unknown,"MULTIPOLYGON (((-98.196309 26.207114, -98.196055 26.208994, -98.196557 26.209048, -98.196539 26.209184, -98.196696 26.209202, -98.196712 26.209085, -98.19732 26.209152, -98.197476 26.208, -98.197407 26.207993, -98.197403 26.208021, -98.197351 26.208016, -98.197358 26.207964, -98.197279 26.207955, -98.197273 26.208002, -98.197097 26.207983, -98.197125 26.207779, -98.197401 26.207809, -98.197406 26.207767, -98.197398 26.207766, -98.19747 26.20724, -98.196309 26.207114)))",microsoft_us_building_footprints
ms-tx-000230,Microsoft footprint TX #231,TX,,105257.41,26.1953456,-98.2327531,,commercial_industrial_unknown,unknown,"MULTIPOLYGON (((-98.232319 26.19586, -98.23323 26.195962, -98.233286 26.195557, -98.232999 26.195525, -98.233022 26.195357, -98.232985 26.195352, -98.233059 26.194822, -98.232964 26.194811, -98.232987 26.194652, -98.232521 26.1946, -98.232474 26.194934, -98.232393 26.194925, -98.232353 26.195211, -98.232409 26.195218, -98.232319 26.19586)))",microsoft_us_building_footprints
ms-tx-000231,Microsoft footprint TX #232,TX,,155217.04,26.0912482,-98.1886650,,commercial_industrial_unknown,unknown,"MULTIPOLYGON (((-98.188528 26.090134, -98.188209 26.092292, -98.188802 26.092362, -98.189121 26.090205, -98.188528 26.090134)))",microsoft_us_building_footprints
ms-tx-000232,Microsoft footprint TX #233,TX,,110480.39,26.1086467,-98.2034325,,commercial_industrial_unknown,unknown,"MULTIPOLYGON (((-98.202998 26.109289, -98.203666 26.109368, -98.203867 26.108005, -98.203199 26.107925, -98.202998 26.109289)))",microsoft_us_building_footprints
ms-tx-000233,Microsoft footprint TX #234,TX,,134276.3,26.2093541,-98.2546224,,commercial_industrial_unknown,unknown,"MULTIPOLYGON (((-98.255103 26.208655, -98.254533 26.208585, -98.254545 26.208504, -98.254382 26.208484, -98.254267 26.209243, -98.254164 26.209231, -98.254141 26.209382, -98.254233 26.209393, -98.25422 26.209481, -98.254436 26.209507, -98.254398 26.209756, -98.254143 26.209725, -98.254094 26.210045, -98.254343 26.210076, -98.254337 26.210118, -98.254871 26.210183, -98.255103 26.208655)))",microsoft_us_building_footprints
ms-tx-000234,Microsoft footprint TX #235,TX,,208716.85,26.1855593,-98.2171058,,commercial_industrial_unknown,unknown,"MULTIPOLYGON (((-98.215836 26.185003, -98.215754 26.185686, -98.21587 26.185698, -98.215865 26.185743, -98.216101 26.185766, -98.216104 26.185737, -98.216181 26.185745, -98.216178 26.185771, -98.216324 26.185785, -98.216323 26.18579, -98.217134 26.185868, -98.217129 26.185911, -98.217283 26.185926, -98.217285 26.185909, -98.218576 26.186035, -98.218634 26.185557, -98.218515 26.185545, -98.218524 26.185469, -98.218168 26.185434, -98.218157 26.185532, -98.217809 26.185498, -98.217822 26.185394, -98.217713 26.185383, -98.21773 26.185247, -98.217584 26.185233, -98.217575 26.185305, -98.216594 26.185209, -98.21661 26.185079, -98.215836 26.185003)))",microsoft_us_building_footprints
ms-tx-000235,Microsoft footprint TX #236,TX,,108897.12,29.6108133,-98.2805754,,commercial_industrial_unknown,unknown,"MULTIPOLYGON (((-98.282273 29.610326, -98.282172 29.610103, -98.27914 29.611142, -98.279285 29.611461, -98.280146 29.611166, -98.280181 29.611244, -98.28043 29.611159, -98.28041 29.611115, -98.280521 29.611077, -98.280462 29.610946, -98.282273 29.610326)))",microsoft_us_building_footprints
ms-tx-000236,Microsoft footprint TX #237,TX,,105125.37,26.0976183,-98.2828551,,commercial_industrial_unknown,unknown,"MULTIPOLYGON (((-98.28331 26.097075, -98.282941 26.097049, -98.282901 26.097006, -98.282599 26.096985, -98.282564 26.097103, -98.282445 26.097094, -98.282429 26.097273, -98.2825 26.097278, -98.282443 26.09737, -98.282581 26.09744, -98.28246 26.097463, -98.282453 26.097536, -98.282577 26.097544, -98.282618 26.09772, -98.282748 26.097729, -98.282758 26.097613, -98.282961 26.097796, -98.282906 26.097883, -98.28277 26.097814, -98.282759 26.097804, -98.282354 26.097776, -98.28232 26.098166, -98.282451 26.098048, -98.282481 26.098175, -98.283305 26.098232, -98.283159 26.097612, -98.283218 26.097601, -98.283194 26.0975, -98.283273 26.097505, -98.28331 26.097075)))",microsoft_us_building_footprints
ms-tx-000237,Microsoft footprint TX #238,TX,,156013.74,29.5389241,-98.2875661,,commercial_industrial_unknown,unknown,"MULTIPOLYGON (((-98.286714 29.538732, -98.287225 29.539617, -98.287883 29.539329, -98.287917 29.539389, -98.288493 29.539137, -98.288341 29.538873, -98.288217 29.538927, -98.287906 29.538387, -98.287969 29.53836, -98.287871 29.538189, -98.287243 29.538463, -98.287217 29.538419, -98.28711 29.538465, -98.287153 29.53854, -98.286714 29.538732)))",microsoft_us_building_footprints
ms-tx-000238,Microsoft footprint TX #239,TX,,332157.5,26.1473082,-98.2857358,,commercial_industrial_unknown,unknown,"MULTIPOLYGON (((-98.287073 26.146914, -98.284562 26.146612, -98.284399 26.147703, -98.28691 26.148004, -98.287073 26.146914)))",microsoft_us_building_footprints
ms-tx-000239,Microsoft footprint TX #240,TX,,272655.08,32.2059422,-98.2425962,,commercial_industrial_unknown,unknown,"MULTIPOLYGON (((-98.243658 32.206674, -98.242824 32.205215, -98.242852 32.205204, -98.242792 32.2051, -98.242697 32.205139, -98.242663 32.20508, -98.24278 32.204975, -98.24271 32.204852, -98.241835 32.204886, -98.241848 32.205125, -98.241708 32.205182, -98.241938 32.205585, -98.241528 32.205752, -98.241667 32.205994, -98.242107 32.205814, -98.242231 32.206031, -98.242043 32.206108, -98.242193 32.206228, -98.242335 32.20617, -98.242426 32.20633, -98.242122 32.206455, -98.242459 32.207045, -98.243047 32.206804, -98.243062 32.20683, -98.242915 32.20689, -98.243015 32.207065, -98.24331 32.206944, -98.243201 32.206755, -98.243204 32.206707, -98.243329 32.206656, -98.2434 32.20678, -98.243658 32.206674)))",microsoft_us_building_footprints
ms-tx-000240,Microsoft footprint TX #241,TX,,160043.19,32.2003356,-98.2435344,,commercial_industrial_unknown,unknown,"MULTIPOLYGON (((-98.243744 32.201473, -98.243172 32.200538, -98.243197 32.200262, -98.244456 32.19971, -98.24447 32.199563, -98.244581 32.199515, -98.244678 32.199521, -98.244821 32.199458, -98.244794 32.199414, -98.244604 32.199401, -98.244729 32.199346, -98.244611 32.199154, -98.243738 32.199537, -98.243806 32.199649, -98.243486 32.199789, -98.243412 32.199669, -98.243051 32.199827, -98.243018 32.199985, -98.242942 32.200018, -98.24297 32.200064, -98.242872 32.200177, -98.242825 32.20069, -98.242906 32.200822, -98.242833 32.200906, -98.242924 32.201056, -98.243073 32.20099, -98.243108 32.201012, -98.243126 32.201041, -98.243025 32.201157, -98.242916 32.201205, -98.243221 32.201702, -98.243744 32.201473)))",microsoft_us_building_footprints
ms-tx-000241,Microsoft footprint TX #242,TX,,109989.98,29.4404811,-98.3886838,,commercial_industrial_unknown,unknown,"MULTIPOLYGON (((-98.38797 29.44009, -98.388785 29.441206, -98.389341 29.440899, -98.389196 29.440701, -98.389278 29.440655, -98.388739 29.439916, -98.388635 29.439974, -98.388508 29.439799, -98.388503 29.439802, -98.388499 29.439797, -98.38797 29.44009)))",microsoft_us_building_footprints
ms-tx-000242,Microsoft footprint TX #243,TX,,354513.36,29.4387218,-98.3570595,,commercial_industrial_unknown,unknown,"MULTIPOLYGON (((-98.357818 29.439795, -98.357799 29.437813, -98.35736 29.437816, -98.357358 29.43759, -98.357106 29.437592, -98.357105 29.437457, -98.356973 29.437458, -98.356975 29.437593, -98.356724 29.437594, -98.356726 29.437822, -98.35625 29.437826, -98.356251 29.437914, -98.35629 29.437914, -98.356305 29.439508, -98.356135 29.439509, -98.356137 29.43973, -98.356361 29.439729, -98.356359 29.439587, -98.356935 29.439583, -98.356937 29.439801, -98.357818 29.439795)))",microsoft_us_building_footprints
ms-tx-000243,Microsoft footprint TX #244,TX,,245033.4,29.4797250,-98.3889352,,commercial_industrial_unknown,unknown,"MULTIPOLYGON (((-98.389401 29.478494, -98.388742 29.478483, -98.388739 29.478617, -98.388584 29.478615, -98.38857 29.479241, -98.38834 29.479238, -98.388333 29.479567, -98.388301 29.479566, -98.388299 29.47963, -98.38833 29.479631, -98.388327 29.479769, -98.388562 29.479772, -98.388561 29.479795, -98.388505 29.479794, -98.388503 29.479868, -98.388567 29.479869, -98.388544 29.480931, -98.38851 29.480931, -98.388506 29.481104, -98.388656 29.481106, -98.388658 29.481041, -98.388722 29.481042, -98.388725 29.480924, -98.389348 29.480934, -98.389401 29.478494)))",microsoft_us_building_footprints
ms-tx-000244,Microsoft footprint TX #245,TX,,162355.55,29.4897788,-98.3966583,,commercial_industrial_unknown,unknown,"MULTIPOLYGON (((-98.397554 29.489454, -98.397334 29.489452, -98.397334 29.489417, -98.397129 29.489416, -98.397129 29.489452, -98.396988 29.489451, -98.396989 29.489314, -98.396679 29.489312, -98.396679 29.489262, -98.396547 29.489261, -98.396547 29.48931, -98.396233 29.489308, -98.396232 29.489447, -98.395792 29.489444, -98.395789 29.489719, -98.39573 29.489719, -98.395729 29.489835, -98.395787 29.489835, -98.395785 29.490107, -98.396227 29.49011, -98.396226 29.490246, -98.396535 29.490248, -98.396534 29.490302, -98.396671 29.490303, -98.396671 29.490249, -98.396982 29.490251, -98.396984 29.490113, -98.397548 29.490117, -98.397554 29.489454)))",microsoft_us_building_footprints
ms-tx-000245,Microsoft footprint TX #246,TX,,333169.97,29.4374855,-98.4405919,,commercial_industrial_unknown,unknown,"MULTIPOLYGON (((-98.441787 29.437938, -98.44122 29.436941, -98.441226 29.436939, -98.441164 29.43683, -98.441115 29.436851, -98.441056 29.436748, -98.441174 29.436697, -98.4411 29.436566, -98.440958 29.436627, -98.440837 29.436413, -98.439453 29.437011, -98.439798 29.437618, -98.439606 29.437702, -98.439889 29.438198, -98.440145 29.438088, -98.440401 29.438537, -98.441787 29.437938)))",microsoft_us_building_footprints
ms-tx-000246,Microsoft footprint TX #247,TX,,133738.22,29.5085685,-98.4723340,,commercial_industrial_unknown,unknown,"MULTIPOLYGON (((-98.471019 29.508852, -98.472999 29.508898, -98.473 29.508859, -98.473027 29.50886, -98.473029 29.508765, -98.473197 29.508769, -98.473194 29.508881, -98.473447 29.508887, -98.473482 29.507736, -98.473254 29.507731, -98.473228 29.508569, -98.473036 29.508565, -98.473028 29.508555, -98.473031 29.508436, -98.472913 29.508434, -98.472897 29.508443, -98.472887 29.508764, -98.472844 29.508763, -98.472854 29.508435, -98.472267 29.508421, -98.472265 29.508507, -98.472283 29.508529, -98.472279 29.50865, -98.472185 29.508648, -98.472184 29.50869, -98.472156 29.508655, -98.472032 29.508731, -98.472029 29.508731, -98.472029 29.508731, -98.471936 29.508787, -98.471949 29.508371, -98.471035 29.50835, -98.471019 29.508852)))",microsoft_us_building_footprints
ms-tx-000247,Microsoft footprint TX #248,TX,,126891.28,29.3300687,-98.4401380,,commercial_industrial_unknown,unknown,"MULTIPOLYGON (((-98.440261 29.32959, -98.439908 29.329504, -98.439899 29.32953, -98.439841 29.329496, -98.439588 29.329832, -98.439422 29.329792, -98.439394 29.329881, -98.439303 29.329859, -98.439219 29.330122, -98.439848 29.330274, -98.439807 29.330404, -98.440032 29.330458, -98.440043 29.330444, -98.440461 29.330545, -98.440433 29.330631, -98.440555 29.33066, -98.440559 29.330654, -98.440718 29.330693, -98.440725 29.330684, -98.440792 29.3307, -98.440802 29.330671, -98.440919 29.330699, -98.440963 29.330561, -98.440632 29.330372, -98.440759 29.329973, -98.440772 29.32998, -98.440796 29.329903, -98.44033 29.329636, -98.440358 29.329545, -98.440155 29.329496, -98.440137 29.329519, -98.440261 29.32959)))",microsoft_us_building_footprints
ms-tx-000248,Microsoft footprint TX #249,TX,,109332.87,29.4488401,-98.4465516,,commercial_industrial_unknown,unknown,"MULTIPOLYGON (((-98.446081 29.448366, -98.446081 29.449081, -98.446043 29.449081, -98.446043 29.449165, -98.446025 29.449165, -98.446025 29.449289, -98.446078 29.449289, -98.446078 29.449357, -98.446813 29.449356, -98.446813 29.449214, -98.446998 29.449214, -98.446998 29.448983, -98.447071 29.448983, -98.44707 29.448508, -98.4471 29.448508, -98.4471 29.448393, -98.44707 29.448393, -98.44707 29.448326, -98.447001 29.448326, -98.447001 29.448366, -98.446944 29.448366, -98.446944 29.448326, -98.446891 29.448326, -98.446891 29.448366, -98.446081 29.448366)))",microsoft_us_building_footprints
ms-tx-000249,Microsoft footprint TX #250,TX,,104634.54,29.4464668,-98.4466583,,commercial_industrial_unknown,unknown,"MULTIPOLYGON (((-98.446658 29.44571, -98.446061 29.447017, -98.446658 29.447224, -98.447256 29.445917, -98.446658 29.44571)))",microsoft_us_building_footprints
ms-tx-000250,Microsoft footprint TX #251,TX,,103781.64,29.5509321,-98.4790102,,commercial_industrial_unknown,unknown,"MULTIPOLYGON (((-98.479147 29.550372, -98.478256 29.551302, -98.478745 29.551656, -98.479754 29.550602, -98.479288 29.550265, -98.479323 29.550229, -98.479209 29.550146, -98.479056 29.550306, -98.479147 29.550372)))",microsoft_us_building_footprints
ms-tx-000251,Microsoft footprint TX #252,TX,,107802.07,29.4022109,-98.4924835,,commercial_industrial_unknown,unknown,"MULTIPOLYGON (((-98.492541 29.40205, -98.491889 29.401989, -98.491853 29.402277, -98.491767 29.402269, -98.491758 29.402345, -98.491821 29.402351, -98.491788 29.402619, -98.491901 29.40263, -98.491904 29.402607, -98.492435 29.402657, -98.492433 29.402675, -98.492912 29.40272, -98.493013 29.401902, -98.49291 29.401892, -98.49293 29.401729, -98.49288 29.401725, -98.492895 29.401609, -98.492952 29.401615, -98.492962 29.401538, -98.492915 29.401533, -98.492924 29.401462, -98.492647 29.401436, -98.492655 29.401372, -98.492626 29.401369, -98.492541 29.40205)))",microsoft_us_building_footprints
ms-tx-000252,Microsoft footprint TX #253,TX,,145277.4,29.4271367,-98.4987432,,commercial_industrial_unknown,unknown,"MULTIPOLYGON (((-98.498248 29.427701, -98.498805 29.427663, -98.499015 29.427581, -98.499029 29.427743, -98.499379 29.42772, -98.499277 29.426572, -98.499136 29.426582, -98.499153 29.426774, -98.498988 29.426707, -98.499055 29.426582, -98.498877 29.426593, -98.498884 29.426677, -98.49881 29.426682, -98.498873 29.426564, -98.498702 29.426576, -98.49871 29.426668, -98.498581 29.426676, -98.498612 29.426619, -98.498697 29.426586, -98.498569 29.426533, -98.49834 29.426549, -98.498262 29.426694, -98.498112 29.426633, -98.498239 29.426583, -98.498083 29.426519, -98.498141 29.42718, -98.498259 29.427172, -98.498275 29.42736, -98.498095 29.427372, -98.498102 29.427448, -98.498225 29.42744, -98.498248 29.427701)))",microsoft_us_building_footprints
ms-tx-000253,Microsoft footprint TX #254,TX,,163115.6,29.5164769,-98.5340935,,commercial_industrial_unknown,unknown,"MULTIPOLYGON (((-98.533494 29.515817, -98.533496 29.516182, -98.533355 29.51661, -98.533732 29.516703, -98.53373 29.516432, -98.533961 29.516431, -98.533946 29.516478, -98.533824 29.516478, -98.533826 29.516912, -98.534108 29.516911, -98.53411 29.517312, -98.534019 29.517312, -98.534019 29.517388, -98.534327 29.517387, -98.534328 29.517496, -98.534521 29.517496, -98.534521 29.517388, -98.534636 29.517388, -98.534635 29.51708, -98.534549 29.51708, -98.534548 29.516911, -98.534609 29.516911, -98.534605 29.516144, -98.534248 29.516107, -98.534214 29.516099, -98.534235 29.516036, -98.534388 29.515973, -98.534387 29.515692, -98.533794 29.515694, -98.533494 29.515817)))",microsoft_us_building_footprints
ms-tx-000254,Microsoft footprint TX #255,TX,,110746.87,29.3509219,-98.5473033,,commercial_industrial_unknown,unknown,"MULTIPOLYGON (((-98.546758 29.351537, -98.547147 29.351531, -98.547137 29.351005, -98.547431 29.351, -98.547435 29.351206, -98.547373 29.351207, -98.547375 29.351291, -98.547883 29.351284, -98.54788 29.351122, -98.547976 29.351121, -98.54797 29.350809, -98.547833 29.350811, -98.547826 29.350412, -98.547236 29.350421, -98.547239 29.350576, -98.547116 29.350578, -98.547113 29.350453, -98.547051 29.350454, -98.547054 29.350576, -98.546724 29.350581, -98.546741 29.351487, -98.546757 29.351487, -98.546758 29.351537)))",microsoft_us_building_footprints
ms-tx-000255,Microsoft footprint TX #256,TX,,108053.32,29.5509197,-98.5137027,,commercial_industrial_unknown,unknown,"MULTIPOLYGON (((-98.514439 29.551181, -98.514321 29.550995, -98.51426 29.551025, -98.514251 29.55101, -98.513809 29.551223, -98.513725 29.55109, -98.513857 29.551027, -98.513873 29.551052, -98.514337 29.550829, -98.514069 29.550407, -98.513823 29.550526, -98.513794 29.55048, -98.513593 29.550576, -98.513406 29.550281, -98.512963 29.550493, -98.51318 29.550835, -98.513496 29.550683, -98.513527 29.550731, -98.513268 29.550855, -98.513501 29.551222, -98.513634 29.551158, -98.513653 29.551188, -98.513694 29.551168, -98.513749 29.551254, -98.513231 29.551503, -98.513357 29.551701, -98.514439 29.551181)))",microsoft_us_building_footprints
ms-tx-000256,Microsoft footprint TX #257,TX,,386071.04,29.3805865,-98.5450055,,commercial_industrial_unknown,unknown,"MULTIPOLYGON (((-98.543083 29.38087, -98.54683 29.381185, -98.546928 29.380303, -98.543181 29.379988, -98.543083 29.38087)))",microsoft_us_building_footprints
ms-tx-000257,Microsoft footprint TX #258,TX,,171048.01,29.4539183,-98.6148922,,commercial_industrial_unknown,unknown,"MULTIPOLYGON (((-98.614153 29.453211, -98.614798 29.454752, -98.614763 29.454763, -98.614812 29.45488, -98.615632 29.45462, -98.614938 29.452962, -98.614153 29.453211)))",microsoft_us_building_footprints
ms-tx-000258,Microsoft footprint TX #259,TX,,181891.57,29.5179126,-98.6147964,,commercial_industrial_unknown,unknown,"MULTIPOLYGON (((-98.61482 29.518427, -98.614854 29.518257, -98.61507 29.518088, -98.615115 29.517865, -98.615632 29.517943, -98.615381 29.517632, -98.615707 29.517681, -98.615746 29.517486, -98.615342 29.517425, -98.615912 29.516786, -98.615683 29.516751, -98.615088 29.51742, -98.614289 29.517299, -98.61454 29.51761, -98.614155 29.517551, -98.614368 29.517816, -98.614032 29.517903, -98.613914 29.518063, -98.613889 29.518187, -98.614296 29.518461, -98.614565 29.51816, -98.614643 29.518171, -98.614518 29.518796, -98.613978 29.518431, -98.613876 29.518546, -98.614637 29.519059, -98.614747 29.518509, -98.615137 29.518772, -98.615195 29.518484, -98.61482 29.518427)))",microsoft_us_building_footprints
ms-tx-000259,Microsoft footprint TX #260,TX,,119056.91,29.3533206,-98.5709849,,commercial_industrial_unknown,unknown,"MULTIPOLYGON (((-98.570293 29.353436, -98.569171 29.353471, -98.569176 29.353588, -98.572238 29.353493, -98.572224 29.353169, -98.572058 29.353174, -98.572056 29.353106, -98.571946 29.35311, -98.571943 29.353051, -98.570151 29.353107, -98.570143 29.352901, -98.570123 29.352902, -98.570125 29.352941, -98.569994 29.352945, -98.569998 29.353031, -98.570033 29.35303, -98.570036 29.35311, -98.569977 29.353112, -98.569979 29.353156, -98.569952 29.353157, -98.569955 29.35322, -98.570102 29.353216, -98.5701 29.353174, -98.570282 29.353168, -98.570293 29.353436)))",microsoft_us_building_footprints
ms-tx-000260,Microsoft footprint TX #261,TX,,111373.04,29.4898395,-98.5853011,,commercial_industrial_unknown,unknown,"MULTIPOLYGON (((-98.586019 29.489168, -98.585609 29.489273, -98.585582 29.489238, -98.585331 29.489383, -98.585474 29.489571, -98.585451 29.489577, -98.585454 29.489585, -98.584753 29.489991, -98.584767 29.490034, -98.584578 29.490143, -98.584415 29.489929, -98.584171 29.489991, -98.584309 29.490402, -98.584437 29.490369, -98.584474 29.490479, -98.584899 29.490371, -98.584849 29.49022, -98.584997 29.490182, -98.585034 29.490292, -98.585333 29.490216, -98.585273 29.490036, -98.58561 29.489841, -98.585652 29.489969, -98.585976 29.489887, -98.585998 29.489951, -98.586057 29.489936, -98.586028 29.48985, -98.586159 29.489817, -98.586126 29.489718, -98.586195 29.4897, -98.586175 29.489639, -98.586177 29.489638, -98.586019 29.489168)))",microsoft_us_building_footprints
ms-tx-000261,Microsoft footprint TX #262,TX,,237327.38,29.5544197,-98.6629057,,commercial_industrial_unknown,unknown,"MULTIPOLYGON (((-98.663673 29.554316, -98.663097 29.553712, -98.663025 29.553764, -98.662576 29.55352, -98.662513 29.553566, -98.662433 29.553523, -98.662082 29.554014, -98.661993 29.553965, -98.662018 29.554036, -98.661839 29.554203, -98.661986 29.554357, -98.661929 29.554437, -98.662208 29.554588, -98.662887 29.555299, -98.66298 29.555231, -98.662901 29.555148, -98.66301 29.555119, -98.663253 29.555374, -98.663265 29.555409, -98.663489 29.555349, -98.663456 29.555256, -98.664353 29.554608, -98.664177 29.554513, -98.664186 29.55454, -98.664012 29.554446, -98.663458 29.555219, -98.663155 29.555055, -98.663246 29.554928, -98.663314 29.554964, -98.663432 29.554799, -98.663372 29.554737, -98.663673 29.554316)))",microsoft_us_building_footprints
ms-tx-000262,Microsoft footprint TX #263,TX,,110610.34,32.0223919,-98.6655638,,commercial_industrial_unknown,unknown,"MULTIPOLYGON (((-98.666121 32.022707, -98.666124 32.022585, -98.66612 32.02258, -98.666125 32.022381, -98.665984 32.022175, -98.6659 32.022124, -98.665902 32.022059, -98.665931 32.022044, -98.665846 32.021926, -98.665849 32.021813, -98.665818 32.021829, -98.665696 32.021755, -98.665692 32.021755, -98.665669 32.021783, -98.665607 32.021745, -98.66557 32.02179, -98.66545 32.021787, -98.665449 32.021822, -98.665428 32.021821, -98.665428 32.021821, -98.66527 32.021902, -98.66527 32.021904, -98.665046 32.022171, -98.665036 32.022584, -98.665299 32.022951, -98.665654 32.022958, -98.665875 32.022844, -98.665934 32.022774, -98.666022 32.022775, -98.666023 32.022753, -98.666082 32.022754, -98.666121 32.022707)))",microsoft_us_building_footprints
ms-tx-000263,Microsoft footprint TX #264,TX,,128836.41,29.4715628,-98.6759624,,commercial_industrial_unknown,unknown,"MULTIPOLYGON (((-98.676764 29.471761, -98.676571 29.471623, -98.676601 29.471591, -98.676547 29.471552, -98.67658 29.471518, -98.676409 29.471395, -98.676454 29.471348, -98.676304 29.471123, -98.67621 29.471171, -98.676128 29.471112, -98.67606 29.471147, -98.676016 29.471115, -98.67599 29.471128, -98.675868 29.471041, -98.67579 29.47108, -98.675458 29.470841, -98.675338 29.470968, -98.675307 29.470946, -98.67526 29.47097, -98.675279 29.470999, -98.675239 29.471042, -98.675502 29.47123, -98.675314 29.471428, -98.675607 29.471866, -98.675508 29.47197, -98.67567 29.472087, -98.675784 29.471967, -98.675955 29.472089, -98.675994 29.47207, -98.676268 29.472266, -98.676481 29.472041, -98.676412 29.471939, -98.676764 29.471761)))",microsoft_us_building_footprints
ms-tx-000264,Microsoft footprint TX #265,TX,,195825.2,29.4392586,-98.6491843,,commercial_industrial_unknown,unknown,"MULTIPOLYGON (((-98.648707 29.438833, -98.648489 29.439114, -98.648513 29.439129, -98.648478 29.439173, -98.648438 29.43915, -98.647769 29.440014, -98.648047 29.440177, -98.648325 29.439819, -98.648559 29.439957, -98.6488 29.439645, -98.648842 29.43967, -98.6489 29.439595, -98.648859 29.439602, -98.648625 29.439465, -98.648893 29.43912, -98.64899 29.439103, -98.649095 29.439554, -98.649311 29.439516, -98.649316 29.43954, -98.649427 29.439521, -98.649442 29.439586, -98.64928 29.439615, -98.649282 29.439624, -98.650324 29.43944, -98.650123 29.438574, -98.650029 29.43859, -98.650018 29.438545, -98.649866 29.438572, -98.649879 29.438628, -98.649275 29.438735, -98.649274 29.438733, -98.648707 29.438833)))",microsoft_us_building_footprints
ms-tx-000265,Microsoft footprint TX #266,TX,,161398.48,29.4872186,-98.7131400,,commercial_industrial_unknown,unknown,"MULTIPOLYGON (((-98.713876 29.486627, -98.712975 29.486332, -98.712884 29.486541, -98.713045 29.486594, -98.712986 29.48673, -98.712872 29.486693, -98.712593 29.48734, -98.71265 29.487359, -98.71258 29.487521, -98.712747 29.487575, -98.712731 29.487611, -98.712705 29.487603, -98.712681 29.487658, -98.712475 29.487591, -98.712378 29.487816, -98.712517 29.487861, -98.71253 29.487831, -98.712597 29.487853, -98.712583 29.487886, -98.712642 29.487905, -98.712651 29.487884, -98.712891 29.487962, -98.712811 29.488146, -98.712978 29.488201, -98.713102 29.487915, -98.713293 29.487977, -98.713876 29.486627)))",microsoft_us_building_footprints
ms-tx-000266,Microsoft footprint TX #267,TX,,128425.97,29.5591684,-98.6858326,,commercial_industrial_unknown,unknown,"MULTIPOLYGON (((-98.684973 29.559121, -98.685144 29.559594, -98.685431 29.559544, -98.68552 29.55979, -98.685794 29.559716, -98.685703 29.559464, -98.685805 29.559471, -98.685837 29.559561, -98.686305 29.559613, -98.686234 29.559416, -98.686272 29.559406, -98.686252 29.559349, -98.686573 29.559262, -98.68653 29.559143, -98.686669 29.559105, -98.686503 29.558644, -98.686332 29.558691, -98.686287 29.558564, -98.685923 29.558663, -98.685963 29.558774, -98.685828 29.55881, -98.686016 29.559333, -98.685894 29.559354, -98.685726 29.558888, -98.685527 29.558943, -98.685479 29.558809, -98.685115 29.558908, -98.685172 29.559066, -98.684973 29.559121)))",microsoft_us_building_footprints
ms-tx-000267,Microsoft footprint TX #268,TX,,159900.56,29.4555515,-98.6936636,,commercial_industrial_unknown,unknown,"MULTIPOLYGON (((-98.692769 29.455803, -98.692945 29.456182, -98.692994 29.456224, -98.69312 29.456496, -98.693256 29.456448, -98.693272 29.456484, -98.693676 29.456342, -98.693649 29.456284, -98.693771 29.456241, -98.693693 29.456072, -98.694111 29.455926, -98.694179 29.455784, -98.694262 29.455782, -98.694248 29.45538, -98.694342 29.455347, -98.694249 29.455146, -98.694071 29.455209, -98.694034 29.455128, -98.694255 29.45505, -98.693945 29.45438, -98.69362 29.454494, -98.693625 29.454653, -98.693492 29.4547, -98.693654 29.455049, -98.693555 29.455084, -98.693677 29.455349, -98.693799 29.455394, -98.693576 29.455855, -98.693551 29.4558, -98.693431 29.455842, -98.693323 29.455609, -98.692769 29.455803)))",microsoft_us_building_footprints
ms-tx-000268,Microsoft footprint TX #269,TX,,110362.23,29.5341434,-98.6978453,,commercial_industrial_unknown,unknown,"MULTIPOLYGON (((-98.697906 29.534327, -98.697139 29.53408, -98.696868 29.5343, -98.697138 29.534551, -98.697159 29.534533, -98.697212 29.534583, -98.697306 29.534506, -98.69732 29.534647, -98.697566 29.534447, -98.697948 29.534804, -98.698122 29.534663, -98.697943 29.534496, -98.698001 29.534449, -98.698287 29.534541, -98.6985 29.534243, -98.698577 29.534238, -98.698546 29.533925, -98.698493 29.533929, -98.698505 29.534049, -98.698409 29.534057, -98.698368 29.533642, -98.69798 29.533671, -98.697959 29.533652, -98.698147 29.533499, -98.697989 29.533352, -98.697466 29.533777, -98.697629 29.533929, -98.69782 29.533774, -98.69805 29.533989, -98.697906 29.534327)))",microsoft_us_building_footprints
ms-tx-000269,Microsoft footprint TX #270,TX,,122029.93,29.4885688,-98.7039771,,commercial_industrial_unknown,unknown,"MULTIPOLYGON (((-98.703374 29.489002, -98.703534 29.489051, -98.703477 29.489194, -98.70391 29.489325, -98.70395 29.489226, -98.704009 29.489244, -98.704065 29.489105, -98.704241 29.489158, -98.704312 29.488979, -98.704209 29.488947, -98.704226 29.488903, -98.704195 29.488894, -98.704307 29.488615, -98.704376 29.488636, -98.704465 29.488413, -98.704456 29.48841, -98.704675 29.487861, -98.704571 29.487829, -98.704486 29.488043, -98.704047 29.48791, -98.704038 29.487931, -98.703828 29.487868, -98.703374 29.489002)))",microsoft_us_building_footprints
ms-tx-000270,Microsoft footprint TX #271,TX,,216511.42,26.3996309,-98.8482775,,commercial_industrial_unknown,unknown,"MULTIPOLYGON (((-98.848254 26.398892, -98.848141 26.399019, -98.847215 26.399355, -98.847194 26.399489, -98.84725 26.399496, -98.847284 26.399571, -98.847605 26.399454, -98.847627 26.399503, -98.847242 26.399941, -98.847699 26.400264, -98.848065 26.399848, -98.84812 26.399855, -98.84807 26.400167, -98.848325 26.4002, -98.848375 26.399887, -98.848423 26.399894, -98.848599 26.400282, -98.848841 26.400194, -98.848733 26.399957, -98.84876 26.399926, -98.848943 26.400332, -98.849185 26.400244, -98.848954 26.399733, -98.849011 26.399669, -98.849284 26.399861, -98.849327 26.399812, -98.849351 26.399803, -98.849456 26.399684, -98.848661 26.399124, -98.848633 26.399121, -98.848546 26.398929, -98.848254 26.398892)))",microsoft_us_building_footprints
ms-tx-000271,Microsoft footprint TX #272,TX,,100233.71,27.5881387,-99.5282788,,commercial_industrial_unknown,unknown,"MULTIPOLYGON (((-99.527772 27.588657, -99.527991 27.588744, -99.528018 27.58869, -99.528162 27.588748, -99.528176 27.58872, -99.528302 27.58877, -99.528437 27.588503, -99.528415 27.588494, -99.528486 27.588353, -99.528907 27.588521, -99.529007 27.588324, -99.52861 27.588166, -99.528657 27.588074, -99.528566 27.588038, -99.528612 27.587948, -99.528548 27.587923, -99.528798 27.58743, -99.528572 27.58734, -99.528333 27.587813, -99.528232 27.587772, -99.528191 27.587852, -99.528087 27.587811, -99.528056 27.587872, -99.527639 27.587706, -99.527539 27.587903, -99.527933 27.58806, -99.527866 27.588193, -99.527983 27.588239, -99.527772 27.588657)))",microsoft_us_building_footprints
ms-tx-000272,Microsoft footprint TX #273,TX,,137938.04,27.6217562,-99.5075863,,commercial_industrial_unknown,unknown,"MULTIPOLYGON (((-99.50828 27.622332, -99.507667 27.620918, -99.507209 27.621074, -99.507319 27.621328, -99.507055 27.621418, -99.507033 27.621367, -99.506892 27.621414, -99.506929 27.621499, -99.506789 27.621547, -99.506842 27.621669, -99.506764 27.621696, -99.506784 27.621741, -99.506679 27.621777, -99.506707 27.621841, -99.506862 27.621788, -99.506874 27.621817, -99.507221 27.621699, -99.507597 27.622565, -99.50828 27.622332)))",microsoft_us_building_footprints
ms-tx-000273,Microsoft footprint TX #274,TX,,111279.94,32.3751009,-99.7435488,,commercial_industrial_unknown,unknown,"MULTIPOLYGON (((-99.744119 32.374799, -99.743654 32.374797, -99.743554 32.374726, -99.743535 32.374784, -99.743506 32.374784, -99.743531 32.374717, -99.743622 32.374624, -99.743593 32.374553, -99.743489 32.374583, -99.74305 32.374581, -99.743049 32.374686, -99.74295 32.374686, -99.742949 32.374806, -99.74309 32.374807, -99.74309 32.374888, -99.742957 32.374887, -99.742953 32.375481, -99.74352 32.375484, -99.743565 32.375596, -99.743771 32.375597, -99.743721 32.375473, -99.744044 32.375475, -99.744191 32.375578, -99.744193 32.375394, -99.744301 32.375362, -99.74426 32.375262, -99.744223 32.375254, -99.744221 32.37526, -99.744144 32.37507, -99.744198 32.374904, -99.744119 32.374848, -99.744119 32.374799)))",microsoft_us_building_footprints
ms-tx-000274,Microsoft footprint TX #275,TX,,148515.01,32.4796948,-99.7628652,,commercial_industrial_unknown,unknown,"MULTIPOLYGON (((-99.763342 32.47892, -99.762336 32.478942, -99.762344 32.479196, -99.762447 32.479194, -99.762514 32.479335, -99.762772 32.479329, -99.762776 32.479458, -99.762497 32.479464, -99.762504 32.479702, -99.762839 32.479694, -99.762853 32.48014, -99.762781 32.480141, -99.762777 32.480037, -99.762646 32.48004, -99.762641 32.479882, -99.76236 32.479888, -99.762488 32.479654, -99.762195 32.479661, -99.762214 32.48028, -99.76257 32.480273, -99.762574 32.480395, -99.762756 32.480391, -99.762757 32.480438, -99.763406 32.480424, -99.763391 32.479938, -99.763166 32.479943, -99.763165 32.479904, -99.76322 32.479903, -99.763346 32.47986, -99.763327 32.479233, -99.763243 32.47914, -99.763346 32.479074, -99.763342 32.47892)))",microsoft_us_building_footprints
ms-tx-000275,Microsoft footprint TX #276,TX,,114115.96,32.3497996,-99.7760148,,commercial_industrial_unknown,unknown,"MULTIPOLYGON (((-99.775405 32.349024, -99.775655 32.349601, -99.77555 32.349634, -99.775653 32.34987, -99.775781 32.349831, -99.775912 32.350135, -99.775803 32.350168, -99.775906 32.350406, -99.776022 32.35037, -99.776192 32.350761, -99.776461 32.350765, -99.776461 32.350751, -99.776545 32.350752, -99.776548 32.350575, -99.776349 32.350573, -99.77632 32.350507, -99.776583 32.350426, -99.776344 32.349874, -99.776364 32.349868, -99.776285 32.349697, -99.776248 32.349697, -99.776196 32.349576, -99.77635 32.349469, -99.776311 32.349379, -99.776004 32.349474, -99.776015 32.348835, -99.775405 32.349024)))",microsoft_us_building_footprints
ms-tx-000276,Microsoft footprint TX #277,TX,,134019.64,30.3472005,-94.0792468,,commercial_industrial_unknown,unknown,"MULTIPOLYGON (((-94.079211 30.347079, -94.079566 30.347174, -94.079566 30.347174, -94.080464 30.34716, -94.080469 30.347359, -94.080715 30.347355, -94.080711 30.347169, -94.080749 30.347168, -94.080739 30.346701, -94.080488 30.346705, -94.080494 30.346956, -94.079833 30.346966, -94.07983 30.346839, -94.079553 30.346765, -94.07952 30.346766, -94.079523 30.346891, -94.078984 30.346899, -94.078986 30.346992, -94.078615 30.346997, -94.078381 30.347431, -94.078175 30.347434, -94.078297 30.347093, -94.077875 30.347099, -94.077883 30.347474, -94.078857 30.347733, -94.078972 30.347411, -94.079019 30.34741, -94.079023 30.347628, -94.079302 30.347623, -94.0793 30.347525, -94.079221 30.347526, -94.079211 30.347079)))",microsoft_us_building_footprints
ms-tx-000277,Microsoft footprint TX #278,TX,,106938.43,30.1165205,-94.1707868,,commercial_industrial_unknown,unknown,"MULTIPOLYGON (((-94.170778 30.11644, -94.170774 30.115893, -94.170825 30.115892, -94.170823 30.115707, -94.170796 30.115707, -94.170793 30.11534, -94.170501 30.115342, -94.17051 30.116447, -94.170537 30.116447, -94.170538 30.116521, -94.170479 30.116521, -94.17048 30.116621, -94.170455 30.116621, -94.17046 30.117099, -94.170484 30.117099, -94.170484 30.117182, -94.170549 30.117182, -94.17055 30.117261, -94.171196 30.117257, -94.171193 30.116939, -94.171317 30.116938, -94.171314 30.116708, -94.171226 30.116709, -94.171225 30.116579, -94.17119 30.116579, -94.171189 30.116438, -94.170778 30.11644)))",microsoft_us_building_footprints
ms-tx-000278,Microsoft footprint TX #279,TX,,101787.59,32.5239069,-94.3136821,,commercial_industrial_unknown,unknown,"MULTIPOLYGON (((-94.314108 32.523416, -94.313728 32.523414, -94.313728 32.523454, -94.313684 32.523454, -94.313685 32.523304, -94.313278 32.523303, -94.313278 32.523418, -94.312961 32.523417, -94.31296 32.523588, -94.313288 32.523589, -94.313284 32.524219, -94.313476 32.52422, -94.313476 32.524145, -94.313601 32.524145, -94.313602 32.524002, -94.313548 32.523879, -94.313596 32.523864, -94.313596 32.523743, -94.313729 32.523743, -94.313727 32.524106, -94.313688 32.524118, -94.313754 32.52427, -94.31345 32.524269, -94.313449 32.524483, -94.313553 32.524483, -94.313553 32.524547, -94.313674 32.524547, -94.313673 32.524648, -94.31394 32.524565, -94.31394 32.524626, -94.314101 32.524627, -94.314108 32.523416)))",microsoft_us_building_footprints
ms-tx-000279,Microsoft footprint TX #280,TX,,168638.36,32.6619011,-94.3459578,,commercial_industrial_unknown,unknown,"MULTIPOLYGON (((-94.346636 32.661071, -94.346135 32.661009, -94.34611 32.661151, -94.345979 32.661134, -94.346028 32.661305, -94.345961 32.661297, -94.345949 32.66137, -94.346046 32.661382, -94.346039 32.661417, -94.345798 32.661387, -94.345785 32.661461, -94.345702 32.661478, -94.345705 32.661491, -94.345616 32.661458, -94.345603 32.661482, -94.345405 32.661457, -94.345179 32.662289, -94.345773 32.662362, -94.34562 32.663235, -94.345786 32.663256, -94.345923 32.662472, -94.34608 32.66244, -94.346086 32.662401, -94.346174 32.662412, -94.346164 32.662471, -94.346235 32.66248, -94.346244 32.662429, -94.346396 32.662448, -94.346636 32.661071)))",microsoft_us_building_footprints
ms-tx-000280,Microsoft footprint TX #281,TX,,216350.05,31.3106289,-94.7290490,,commercial_industrial_unknown,unknown,"MULTIPOLYGON (((-94.730353 31.309361, -94.729203 31.310158, -94.729157 31.31011, -94.729044 31.310188, -94.7291 31.310247, -94.728946 31.310353, -94.728954 31.310362, -94.727484 31.311381, -94.727683 31.311591, -94.727643 31.311619, -94.727686 31.311664, -94.727716 31.311643, -94.727778 31.311709, -94.727776 31.31171, -94.727886 31.311827, -94.728488 31.31141, -94.728514 31.311437, -94.728655 31.311339, -94.728619 31.311301, -94.72894 31.311078, -94.728753 31.310881, -94.72914 31.310613, -94.729279 31.310759, -94.729233 31.310792, -94.729347 31.310912, -94.730103 31.310388, -94.729899 31.310174, -94.730638 31.309661, -94.730353 31.309361)))",microsoft_us_building_footprints
ms-tx-000281,Microsoft footprint TX #282,TX,,104421.59,32.4785418,-94.7736845,,commercial_industrial_unknown,unknown,"MULTIPOLYGON (((-94.773095 32.478059, -94.773105 32.478929, -94.774332 32.478919, -94.774324 32.478243, -94.773998 32.478245, -94.773997 32.478174, -94.773397 32.478179, -94.773395 32.478057, -94.773095 32.478059)))",microsoft_us_building_footprints
ms-tx-000282,Microsoft footprint TX #283,TX,,136149.69,32.5020979,-94.8007539,,commercial_industrial_unknown,unknown,"MULTIPOLYGON (((-94.801344 32.501631, -94.800642 32.501636, -94.800641 32.501568, -94.80056 32.501569, -94.800561 32.501637, -94.800279 32.501639, -94.800278 32.501505, -94.800358 32.501505, -94.800357 32.501379, -94.800276 32.501379, -94.800276 32.501332, -94.800138 32.501333, -94.800142 32.501775, -94.800066 32.501776, -94.800066 32.501853, -94.800302 32.501851, -94.800303 32.501953, -94.800032 32.501955, -94.800034 32.502106, -94.800216 32.502105, -94.800217 32.502211, -94.800303 32.502211, -94.800307 32.502643, -94.800873 32.502639, -94.800874 32.502752, -94.801024 32.502751, -94.801023 32.502636, -94.801353 32.502633, -94.801344 32.501631)))",microsoft_us_building_footprints
ms-tx-000283,Microsoft footprint TX #284,TX,,199631.82,32.1627979,-94.8261892,,commercial_industrial_unknown,unknown,"MULTIPOLYGON (((-94.826144 32.162972, -94.826225 32.163417, -94.826373 32.163397, -94.826327 32.163145, -94.827669 32.162968, -94.827554 32.16234, -94.827322 32.16237, -94.827331 32.162419, -94.827212 32.162435, -94.827193 32.16233, -94.827112 32.162341, -94.82712 32.162382, -94.827071 32.162388, -94.827054 32.162294, -94.826484 32.162369, -94.826531 32.162625, -94.826382 32.162645, -94.826353 32.162485, -94.826269 32.162496, -94.826258 32.162438, -94.825446 32.162545, -94.825482 32.162742, -94.824693 32.162846, -94.824678 32.162765, -94.824192 32.162829, -94.824259 32.163196, -94.825886 32.162982, -94.82589 32.163005, -94.826144 32.162972)))",microsoft_us_building_footprints
ms-tx-000284,Microsoft footprint TX #285,TX,,308795.08,29.7797408,-94.8883005,,commercial_industrial_unknown,unknown,"MULTIPOLYGON (((-94.890387 29.779462, -94.89014 29.778821, -94.888354 29.779338, -94.888336 29.779289, -94.888212 29.779325, -94.888276 29.779491, -94.886028 29.780142, -94.886229 29.780666, -94.890387 29.779462)))",microsoft_us_building_footprints
ms-tx-000285,Microsoft footprint TX #286,TX,,149375.76,33.1673998,-94.9650930,,commercial_industrial_unknown,unknown,"MULTIPOLYGON (((-94.965649 33.168009, -94.965658 33.166812, -94.965343 33.166811, -94.965343 33.166775, -94.965299 33.166774, -94.965298 33.166817, -94.965077 33.166816, -94.965078 33.166719, -94.964991 33.166719, -94.96499 33.166821, -94.964604 33.166819, -94.964604 33.166799, -94.964447 33.166798, -94.964445 33.167083, -94.964488 33.167083, -94.964487 33.167137, -94.964557 33.167137, -94.964557 33.16713, -94.964609 33.16713, -94.964605 33.167733, -94.964483 33.167732, -94.964481 33.168003, -94.965649 33.168009)))",microsoft_us_building_footprints
ms-tx-000286,Microsoft footprint TX #287,TX,,153351.75,29.8184409,-95.0522729,,commercial_industrial_unknown,unknown,"MULTIPOLYGON (((-95.053241 29.818818, -95.053217 29.817815, -95.053046 29.817819, -95.053047 29.817886, -95.053085 29.817885, -95.053088 29.818023, -95.053045 29.818023, -95.053054 29.818372, -95.052563 29.818381, -95.052554 29.818016, -95.051648 29.818032, -95.051647 29.817993, -95.051585 29.817994, -95.051586 29.818036, -95.051321 29.818041, -95.051323 29.818128, -95.051355 29.818127, -95.051362 29.818387, -95.051458 29.818385, -95.051469 29.81885, -95.053241 29.818818)))",microsoft_us_building_footprints
ms-tx-000287,Microsoft footprint TX #288,TX,,261346.1,29.6359601,-95.0366048,,commercial_industrial_unknown,unknown,"MULTIPOLYGON (((-95.037054 29.637291, -95.037003 29.634622, -95.036183 29.634634, -95.036183 29.634666, -95.036154 29.634666, -95.036201 29.637125, -95.036233 29.637124, -95.036236 29.637303, -95.037054 29.637291)))",microsoft_us_building_footprints
ms-tx-000288,Microsoft footprint TX #289,TX,,353709.23,29.6073137,-95.0703872,,commercial_industrial_unknown,unknown,"MULTIPOLYGON (((-95.072106 29.607221, -95.071708 29.606352, -95.068668 29.607407, -95.069066 29.608275, -95.072106 29.607221)))",microsoft_us_building_footprints
ms-tx-000289,Microsoft footprint TX #290,TX,,108180.03,29.8993966,-95.0720296,,commercial_industrial_unknown,unknown,"MULTIPOLYGON (((-95.072335 29.898861, -95.072062 29.898865, -95.072061 29.898852, -95.071565 29.898858, -95.07157 29.899141, -95.071648 29.89914, -95.071651 29.89936, -95.071576 29.899361, -95.071578 29.899439, -95.071653 29.899438, -95.071654 29.8995, -95.071579 29.899501, -95.071581 29.899626, -95.071589 29.899626, -95.071595 29.90001, -95.07172 29.900008, -95.071721 29.900077, -95.07183 29.900076, -95.071827 29.899941, -95.072128 29.899937, -95.072127 29.899887, -95.072349 29.899766, -95.072347 29.899665, -95.072326 29.899665, -95.072325 29.899619, -95.072585 29.899616, -95.072583 29.899504, -95.072638 29.899503, -95.072632 29.899132, -95.07234 29.899136, -95.072335 29.898861)))",microsoft_us_building_footprints
ms-tx-000290,Microsoft footprint TX #291,TX,,114824.5,29.4942908,-95.0851066,,commercial_industrial_unknown,unknown,"MULTIPOLYGON (((-95.085967 29.494034, -95.085605 29.494027, -95.085608 29.49389, -95.084904 29.49407, -95.084906 29.493969, -95.08463 29.493963, -95.084624 29.494194, -95.084509 29.494192, -95.084514 29.494005, -95.084184 29.493999, -95.08418 29.494162, -95.084284 29.494164, -95.084277 29.49444, -95.084191 29.494438, -95.084187 29.494604, -95.08445 29.494609, -95.08445 29.494593, -95.084517 29.494594, -95.084522 29.494396, -95.084598 29.494397, -95.084672 29.494616, -95.084915 29.49462, -95.084917 29.494546, -95.085024 29.494548, -95.085022 29.494611, -95.085265 29.494616, -95.085267 29.494541, -95.085374 29.494543, -95.085372 29.494606, -95.085615 29.494611, -95.085616 29.494561, -95.085953 29.494568, -95.085967 29.494034)))",microsoft_us_building_footprints
ms-tx-000291,Microsoft footprint TX #292,TX,,258017.99,29.6451892,-95.0676024,,commercial_industrial_unknown,unknown,"MULTIPOLYGON (((-95.065921 29.64487, -95.065928 29.645535, -95.069283 29.645509, -95.069276 29.644843, -95.065921 29.64487)))",microsoft_us_building_footprints
ms-tx-000292,Microsoft footprint TX #293,TX,,228931.83,29.6990896,-95.0816567,,commercial_industrial_unknown,unknown,"MULTIPOLYGON (((-95.08008 29.698796, -95.080082 29.698945, -95.080066 29.698945, -95.080074 29.699422, -95.083247 29.699382, -95.083236 29.698757, -95.08008 29.698796)))",microsoft_us_building_footprints
ms-tx-000293,Microsoft footprint TX #294,TX,,153829.51,29.6217868,-95.0855667,,commercial_industrial_unknown,unknown,"MULTIPOLYGON (((-95.086272 29.621224, -95.085994 29.621221, -95.085995 29.621205, -95.08573 29.621201, -95.085726 29.621476, -95.085031 29.621468, -95.085029 29.621607, -95.084887 29.621605, -95.084889 29.621465, -95.084353 29.621458, -95.084345 29.621935, -95.084884 29.621941, -95.084887 29.621746, -95.085024 29.621747, -95.085021 29.621917, -95.085138 29.621918, -95.085137 29.621947, -95.085717 29.621954, -95.085708 29.622483, -95.086251 29.62249, -95.086252 29.622433, -95.086332 29.622434, -95.086334 29.622342, -95.086256 29.622341, -95.086261 29.622036, -95.086314 29.622036, -95.086316 29.621973, -95.086337 29.621974, -95.086342 29.621671, -95.086264 29.62167, -95.086272 29.621224)))",microsoft_us_building_footprints
ms-tx-000294,Microsoft footprint TX #295,TX,,104749.16,29.5495692,-95.0864261,,commercial_industrial_unknown,unknown,"MULTIPOLYGON (((-95.087136 29.549572, -95.086951 29.549027, -95.086692 29.549094, -95.086664 29.549012, -95.086602 29.549028, -95.086592 29.548996, -95.086519 29.54906, -95.086551 29.549153, -95.086272 29.549225, -95.086146 29.549148, -95.085826 29.54923, -95.085908 29.549473, -95.085805 29.549499, -95.08584 29.549602, -95.086019 29.549556, -95.085958 29.549738, -95.086146 29.550289, -95.086229 29.550267, -95.086262 29.550364, -95.086353 29.550341, -95.086336 29.55029, -95.086633 29.550027, -95.086597 29.549921, -95.086476 29.549952, -95.086376 29.549658, -95.086445 29.54964, -95.086475 29.549726, -95.08682 29.549637, -95.086833 29.549676, -95.086942 29.549648, -95.086934 29.549624, -95.087136 29.549572)))",microsoft_us_building_footprints
ms-tx-000295,Microsoft footprint TX #296,TX,,117258.32,29.8161594,-95.1359264,,commercial_industrial_unknown,unknown,"MULTIPOLYGON (((-95.136532 29.816814, -95.136402 29.816459, -95.136492 29.816434, -95.136367 29.816093, -95.13608 29.816172, -95.136032 29.816042, -95.136115 29.816019, -95.13614 29.815911, -95.136018 29.815819, -95.135918 29.815847, -95.135866 29.815705, -95.136126 29.815633, -95.136004 29.8153, -95.135243 29.81551, -95.135377 29.815875, -95.135652 29.815799, -95.135609 29.81599, -95.135681 29.816185, -95.135838 29.816212, -95.13586 29.81627, -95.13558 29.816347, -95.135704 29.816687, -95.135602 29.81661, -95.135692 29.816855, -95.135731 29.816844, -95.135711 29.81683, -95.135741 29.816698, -95.135939 29.816644, -95.135944 29.816657, -95.135838 29.816687, -95.135936 29.816954, -95.135991 29.816963, -95.136532 29.816814)))",microsoft_us_building_footprints
ms-tx-000296,Microsoft footprint TX #297,TX,,303793.09,29.7024564,-95.1429986,,commercial_industrial_unknown,unknown,"MULTIPOLYGON (((-95.142264 29.703723, -95.143063 29.703728, -95.143069 29.702971, -95.143093 29.702971, -95.143095 29.702778, -95.143074 29.702777, -95.143075 29.70254, -95.144056 29.702546, -95.14406 29.702066, -95.144085 29.702066, -95.144085 29.702105, -95.144098 29.702106, -95.144102 29.701607, -95.142584 29.701598, -95.142583 29.7017, -95.142538 29.7017, -95.142538 29.701642, -95.142329 29.701641, -95.142329 29.701641, -95.142281 29.70164, -95.142264 29.703723)))",microsoft_us_building_footprints
ms-tx-000297,Microsoft footprint TX #298,TX,,222342.29,29.8124127,-95.1276629,,commercial_industrial_unknown,unknown,"MULTIPOLYGON (((-95.129146 29.81258, -95.129039 29.811921, -95.128181 29.812026, -95.128169 29.811952, -95.128006 29.811972, -95.12802 29.812059, -95.127962 29.812066, -95.127957 29.812032, -95.127395 29.812101, -95.127402 29.812146, -95.127252 29.812164, -95.127233 29.812048, -95.127147 29.812058, -95.127166 29.81218, -95.126416 29.812272, -95.126459 29.81254, -95.126329 29.812556, -95.126269 29.81219, -95.125966 29.812227, -95.126031 29.81263, -95.126366 29.812589, -95.126396 29.812769, -95.126442 29.812763, -95.126465 29.812908, -95.129146 29.81258)))",microsoft_us_building_footprints
ms-tx-000298,Microsoft footprint TX #299,TX,,103394.49,29.5489421,-95.1524231,,commercial_industrial_unknown,unknown,"MULTIPOLYGON (((-95.152638 29.548257, -95.151966 29.548335, -95.152006 29.548596, -95.15204 29.548592, -95.152198 29.549624, -95.152241 29.549619, -95.152249 29.549674, -95.152744 29.549616, -95.152706 29.549369, -95.152828 29.549355, -95.152763 29.548933, -95.152834 29.548925, -95.152788 29.548622, -95.152695 29.548633, -95.152638 29.548257)))",microsoft_us_building_footprints
ms-tx-000299,Microsoft footprint TX #300,TX,,195298.28,29.6805680,-95.1343768,,commercial_industrial_unknown,unknown,"MULTIPOLYGON (((-95.133834 29.681382, -95.134049 29.68138, -95.134048 29.681351, -95.134229 29.68135, -95.134229 29.681371, -95.134755 29.681367, -95.134753 29.681187, -95.134957 29.681185, -95.134954 29.680853, -95.134747 29.680855, -95.134744 29.680586, -95.135187 29.680583, -95.135184 29.680295, -95.134859 29.680297, -95.134856 29.679964, -95.134718 29.679965, -95.134717 29.679896, -95.134668 29.679896, -95.134667 29.67973, -95.133887 29.679735, -95.13389 29.68007, -95.133852 29.68007, -95.133855 29.680423, -95.133825 29.680423, -95.133834 29.681382)))",microsoft_us_building_footprints
ms-ca-000300,Microsoft footprint CA #1,CA,,182252.19,32.7413350,-114.7227581,,commercial_industrial_unknown,unknown,"MULTIPOLYGON (((-114.723975 32.740961, -114.722962 32.740884, -114.722961 32.740895, -114.722064 32.740826, -114.722054 32.740926, -114.721989 32.740921, -114.721999 32.74083, -114.721916 32.740824, -114.721898 32.740996, -114.722028 32.740935, -114.722013 32.741077, -114.722049 32.74108, -114.722048 32.741089, -114.721963 32.741082, -114.721949 32.741216, -114.72189 32.741244, -114.721857 32.74154, -114.721586 32.741667, -114.721682 32.741814, -114.721927 32.7417, -114.722007 32.741822, -114.722104 32.741777, -114.722112 32.741705, -114.722259 32.741716, -114.722339 32.741839, -114.722462 32.741848, -114.722473 32.741746, -114.723568 32.74183, -114.72365 32.741068, -114.723961 32.741092, -114.723975 32.740961)))",microsoft_us_building_footprints
ms-ca-000301,Microsoft footprint CA #2,CA,,111806.61,33.0835639,-115.6854868,,commercial_industrial_unknown,unknown,"MULTIPOLYGON (((-115.68604 33.083167, -115.685898 33.083166, -115.685899 33.083058, -115.685814 33.083058, -115.685788 33.082981, -115.685727 33.082996, -115.685725 33.083122, -115.685669 33.083121, -115.685547 33.083036, -115.685417 33.083066, -115.685416 33.083134, -115.685308 33.083058, -115.685216 33.083057, -115.685157 33.083117, -115.684997 33.083116, -115.684978 33.083135, -115.684967 33.084007, -115.68506 33.084071, -115.685154 33.083976, -115.685228 33.083977, -115.685224 33.084272, -115.685448 33.084048, -115.685592 33.084049, -115.685651 33.08399, -115.68578 33.08408, -115.685867 33.083993, -115.685868 33.083952, -115.685904 33.083978, -115.685905 33.083904, -115.685956 33.083892, -115.685957 33.083818, -115.686032 33.083801, -115.68604 33.083167)))",microsoft_us_building_footprints
ms-ca-000302,Microsoft footprint CA #3,CA,,140526.93,33.6688887,-116.1548238,,commercial_industrial_unknown,unknown,"MULTIPOLYGON (((-116.15533 33.66827, -116.15427 33.668288, -116.15428 33.668689, -116.154326 33.668688, -116.154366 33.668722, -116.15428 33.668723, -116.154282 33.668832, -116.154357 33.668861, -116.154373 33.668848, -116.154449 33.668912, -116.154374 33.668914, -116.154348 33.668892, -116.15435 33.668951, -116.154328 33.668951, -116.154287 33.669007, -116.154417 33.669005, -116.154419 33.669054, -116.154367 33.669081, -116.154367 33.66909, -116.154428 33.669113, -116.154378 33.669155, -116.154323 33.669109, -116.154325 33.669178, -116.154269 33.669179, -116.154277 33.669491, -116.154406 33.669506, -116.155361 33.669489, -116.15533 33.66827)))",microsoft_us_building_footprints
ms-ca-000303,Microsoft footprint CA #4,CA,,242243.12,33.7137746,-116.2308954,,commercial_industrial_unknown,unknown,"MULTIPOLYGON (((-116.229477 33.714085, -116.231505 33.714049, -116.231518 33.71458, -116.231981 33.714572, -116.231971 33.714166, -116.232186 33.714162, -116.232165 33.713343, -116.23168 33.713351, -116.231683 33.713478, -116.2316 33.71348, -116.231602 33.713562, -116.231537 33.713622, -116.231549 33.713626, -116.231511 33.713661, -116.231375 33.713559, -116.231344 33.713548, -116.231381 33.713475, -116.231417 33.713501, -116.231456 33.7135, -116.231456 33.713515, -116.231502 33.713514, -116.231499 33.713389, -116.231035 33.713397, -116.231031 33.713241, -116.230601 33.713249, -116.230604 33.713368, -116.230588 33.713383, -116.230229 33.713389, -116.230227 33.713303, -116.229457 33.713317, -116.229477 33.714085)))",microsoft_us_building_footprints
ms-ca-000304,Microsoft footprint CA #5,CA,,115847.96,33.7423536,-116.3054621,,commercial_industrial_unknown,unknown,"MULTIPOLYGON (((-116.305373 33.741042, -116.305332 33.741113, -116.305277 33.741974, -116.305262 33.741978, -116.30526 33.742014, -116.305191 33.742011, -116.305128 33.743304, -116.305167 33.743306, -116.305169 33.743283, -116.305622 33.743303, -116.305632 33.743136, -116.305712 33.74314, -116.305709 33.743193, -116.305776 33.743196, -116.305821 33.742487, -116.305661 33.74248, -116.305663 33.742441, -116.305754 33.742445, -116.305774 33.74213, -116.305437 33.742115, -116.305444 33.74201, -116.305601 33.742017, -116.305628 33.741596, -116.305659 33.741598, -116.305793 33.741372, -116.305546 33.741362, -116.305566 33.741053, -116.305482 33.741049, -116.305472 33.741019, -116.305373 33.741042)))",microsoft_us_building_footprints
ms-ca-000305,Microsoft footprint CA #6,CA,,328677.76,35.1876552,-116.3836568,,commercial_industrial_unknown,unknown,"MULTIPOLYGON (((-116.38334 35.187788, -116.383335 35.187812, -116.383474 35.187905, -116.38354 35.187839, -116.383869 35.188364, -116.384008 35.188348, -116.384942 35.188461, -116.385024 35.18838, -116.385192 35.188304, -116.385412 35.188085, -116.385361 35.18779, -116.385033 35.18757, -116.384756 35.187696, -116.384491 35.187664, -116.384267 35.187513, -116.384301 35.187327, -116.384288 35.187253, -116.383729 35.187185, -116.383644 35.186702, -116.383535 35.186629, -116.383403 35.186644, -116.383111 35.186935, -116.38248 35.187009, -116.382178 35.187309, -116.382072 35.187891, -116.382112 35.188118, -116.382366 35.188149, -116.382569 35.188057, -116.382602 35.187874, -116.38334 35.187788)))",microsoft_us_building_footprints
ms-ca-000306,Microsoft footprint CA #7,CA,,140449.31,35.6443606,-116.3974096,,commercial_industrial_unknown,unknown,"MULTIPOLYGON (((-116.396927 35.643784, -116.396566 35.644239, -116.396579 35.644302, -116.396723 35.644479, -116.396897 35.644522, -116.396989 35.64457, -116.397026 35.644742, -116.397174 35.64482, -116.397213 35.644814, -116.39718 35.644797, -116.397173 35.644764, -116.397229 35.644756, -116.397239 35.644804, -116.397306 35.64482, -116.397365 35.644893, -116.397505 35.644873, -116.397588 35.644894, -116.397602 35.644911, -116.398017 35.645013, -116.39807 35.644946, -116.398123 35.644917, -116.398177 35.644773, -116.398127 35.644539, -116.398041 35.644434, -116.397982 35.644158, -116.397958 35.644162, -116.397948 35.644116, -116.397675 35.643973, -116.397539 35.643806, -116.397191 35.643721, -116.396994 35.643748, -116.396927 35.643784)))",microsoft_us_building_footprints
ms-ca-000307,Microsoft footprint CA #8,CA,,125220.17,32.7470492,-116.9289608,,commercial_industrial_unknown,unknown,"MULTIPOLYGON (((-116.929734 32.746699, -116.928929 32.746386, -116.928926 32.746393, -116.928864 32.746369, -116.928814 32.74646, -116.928771 32.746443, -116.928492 32.746949, -116.92851 32.746956, -116.928378 32.747197, -116.928431 32.747218, -116.928399 32.747275, -116.928359 32.74726, -116.928263 32.747435, -116.928293 32.747447, -116.928257 32.747512, -116.928766 32.74771, -116.928869 32.747524, -116.929183 32.747645, -116.929356 32.747329, -116.929329 32.747319, -116.929567 32.746886, -116.92962 32.746906, -116.929734 32.746699)))",microsoft_us_building_footprints
ms-ca-000308,Microsoft footprint CA #9,CA,,119163.56,33.7740313,-116.9659940,,commercial_industrial_unknown,unknown,"MULTIPOLYGON (((-116.965481 33.774467, -116.965816 33.774466, -116.965817 33.774709, -116.965881 33.774709, -116.965881 33.774735, -116.96631 33.774734, -116.96631 33.774676, -116.966373 33.774676, -116.966369 33.773687, -116.966537 33.773687, -116.966536 33.773484, -116.966566 33.773484, -116.966566 33.773437, -116.966517 33.773437, -116.966517 33.773296, -116.966286 33.773296, -116.966287 33.77344, -116.965808 33.773441, -116.965808 33.77361, -116.965633 33.77361, -116.965633 33.773761, -116.965346 33.773761, -116.965347 33.773941, -116.965479 33.77394, -116.965481 33.774467)))",microsoft_us_building_footprints
ms-ca-000309,Microsoft footprint CA #10,CA,,330465.97,32.9357294,-117.0307847,,commercial_industrial_unknown,unknown,"MULTIPOLYGON (((-117.029806 32.936607, -117.03004 32.936611, -117.030044 32.936427, -117.030231 32.936499, -117.030177 32.936596, -117.030283 32.936572, -117.030292 32.936601, -117.030356 32.936602, -117.030402 32.936599, -117.030442 32.9366, -117.030445 32.936485, -117.030626 32.936444, -117.03078 32.936447, -117.030812 32.936546, -117.031614 32.936364, -117.031587 32.936281, -117.031805 32.936285, -117.031832 32.935223, -117.031613 32.935219, -117.031621 32.934911, -117.031076 32.934901, -117.031072 32.935052, -117.030837 32.935047, -117.030839 32.934934, -117.030504 32.934928, -117.030503 32.934995, -117.03042 32.935014, -117.030422 32.934934, -117.030038 32.934927, -117.030034 32.935064, -117.029846 32.935061, -117.029806 32.936607)))",microsoft_us_building_footprints
ms-ca-000310,Microsoft footprint CA #11,CA,,102828.13,32.5712087,-117.0687507,,commercial_industrial_unknown,unknown,"MULTIPOLYGON (((-117.068228 32.570574, -117.067881 32.571006, -117.068676 32.571459, -117.068604 32.571549, -117.068871 32.571701, -117.068921 32.571639, -117.069253 32.571828, -117.069605 32.571389, -117.069271 32.571198, -117.069297 32.571166, -117.0692 32.571111, -117.069191 32.571122, -117.068228 32.570574)))",microsoft_us_building_footprints
ms-ca-000311,Microsoft footprint CA #12,CA,,175351.79,32.6024786,-117.0815069,,commercial_industrial_unknown,unknown,"MULTIPOLYGON (((-117.08334 32.602236, -117.082659 32.602253, -117.082656 32.602149, -117.082481 32.602154, -117.082465 32.602202, -117.08195 32.602215, -117.081956 32.602384, -117.081794 32.602388, -117.081777 32.602438, -117.081682 32.602441, -117.081682 32.602449, -117.081073 32.6023, -117.081069 32.602185, -117.080386 32.602215, -117.080391 32.602358, -117.079944 32.60237, -117.079946 32.60244, -117.079879 32.602441, -117.079877 32.602383, -117.079021 32.602404, -117.07903 32.602653, -117.079063 32.602661, -117.081671 32.602595, -117.08167 32.602554, -117.082695 32.602806, -117.082695 32.602801, -117.083113 32.602791, -117.083114 32.602807, -117.083184 32.602805, -117.083202 32.602752, -117.083358 32.602748, -117.08334 32.602236)))",microsoft_us_building_footprints
ms-ca-000312,Microsoft footprint CA #13,CA,,133153.98,33.5814092,-117.1224363,,commercial_industrial_unknown,unknown,"MULTIPOLYGON (((-117.121717 33.581999, -117.122371 33.582035, -117.122104 33.582201, -117.123165 33.58226, -117.123182 33.58205, -117.122465 33.58201, -117.122503 33.581522, -117.122889 33.581543, -117.122892 33.581505, -117.122934 33.581507, -117.12296 33.581179, -117.122579 33.581158, -117.122588 33.581045, -117.122933 33.581064, -117.122936 33.581025, -117.122976 33.581027, -117.123001 33.580708, -117.122006 33.580653, -117.122004 33.580679, -117.121963 33.580676, -117.121937 33.581008, -117.122317 33.581029, -117.122309 33.581135, -117.121916 33.581113, -117.12189 33.581443, -117.121933 33.581446, -117.12193 33.581486, -117.122311 33.581507, -117.122325 33.581338, -117.12249 33.581347, -117.122483 33.581445, -117.121724 33.581917, -117.121717 33.581999)))",microsoft_us_building_footprints
ms-ca-000313,Microsoft footprint CA #14,CA,,108465.63,33.5587918,-117.1381938,,commercial_industrial_unknown,unknown,"MULTIPOLYGON (((-117.13811 33.559181, -117.138786 33.559358, -117.139037 33.558693, -117.138014 33.558425, -117.138029 33.558387, -117.137954 33.558367, -117.137937 33.558412, -117.137763 33.558366, -117.13779 33.558295, -117.13755 33.558232, -117.137303 33.558889, -117.137508 33.558943, -117.137524 33.5589, -117.137853 33.558987, -117.137908 33.558842, -117.138208 33.558921, -117.13811 33.559181)))",microsoft_us_building_footprints
ms-ca-000314,Microsoft footprint CA #15,CA,,109529.16,32.8916205,-117.1484852,,commercial_industrial_unknown,unknown,"MULTIPOLYGON (((-117.148207 32.890819, -117.148142 32.892396, -117.148783 32.892415, -117.148794 32.892146, -117.14877 32.892146, -117.148816 32.891034, -117.148819 32.891034, -117.148827 32.890837, -117.148207 32.890819)))",microsoft_us_building_footprints
ms-ca-000315,Microsoft footprint CA #16,CA,,120507.87,32.6981997,-117.1567135,,commercial_industrial_unknown,unknown,"MULTIPOLYGON (((-117.157673 32.698502, -117.156031 32.697402, -117.156016 32.697402, -117.156016 32.697365, -117.155957 32.697364, -117.155957 32.697402, -117.155943 32.697417, -117.155962 32.69743, -117.155961 32.697483, -117.156012 32.697517, -117.155949 32.697584, -117.155948 32.697607, -117.155946 32.69761, -117.155942 32.697827, -117.155961 32.697828, -117.15596 32.697904, -117.155885 32.697904, -117.155885 32.697931, -117.155957 32.697931, -117.155956 32.697969, -117.155938 32.697957, -117.155937 32.698013, -117.155916 32.698035, -117.157262 32.698937, -117.157673 32.698502)))",microsoft_us_building_footprints
ms-ca-000316,Microsoft footprint CA #17,CA,,381808.74,32.8823811,-117.1605094,,commercial_industrial_unknown,unknown,"MULTIPOLYGON (((-117.160738 32.88352, -117.16073 32.883135, -117.16135 32.883126, -117.161346 32.882954, -117.161432 32.882953, -117.161399 32.88137, -117.159667 32.881396, -117.159711 32.883535, -117.160738 32.88352)))",microsoft_us_building_footprints
ms-ca-000317,Microsoft footprint CA #18,CA,,562481.39,32.7138258,-117.1625156,,commercial_industrial_unknown,unknown,"MULTIPOLYGON (((-117.161154 32.714569, -117.161635 32.714578, -117.161923 32.714496, -117.16192 32.714617, -117.162944 32.714637, -117.162947 32.714543, -117.163265 32.714676, -117.16334 32.71489, -117.162996 32.714883, -117.162979 32.715536, -117.163606 32.715548, -117.163635 32.714491, -117.163629 32.714489, -117.163663 32.713277, -117.16362 32.713082, -117.16363 32.712694, -117.162754 32.712677, -117.162749 32.712853, -117.161945 32.712837, -117.161936 32.713162, -117.161536 32.713154, -117.161516 32.713104, -117.161819 32.71311, -117.161831 32.71269, -117.161169 32.712677, -117.161179 32.713384, -117.16127 32.713386, -117.161267 32.713472, -117.161184 32.71347, -117.161154 32.714569)))",microsoft_us_building_footprints
ms-ca-000318,Microsoft footprint CA #19,CA,,112082.37,33.6816890,-117.1695524,,commercial_industrial_unknown,unknown,"MULTIPOLYGON (((-117.16954 33.681017, -117.1688 33.681556, -117.169312 33.682043, -117.169248 33.68209, -117.169551 33.682378, -117.170239 33.681877, -117.170109 33.681753, -117.170144 33.681728, -117.170091 33.681677, -117.170172 33.681618, -117.16954 33.681017)))",microsoft_us_building_footprints
ms-ca-000319,Microsoft footprint CA #20,CA,,171554.04,33.5150793,-117.1743481,,commercial_industrial_unknown,unknown,"MULTIPOLYGON (((-117.174849 33.514224, -117.174194 33.51469, -117.174202 33.514698, -117.173618 33.515114, -117.173666 33.515161, -117.173491 33.515286, -117.173538 33.515332, -117.17324 33.515544, -117.173497 33.515795, -117.173575 33.515739, -117.173803 33.515961, -117.174311 33.5156, -117.174242 33.515532, -117.174991 33.514999, -117.175099 33.515105, -117.175544 33.514787, -117.175454 33.514699, -117.175391 33.514745, -117.175191 33.51455, -117.175224 33.514527, -117.17514 33.514445, -117.175103 33.514472, -117.174849 33.514224)))",microsoft_us_building_footprints
ms-ca-000320,Microsoft footprint CA #21,CA,,104293.32,33.1840239,-117.1786377,,commercial_industrial_unknown,unknown,"MULTIPOLYGON (((-117.178201 33.183661, -117.178066 33.183853, -117.178038 33.18403, -117.178071 33.184195, -117.178211 33.18439, -117.17843 33.184498, -117.178534 33.18451, -117.178553 33.184507, -117.178584 33.184522, -117.178637 33.184528, -117.178841 33.184499, -117.179074 33.184382, -117.179209 33.18419, -117.179238 33.184008, -117.179205 33.183845, -117.17907 33.183656, -117.178881 33.183564, -117.178563 33.183528, -117.178429 33.183547, -117.178201 33.183661)))",microsoft_us_building_footprints
ms-ca-000321,Microsoft footprint CA #22,CA,,121803.36,33.7190150,-117.1813746,,commercial_industrial_unknown,unknown,"MULTIPOLYGON (((-117.180947 33.719808, -117.181424 33.719863, -117.181465 33.719616, -117.181438 33.719613, -117.181442 33.719591, -117.181856 33.719639, -117.181898 33.719388, -117.181525 33.719345, -117.181565 33.719106, -117.181968 33.719152, -117.182008 33.718905, -117.181557 33.718854, -117.181512 33.718674, -117.181896 33.718608, -117.181838 33.718372, -117.181303 33.718464, -117.181295 33.718433, -117.181476 33.718402, -117.181441 33.718262, -117.181027 33.718215, -117.181024 33.718201, -117.180918 33.718219, -117.18094 33.718305, -117.180874 33.718316, -117.180912 33.718469, -117.180862 33.718478, -117.180889 33.718587, -117.180997 33.718568, -117.181093 33.718954, -117.180965 33.719736, -117.180959 33.719735, -117.180947 33.719808)))",microsoft_us_building_footprints
ms-ca-000322,Microsoft footprint CA #23,CA,,241902.16,33.1426045,-117.1819446,,commercial_industrial_unknown,unknown,"MULTIPOLYGON (((-117.182399 33.14316, -117.182522 33.142857, -117.182488 33.142847, -117.182866 33.141922, -117.182315 33.141596, -117.182277 33.141688, -117.182029 33.141617, -117.181982 33.141732, -117.181696 33.14165, -117.181258 33.142722, -117.181203 33.14269, -117.181181 33.142744, -117.181261 33.142766, -117.181104 33.142953, -117.181321 33.143015, -117.181298 33.143071, -117.181224 33.14305, -117.181201 33.143107, -117.181279 33.143129, -117.181113 33.143537, -117.182068 33.143811, -117.182202 33.143483, -117.18177 33.143359, -117.181794 33.1433, -117.181683 33.143268, -117.181657 33.143299, -117.181598 33.143282, -117.181701 33.14303, -117.181747 33.143016, -117.181932 33.143069, -117.181947 33.143031, -117.182399 33.14316)))",microsoft_us_building_footprints
ms-ca-000323,Microsoft footprint CA #24,CA,,150246.45,33.7608451,-117.1850660,,commercial_industrial_unknown,unknown,"MULTIPOLYGON (((-117.185384 33.760417, -117.18516 33.76043, -117.185151 33.760325, -117.184946 33.760336, -117.184904 33.760303, -117.184486 33.760326, -117.184336 33.760582, -117.184935 33.760825, -117.184942 33.760905, -117.18488 33.760909, -117.184888 33.761009, -117.183932 33.761061, -117.183957 33.761371, -117.184659 33.761332, -117.184666 33.761411, -117.184639 33.761413, -117.184671 33.76181, -117.185066 33.761788, -117.184994 33.760882, -117.185165 33.760873, -117.185148 33.76066, -117.18526 33.760654, -117.185258 33.760629, -117.18544 33.760619, -117.185342 33.760703, -117.185955 33.761197, -117.186159 33.761022, -117.185598 33.760569, -117.18621 33.760044, -117.185998 33.759874, -117.185383 33.760402, -117.185384 33.760417)))",microsoft_us_building_footprints
ms-ca-000324,Microsoft footprint CA #25,CA,,207200.26,32.9035681,-117.1925512,,commercial_industrial_unknown,unknown,"MULTIPOLYGON (((-117.193144 32.903525, -117.193471 32.903551, -117.193703 32.903402, -117.193709 32.903345, -117.193762 32.90335, -117.193762 32.903356, -117.194626 32.903425, -117.194649 32.903222, -117.193676 32.903144, -117.193687 32.903044, -117.193492 32.903028, -117.193498 32.902975, -117.193183 32.90295, -117.193153 32.903216, -117.191656 32.903097, -117.191612 32.903489, -117.191683 32.903512, -117.191611 32.903559, -117.19151 32.903527, -117.191554 32.903574, -117.191651 32.903582, -117.191673 32.903606, -117.191534 32.903595, -117.191575 32.90364, -117.191489 32.903695, -117.191532 32.903742, -117.191412 32.903733, -117.191357 32.904223, -117.19201 32.904275, -117.192092 32.904095, -117.192739 32.904147, -117.192846 32.9032, -117.193144 32.903525)))",microsoft_us_building_footprints
ms-ca-000325,Microsoft footprint CA #26,CA,,230129.58,33.1386099,-117.1918102,,commercial_industrial_unknown,unknown,"MULTIPOLYGON (((-117.193467 33.137886, -117.193148 33.137958, -117.19312 33.138021, -117.192882 33.138075, -117.192854 33.13799, -117.192779 33.138007, -117.19279 33.138038, -117.191859 33.138251, -117.19184 33.138293, -117.191793 33.138304, -117.191766 33.138223, -117.191684 33.138241, -117.191719 33.13835, -117.190329 33.138668, -117.190374 33.138808, -117.190287 33.138828, -117.190305 33.138884, -117.190111 33.138929, -117.190197 33.139192, -117.18985 33.139271, -117.189886 33.139382, -117.192956 33.138681, -117.192919 33.138568, -117.193062 33.138535, -117.193017 33.138397, -117.193611 33.138261, -117.193569 33.138134, -117.193626 33.138121, -117.193676 33.138009, -117.19365 33.137929, -117.193462 33.13787, -117.193467 33.137886)))",microsoft_us_building_footprints
ms-ca-000326,Microsoft footprint CA #27,CA,,129007.09,32.6964465,-117.1957147,,commercial_industrial_unknown,unknown,"MULTIPOLYGON (((-117.194918 32.695869, -117.194708 32.696322, -117.194762 32.69634, -117.194718 32.696434, -117.196413 32.696992, -117.196395 32.69703, -117.196479 32.697057, -117.196751 32.696473, -117.194918 32.695869)))",microsoft_us_building_footprints
ms-ca-000327,Microsoft footprint CA #28,CA,,108553.8,32.9035918,-117.1969613,,commercial_industrial_unknown,unknown,"MULTIPOLYGON (((-117.197629 32.903878, -117.197532 32.902952, -117.19719 32.902977, -117.197189 32.902975, -117.197108 32.902981, -117.197112 32.903018, -117.197054 32.903022, -117.197064 32.903125, -117.196991 32.90313, -117.197 32.903218, -117.197089 32.903257, -117.197099 32.903352, -117.197014 32.903329, -117.197005 32.903352, -117.197019 32.903491, -117.197159 32.90348, -117.197164 32.903525, -117.196802 32.903552, -117.196814 32.903518, -117.196802 32.903403, -117.196245 32.903444, -117.19626 32.903589, -117.196207 32.903593, -117.196214 32.903663, -117.196148 32.903697, -117.196166 32.903867, -117.1961 32.904041, -117.197152 32.903964, -117.197147 32.903913, -117.197629 32.903878)))",microsoft_us_building_footprints
ms-ca-000328,Microsoft footprint CA #29,CA,,153269.94,34.0785455,-117.2098848,,commercial_industrial_unknown,unknown,"MULTIPOLYGON (((-117.210718 34.078942, -117.210719 34.078229, -117.210684 34.078229, -117.210684 34.078104, -117.2093 34.078104, -117.2093 34.078226, -117.209067 34.078226, -117.209066 34.079074, -117.209377 34.079074, -117.209377 34.078941, -117.210718 34.078942)))",microsoft_us_building_footprints
ms-ca-000329,Microsoft footprint CA #30,CA,,106089.33,32.8739298,-117.2168401,,commercial_industrial_unknown,unknown,"MULTIPOLYGON (((-117.216385 32.873431, -117.216169 32.873826, -117.216166 32.87442, -117.216402 32.874421, -117.216403 32.874121, -117.216706 32.874123, -117.216707 32.873974, -117.216401 32.873856, -117.216515 32.873649, -117.216615 32.873622, -117.216828 32.873623, -117.216826 32.874085, -117.21675 32.874224, -117.216475 32.874223, -117.216474 32.874415, -117.217366 32.874418, -117.217457 32.874382, -117.217459 32.873961, -117.217233 32.87396, -117.217232 32.874177, -117.217061 32.874243, -117.217064 32.873665, -117.217275 32.873583, -117.217273 32.873942, -117.217515 32.873849, -117.217516 32.87352, -117.217373 32.873417, -117.216541 32.873415, -117.21654 32.873505, -117.216495 32.873505, -117.216495 32.873388, -117.216385 32.873431)))",microsoft_us_building_footprints
ms-ca-000330,Microsoft footprint CA #31,CA,,130161.73,33.1635905,-117.2192099,,commercial_industrial_unknown,unknown,"MULTIPOLYGON (((-117.219413 33.163377, -117.219489 33.163471, -117.21945 33.163493, -117.219304 33.163685, -117.219252 33.163657, -117.218612 33.164496, -117.218818 33.164606, -117.218992 33.164378, -117.219368 33.164579, -117.219826 33.163978, -117.219479 33.163793, -117.219526 33.163766, -117.219765 33.163453, -117.219696 33.163369, -117.219594 33.163315, -117.21965 33.163241, -117.219443 33.16313, -117.21959 33.162936, -117.219394 33.162832, -117.219442 33.162769, -117.219367 33.16273, -117.219333 33.162775, -117.218914 33.162551, -117.218793 33.16271, -117.21865 33.162633, -117.218497 33.162833, -117.218621 33.1629, -117.218574 33.162961, -117.219266 33.163331, -117.219277 33.163315, -117.219287 33.16331, -117.219413 33.163377)))",microsoft_us_building_footprints
ms-ca-000331,Microsoft footprint CA #32,CA,,105662.82,33.1449132,-117.2230125,,commercial_industrial_unknown,unknown,"MULTIPOLYGON (((-117.22302 33.144774, -117.222592 33.144656, -117.222512 33.144858, -117.222444 33.14484, -117.22241 33.144927, -117.222421 33.144933, -117.222405 33.144975, -117.222431 33.144982, -117.222307 33.1453, -117.222457 33.145399, -117.223082 33.145571, -117.223139 33.145503, -117.223213 33.145315, -117.22319 33.145301, -117.223234 33.14519, -117.223263 33.145198, -117.22331 33.145142, -117.223396 33.144923, -117.223466 33.144841, -117.223687 33.144277, -117.223673 33.144273, -117.22369 33.14423, -117.223278 33.144117, -117.22302 33.144774)))",microsoft_us_building_footprints
ms-ca-000332,Microsoft footprint CA #33,CA,,114474.64,32.7480070,-117.2318373,,commercial_industrial_unknown,unknown,"MULTIPOLYGON (((-117.231142 32.748531, -117.231677 32.748718, -117.231706 32.74866, -117.23191 32.748532, -117.232223 32.748641, -117.232085 32.748486, -117.232641 32.748137, -117.231848 32.747861, -117.231606 32.748351, -117.231507 32.748317, -117.231745 32.747834, -117.23178 32.747873, -117.231841 32.747835, -117.231825 32.747817, -117.231689 32.747769, -117.231762 32.747621, -117.231909 32.747672, -117.231849 32.747794, -117.231949 32.747731, -117.232074 32.747775, -117.232356 32.747598, -117.232137 32.747521, -117.232207 32.747379, -117.232138 32.747355, -117.23209 32.747453, -117.231951 32.747405, -117.232129 32.747045, -117.231871 32.746955, -117.231726 32.74725, -117.231757 32.747285, -117.231142 32.748531)))",microsoft_us_building_footprints
ms-ca-000333,Microsoft footprint CA #34,CA,,100184.93,34.0725734,-117.2424855,,commercial_industrial_unknown,unknown,"MULTIPOLYGON (((-117.241736 34.072285, -117.241736 34.072314, -117.241696 34.072314, -117.241697 34.072863, -117.243273 34.072861, -117.243272 34.072283, -117.241736 34.072285)))",microsoft_us_building_footprints
ms-ca-000334,Microsoft footprint CA #35,CA,,162087.37,32.8967473,-117.2428394,,commercial_industrial_unknown,unknown,"MULTIPOLYGON (((-117.242234 32.895755, -117.242663 32.897749, -117.243202 32.897667, -117.243146 32.897405, -117.243185 32.897399, -117.243231 32.897355, -117.243243 32.897363, -117.243374 32.897344, -117.243368 32.897317, -117.243306 32.897295, -117.243247 32.897252, -117.24325 32.897225, -117.243499 32.897187, -117.243364 32.896564, -117.243401 32.896558, -117.243386 32.896489, -117.243276 32.896478, -117.243259 32.896397, -117.242885 32.896454, -117.242873 32.896399, -117.242818 32.896394, -117.242795 32.896287, -117.243099 32.896241, -117.243085 32.896177, -117.243101 32.896162, -117.243065 32.896136, -117.243034 32.896126, -117.243041 32.896072, -117.242826 32.896105, -117.242734 32.89568, -117.242234 32.895755)))",microsoft_us_building_footprints
ms-ca-000335,Microsoft footprint CA #36,CA,,188461.0,34.0783395,-117.2538810,,commercial_industrial_unknown,unknown,"MULTIPOLYGON (((-117.255001 34.077859, -117.254208 34.077864, -117.254209 34.078043, -117.254529 34.078041, -117.254346 34.078205, -117.254295 34.078185, -117.25431 34.078176, -117.254309 34.07815, -117.254146 34.078085, -117.254146 34.078046, -117.25411 34.078032, -117.254109 34.077908, -117.25409 34.077908, -117.254032 34.077942, -117.254033 34.078008, -117.253988 34.078035, -117.253332 34.078039, -117.253331 34.077962, -117.253289 34.077963, -117.253244 34.07799, -117.253244 34.078002, -117.252785 34.078045, -117.25263 34.078137, -117.252635 34.07871, -117.255003 34.078695, -117.255003 34.078668, -117.25514 34.078667, -117.255139 34.078571, -117.255008 34.078572, -117.255001 34.077859)))",microsoft_us_building_footprints
ms-ca-000336,Microsoft footprint CA #37,CA,,116624.15,33.0645945,-117.2611152,,commercial_industrial_unknown,unknown,"MULTIPOLYGON (((-117.261885 33.064273, -117.260483 33.064188, -117.260466 33.064383, -117.260494 33.064385, -117.260472 33.064635, -117.260336 33.064627, -117.260326 33.064743, -117.260275 33.06474, -117.260278 33.064709, -117.260264 33.064708, -117.26027 33.064647, -117.260307 33.06465, -117.260309 33.064625, -117.260205 33.064619, -117.260191 33.064782, -117.260057 33.064774, -117.260051 33.064843, -117.260639 33.064879, -117.260635 33.064919, -117.260864 33.064933, -117.260866 33.064902, -117.261177 33.064921, -117.261174 33.064954, -117.261822 33.064993, -117.261885 33.064273)))",microsoft_us_building_footprints
ms-ca-000337,Microsoft footprint CA #38,CA,,412546.49,34.1142726,-117.2648267,,commercial_industrial_unknown,unknown,"MULTIPOLYGON (((-117.263841 34.113158, -117.263841 34.113438, -117.264034 34.113438, -117.264035 34.115151, -117.263871 34.115151, -117.263871 34.115403, -117.265773 34.115403, -117.265773 34.115156, -117.26562 34.115156, -117.265619 34.113442, -117.265818 34.113442, -117.265818 34.113158, -117.263841 34.113158)))",microsoft_us_building_footprints
ms-ca-000338,Microsoft footprint CA #39,CA,,215238.19,34.0967860,-117.2638077,,commercial_industrial_unknown,unknown,"MULTIPOLYGON (((-117.263325 34.097842, -117.264138 34.097853, -117.264244 34.097592, -117.264037 34.097589, -117.264041 34.097396, -117.264097 34.097412, -117.264186 34.097375, -117.2642 34.097383, -117.264273 34.097403, -117.264277 34.097387, -117.264278 34.097363, -117.264331 34.09734, -117.264463 34.097342, -117.264478 34.096555, -117.264463 34.096555, -117.264302 34.096502, -117.264303 34.09647, -117.264222 34.096447, -117.264217 34.096715, -117.264086 34.096678, -117.26403 34.096702, -117.264047 34.095878, -117.264175 34.09588, -117.26418 34.095627, -117.263369 34.095616, -117.263325 34.097842)))",microsoft_us_building_footprints
ms-ca-000339,Microsoft footprint CA #40,CA,,110426.27,34.0914020,-117.2841447,,commercial_industrial_unknown,unknown,"MULTIPOLYGON (((-117.283661 34.09084, -117.28366 34.091609, -117.283781 34.091609, -117.283781 34.091764, -117.283735 34.091764, -117.283735 34.091822, -117.283775 34.091822, -117.283775 34.091968, -117.284177 34.091969, -117.284178 34.09166, -117.284253 34.09166, -117.284252 34.092018, -117.284687 34.092018, -117.284687 34.091734, -117.284652 34.091734, -117.284652 34.09168, -117.284494 34.09168, -117.284494 34.091516, -117.284563 34.091516, -117.284563 34.090905, -117.284431 34.090905, -117.284431 34.090772, -117.284256 34.090772, -117.284256 34.09084, -117.283661 34.09084)))",microsoft_us_building_footprints
ms-ca-000340,Microsoft footprint CA #41,CA,,129960.71,34.0616518,-117.2846656,,commercial_industrial_unknown,unknown,"MULTIPOLYGON (((-117.284132 34.062184, -117.284555 34.062194, -117.284554 34.062223, -117.28486 34.062229, -117.284861 34.062184, -117.285242 34.062192, -117.285263 34.061533, -117.28503 34.061528, -117.285036 34.061332, -117.285262 34.061337, -117.285268 34.061153, -117.284571 34.061138, -117.284569 34.061197, -117.28447 34.061195, -117.284479 34.060915, -117.284369 34.060913, -117.284366 34.060993, -117.284149 34.060988, -117.284139 34.061303, -117.28416 34.061304, -117.284132 34.062184)))",microsoft_us_building_footprints
ms-ca-000341,Microsoft footprint CA #42,CA,,288132.92,33.8990446,-117.2852919,,commercial_industrial_unknown,unknown,"MULTIPOLYGON (((-117.285194 33.897879, -117.28415 33.898337, -117.284436 33.898786, -117.284337 33.898829, -117.284442 33.898995, -117.284575 33.898936, -117.28486 33.899382, -117.284723 33.899442, -117.284985 33.899853, -117.285169 33.899772, -117.285422 33.900168, -117.286499 33.899695, -117.286383 33.899514, -117.286331 33.899537, -117.285982 33.89899, -117.286119 33.89893, -117.286038 33.898803, -117.285839 33.89889, -117.285194 33.897879)))",microsoft_us_building_footprints
ms-ca-000342,Microsoft footprint CA #43,CA,,125383.58,33.9355461,-117.2973853,,commercial_industrial_unknown,unknown,"MULTIPOLYGON (((-117.29821 33.93589, -117.298205 33.935091, -117.298023 33.935092, -117.298024 33.93523, -117.296733 33.935236, -117.296733 33.9351, -117.296558 33.935101, -117.296563 33.935897, -117.29821 33.93589)))",microsoft_us_building_footprints
ms-ca-000343,Microsoft footprint CA #44,CA,,102433.92,34.4719368,-117.3093359,,commercial_industrial_unknown,unknown,"MULTIPOLYGON (((-117.3094 34.471973, -117.309273 34.471824, -117.309287 34.471784, -117.309267 34.471762, -117.309186 34.471736, -117.309084 34.471616, -117.308969 34.471625, -117.30889 34.471533, -117.30893 34.471509, -117.308883 34.471454, -117.30881 34.471496, -117.30875 34.471425, -117.308286 34.471694, -117.308312 34.4719, -117.308322 34.471899, -117.308641 34.472274, -117.30867 34.472271, -117.308687 34.47222, -117.308935 34.472199, -117.3092 34.472045, -117.30932 34.472186, -117.310163 34.472114, -117.310181 34.472254, -117.310751 34.472206, -117.310713 34.471906, -117.310384 34.471832, -117.31023 34.471846, -117.310238 34.471911, -117.310188 34.471916, -117.310186 34.471906, -117.3094 34.471973)))",microsoft_us_building_footprints
ms-ca-000344,Microsoft footprint CA #45,CA,,415602.29,34.0387593,-117.3605337,,commercial_industrial_unknown,unknown,"MULTIPOLYGON (((-117.362232 34.039122, -117.361509 34.038728, -117.361569 34.038652, -117.361474 34.0386, -117.361456 34.038623, -117.359905 34.037777, -117.359976 34.037687, -117.359882 34.037636, -117.359855 34.03767, -117.35903 34.03722, -117.35855 34.037825, -117.358675 34.037893, -117.358714 34.037843, -117.360213 34.038661, -117.359762 34.039229, -117.361256 34.040043, -117.361157 34.040167, -117.361327 34.04026, -117.362232 34.039122)))",microsoft_us_building_footprints
ms-ca-000345,Microsoft footprint CA #46,CA,,633803.73,34.0270169,-117.3666872,,commercial_industrial_unknown,unknown,"MULTIPOLYGON (((-117.364887 34.027922, -117.364898 34.028132, -117.364914 34.028142, -117.364921 34.028264, -117.36594 34.028902, -117.36864 34.025931, -117.368503 34.025849, -117.368501 34.025814, -117.368493 34.025814, -117.367745 34.025368, -117.367758 34.025338, -117.367695 34.0253, -117.367681 34.025296, -117.367519 34.0252, -117.367362 34.025156, -117.367186 34.025359, -117.367184 34.025363, -117.36721 34.025378, -117.364887 34.027922)))",microsoft_us_building_footprints
ms-ca-000346,Microsoft footprint CA #47,CA,,100631.01,33.9697752,-117.3726343,,commercial_industrial_unknown,unknown,"MULTIPOLYGON (((-117.373232 33.969432, -117.372247 33.968992, -117.37205 33.969295, -117.372513 33.969502, -117.372463 33.96958, -117.372542 33.969615, -117.372531 33.969669, -117.372429 33.969624, -117.372329 33.969778, -117.372474 33.969843, -117.372391 33.969972, -117.372505 33.969988, -117.372453 33.970009, -117.372518 33.970038, -117.372553 33.970024, -117.372532 33.97013, -117.372634 33.970088, -117.372621 33.970155, -117.372637 33.970163, -117.372588 33.970238, -117.372258 33.970091, -117.372197 33.970403, -117.372612 33.970668, -117.373064 33.969973, -117.372922 33.969909, -117.373232 33.969432)))",microsoft_us_building_footprints
ms-ca-000347,Microsoft footprint CA #48,CA,,192910.33,34.0749631,-117.3779720,,commercial_industrial_unknown,unknown,"MULTIPOLYGON (((-117.377051 34.07542, -117.378421 34.075413, -117.378422 34.075573, -117.378835 34.075571, -117.378827 34.074476, -117.378793 34.074477, -117.378793 34.074427, -117.378417 34.074429, -117.378418 34.074478, -117.377045 34.074484, -117.377051 34.07542)))",microsoft_us_building_footprints
ms-ca-000348,Microsoft footprint CA #49,CA,,113266.07,34.0220399,-117.3815631,,commercial_industrial_unknown,unknown,"MULTIPOLYGON (((-117.380844 34.022006, -117.381446 34.022764, -117.38183 34.022555, -117.381877 34.022615, -117.381958 34.022571, -117.38173 34.022285, -117.382157 34.022052, -117.382222 34.022134, -117.382329 34.022076, -117.381764 34.021366, -117.381503 34.021508, -117.381455 34.021448, -117.381288 34.021539, -117.381318 34.021577, -117.381174 34.021655, -117.381269 34.021775, -117.380844 34.022006)))",microsoft_us_building_footprints
ms-ca-000349,Microsoft footprint CA #50,CA,,128287.09,34.0931974,-117.3977919,,commercial_industrial_unknown,unknown,"MULTIPOLYGON (((-117.396957 34.093544, -117.398612 34.093544, -117.398612 34.09351, -117.39865 34.09351, -117.39865 34.092777, -117.398505 34.092777, -117.398505 34.092886, -117.397303 34.092886, -117.397303 34.09278, -117.396957 34.09278, -117.396957 34.093544)))",microsoft_us_building_footprints
ms-ca-000350,Microsoft footprint CA #51,CA,,427861.63,34.1293718,-117.4163067,,commercial_industrial_unknown,unknown,"MULTIPOLYGON (((-117.41492 34.129914, -117.417691 34.129915, -117.417691 34.130079, -117.417999 34.130079, -117.418 34.128799, -117.417292 34.128798, -117.417292 34.128794, -117.416608 34.128794, -117.416608 34.128796, -117.414615 34.128795, -117.414614 34.130079, -117.41492 34.130079, -117.41492 34.129914)))",microsoft_us_building_footprints
ms-ca-000351,Microsoft footprint CA #52,CA,,628017.41,33.9101196,-117.4574274,,commercial_industrial_unknown,unknown,"MULTIPOLYGON (((-117.458194 33.911462, -117.458419 33.911785, -117.458177 33.911902, -117.458249 33.912005, -117.458364 33.91195, -117.458407 33.912204, -117.459108 33.911867, -117.459151 33.911588, -117.45858 33.911231, -117.458731 33.911064, -117.45865 33.91058, -117.458489 33.910599, -117.458204 33.91019, -117.458814 33.909897, -117.458783 33.909713, -117.458417 33.909188, -117.458056 33.909362, -117.457967 33.909235, -117.457873 33.909281, -117.457983 33.909439, -117.457646 33.909601, -117.45705 33.908748, -117.456811 33.908862, -117.456323 33.908162, -117.455563 33.908527, -117.456747 33.910224, -117.456038 33.910565, -117.456183 33.910774, -117.456622 33.911048, -117.457264 33.910739, -117.4578 33.911508, -117.458194 33.911462)))",microsoft_us_building_footprints
ms-ca-000352,Microsoft footprint CA #53,CA,,142667.16,33.8267710,-117.5136680,,commercial_industrial_unknown,unknown,"MULTIPOLYGON (((-117.515322 33.827416, -117.515046 33.827115, -117.514533 33.827439, -117.514363 33.827396, -117.514373 33.827371, -117.513595 33.826523, -117.513633 33.826499, -117.513583 33.826444, -117.513578 33.826457, -117.512897 33.825715, -117.512463 33.82599, -117.512632 33.826174, -117.512625 33.826194, -117.513192 33.826813, -117.51315 33.826839, -117.513303 33.827006, -117.513271 33.827027, -117.513312 33.827071, -117.513499 33.826952, -117.51392 33.827411, -117.513921 33.827409, -117.513953 33.827444, -117.514016 33.82746, -117.514071 33.827425, -117.514192 33.827557, -117.514433 33.827619, -117.514442 33.827595, -117.514475 33.827604, -117.514775 33.827575, -117.514766 33.827565, -117.515054 33.827538, -117.515082 33.827569, -117.515322 33.827416)))",microsoft_us_building_footprints
ms-ca-000353,Microsoft footprint CA #54,CA,,401109.28,33.8261668,-117.5180370,,commercial_industrial_unknown,unknown,"MULTIPOLYGON (((-117.515718 33.826805, -117.515908 33.827169, -117.515774 33.827217, -117.515873 33.827407, -117.516027 33.827351, -117.516129 33.827547, -117.517034 33.827222, -117.516966 33.827091, -117.517252 33.826989, -117.517053 33.826608, -117.517393 33.826571, -117.517367 33.826521, -117.517419 33.826503, -117.517452 33.826565, -117.517876 33.82652, -117.517753 33.826283, -117.518157 33.826138, -117.518231 33.82628, -117.518725 33.826102, -117.518795 33.826236, -117.519218 33.826084, -117.519265 33.826174, -117.519803 33.82598, -117.519762 33.825711, -117.520355 33.825648, -117.520309 33.825561, -117.520605 33.825455, -117.520468 33.825192, -117.520824 33.825064, -117.520691 33.82481, -117.515722 33.826599, -117.515812 33.826771, -117.515718 33.826805)))",microsoft_us_building_footprints
ms-ca-000354,Microsoft footprint CA #55,CA,,139716.22,34.0460636,-117.5227013,,commercial_industrial_unknown,unknown,"MULTIPOLYGON (((-117.521673 34.045754, -117.521678 34.046376, -117.52182 34.046375, -117.52182 34.046415, -117.522489 34.046412, -117.522488 34.046245, -117.522961 34.046243, -117.522963 34.046407, -117.523612 34.046404, -117.523611 34.046373, -117.52368 34.046372, -117.52368 34.046338, -117.523753 34.046337, -117.52375 34.045839, -117.523618 34.045839, -117.523617 34.045744, -117.521673 34.045754)))",microsoft_us_building_footprints
ms-ca-000355,Microsoft footprint CA #56,CA,,459856.89,34.0497179,-117.5304827,,commercial_industrial_unknown,unknown,"MULTIPOLYGON (((-117.53132 34.048714, -117.531488 34.048714, -117.531489 34.048471, -117.530827 34.048469, -117.530826 34.048554, -117.530169 34.048551, -117.53017 34.048464, -117.529507 34.048462, -117.529506 34.048706, -117.529668 34.048707, -117.529654 34.050993, -117.531123 34.050999, -117.531308 34.050683, -117.53132 34.048714)))",microsoft_us_building_footprints
ms-ca-000356,Microsoft footprint CA #57,CA,,353602.83,34.0092656,-117.5297917,,commercial_industrial_unknown,unknown,"MULTIPOLYGON (((-117.53043 34.010358, -117.530446 34.008023, -117.529158 34.008017, -117.529141 34.010516, -117.530193 34.010521, -117.530193 34.010495, -117.530399 34.010496, -117.5304 34.010357, -117.53043 34.010358)))",microsoft_us_building_footprints
ms-ca-000357,Microsoft footprint CA #58,CA,,186506.14,34.0266937,-117.5291181,,commercial_industrial_unknown,unknown,"MULTIPOLYGON (((-117.530711 34.02695, -117.530707 34.026424, -117.530025 34.026427, -117.530025 34.026418, -117.529226 34.026422, -117.529226 34.026453, -117.529064 34.026454, -117.529063 34.026409, -117.528327 34.026413, -117.528328 34.026444, -117.527531 34.026448, -117.527535 34.026978, -117.528128 34.026975, -117.528128 34.026963, -117.530711 34.02695)))",microsoft_us_building_footprints
ms-ca-000358,Microsoft footprint CA #59,CA,,432162.19,34.0656139,-117.5347982,,commercial_industrial_unknown,unknown,"MULTIPOLYGON (((-117.536409 34.064978, -117.533157 34.065042, -117.533194 34.066338, -117.533567 34.06633, -117.533563 34.066216, -117.536077 34.066167, -117.53608 34.066268, -117.536445 34.066261, -117.536409 34.064978)))",microsoft_us_building_footprints
ms-ca-000359,Microsoft footprint CA #60,CA,,126249.23,33.8758019,-117.5365892,,commercial_industrial_unknown,unknown,"MULTIPOLYGON (((-117.537311 33.876155, -117.537146 33.875282, -117.535867 33.875449, -117.536033 33.876322, -117.537311 33.876155)))",microsoft_us_building_footprints
ms-ca-000360,Microsoft footprint CA #61,CA,,122794.2,33.8786963,-117.5412821,,commercial_industrial_unknown,unknown,"MULTIPOLYGON (((-117.540387 33.878929, -117.542086 33.87911, -117.542174 33.878544, -117.542013 33.878527, -117.542027 33.878435, -117.540655 33.878289, -117.540647 33.87834, -117.540481 33.878322, -117.540387 33.878929)))",microsoft_us_building_footprints
ms-ca-000361,Microsoft footprint CA #62,CA,,196339.07,34.0376428,-117.5344602,,commercial_industrial_unknown,unknown,"MULTIPOLYGON (((-117.535514 34.038054, -117.535515 34.037211, -117.53345 34.037209, -117.533448 34.038049, -117.533403 34.038049, -117.533402 34.038194, -117.533691 34.038194, -117.533691 34.038052, -117.535514 34.038054)))",microsoft_us_building_footprints
ms-ca-000362,Microsoft footprint CA #63,CA,,527185.79,34.0718948,-117.5358390,,commercial_industrial_unknown,unknown,"MULTIPOLYGON (((-117.536599 34.070306, -117.535245 34.070301, -117.535245 34.070274, -117.535076 34.070274, -117.535076 34.070316, -117.535011 34.070316, -117.535011 34.070385, -117.535043 34.070385, -117.535042 34.070536, -117.535075 34.070536, -117.535074 34.070606, -117.535109 34.070606, -117.535096 34.07318, -117.535066 34.07318, -117.535066 34.073249, -117.535033 34.073248, -117.535032 34.073402, -117.534998 34.073402, -117.534998 34.073471, -117.535064 34.073471, -117.535063 34.073513, -117.535234 34.073514, -117.535234 34.073485, -117.536583 34.073489, -117.536599 34.070306)))",microsoft_us_building_footprints
ms-ca-000363,Microsoft footprint CA #64,CA,,202781.11,33.8546037,-117.5405056,,commercial_industrial_unknown,unknown,"MULTIPOLYGON (((-117.541682 33.854992, -117.541688 33.854227, -117.53965 33.854216, -117.53965 33.854163, -117.539331 33.854162, -117.539324 33.854979, -117.541454 33.854991, -117.541452 33.855198, -117.54153 33.855199, -117.541532 33.854991, -117.541682 33.854992)))",microsoft_us_building_footprints
ms-ca-000364,Microsoft footprint CA #65,CA,,241043.87,34.1005933,-117.5373550,,commercial_industrial_unknown,unknown,"MULTIPOLYGON (((-117.538595 34.099898, -117.538248 34.099673, -117.538265 34.099673, -117.538011 34.099508, -117.537747 34.099504, -117.537736 34.099515, -117.537634 34.099513, -117.537574 34.099576, -117.537555 34.099576, -117.537497 34.099637, -117.537497 34.099663, -117.537604 34.099732, -117.536107 34.101316, -117.536819 34.101778, -117.538595 34.099898)))",microsoft_us_building_footprints
ms-ca-000365,Microsoft footprint CA #66,CA,,239967.53,34.0603150,-117.5477978,,commercial_industrial_unknown,unknown,"MULTIPOLYGON (((-117.546158 34.060629, -117.549431 34.060672, -117.549445 34.059913, -117.549011 34.059908, -117.549008 34.060041, -117.547875 34.060026, -117.547877 34.059958, -117.547737 34.059956, -117.547736 34.060022, -117.546608 34.060007, -117.546611 34.059869, -117.546173 34.059863, -117.546158 34.060629)))",microsoft_us_building_footprints
ms-ca-000366,Microsoft footprint CA #67,CA,,119244.84,34.0645438,-117.5498377,,commercial_industrial_unknown,unknown,"MULTIPOLYGON (((-117.550757 34.064822, -117.550739 34.064228, -117.548919 34.064265, -117.548937 34.06486, -117.550757 34.064822)))",microsoft_us_building_footprints
ms-ca-000367,Microsoft footprint CA #68,CA,,161056.94,34.0498568,-117.5517640,,commercial_industrial_unknown,unknown,"MULTIPOLYGON (((-117.550885 34.049492, -117.551877 34.050742, -117.552633 34.05033, -117.552555 34.050233, -117.552603 34.050207, -117.552509 34.050089, -117.552449 34.050122, -117.552188 34.049793, -117.552205 34.049784, -117.552146 34.049709, -117.552204 34.049678, -117.552084 34.049527, -117.552019 34.049563, -117.551958 34.049487, -117.55193 34.049502, -117.551851 34.049403, -117.55199 34.049328, -117.551942 34.049267, -117.551978 34.049247, -117.551689 34.048883, -117.551521 34.048974, -117.551556 34.049017, -117.551367 34.04912, -117.551446 34.04922, -117.551123 34.049395, -117.551105 34.049372, -117.550885 34.049492)))",microsoft_us_building_footprints
ms-ca-000368,Microsoft footprint CA #69,CA,,767336.16,34.0004825,-117.5470106,,commercial_industrial_unknown,unknown,"MULTIPOLYGON (((-117.54614 34.002608, -117.547302 34.002607, -117.547302 34.002461, -117.547638 34.00246, -117.547637 34.001274, -117.54799 34.001274, -117.547988 33.9989, -117.54811 33.9989, -117.54811 33.998773, -117.548097 33.998773, -117.548096 33.99861, -117.547839 33.99861, -117.547839 33.998598, -117.54629 33.998599, -117.54629 33.998611, -117.546034 33.998611, -117.546034 33.998776, -117.546004 33.998776, -117.546005 33.998899, -117.546138 33.998899, -117.54614 34.002608)))",microsoft_us_building_footprints
ms-ca-000369,Microsoft footprint CA #70,CA,,149779.4,34.0588327,-117.5471998,,commercial_industrial_unknown,unknown,"MULTIPOLYGON (((-117.548241 34.05867, -117.54641 34.05832, -117.546395 34.058374, -117.546334 34.058362, -117.546184 34.058899, -117.546221 34.058906, -117.546197 34.058991, -117.54662 34.059072, -117.546612 34.059102, -117.54672 34.059122, -117.546724 34.05911, -117.547208 34.059203, -117.5472 34.059232, -117.547306 34.059252, -117.54731 34.059239, -117.547717 34.059317, -117.547736 34.059248, -117.548062 34.059311, -117.548241 34.05867)))",microsoft_us_building_footprints
ms-ca-000370,Microsoft footprint CA #71,CA,,418198.45,34.0971622,-117.5529218,,commercial_industrial_unknown,unknown,"MULTIPOLYGON (((-117.553514 34.098386, -117.553519 34.096089, -117.553628 34.096089, -117.553628 34.09584, -117.553598 34.09584, -117.553598 34.09568, -117.553394 34.09568, -117.553394 34.095649, -117.552372 34.095648, -117.552372 34.095681, -117.552171 34.095681, -117.55217 34.096094, -117.552328 34.096094, -117.552324 34.098391, -117.552155 34.09839, -117.552155 34.098657, -117.553774 34.098659, -117.553775 34.098386, -117.553514 34.098386)))",microsoft_us_building_footprints
ms-ca-000371,Microsoft footprint CA #72,CA,,156723.7,33.8963694,-117.5614450,,commercial_industrial_unknown,unknown,"MULTIPOLYGON (((-117.560474 33.896669, -117.560602 33.896679, -117.560606 33.896649, -117.561026 33.896681, -117.561021 33.896723, -117.561286 33.896743, -117.561289 33.896719, -117.561504 33.896735, -117.5615 33.896778, -117.56179 33.8968, -117.561793 33.896772, -117.561916 33.896782, -117.561921 33.896732, -117.562655 33.896788, -117.562726 33.896136, -117.56248 33.896118, -117.562432 33.896557, -117.561965 33.896522, -117.562018 33.896042, -117.561904 33.896034, -117.561909 33.895989, -117.561847 33.895984, -117.561845 33.896005, -117.560521 33.895904, -117.560509 33.896016, -117.56037 33.896005, -117.56034 33.896277, -117.560608 33.896297, -117.560594 33.89643, -117.560501 33.896423, -117.560474 33.896669)))",microsoft_us_building_footprints
ms-ca-000372,Microsoft footprint CA #73,CA,,325468.39,34.0027849,-117.5568260,,commercial_industrial_unknown,unknown,"MULTIPOLYGON (((-117.556173 34.00391, -117.557465 34.003913, -117.557465 34.003908, -117.557712 34.003909, -117.557712 34.003842, -117.557672 34.003842, -117.557673 34.003742, -117.557697 34.003742, -117.557697 34.003604, -117.55766 34.003604, -117.55766 34.003577, -117.557611 34.003577, -117.557611 34.003595, -117.557563 34.003595, -117.557563 34.003537, -117.557402 34.003536, -117.557409 34.001762, -117.557579 34.001762, -117.557579 34.001727, -117.557621 34.001727, -117.557621 34.001618, -117.557581 34.001618, -117.557581 34.001567, -117.557407 34.001566, -117.557406 34.001622, -117.556181 34.001619, -117.556173 34.00391)))",microsoft_us_building_footprints
ms-ca-000373,Microsoft footprint CA #74,CA,,105571.15,34.0267959,-117.5632673,,commercial_industrial_unknown,unknown,"MULTIPOLYGON (((-117.562922 34.027346, -117.562874 34.027346, -117.562874 34.027402, -117.562935 34.027403, -117.562935 34.027485, -117.563601 34.027488, -117.563603 34.027304, -117.56362 34.027304, -117.563628 34.026348, -117.563593 34.026348, -117.563595 34.026172, -117.563455 34.026171, -117.563456 34.02608, -117.562933 34.026077, -117.562922 34.027346)))",microsoft_us_building_footprints
ms-ca-000374,Microsoft footprint CA #75,CA,,158327.87,33.9077181,-117.5674618,,commercial_industrial_unknown,unknown,"MULTIPOLYGON (((-117.56695 33.906534, -117.566946 33.908039, -117.567018 33.908039, -117.567017 33.908235, -117.567093 33.908235, -117.567092 33.908409, -117.568127 33.908411, -117.568129 33.907948, -117.56811 33.907948, -117.56811 33.907847, -117.568172 33.907848, -117.568173 33.907555, -117.567988 33.907555, -117.567988 33.907509, -117.567797 33.907508, -117.567797 33.907638, -117.567703 33.907637, -117.567705 33.907188, -117.567238 33.907187, -117.567238 33.907055, -117.567209 33.907055, -117.56721 33.906534, -117.56695 33.906534)))",microsoft_us_building_footprints
ms-ca-000375,Microsoft footprint CA #76,CA,,119016.88,34.0338091,-117.5669131,,commercial_industrial_unknown,unknown,"MULTIPOLYGON (((-117.567443 34.033048, -117.565923 34.034167, -117.56605 34.034286, -117.566092 34.034255, -117.566361 34.034506, -117.566346 34.034517, -117.566476 34.034638, -117.566564 34.034573, -117.566577 34.034585, -117.56679 34.034428, -117.566624 34.034274, -117.567524 34.033611, -117.56767 34.033748, -117.567888 34.033588, -117.567874 34.033575, -117.567949 34.03352, -117.567443 34.033048)))",microsoft_us_building_footprints
ms-ca-000376,Microsoft footprint CA #77,CA,,105643.66,34.0910050,-117.5677938,,commercial_industrial_unknown,unknown,"MULTIPOLYGON (((-117.567297 34.091492, -117.568241 34.091495, -117.568243 34.091226, -117.568318 34.091226, -117.568321 34.090567, -117.568248 34.090566, -117.568249 34.090547, -117.567613 34.090544, -117.567613 34.090498, -117.567463 34.090497, -117.567463 34.090442, -117.567385 34.090441, -117.567385 34.090497, -117.567329 34.090497, -117.567328 34.090675, -117.567301 34.090674, -117.567297 34.091492)))",microsoft_us_building_footprints
ms-ca-000377,Microsoft footprint CA #78,CA,,405827.86,34.0323241,-117.5969254,,commercial_industrial_unknown,unknown,"MULTIPOLYGON (((-117.597789 34.031286, -117.597753 34.031286, -117.597753 34.031313, -117.596094 34.031308, -117.596017 34.031265, -117.596016 34.031359, -117.596094 34.031401, -117.595859 34.0314, -117.595858 34.031495, -117.59595 34.031495, -117.595949 34.031566, -117.596054 34.031566, -117.596045 34.033385, -117.597765 34.03339, -117.597771 34.032053, -117.597833 34.032053, -117.597833 34.031902, -117.597764 34.031902, -117.597765 34.031598, -117.59809 34.031599, -117.598089 34.031641, -117.598148 34.031641, -117.598149 34.031439, -117.597999 34.031438, -117.597999 34.031385, -117.597974 34.031417, -117.597974 34.03138, -117.597747 34.03138, -117.597779 34.03134, -117.597756 34.031328, -117.597789 34.031286)))",microsoft_us_building_footprints
ms-ca-000378,Microsoft footprint CA #79,CA,,104342.47,34.0427150,-117.6033103,,commercial_industrial_unknown,unknown,"MULTIPOLYGON (((-117.604131 34.042426, -117.602887 34.042446, -117.602885 34.042371, -117.602732 34.042373, -117.602734 34.042439, -117.60248 34.042443, -117.602493 34.042995, -117.60279 34.04299, -117.602791 34.043046, -117.602805 34.043045, -117.602806 34.043099, -117.602951 34.043096, -117.602949 34.043025, -117.602863 34.043027, -117.602863 34.042993, -117.603342 34.042985, -117.603343 34.043028, -117.603468 34.043026, -117.603467 34.042991, -117.604131 34.04298, -117.604126 34.042765, -117.604249 34.042763, -117.604247 34.042659, -117.604137 34.042661, -117.604131 34.042426)))",microsoft_us_building_footprints
ms-ca-000379,Microsoft footprint CA #80,CA,,269295.0,34.0460275,-117.6182534,,commercial_industrial_unknown,unknown,"MULTIPOLYGON (((-117.617414 34.046773, -117.619023 34.046773, -117.619023 34.046704, -117.618985 34.046704, -117.618985 34.04666, -117.619064 34.04666, -117.619065 34.045315, -117.619168 34.045315, -117.619168 34.045144, -117.619002 34.045144, -117.619002 34.045215, -117.618951 34.045215, -117.618951 34.045182, -117.618865 34.045182, -117.618865 34.045311, -117.617543 34.045311, -117.617543 34.045379, -117.61749 34.045379, -117.61749 34.045347, -117.617414 34.045347, -117.617414 34.046773)))",microsoft_us_building_footprints
ms-ca-000380,Microsoft footprint CA #81,CA,,120115.85,34.0764586,-117.6685129,,commercial_industrial_unknown,unknown,"MULTIPOLYGON (((-117.668525 34.077631, -117.668974 34.076182, -117.668747 34.076134, -117.668817 34.076112, -117.668831 34.076066, -117.668765 34.076052, -117.668614 34.075731, -117.668785 34.075181, -117.668662 34.075086, -117.668534 34.075199, -117.668317 34.075898, -117.668213 34.075876, -117.668144 34.076097, -117.668383 34.076148, -117.668346 34.076268, -117.668322 34.076218, -117.668257 34.076204, -117.668221 34.076319, -117.668318 34.076339, -117.668309 34.07637, -117.668258 34.076331, -117.66818 34.076581, -117.668071 34.076557, -117.668206 34.076847, -117.668416 34.076892, -117.668295 34.077283, -117.668236 34.07727, -117.668158 34.077518, -117.66824 34.077693, -117.668286 34.077703, -117.668322 34.077587, -117.668525 34.077631)))",microsoft_us_building_footprints
ms-ca-000381,Microsoft footprint CA #82,CA,,191517.85,33.6177311,-117.7012065,,commercial_industrial_unknown,unknown,"MULTIPOLYGON (((-117.701607 33.616385, -117.70155 33.616494, -117.701621 33.616519, -117.70139 33.616964, -117.701414 33.616987, -117.701297 33.61721, -117.701401 33.617248, -117.70125 33.617541, -117.701145 33.617503, -117.700807 33.618154, -117.700511 33.618047, -117.700467 33.618131, -117.700509 33.618146, -117.700277 33.618593, -117.700294 33.618609, -117.700205 33.618781, -117.700098 33.618743, -117.700053 33.61883, -117.700139 33.618861, -117.700005 33.619119, -117.700449 33.619278, -117.700627 33.61915, -117.701166 33.618113, -117.701181 33.618119, -117.701437 33.617626, -117.701668 33.617709, -117.702239 33.616609, -117.702311 33.616635, -117.702415 33.616435, -117.701856 33.616234, -117.701632 33.616394, -117.701607 33.616385)))",microsoft_us_building_footprints
ms-ca-000382,Microsoft footprint CA #83,CA,,281529.15,33.6545681,-117.7101059,,commercial_industrial_unknown,unknown,"MULTIPOLYGON (((-117.711393 33.654677, -117.709633 33.653513, -117.709435 33.65372, -117.709532 33.653784, -117.709336 33.653989, -117.709384 33.654021, -117.709329 33.654078, -117.709277 33.654043, -117.709248 33.654073, -117.709204 33.654044, -117.708831 33.654434, -117.708851 33.654447, -117.708808 33.654492, -117.708968 33.654598, -117.708987 33.654602, -117.709005 33.654584, -117.710501 33.655573, -117.710764 33.655298, -117.710943 33.655338, -117.711001 33.655162, -117.710947 33.655149, -117.710931 33.655139, -117.711393 33.654677)))",microsoft_us_building_footprints
ms-ca-000383,Microsoft footprint CA #84,CA,,173792.17,34.0137533,-117.7401987,,commercial_industrial_unknown,unknown,"MULTIPOLYGON (((-117.739179 34.013709, -117.739853 34.01451, -117.739981 34.014435, -117.740012 34.014472, -117.741176 34.0138, -117.741102 34.013712, -117.741118 34.013702, -117.741077 34.013653, -117.741118 34.013629, -117.741068 34.013569, -117.741026 34.013593, -117.740942 34.013493, -117.740975 34.013474, -117.740878 34.013359, -117.740829 34.013387, -117.740716 34.013253, -117.740692 34.013266, -117.740624 34.013185, -117.74068 34.013153, -117.740474 34.012908, -117.740064 34.013144, -117.740204 34.01331, -117.740126 34.013355, -117.740148 34.013381, -117.739908 34.013519, -117.739777 34.013364, -117.739179 34.013709)))",microsoft_us_building_footprints
ms-ca-000384,Microsoft footprint CA #85,CA,,113487.5,33.6966357,-117.7426378,,commercial_industrial_unknown,unknown,"MULTIPOLYGON (((-117.743086 33.697189, -117.743125 33.697543, -117.743168 33.69757, -117.743549 33.69754, -117.743526 33.697339, -117.743349 33.697352, -117.743314 33.69704, -117.743059 33.696878, -117.743248 33.696672, -117.743238 33.696588, -117.742888 33.696365, -117.742954 33.696293, -117.742827 33.696213, -117.742769 33.696276, -117.742762 33.696214, -117.742615 33.69612, -117.742424 33.696328, -117.742097 33.69612, -117.742177 33.696032, -117.741917 33.695867, -117.741912 33.695867, -117.74185 33.695828, -117.741793 33.69589, -117.741849 33.695925, -117.741602 33.696195, -117.742301 33.696639, -117.742304 33.696666, -117.742265 33.696708, -117.742705 33.696988, -117.742729 33.696962, -117.743086 33.697189)))",microsoft_us_building_footprints
ms-ca-000385,Microsoft footprint CA #86,CA,,175533.18,33.6524615,-117.7517008,,commercial_industrial_unknown,unknown,"MULTIPOLYGON (((-117.752233 33.651351, -117.751963 33.651356, -117.751753 33.651579, -117.751759 33.65184, -117.752086 33.651834, -117.752089 33.651923, -117.751794 33.651928, -117.751767 33.651989, -117.751598 33.652036, -117.751597 33.652005, -117.751388 33.652009, -117.75139 33.652091, -117.750975 33.652206, -117.750979 33.652371, -117.75126 33.652366, -117.751264 33.6525, -117.750981 33.652505, -117.750998 33.653186, -117.751575 33.653176, -117.751571 33.652994, -117.751622 33.65294, -117.751683 33.652979, -117.751688 33.653178, -117.752267 33.653168, -117.75225 33.652494, -117.751974 33.652499, -117.751971 33.652363, -117.752246 33.652358, -117.752235 33.65191, -117.752246 33.651876, -117.752233 33.651351)))",microsoft_us_building_footprints
ms-ca-000386,Microsoft footprint CA #87,CA,,102868.0,33.6887866,-117.8308121,,commercial_industrial_unknown,unknown,"MULTIPOLYGON (((-117.831616 33.688449, -117.831405 33.688325, -117.831146 33.688631, -117.831224 33.688677, -117.831212 33.688692, -117.831158 33.68866, -117.831142 33.68868, -117.831084 33.688646, -117.831153 33.688565, -117.830891 33.688412, -117.830989 33.688296, -117.831065 33.68834, -117.831212 33.688165, -117.831001 33.688041, -117.830733 33.688357, -117.83067 33.688321, -117.830398 33.688643, -117.830401 33.688645, -117.830341 33.688716, -117.830305 33.688695, -117.830144 33.688885, -117.830223 33.688931, -117.830117 33.689056, -117.830795 33.689454, -117.830906 33.689322, -117.830886 33.689311, -117.831616 33.688449)))",microsoft_us_building_footprints
ms-ca-000387,Microsoft footprint CA #88,CA,,100733.66,33.9983125,-117.8446902,,commercial_industrial_unknown,unknown,"MULTIPOLYGON (((-117.843651 33.998186, -117.8437 33.99863, -117.844017 33.998605, -117.844019 33.998624, -117.844622 33.998578, -117.844617 33.99853, -117.845564 33.998458, -117.84556 33.998422, -117.845697 33.998412, -117.84566 33.998079, -117.845773 33.99807, -117.845762 33.997971, -117.844826 33.998042, -117.844841 33.998179, -117.844691 33.998191, -117.844681 33.998108, -117.843651 33.998186)))",microsoft_us_building_footprints
ms-ca-000388,Microsoft footprint CA #89,CA,,105958.17,33.7346449,-117.8536422,,commercial_industrial_unknown,unknown,"MULTIPOLYGON (((-117.853275 33.735316, -117.853682 33.735323, -117.853682 33.735339, -117.853974 33.735344, -117.853984 33.734937, -117.853877 33.734936, -117.85388 33.734818, -117.854014 33.734821, -117.854015 33.734782, -117.854058 33.734783, -117.85406 33.734709, -117.854012 33.734708, -117.854014 33.734603, -117.854059 33.734604, -117.854061 33.734529, -117.854014 33.734529, -117.854014 33.734501, -117.85406 33.734502, -117.854062 33.734417, -117.854014 33.734416, -117.854015 33.734369, -117.854031 33.734369, -117.854038 33.734113, -117.853668 33.734107, -117.853669 33.73407, -117.853864 33.734073, -117.853868 33.733941, -117.85331 33.733931, -117.853275 33.735316)))",microsoft_us_building_footprints
ms-ca-000389,Microsoft footprint CA #90,CA,,116892.81,33.7975892,-117.8568704,,commercial_industrial_unknown,unknown,"MULTIPOLYGON (((-117.857163 33.796676, -117.856596 33.796674, -117.856592 33.797665, -117.856498 33.797665, -117.856497 33.797963, -117.856592 33.797964, -117.856591 33.798059, -117.856529 33.798059, -117.856528 33.798134, -117.856591 33.798134, -117.85659 33.798434, -117.856758 33.798434, -117.856758 33.798472, -117.856818 33.798472, -117.856818 33.798433, -117.856987 33.798434, -117.856986 33.79859, -117.857155 33.79859, -117.857163 33.796676)))",microsoft_us_building_footprints
ms-ca-000390,Microsoft footprint CA #91,CA,,122491.35,33.8646637,-117.8589497,,commercial_industrial_unknown,unknown,"MULTIPOLYGON (((-117.859914 33.864782, -117.859707 33.864092, -117.859498 33.864135, -117.859534 33.864256, -117.858169 33.864538, -117.858139 33.864438, -117.857954 33.864476, -117.858155 33.865145, -117.859914 33.864782)))",microsoft_us_building_footprints
ms-ca-000391,Microsoft footprint CA #92,CA,,254085.56,34.0054320,-117.8601368,,commercial_industrial_unknown,unknown,"MULTIPOLYGON (((-117.860157 34.004346, -117.859331 34.004675, -117.859375 34.00475, -117.859118 34.004853, -117.859596 34.005677, -117.859506 34.005713, -117.859561 34.005807, -117.85971 34.005747, -117.860173 34.006547, -117.860961 34.006234, -117.860994 34.005758, -117.860914 34.00562, -117.860918 34.005565, -117.860157 34.004346)))",microsoft_us_building_footprints
ms-ca-000392,Microsoft footprint CA #93,CA,,142135.26,34.0057147,-117.8639606,,commercial_industrial_unknown,unknown,"MULTIPOLYGON (((-117.865167 34.005445, -117.864845 34.004984, -117.864231 34.005279, -117.864228 34.005276, -117.862756 34.005983, -117.86308 34.006446, -117.865167 34.005445)))",microsoft_us_building_footprints
ms-ca-000393,Microsoft footprint CA #94,CA,,113078.7,33.8392453,-117.8726183,,commercial_industrial_unknown,unknown,"MULTIPOLYGON (((-117.871892 33.839613, -117.872772 33.839616, -117.872774 33.838999, -117.872865 33.839, -117.872863 33.839618, -117.873362 33.839619, -117.873364 33.838883, -117.871895 33.838879, -117.871892 33.839613)))",microsoft_us_building_footprints
ms-ca-000394,Microsoft footprint CA #95,CA,,454573.68,33.6158808,-117.8765681,,commercial_industrial_unknown,unknown,"MULTIPOLYGON (((-117.878335 33.616069, -117.876426 33.614379, -117.876051 33.614674, -117.876923 33.615446, -117.877204 33.615226, -117.877302 33.615313, -117.877037 33.615419, -117.877407 33.615746, -117.877202 33.615907, -117.876474 33.615262, -117.876505 33.615238, -117.876006 33.614795, -117.875847 33.615267, -117.875669 33.615226, -117.87538 33.615452, -117.875531 33.616935, -117.876318 33.61712, -117.876713 33.61681, -117.876402 33.616535, -117.876809 33.61663, -117.877271 33.616269, -117.877651 33.616605, -117.878335 33.616069)))",microsoft_us_building_footprints
ms-ca-000395,Microsoft footprint CA #96,CA,,112947.31,33.7509128,-117.8807220,,commercial_industrial_unknown,unknown,"MULTIPOLYGON (((-117.881381 33.751355, -117.88138 33.75055, -117.880937 33.750551, -117.880937 33.750599, -117.880878 33.750599, -117.880878 33.750789, -117.880775 33.750789, -117.880775 33.750553, -117.880695 33.750553, -117.880694 33.750522, -117.880727 33.750506, -117.880727 33.750468, -117.88049 33.750403, -117.88049 33.750393, -117.880667 33.750393, -117.880667 33.750384, -117.880226 33.750384, -117.880209 33.750427, -117.880177 33.750427, -117.880177 33.750737, -117.880123 33.750722, -117.880025 33.75097, -117.88017 33.751163, -117.88017 33.751359, -117.880704 33.751358, -117.880704 33.751187, -117.880777 33.751187, -117.880777 33.751106, -117.880881 33.751106, -117.880881 33.751307, -117.880937 33.751307, -117.880937 33.751356, -117.881381 33.751355)))",microsoft_us_building_footprints
ms-ca-000396,Microsoft footprint CA #97,CA,,208581.62,33.8802884,-117.8864335,,commercial_industrial_unknown,unknown,"MULTIPOLYGON (((-117.885855 33.880964, -117.886769 33.880929, -117.886767 33.8809, -117.887134 33.880886, -117.887142 33.881029, -117.887538 33.881013, -117.887498 33.880291, -117.887557 33.880289, -117.887546 33.880091, -117.886459 33.880133, -117.886459 33.880127, -117.886152 33.880139, -117.886131 33.879749, -117.886245 33.879745, -117.886241 33.879667, -117.886346 33.879663, -117.88633 33.879384, -117.885916 33.8794, -117.885918 33.879449, -117.885032 33.879483, -117.885049 33.879792, -117.885065 33.879791, -117.88507 33.879889, -117.885929 33.879856, -117.885933 33.879931, -117.886028 33.879928, -117.886058 33.880464, -117.885828 33.880473, -117.885855 33.880964)))",microsoft_us_building_footprints
ms-ca-000397,Microsoft footprint CA #98,CA,,133487.04,33.7974310,-117.8903533,,commercial_industrial_unknown,unknown,"MULTIPOLYGON (((-117.89117 33.797088, -117.891105 33.797089, -117.891098 33.797083, -117.889822 33.797091, -117.889805 33.797078, -117.88976 33.797078, -117.889745 33.797092, -117.889689 33.797092, -117.889675 33.797081, -117.889601 33.797082, -117.889593 33.797088, -117.889531 33.797089, -117.889472 33.797141, -117.889472 33.797186, -117.889468 33.797189, -117.889471 33.79747, -117.889504 33.797496, -117.889469 33.797528, -117.88947 33.797719, -117.889548 33.79778, -117.891239 33.797769, -117.891239 33.797706, -117.89122 33.797692, -117.89122 33.797647, -117.891245 33.797624, -117.891245 33.797586, -117.891239 33.797582, -117.891237 33.797364, -117.891237 33.797364, -117.891236 33.797194, -117.891231 33.79719, -117.89123 33.797136, -117.89117 33.797088)))",microsoft_us_building_footprints
ms-ca-000398,Microsoft footprint CA #99,CA,,108969.65,33.8674705,-117.8916983,,commercial_industrial_unknown,unknown,"MULTIPOLYGON (((-117.892606 33.867735, -117.892598 33.867189, -117.890791 33.867206, -117.890798 33.867752, -117.892606 33.867735)))",microsoft_us_building_footprints
ms-ca-000399,Microsoft footprint CA #100,CA,,337166.94,34.0024312,-117.8924378,,commercial_industrial_unknown,unknown,"MULTIPOLYGON (((-117.89141 34.003094, -117.893296 34.00335, -117.893584 34.001893, -117.893192 34.00184, -117.893204 34.001777, -117.892982 34.001747, -117.892974 34.00179, -117.892442 34.001718, -117.892454 34.001657, -117.892364 34.001645, -117.892355 34.001691, -117.891754 34.001609, -117.891778 34.001488, -117.891355 34.00143, -117.891265 34.001887, -117.891638 34.001938, -117.89141 34.003094)))",microsoft_us_building_footprints
ms-ca-000400,Microsoft footprint CA #101,CA,,110743.62,33.8047932,-117.8988658,,commercial_industrial_unknown,unknown,"MULTIPOLYGON (((-117.898318 33.805199, -117.89898 33.805197, -117.898981 33.805359, -117.899386 33.805358, -117.899381 33.804317, -117.898976 33.804319, -117.898976 33.804361, -117.898745 33.804362, -117.898745 33.804322, -117.898245 33.804323, -117.898246 33.804468, -117.898314 33.804468, -117.898318 33.805199)))",microsoft_us_building_footprints
ms-ca-000401,Microsoft footprint CA #102,CA,,383255.79,33.8201131,-117.9034182,,commercial_industrial_unknown,unknown,"MULTIPOLYGON (((-117.903787 33.821171, -117.903758 33.821053, -117.903889 33.82103, -117.903979 33.820655, -117.904261 33.820702, -117.904436 33.819976, -117.904272 33.819949, -117.904369 33.819546, -117.903907 33.819469, -117.904053 33.818864, -117.903222 33.818726, -117.903181 33.818896, -117.903024 33.81887, -117.902844 33.81962, -117.9029 33.81963, -117.902863 33.819786, -117.902726 33.819764, -117.90266 33.82004, -117.902753 33.820055, -117.902729 33.820153, -117.902595 33.820131, -117.902529 33.820407, -117.902619 33.820422, -117.902573 33.820615, -117.902462 33.820634, -117.902479 33.820704, -117.902523 33.820697, -117.902474 33.820903, -117.90258 33.82133, -117.902704 33.821309, -117.902716 33.821355, -117.903787 33.821171)))",microsoft_us_building_footprints
ms-ca-000402,Microsoft footprint CA #103,CA,,345299.65,33.6966869,-117.9121258,,commercial_industrial_unknown,unknown,"MULTIPOLYGON (((-117.911258 33.695918, -117.911287 33.696728, -117.911011 33.696735, -117.911023 33.697042, -117.910883 33.697046, -117.910892 33.697293, -117.911017 33.69729, -117.911028 33.697616, -117.91091 33.697619, -117.910911 33.697668, -117.911024 33.697665, -117.911036 33.698004, -117.911345 33.697996, -117.911321 33.697345, -117.911562 33.697339, -117.911559 33.697265, -117.912939 33.69723, -117.912952 33.697583, -117.913105 33.697579, -117.913074 33.696738, -117.913313 33.696732, -117.913313 33.696748, -117.913455 33.696744, -117.913434 33.696164, -117.913059 33.696174, -117.913049 33.695902, -117.912928 33.695905, -117.912927 33.695858, -117.912602 33.695866, -117.912604 33.695904, -117.91258 33.695905, -117.912579 33.695885, -117.911258 33.695918)))",microsoft_us_building_footprints
ms-ca-000403,Microsoft footprint CA #104,CA,,128666.38,34.0293478,-117.9139218,,commercial_industrial_unknown,unknown,"MULTIPOLYGON (((-117.913058 34.029174, -117.91312 34.029197, -117.913098 34.029239, -117.914212 34.029653, -117.914217 34.029644, -117.91427 34.029664, -117.914245 34.02971, -117.914711 34.029883, -117.914742 34.029825, -117.915022 34.029929, -117.915242 34.029524, -117.915057 34.029455, -117.914939 34.029672, -117.91489 34.029654, -117.914865 34.029699, -117.914827 34.029685, -117.914979 34.029406, -117.914383 34.029184, -117.914358 34.02923, -117.914129 34.029145, -117.914025 34.029338, -117.913936 34.029305, -117.914039 34.029115, -117.913637 34.028966, -117.913689 34.02887, -117.913256 34.028708, -117.913018 34.029149, -117.912844 34.029084, -117.912783 34.029197, -117.912613 34.029134, -117.912471 34.029396, -117.912859 34.029541, -117.913058 34.029174)))",microsoft_us_building_footprints
ms-ca-000404,Microsoft footprint CA #105,CA,,109422.38,34.0054739,-117.9247630,,commercial_industrial_unknown,unknown,"MULTIPOLYGON (((-117.924237 34.00606, -117.925101 34.006131, -117.925258 34.00483, -117.925217 34.004826, -117.925224 34.004764, -117.924581 34.004711, -117.924575 34.004765, -117.924533 34.004761, -117.924513 34.004922, -117.924473 34.004918, -117.924444 34.005163, -117.92484 34.005196, -117.924854 34.005073, -117.925088 34.005093, -117.925057 34.005351, -117.924749 34.005326, -117.924743 34.005379, -117.924527 34.005361, -117.924521 34.005416, -117.924246 34.005393, -117.924205 34.005729, -117.924276 34.005735, -117.924237 34.00606)))",microsoft_us_building_footprints
ms-ca-000405,Microsoft footprint CA #106,CA,,156735.41,34.1025506,-117.9395479,,commercial_industrial_unknown,unknown,"MULTIPOLYGON (((-117.940405 34.10215, -117.939009 34.102148, -117.939009 34.101998, -117.938821 34.101998, -117.938821 34.102097, -117.938722 34.102096, -117.93872 34.102934, -117.938768 34.102934, -117.938768 34.102975, -117.940403 34.102977, -117.940405 34.10215)))",microsoft_us_building_footprints
ms-ca-000406,Microsoft footprint CA #107,CA,,350442.22,34.0050595,-117.9417705,,commercial_industrial_unknown,unknown,"MULTIPOLYGON (((-117.943143 34.004226, -117.942409 34.003908, -117.942386 34.003944, -117.942291 34.003903, -117.941865 34.004581, -117.941245 34.004313, -117.941153 34.004458, -117.941105 34.004437, -117.941053 34.00452, -117.941057 34.004522, -117.940503 34.005402, -117.940419 34.005366, -117.940408 34.005383, -117.940378 34.00537, -117.940357 34.005404, -117.940348 34.005399, -117.940318 34.005447, -117.940406 34.005485, -117.94037 34.00554, -117.941517 34.006037, -117.941477 34.006101, -117.941576 34.006144, -117.941563 34.006165, -117.941609 34.006185, -117.94164 34.006136, -117.941876 34.006238, -117.943143 34.004226)))",microsoft_us_building_footprints
ms-ca-000407,Microsoft footprint CA #108,CA,,179022.15,34.0131644,-117.9527277,,commercial_industrial_unknown,unknown,"MULTIPOLYGON (((-117.95382 34.013084, -117.952038 34.012481, -117.951876 34.012809, -117.951783 34.012777, -117.951597 34.013154, -117.952265 34.01338, -117.952189 34.013535, -117.952458 34.013626, -117.952503 34.013534, -117.953442 34.013852, -117.95382 34.013084)))",microsoft_us_building_footprints
ms-ca-000408,Microsoft footprint CA #109,CA,,148226.57,33.7291026,-117.9565581,,commercial_industrial_unknown,unknown,"MULTIPOLYGON (((-117.956953 33.729994, -117.956935 33.729388, -117.957029 33.729386, -117.957024 33.72921, -117.956943 33.729211, -117.956927 33.728685, -117.956854 33.728687, -117.956848 33.728487, -117.956932 33.728486, -117.95693 33.728421, -117.956847 33.728423, -117.956842 33.728245, -117.95656 33.728251, -117.956555 33.728073, -117.956185 33.72808, -117.956191 33.728283, -117.956185 33.728283, -117.956197 33.7287, -117.956228 33.7287, -117.956234 33.728923, -117.956192 33.728923, -117.956225 33.73004, -117.956565 33.730033, -117.956564 33.730002, -117.956953 33.729994)))",microsoft_us_building_footprints
ms-ca-000409,Microsoft footprint CA #110,CA,,114072.99,34.0170597,-117.9587061,,commercial_industrial_unknown,unknown,"MULTIPOLYGON (((-117.957855 34.017096, -117.959049 34.017538, -117.959042 34.017551, -117.959259 34.017631, -117.959238 34.01767, -117.959401 34.01773, -117.959543 34.017467, -117.959313 34.017382, -117.959302 34.017402, -117.959246 34.017381, -117.959327 34.017231, -117.959284 34.017216, -117.959266 34.017249, -117.959237 34.017238, -117.959412 34.016914, -117.958195 34.016464, -117.957855 34.017096)))",microsoft_us_building_footprints
ms-ca-000410,Microsoft footprint CA #111,CA,,629284.19,34.0148990,-117.9671078,,commercial_industrial_unknown,unknown,"MULTIPOLYGON (((-117.966655 34.012957, -117.965622 34.01593, -117.967044 34.01627, -117.966998 34.016195, -117.967008 34.016165, -117.967039 34.016173, -117.96711 34.016143, -117.967077 34.016088, -117.967102 34.016094, -117.967116 34.016053, -117.967388 34.015938, -117.967558 34.015979, -117.967501 34.016143, -117.968328 34.01634, -117.968457 34.015971, -117.967674 34.015784, -117.967821 34.015361, -117.969005 34.015644, -117.969153 34.015217, -117.968068 34.014958, -117.968215 34.014535, -117.967262 34.014307, -117.96751 34.013592, -117.967724 34.013502, -117.967721 34.013496, -117.967596 34.013467, -117.967607 34.013436, -117.967719 34.013463, -117.967758 34.01335, -117.967651 34.013324, -117.967693 34.013205, -117.966655 34.012957)))",microsoft_us_building_footprints
ms-ca-000411,Microsoft footprint CA #112,CA,,151562.38,33.9135034,-117.9678647,,commercial_industrial_unknown,unknown,"MULTIPOLYGON (((-117.966994 33.91345, -117.967281 33.914145, -117.967427 33.914103, -117.967481 33.914235, -117.967747 33.91416, -117.967671 33.913976, -117.968181 33.913831, -117.968185 33.913839, -117.968631 33.913713, -117.968602 33.913642, -117.968722 33.913608, -117.968513 33.913101, -117.968748 33.913034, -117.968679 33.912864, -117.967987 33.913061, -117.96794 33.912947, -117.967491 33.913075, -117.967517 33.913137, -117.967231 33.913218, -117.967292 33.913365, -117.966994 33.91345)))",microsoft_us_building_footprints
ms-ca-000412,Microsoft footprint CA #113,CA,,174751.45,33.8718062,-117.9723918,,commercial_industrial_unknown,unknown,"MULTIPOLYGON (((-117.972464 33.871617, -117.972451 33.870684, -117.972226 33.870686, -117.972227 33.870777, -117.971959 33.870779, -117.971961 33.870903, -117.971879 33.870903, -117.971892 33.871865, -117.971941 33.871865, -117.97196 33.871833, -117.971974 33.871928, -117.971945 33.871916, -117.97189 33.871917, -117.971898 33.872462, -117.972015 33.87251, -117.972223 33.872508, -117.972224 33.872587, -117.972658 33.872583, -117.972658 33.872574, -117.973073 33.872571, -117.973072 33.872516, -117.972871 33.872518, -117.97288 33.872503, -117.973064 33.872502, -117.973051 33.871612, -117.972464 33.871617)))",microsoft_us_building_footprints
ms-ca-000413,Microsoft footprint CA #114,CA,,112393.11,33.8508277,-117.9733190,,commercial_industrial_unknown,unknown,"MULTIPOLYGON (((-117.973729 33.85021, -117.972903 33.850209, -117.972902 33.850906, -117.972922 33.850906, -117.972922 33.851166, -117.972899 33.851166, -117.972899 33.851314, -117.972934 33.851314, -117.972934 33.851452, -117.973728 33.851453, -117.973729 33.85021)))",microsoft_us_building_footprints
ms-ca-000414,Microsoft footprint CA #115,CA,,108283.93,34.0588511,-117.9884268,,commercial_industrial_unknown,unknown,"MULTIPOLYGON (((-117.987634 34.058099, -117.987355 34.058417, -117.987704 34.058628, -117.987675 34.058662, -117.989246 34.059613, -117.989505 34.05932, -117.989199 34.059134, -117.989232 34.059097, -117.988886 34.058888, -117.988922 34.058847, -117.988759 34.058749, -117.988741 34.05877, -117.987634 34.058099)))",microsoft_us_building_footprints
ms-ca-000415,Microsoft footprint CA #116,CA,,109583.23,34.0551679,-117.9949314,,commercial_industrial_unknown,unknown,"MULTIPOLYGON (((-117.99408 34.055136, -117.995301 34.055892, -117.995811 34.055326, -117.995343 34.055037, -117.994901 34.055527, -117.99464 34.055366, -117.995221 34.054722, -117.994728 34.054417, -117.99408 34.055136)))",microsoft_us_building_footprints
ms-ca-000416,Microsoft footprint CA #117,CA,,131946.07,33.8791221,-117.9955395,,commercial_industrial_unknown,unknown,"MULTIPOLYGON (((-117.996732 33.879441, -117.994936 33.878465, -117.994798 33.878641, -117.994656 33.878564, -117.994385 33.878907, -117.994798 33.879132, -117.994829 33.879093, -117.995244 33.879318, -117.995277 33.879276, -117.995835 33.879579, -117.995873 33.879531, -117.995903 33.879547, -117.995896 33.879556, -117.995924 33.879572, -117.995962 33.879523, -117.996251 33.87968, -117.996209 33.879734, -117.996397 33.879836, -117.99655 33.879642, -117.996567 33.879651, -117.996732 33.879441)))",microsoft_us_building_footprints
ms-ca-000417,Microsoft footprint CA #118,CA,,207800.31,33.8893708,-118.0189838,,commercial_industrial_unknown,unknown,"MULTIPOLYGON (((-118.01947 33.890409, -118.01945 33.888431, -118.01876 33.888436, -118.018759 33.88827, -118.018667 33.88827, -118.018668 33.888282, -118.018367 33.888284, -118.01837 33.888615, -118.018411 33.888615, -118.018411 33.888657, -118.018551 33.888656, -118.018568 33.890415, -118.01947 33.890409)))",microsoft_us_building_footprints
ms-ca-000418,Microsoft footprint CA #119,CA,,229533.4,33.8896441,-118.0203534,,commercial_industrial_unknown,unknown,"MULTIPOLYGON (((-118.021028 33.890413, -118.02101 33.888968, -118.021073 33.888968, -118.021071 33.888837, -118.020866 33.888839, -118.020867 33.888869, -118.019679 33.888879, -118.019693 33.890025, -118.019634 33.890025, -118.019636 33.890233, -118.019698 33.890233, -118.0197 33.890424, -118.021028 33.890413)))",microsoft_us_building_footprints
ms-ca-000419,Microsoft footprint CA #120,CA,,110610.97,33.8003783,-118.0234629,,commercial_industrial_unknown,unknown,"MULTIPOLYGON (((-118.022992 33.799864, -118.022991 33.800936, -118.02364 33.800937, -118.02364 33.800898, -118.023779 33.800898, -118.023779 33.800712, -118.02393 33.800712, -118.02393 33.800634, -118.023974 33.800634, -118.023975 33.799865, -118.022992 33.799864)))",microsoft_us_building_footprints
ms-ca-000420,Microsoft footprint CA #121,CA,,296123.72,33.8746541,-118.0223218,,commercial_industrial_unknown,unknown,"MULTIPOLYGON (((-118.023087 33.875526, -118.023074 33.873877, -118.023125 33.873877, -118.023124 33.873768, -118.022124 33.873774, -118.022124 33.873725, -118.021748 33.873727, -118.021749 33.873776, -118.021673 33.873776, -118.021676 33.874103, -118.021543 33.874104, -118.021545 33.874314, -118.021507 33.874314, -118.021509 33.874564, -118.021548 33.874564, -118.021555 33.875534, -118.023087 33.875526)))",microsoft_us_building_footprints
ms-ca-000421,Microsoft footprint CA #122,CA,,139378.47,33.8998397,-118.0301012,,commercial_industrial_unknown,unknown,"MULTIPOLYGON (((-118.03087 33.900419, -118.030812 33.89909, -118.030547 33.898976, -118.030571 33.899537, -118.029824 33.89956, -118.029787 33.89872, -118.029883 33.898717, -118.029876 33.898556, -118.029526 33.898406, -118.02954 33.898721, -118.02958 33.898719, -118.029601 33.89918, -118.029504 33.899183, -118.029528 33.899718, -118.029756 33.899711, -118.029758 33.899767, -118.030315 33.89975, -118.03031 33.899639, -118.030519 33.899633, -118.030551 33.900344, -118.030323 33.900351, -118.030317 33.900215, -118.02976 33.900232, -118.029762 33.900272, -118.029547 33.900279, -118.029591 33.901275, -118.02987 33.901266, -118.029864 33.901137, -118.029837 33.901138, -118.029807 33.900451, -118.03087 33.900419)))",microsoft_us_building_footprints
ms-ca-000422,Microsoft footprint CA #123,CA,,118793.05,33.8304560,-118.0310760,,commercial_industrial_unknown,unknown,"MULTIPOLYGON (((-118.031806 33.830082, -118.030387 33.830091, -118.030388 33.830254, -118.030327 33.830254, -118.030331 33.830707, -118.03006 33.830709, -118.030061 33.830778, -118.03053 33.830774, -118.03053 33.830806, -118.030925 33.830803, -118.030924 33.830773, -118.031177 33.830771, -118.031177 33.830801, -118.031415 33.8308, -118.031415 33.830771, -118.031522 33.83077, -118.031524 33.830904, -118.031771 33.830902, -118.031769 33.830769, -118.031812 33.830768, -118.031806 33.830082)))",microsoft_us_building_footprints
ms-ca-000423,Microsoft footprint CA #124,CA,,101271.03,34.1022877,-118.0450596,,commercial_industrial_unknown,unknown,"MULTIPOLYGON (((-118.045323 34.101604, -118.044477 34.101716, -118.044549 34.102092, -118.045005 34.102031, -118.045021 34.102112, -118.04458 34.10217, -118.044609 34.102321, -118.045055 34.102262, -118.045067 34.102322, -118.044672 34.102374, -118.044696 34.1025, -118.045096 34.102447, -118.045114 34.102541, -118.044714 34.102594, -118.044745 34.102756, -118.045276 34.102685, -118.045245 34.102524, -118.045104 34.102444, -118.045157 34.10238, -118.04514 34.102382, -118.045134 34.10235, -118.04524 34.102221, -118.045351 34.102792, -118.045391 34.102787, -118.045397 34.102816, -118.045236 34.102837, -118.04522 34.102756, -118.045035 34.10278, -118.045051 34.102864, -118.044739 34.102905, -118.044771 34.103071, -118.045585 34.102963, -118.045323 34.101604)))",microsoft_us_building_footprints
ms-ca-000424,Microsoft footprint CA #125,CA,,174715.2,33.8964103,-118.0481922,,commercial_industrial_unknown,unknown,"MULTIPOLYGON (((-118.049283 33.896809, -118.049284 33.896586, -118.049145 33.896585, -118.049148 33.896041, -118.048981 33.89604, -118.048981 33.896016, -118.048899 33.896016, -118.048899 33.895973, -118.048808 33.895973, -118.048808 33.896016, -118.048658 33.896015, -118.048658 33.895975, -118.048487 33.895974, -118.048487 33.896014, -118.048103 33.896012, -118.048102 33.896025, -118.047921 33.896024, -118.047921 33.89605, -118.047873 33.89605, -118.047873 33.896006, -118.047795 33.896006, -118.047795 33.895982, -118.047371 33.89598, -118.04737 33.89602, -118.047204 33.89602, -118.047199 33.8968, -118.047366 33.896801, -118.047366 33.8968, -118.049283 33.896809)))",microsoft_us_building_footprints
ms-ca-000425,Microsoft footprint CA #126,CA,,115848.14,33.8861287,-118.0543376,,commercial_industrial_unknown,unknown,"MULTIPOLYGON (((-118.053671 33.885739, -118.053685 33.886534, -118.055004 33.886519, -118.05499 33.885723, -118.053671 33.885739)))",microsoft_us_building_footprints
ms-ca-000426,Microsoft footprint CA #127,CA,,125903.42,33.9648916,-118.0494238,,commercial_industrial_unknown,unknown,"MULTIPOLYGON (((-118.050191 33.96516, -118.049957 33.96458, -118.050065 33.964549, -118.049993 33.964372, -118.04979 33.964429, -118.04975 33.964331, -118.048759 33.964607, -118.048801 33.96471, -118.048702 33.964738, -118.048783 33.964938, -118.048628 33.964982, -118.048742 33.965263, -118.049013 33.965188, -118.049122 33.965458, -118.050191 33.96516)))",microsoft_us_building_footprints
ms-ca-000427,Microsoft footprint CA #128,CA,,162563.15,34.0156322,-118.0526536,,commercial_industrial_unknown,unknown,"MULTIPOLYGON (((-118.051749 34.016205, -118.052556 34.016286, -118.052765 34.01605, -118.05307 34.016236, -118.053332 34.015942, -118.053435 34.016005, -118.053497 34.015935, -118.053351 34.015846, -118.053644 34.015516, -118.053119 34.015197, -118.052533 34.015873, -118.052486 34.015844, -118.052522 34.015804, -118.052368 34.015711, -118.052937 34.015069, -118.052916 34.015056, -118.052985 34.014978, -118.05263 34.014762, -118.052584 34.014814, -118.052532 34.014782, -118.05182 34.015585, -118.052118 34.015766, -118.05213 34.015753, -118.052171 34.015779, -118.052033 34.015895, -118.051978 34.015862, -118.051962 34.015973, -118.051955 34.015972, -118.051749 34.016205)))",microsoft_us_building_footprints
ms-ca-000428,Microsoft footprint CA #129,CA,,103990.29,34.0605427,-118.0665965,,commercial_industrial_unknown,unknown,"MULTIPOLYGON (((-118.066309 34.059788, -118.066199 34.061539, -118.066331 34.061496, -118.066241 34.061307, -118.066505 34.061319, -118.066496 34.061469, -118.0666 34.061474, -118.066629 34.06102, -118.066844 34.061056, -118.066899 34.061085, -118.06717 34.060996, -118.067135 34.060921, -118.066905 34.060996, -118.06694 34.060951, -118.066612 34.060937, -118.066619 34.060828, -118.066967 34.060843, -118.066972 34.060757, -118.066904 34.060718, -118.066782 34.060462, -118.066918 34.060468, -118.066927 34.06033, -118.067197 34.060342, -118.06721 34.060129, -118.066801 34.060112, -118.066786 34.060346, -118.066599 34.060338, -118.066617 34.060053, -118.066989 34.060069, -118.067004 34.059818, -118.066309 34.059788)))",microsoft_us_building_footprints
ms-ca-000429,Microsoft footprint CA #130,CA,,130697.27,33.9508014,-118.0645474,,commercial_industrial_unknown,unknown,"MULTIPOLYGON (((-118.063529 33.950257, -118.064903 33.951613, -118.065403 33.951264, -118.065067 33.950933, -118.065234 33.950817, -118.064792 33.950381, -118.064604 33.950513, -118.064191 33.950106, -118.063955 33.950271, -118.06377 33.950089, -118.063529 33.950257)))",microsoft_us_building_footprints
ms-ca-000430,Microsoft footprint CA #131,CA,,227914.51,33.8063654,-118.0665580,,commercial_industrial_unknown,unknown,"MULTIPOLYGON (((-118.066408 33.806193, -118.066294 33.80578, -118.065884 33.805858, -118.065858 33.805951, -118.065722 33.805925, -118.065681 33.805775, -118.065278 33.805852, -118.065482 33.806593, -118.065548 33.806581, -118.065628 33.806295, -118.065674 33.806375, -118.065801 33.806835, -118.066906 33.807049, -118.067018 33.806649, -118.067897 33.806819, -118.067618 33.805805, -118.067362 33.805854, -118.067274 33.80617, -118.067517 33.806426, -118.066899 33.806306, -118.066922 33.806223, -118.067218 33.806167, -118.067126 33.80583, -118.066761 33.805899, -118.066716 33.806059, -118.066459 33.806009, -118.066408 33.806193)))",microsoft_us_building_footprints
ms-ca-000431,Microsoft footprint CA #132,CA,,112216.32,33.9995199,-118.0828799,,commercial_industrial_unknown,unknown,"MULTIPOLYGON (((-118.081741 33.999369, -118.08182 33.9994, -118.081808 33.99942, -118.081878 33.999448, -118.0819 33.99941, -118.082465 33.999634, -118.082444 33.999671, -118.083218 33.999978, -118.083243 33.999935, -118.083624 34.000087, -118.083725 33.999913, -118.083614 33.999869, -118.083779 33.999584, -118.08355 33.999493, -118.083521 33.999543, -118.083492 33.999532, -118.083581 33.999378, -118.083257 33.999249, -118.083281 33.999207, -118.083206 33.999178, -118.083189 33.999209, -118.082844 33.999072, -118.082669 33.999373, -118.082311 33.999231, -118.082345 33.999173, -118.082042 33.999053, -118.082017 33.999096, -118.081921 33.999058, -118.081741 33.999369)))",microsoft_us_building_footprints
ms-ca-000432,Microsoft footprint CA #133,CA,,107021.65,33.9183709,-118.1015394,,commercial_industrial_unknown,unknown,"MULTIPOLYGON (((-118.102141 33.917957, -118.101881 33.917957, -118.101881 33.917991, -118.101613 33.917991, -118.101613 33.917949, -118.101168 33.91795, -118.101168 33.917988, -118.100953 33.917988, -118.100955 33.918571, -118.100759 33.918572, -118.100759 33.91865, -118.100915 33.918649, -118.100915 33.918758, -118.101603 33.918757, -118.101603 33.918837, -118.101684 33.918837, -118.101683 33.918759, -118.102144 33.918758, -118.102143 33.918407, -118.10221 33.918406, -118.102209 33.918337, -118.102142 33.918338, -118.102141 33.917957)))",microsoft_us_building_footprints
ms-ca-000433,Microsoft footprint CA #134,CA,,101685.41,33.9203600,-118.0977980,,commercial_industrial_unknown,unknown,"MULTIPOLYGON (((-118.097995 33.919971, -118.097547 33.919923, -118.09754 33.91992, -118.097376 33.919902, -118.097019 33.920433, -118.098088 33.920928, -118.098557 33.920232, -118.097995 33.919971)))",microsoft_us_building_footprints
ms-ca-000434,Microsoft footprint CA #135,CA,,124061.13,33.9816099,-118.1111487,,commercial_industrial_unknown,unknown,"MULTIPOLYGON (((-118.111176 33.980874, -118.110455 33.9819, -118.110382 33.981865, -118.110284 33.982005, -118.110383 33.982052, -118.110394 33.982037, -118.110556 33.982116, -118.110604 33.982048, -118.111179 33.982325, -118.111629 33.981684, -118.111596 33.981668, -118.111898 33.981238, -118.111735 33.981159, -118.111749 33.981139, -118.111721 33.981125, -118.111745 33.98109, -118.111597 33.981019, -118.111566 33.981062, -118.111176 33.980874)))",microsoft_us_building_footprints
ms-ca-000435,Microsoft footprint CA #136,CA,,105255.61,33.7656493,-118.1155083,,commercial_industrial_unknown,unknown,"MULTIPOLYGON (((-118.116161 33.76637, -118.115979 33.765918, -118.115894 33.765839, -118.115954 33.765795, -118.115831 33.76549, -118.115729 33.765395, -118.115766 33.765367, -118.115487 33.765109, -118.115586 33.765036, -118.115531 33.764985, -118.115462 33.765004, -118.11522 33.76478, -118.115093 33.764875, -118.115139 33.764919, -118.114826 33.765152, -118.115031 33.765342, -118.115071 33.765367, -118.115189 33.765477, -118.115492 33.765392, -118.115518 33.765416, -118.1154 33.765504, -118.115443 33.765544, -118.115123 33.765633, -118.115032 33.765701, -118.115187 33.766087, -118.115548 33.765986, -118.115714 33.766399, -118.115774 33.766454, -118.115782 33.766476, -118.116161 33.76637)))",microsoft_us_building_footprints
ms-ca-000436,Microsoft footprint CA #137,CA,,139889.45,34.6661663,-118.1223890,,commercial_industrial_unknown,unknown,"MULTIPOLYGON (((-118.121687 34.665718, -118.121694 34.666644, -118.122599 34.66664, -118.122599 34.666558, -118.123131 34.666555, -118.123126 34.665796, -118.12301 34.665796, -118.12301 34.665711, -118.121687 34.665718)))",microsoft_us_building_footprints
ms-ca-000437,Microsoft footprint CA #138,CA,,186931.88,33.9268371,-118.1189138,,commercial_industrial_unknown,unknown,"MULTIPOLYGON (((-118.117151 33.927072, -118.12088 33.927066, -118.120879 33.926788, -118.120681 33.926788, -118.12068 33.926652, -118.120442 33.926653, -118.120442 33.926786, -118.120207 33.926787, -118.120207 33.926653, -118.120085 33.926653, -118.120085 33.926582, -118.11715 33.926587, -118.117151 33.927072)))",microsoft_us_building_footprints
ms-ca-000438,Microsoft footprint CA #139,CA,,279000.39,34.0007357,-118.1273975,,commercial_industrial_unknown,unknown,"MULTIPOLYGON (((-118.125654 34.000558, -118.128633 34.00163, -118.128923 34.001076, -118.12875 34.001013, -118.128903 34.00072, -118.127894 34.000357, -118.127777 34.000581, -118.126549 34.00014, -118.126706 33.99984, -118.126295 33.999692, -118.125926 34.000398, -118.125768 34.000341, -118.125654 34.000558)))",microsoft_us_building_footprints
ms-ca-000439,Microsoft footprint CA #140,CA,,194673.5,33.9831650,-118.1297453,,commercial_industrial_unknown,unknown,"MULTIPOLYGON (((-118.130629 33.9822, -118.130205 33.981777, -118.130047 33.982101, -118.129995 33.982084, -118.129958 33.982161, -118.129943 33.982147, -118.129356 33.983351, -118.129123 33.983273, -118.12876 33.984018, -118.129605 33.984301, -118.130629 33.9822)))",microsoft_us_building_footprints
ms-ca-000440,Microsoft footprint CA #141,CA,,102656.79,34.1368278,-118.1328348,,commercial_industrial_unknown,unknown,"MULTIPOLYGON (((-118.132707 34.13645, -118.13267 34.135984, -118.132474 34.135994, -118.132435 34.136064, -118.132473 34.136541, -118.132635 34.136532, -118.132673 34.136546, -118.132677 34.136594, -118.132437 34.136607, -118.132522 34.137668, -118.133057 34.137638, -118.133038 34.137394, -118.132915 34.137401, -118.132895 34.137156, -118.133061 34.137147, -118.133049 34.137002, -118.132884 34.137011, -118.132983 34.136834, -118.133059 34.13683, -118.133051 34.13672, -118.133673 34.136685, -118.133667 34.136618, -118.133561 34.136624, -118.133553 34.136525, -118.133386 34.136534, -118.133374 34.136389, -118.133444 34.136385, -118.133435 34.136279, -118.133016 34.136302, -118.13302 34.136352, -118.132855 34.136361, -118.132862 34.136441, -118.132707 34.13645)))",microsoft_us_building_footprints
ms-ca-000441,Microsoft footprint CA #142,CA,,215649.07,33.9255562,-118.1287919,,commercial_industrial_unknown,unknown,"MULTIPOLYGON (((-118.13075 33.925771, -118.13076 33.925286, -118.130497 33.925282, -118.130501 33.925088, -118.130407 33.92513, -118.130318 33.925128, -118.129807 33.925352, -118.129729 33.925229, -118.129651 33.925228, -118.129649 33.925324, -118.128887 33.925313, -118.128887 33.925275, -118.128821 33.925275, -118.128814 33.925616, -118.128632 33.925613, -118.128638 33.925339, -118.128136 33.925332, -118.128137 33.925267, -118.127998 33.925265, -118.128038 33.925329, -118.128033 33.925341, -118.127581 33.925335, -118.127582 33.925271, -118.127263 33.925266, -118.127259 33.925446, -118.126707 33.925439, -118.126699 33.925819, -118.129182 33.925854, -118.129115 33.925748, -118.13075 33.925771)))",microsoft_us_building_footprints
ms-ca-000442,Microsoft footprint CA #143,CA,,108839.71,33.9839264,-118.1366144,,commercial_industrial_unknown,unknown,"MULTIPOLYGON (((-118.137539 33.983995, -118.136093 33.983417, -118.136165 33.983293, -118.136029 33.983239, -118.135771 33.983682, -118.135908 33.983736, -118.135796 33.98393, -118.137241 33.984507, -118.137539 33.983995)))",microsoft_us_building_footprints
ms-ca-000443,Microsoft footprint CA #144,CA,,116523.03,34.0851721,-118.1407649,,commercial_industrial_unknown,unknown,"MULTIPOLYGON (((-118.140337 34.085704, -118.140569 34.085705, -118.140568 34.086056, -118.140629 34.086056, -118.140629 34.085667, -118.140754 34.085667, -118.140754 34.085848, -118.141072 34.085849, -118.141071 34.085957, -118.141152 34.085958, -118.141153 34.08555, -118.141196 34.08555, -118.141196 34.08536, -118.14116 34.08536, -118.141162 34.084519, -118.140509 34.084518, -118.140508 34.084555, -118.140339 34.084555, -118.140337 34.085704)))",microsoft_us_building_footprints
ms-ca-000444,Microsoft footprint CA #145,CA,,217996.42,34.6115919,-118.1445230,,commercial_industrial_unknown,unknown,"MULTIPOLYGON (((-118.144044 34.61078, -118.144044 34.610819, -118.143988 34.610834, -118.143986 34.61119, -118.143796 34.611242, -118.143794 34.611749, -118.143983 34.611749, -118.143981 34.61231, -118.14382 34.612309, -118.14382 34.612409, -118.145079 34.612412, -118.145078 34.612526, -118.145199 34.612526, -118.1452 34.612301, -118.145018 34.6123, -118.145019 34.611924, -118.1452 34.611924, -118.145201 34.611776, -118.145153 34.611659, -118.145106 34.611659, -118.145107 34.611283, -118.14517 34.611283, -118.145171 34.611178, -118.145191 34.611173, -118.145192 34.610929, -118.145102 34.610928, -118.145103 34.610775, -118.145052 34.610775, -118.145027 34.610713, -118.144936 34.610713, -118.144936 34.610782, -118.144044 34.61078)))",microsoft_us_building_footprints
ms-ca-000445,Microsoft footprint CA #146,CA,,141319.9,33.9906354,-118.1501553,,commercial_industrial_unknown,unknown,"MULTIPOLYGON (((-118.149573 33.990023, -118.149247 33.990593, -118.149283 33.990607, -118.149204 33.990744, -118.14939 33.990817, -118.149416 33.990772, -118.150526 33.991209, -118.150505 33.991245, -118.150662 33.991307, -118.15103 33.990664, -118.150999 33.990545, -118.15092 33.990559, -118.150904 33.990541, -118.150876 33.990557, -118.150864 33.990511, -118.150845 33.990485, -118.150901 33.990449, -118.150784 33.990403, -118.150806 33.990399, -118.150877 33.990266, -118.150572 33.990146, -118.150516 33.990243, -118.150688 33.990311, -118.150674 33.990406, -118.150707 33.990409, -118.150645 33.990445, -118.149573 33.990023)))",microsoft_us_building_footprints
ms-ca-000446,Microsoft footprint CA #147,CA,,1052527.13,34.6047518,-118.1526055,,commercial_industrial_unknown,unknown,"MULTIPOLYGON (((-118.15187 34.605258, -118.151874 34.605778, -118.152179 34.605776, -118.152451 34.606175, -118.152212 34.606176, -118.152217 34.606781, -118.153023 34.606777, -118.153009 34.604902, -118.153283 34.6049, -118.153289 34.605656, -118.154249 34.605651, -118.154243 34.604883, -118.154482 34.604882, -118.154485 34.605231, -118.155448 34.605225, -118.155439 34.604122, -118.154229 34.604128, -118.154224 34.603435, -118.152832 34.603442, -118.152837 34.60412, -118.152212 34.604123, -118.152209 34.603735, -118.150964 34.603741, -118.150964 34.603741, -118.150789 34.603742, -118.150445 34.604106, -118.149709 34.60411, -118.149718 34.605269, -118.15187 34.605258)))",microsoft_us_building_footprints
ms-ca-000447,Microsoft footprint CA #148,CA,,169118.57,33.8814405,-118.1705370,,commercial_industrial_unknown,unknown,"MULTIPOLYGON (((-118.171908 33.881714, -118.171904 33.881155, -118.170696 33.881161, -118.170696 33.881159, -118.169169 33.881166, -118.169172 33.881727, -118.171908 33.881714)))",microsoft_us_building_footprints
ms-ca-000448,Microsoft footprint CA #149,CA,,126311.1,33.8770443,-118.1661521,,commercial_industrial_unknown,unknown,"MULTIPOLYGON (((-118.165495 33.876586, -118.165498 33.877449, -118.165676 33.877448, -118.165676 33.877464, -118.166408 33.877462, -118.166408 33.877511, -118.166714 33.87751, -118.166714 33.877528, -118.166783 33.877528, -118.166783 33.877497, -118.166826 33.877497, -118.166823 33.876719, -118.166609 33.87672, -118.166609 33.876684, -118.166496 33.876685, -118.166496 33.876583, -118.165495 33.876586)))",microsoft_us_building_footprints
ms-ca-000449,Microsoft footprint CA #150,CA,,190450.13,33.9480149,-118.1675788,,commercial_industrial_unknown,unknown,"MULTIPOLYGON (((-118.16646 33.948183, -118.167371 33.948271, -118.167368 33.948295, -118.167582 33.948316, -118.167614 33.948294, -118.168085 33.94834, -118.168118 33.948374, -118.16833 33.948395, -118.168334 33.948364, -118.16892 33.94842, -118.16933 33.948146, -118.169342 33.94806, -118.168943 33.948022, -118.16895 33.947969, -118.168876 33.947962, -118.168891 33.947855, -118.167049 33.947678, -118.16704 33.947744, -118.167004 33.947767, -118.167019 33.947661, -118.166747 33.947635, -118.166776 33.947615, -118.166787 33.947541, -118.166661 33.947528, -118.166648 33.947621, -118.166265 33.947584, -118.166228 33.947849, -118.165917 33.947819, -118.165881 33.948081, -118.166164 33.948108, -118.166198 33.948142, -118.166443 33.948166, -118.16646 33.948183)))",microsoft_us_building_footprints
ms-ca-000450,Microsoft footprint CA #151,CA,,297450.6,34.0119459,-118.1668538,,commercial_industrial_unknown,unknown,"MULTIPOLYGON (((-118.168038 34.011001, -118.166763 34.010891, -118.166673 34.011062, -118.166701 34.011072, -118.166698 34.011099, -118.166728 34.011111, -118.166725 34.011141, -118.166701 34.011185, -118.166882 34.011156, -118.166904 34.011113, -118.166939 34.011262, -118.166907 34.011268, -118.166925 34.011343, -118.166904 34.011346, -118.16687 34.011363, -118.166778 34.011377, -118.166744 34.011365, -118.166778 34.01136, -118.166758 34.011353, -118.166762 34.011324, -118.166769 34.011323, -118.166731 34.011309, -118.16672 34.011331, -118.16669 34.011328, -118.166476 34.011251, -118.165983 34.012186, -118.16596 34.012088, -118.165673 34.012634, -118.166936 34.013091, -118.168038 34.011001)))",microsoft_us_building_footprints
ms-ca-000451,Microsoft footprint CA #152,CA,,128568.55,33.9618984,-118.1874454,,commercial_industrial_unknown,unknown,"MULTIPOLYGON (((-118.187644 33.961765, -118.187486 33.962968, -118.187416 33.962962, -118.187376 33.963272, -118.187599 33.963292, -118.187668 33.962766, -118.188171 33.962812, -118.188193 33.96264, -118.188128 33.962634, -118.18816 33.962395, -118.187809 33.962363, -118.187846 33.962077, -118.187786 33.962072, -118.18783 33.961741, -118.187777 33.961736, -118.187847 33.961196, -118.186827 33.961104, -118.186826 33.961109, -118.186768 33.961103, -118.186763 33.961139, -118.186723 33.961135, -118.186725 33.961124, -118.186664 33.961118, -118.186622 33.961435, -118.186662 33.961439, -118.186631 33.961674, -118.187644 33.961765)))",microsoft_us_building_footprints
ms-ca-000452,Microsoft footprint CA #153,CA,,129721.99,33.7723134,-118.1916515,,commercial_industrial_unknown,unknown,"MULTIPOLYGON (((-118.191267 33.772858, -118.192114 33.772864, -118.192114 33.772837, -118.192273 33.772838, -118.192282 33.771842, -118.19207 33.77184, -118.19207 33.771862, -118.192115 33.771863, -118.192115 33.771894, -118.192032 33.771893, -118.192032 33.771869, -118.191265 33.771864, -118.191265 33.771846, -118.190801 33.771843, -118.1908 33.771919, -118.190725 33.771919, -118.190722 33.772331, -118.19096 33.772333, -118.190963 33.772047, -118.191274 33.772049, -118.191267 33.772858)))",microsoft_us_building_footprints
ms-ca-000453,Microsoft footprint CA #154,CA,,166043.69,34.0150281,-118.1918000,,commercial_industrial_unknown,unknown,"MULTIPOLYGON (((-118.192137 34.013875, -118.19151 34.013876, -118.19151 34.013838, -118.191467 34.013838, -118.191469 34.015092, -118.191729 34.015092, -118.191729 34.015198, -118.191477 34.015198, -118.191478 34.016241, -118.192082 34.016241, -118.192081 34.015474, -118.19214 34.015474, -118.192137 34.013875)))",microsoft_us_building_footprints
ms-ca-000454,Microsoft footprint CA #155,CA,,121711.08,33.9917450,-118.2096263,,commercial_industrial_unknown,unknown,"MULTIPOLYGON (((-118.210405 33.991367, -118.209272 33.991381, -118.209273 33.991445, -118.209205 33.991446, -118.209206 33.991476, -118.209274 33.991475, -118.209274 33.991495, -118.209336 33.991494, -118.209337 33.991543, -118.209122 33.991546, -118.20912 33.991421, -118.20883 33.991425, -118.208835 33.991696, -118.208788 33.991697, -118.208796 33.992099, -118.210418 33.992079, -118.210405 33.991367)))",microsoft_us_building_footprints
ms-ca-000455,Microsoft footprint CA #156,CA,,246885.58,33.9857901,-118.2046496,,commercial_industrial_unknown,unknown,"MULTIPOLYGON (((-118.204331 33.983718, -118.204428 33.987893, -118.205069 33.987883, -118.205065 33.987711, -118.204935 33.987713, -118.204903 33.986312, -118.205034 33.98631, -118.205031 33.986173, -118.2049 33.986175, -118.204894 33.985917, -118.204947 33.985916, -118.204946 33.985849, -118.204891 33.98585, -118.204881 33.985453, -118.205014 33.98545, -118.205011 33.985317, -118.204881 33.985319, -118.204864 33.984596, -118.204994 33.984593, -118.204991 33.984457, -118.204861 33.984459, -118.204848 33.98388, -118.204979 33.983878, -118.204975 33.983707, -118.204331 33.983718)))",microsoft_us_building_footprints
ms-ca-000456,Microsoft footprint CA #157,CA,,116618.36,33.8567015,-118.2066550,,commercial_industrial_unknown,unknown,"MULTIPOLYGON (((-118.205853 33.856505, -118.205951 33.856802, -118.20591 33.856811, -118.20604 33.857207, -118.206124 33.857188, -118.206132 33.857211, -118.207023 33.857009, -118.206999 33.856935, -118.207064 33.856921, -118.207075 33.856955, -118.207427 33.856875, -118.207407 33.856815, -118.20745 33.856805, -118.207233 33.856144, -118.207133 33.856167, -118.207125 33.856144, -118.206841 33.856208, -118.206856 33.856254, -118.20673 33.856282, -118.206777 33.856426, -118.206496 33.856489, -118.206456 33.856369, -118.205853 33.856505)))",microsoft_us_building_footprints
ms-ca-000457,Microsoft footprint CA #158,CA,,100641.28,33.8610714,-118.2063547,,commercial_industrial_unknown,unknown,"MULTIPOLYGON (((-118.206984 33.861398, -118.206693 33.860523, -118.205726 33.860744, -118.206016 33.86162, -118.206984 33.861398)))",microsoft_us_building_footprints
ms-ca-000458,Microsoft footprint CA #159,CA,,110020.06,34.0017395,-118.2080934,,commercial_industrial_unknown,unknown,"MULTIPOLYGON (((-118.208573 34.001135, -118.208132 34.001146, -118.208138 34.001314, -118.207808 34.001322, -118.207803 34.001175, -118.207532 34.001182, -118.207547 34.001594, -118.207707 34.00159, -118.207712 34.001723, -118.207789 34.001721, -118.207791 34.001799, -118.207799 34.001799, -118.207915 34.002051, -118.207552 34.002059, -118.207561 34.002309, -118.207832 34.002303, -118.207837 34.002446, -118.208255 34.002436, -118.208315 34.002231, -118.208261 34.002248, -118.208225 34.002169, -118.208184 34.00217, -118.208179 34.00205, -118.208662 34.002038, -118.208658 34.001941, -118.208601 34.001942, -118.208573 34.001135)))",microsoft_us_building_footprints
ms-ca-000459,Microsoft footprint CA #160,CA,,190664.69,33.8059305,-118.2209472,,commercial_industrial_unknown,unknown,"MULTIPOLYGON (((-118.220744 33.807448, -118.221244 33.807447, -118.221235 33.805072, -118.221299 33.805072, -118.221297 33.804544, -118.220823 33.804545, -118.220824 33.804752, -118.220584 33.804753, -118.22059 33.806459, -118.220741 33.806459, -118.220742 33.806538, -118.22057 33.806538, -118.22057 33.806557, -118.220741 33.806557, -118.220744 33.807448)))",microsoft_us_building_footprints
ms-ca-000460,Microsoft footprint CA #161,CA,,139489.25,34.0157553,-118.2212557,,commercial_industrial_unknown,unknown,"MULTIPOLYGON (((-118.222216 34.015407, -118.220578 34.015429, -118.220577 34.01541, -118.220446 34.015411, -118.220447 34.015437, -118.220375 34.015438, -118.220377 34.015509, -118.220414 34.015509, -118.220418 34.015716, -118.220208 34.015719, -118.220215 34.016089, -118.222229 34.016063, -118.222216 34.015407)))",microsoft_us_building_footprints
ms-ca-000461,Microsoft footprint CA #162,CA,,258249.33,33.8453485,-118.2226162,,commercial_industrial_unknown,unknown,"MULTIPOLYGON (((-118.22354 33.844688, -118.222537 33.844473, -118.222531 33.844491, -118.222171 33.844414, -118.22168 33.845993, -118.22307 33.846291, -118.223315 33.845504, -118.223288 33.845498, -118.22354 33.844688)))",microsoft_us_building_footprints
ms-ca-000462,Microsoft footprint CA #163,CA,,108328.88,33.8708548,-118.2244818,,commercial_industrial_unknown,unknown,"MULTIPOLYGON (((-118.225149 33.870479, -118.223792 33.870508, -118.223815 33.871231, -118.225172 33.871201, -118.225149 33.870479)))",microsoft_us_building_footprints
ms-ca-000463,Microsoft footprint CA #164,CA,,108440.56,33.9992326,-118.2358889,,commercial_industrial_unknown,unknown,"MULTIPOLYGON (((-118.235023 33.99893, -118.235021 33.999513, -118.235898 33.999514, -118.235898 33.999485, -118.235959 33.999485, -118.235959 33.999505, -118.236808 33.999506, -118.236809 33.998959, -118.236688 33.998959, -118.236688 33.998999, -118.236019 33.998998, -118.236019 33.998932, -118.235023 33.99893)))",microsoft_us_building_footprints
ms-ca-000464,Microsoft footprint CA #165,CA,,120946.03,33.8796972,-118.2292380,,commercial_industrial_unknown,unknown,"MULTIPOLYGON (((-118.229706 33.879707, -118.229709 33.879861, -118.229725 33.879852, -118.229727 33.879971, -118.229773 33.87997, -118.229819 33.880023, -118.229809 33.879541, -118.229834 33.87954, -118.229832 33.879486, -118.229828 33.879486, -118.229806 33.879499, -118.229806 33.879526, -118.229772 33.879527, -118.229772 33.879536, -118.229651 33.879537, -118.229642 33.879103, -118.229028 33.879112, -118.229029 33.879143, -118.228744 33.879147, -118.228768 33.880272, -118.229207 33.880265, -118.229209 33.880337, -118.229254 33.880336, -118.229297 33.88031, -118.229252 33.880259, -118.229679 33.880253, -118.229668 33.879708, -118.229706 33.879707)))",microsoft_us_building_footprints
ms-ca-000465,Microsoft footprint CA #166,CA,,103959.97,34.0282565,-118.2507250,,commercial_industrial_unknown,unknown,"MULTIPOLYGON (((-118.249947 34.028613, -118.250777 34.029009, -118.250962 34.028743, -118.250936 34.028718, -118.250843 34.028674, -118.250787 34.028714, -118.250744 34.028693, -118.250744 34.028693, -118.250528 34.02859, -118.250524 34.028586, -118.250607 34.028467, -118.250825 34.028571, -118.251066 34.028225, -118.251186 34.028282, -118.251265 34.028168, -118.251381 34.028223, -118.251543 34.02799, -118.251373 34.027908, -118.251289 34.028029, -118.251204 34.027988, -118.251352 34.027776, -118.250829 34.027527, -118.250757 34.027578, -118.250579 34.027834, -118.25067 34.027878, -118.250645 34.027914, -118.250607 34.02794, -118.250574 34.027988, -118.250883 34.028135, -118.250801 34.028253, -118.250348 34.028036, -118.249947 34.028613)))",microsoft_us_building_footprints
ms-ca-000466,Microsoft footprint CA #167,CA,,127349.96,33.9827599,-118.2383368,,commercial_industrial_unknown,unknown,"MULTIPOLYGON (((-118.238909 33.982266, -118.237686 33.982282, -118.237694 33.982726, -118.237869 33.982724, -118.237869 33.982758, -118.237806 33.982759, -118.237816 33.983277, -118.238927 33.983262, -118.238909 33.982266)))",microsoft_us_building_footprints
ms-ca-000467,Microsoft footprint CA #168,CA,,148275.11,34.0158743,-118.2382275,,commercial_industrial_unknown,unknown,"MULTIPOLYGON (((-118.239503 34.01609, -118.239499 34.015499, -118.238928 34.015501, -118.238929 34.015608, -118.237268 34.015616, -118.237269 34.015785, -118.237034 34.015881, -118.237034 34.015923, -118.236607 34.016098, -118.236607 34.016131, -118.236639 34.016183, -118.237073 34.016241, -118.237122 34.016221, -118.237188 34.016221, -118.237392 34.016137, -118.237449 34.016234, -118.237966 34.016022, -118.237966 34.01615, -118.238211 34.016149, -118.238209 34.015969, -118.238375 34.015969, -118.238384 34.015984, -118.238385 34.016095, -118.238811 34.016093, -118.238811 34.016118, -118.239169 34.016116, -118.239229 34.016091, -118.239503 34.01609)))",microsoft_us_building_footprints
ms-ca-000468,Microsoft footprint CA #169,CA,,122033.29,34.0333784,-118.2404668,,commercial_industrial_unknown,unknown,"MULTIPOLYGON (((-118.239555 34.033494, -118.240107 34.033706, -118.240445 34.033101, -118.240481 34.033115, -118.240527 34.033351, -118.240267 34.033817, -118.24081 34.034025, -118.240863 34.034018, -118.241286 34.03326, -118.241253 34.033247, -118.241281 34.033198, -118.240644 34.032954, -118.240561 34.032965, -118.240599 34.032896, -118.2404 34.03282, -118.240382 34.032852, -118.24024 34.032798, -118.240082 34.03308, -118.240079 34.03308, -118.240069 34.0331, -118.240131 34.033124, -118.240157 34.03312, -118.240263 34.032929, -118.240311 34.032947, -118.240187 34.033168, -118.239957 34.03308, -118.240066 34.032886, -118.240019 34.032868, -118.240105 34.032857, -118.239945 34.032795, -118.239555 34.033494)))",microsoft_us_building_footprints
ms-ca-000469,Microsoft footprint CA #170,CA,,143006.8,34.0000179,-118.2410772,,commercial_industrial_unknown,unknown,"MULTIPOLYGON (((-118.240152 34.000336, -118.240636 34.000334, -118.240636 34.000358, -118.240991 34.000356, -118.240992 34.00041, -118.241779 34.000407, -118.241779 34.000356, -118.241976 34.000355, -118.241971 33.999686, -118.241617 33.999687, -118.241617 33.999632, -118.241 33.999634, -118.241 33.999688, -118.240625 33.999689, -118.240625 33.999657, -118.240165 33.999659, -118.240165 33.99972, -118.240148 33.99972, -118.240152 34.000336)))",microsoft_us_building_footprints
ms-ca-000470,Microsoft footprint CA #171,CA,,172305.69,33.7945455,-118.2411808,,commercial_industrial_unknown,unknown,"MULTIPOLYGON (((-118.241385 33.794545, -118.241071 33.794611, -118.241158 33.794473, -118.24109 33.794376, -118.240902 33.794415, -118.240979 33.794042, -118.241218 33.793926, -118.241364 33.794136, -118.241378 33.794071, -118.24188 33.794291, -118.242346 33.793554, -118.242113 33.793452, -118.241954 33.793704, -118.241726 33.793378, -118.24141 33.793877, -118.240918 33.793662, -118.240772 33.793893, -118.240584 33.79381, -118.240422 33.794597, -118.241341 33.794727, -118.241155 33.794817, -118.241168 33.794862, -118.240995 33.794786, -118.240923 33.7949, -118.241053 33.794957, -118.24056 33.795736, -118.240424 33.795676, -118.240358 33.795781, -118.241068 33.796092, -118.241385 33.794545)))",microsoft_us_building_footprints
ms-ca-000471,Microsoft footprint CA #172,CA,,118278.7,33.8210459,-118.2597715,,commercial_industrial_unknown,unknown,"MULTIPOLYGON (((-118.260208 33.821636, -118.260205 33.821139, -118.260264 33.821139, -118.260262 33.820747, -118.260203 33.820747, -118.260202 33.820528, -118.260114 33.820529, -118.260113 33.820435, -118.259453 33.820437, -118.259454 33.820531, -118.259312 33.820532, -118.259318 33.821639, -118.260208 33.821636)))",microsoft_us_building_footprints
ms-ca-000472,Microsoft footprint CA #173,CA,,101122.64,33.8743708,-118.2457689,,commercial_industrial_unknown,unknown,"MULTIPOLYGON (((-118.246454 33.874029, -118.24583 33.874043, -118.245829 33.874003, -118.245676 33.874007, -118.245677 33.874053, -118.245059 33.874066, -118.245081 33.874715, -118.246476 33.874683, -118.246454 33.874029)))",microsoft_us_building_footprints
ms-ca-000473,Microsoft footprint CA #174,CA,,100349.58,33.8667475,-118.2496149,,commercial_industrial_unknown,unknown,"MULTIPOLYGON (((-118.250377 33.866484, -118.24935 33.86649, -118.249349 33.866327, -118.248917 33.86633, -118.248922 33.866976, -118.248961 33.866975, -118.248962 33.867038, -118.249041 33.867037, -118.249041 33.867071, -118.250382 33.867063, -118.250377 33.866484)))",microsoft_us_building_footprints
ms-ca-000474,Microsoft footprint CA #175,CA,,125831.88,34.0355088,-118.2726592,,commercial_industrial_unknown,unknown,"MULTIPOLYGON (((-118.271574 34.035443, -118.273296 34.036134, -118.273572 34.03566, -118.27273 34.035323, -118.272802 34.0352, -118.27316 34.035344, -118.273171 34.035325, -118.27335 34.035397, -118.273417 34.03528, -118.273255 34.035215, -118.273297 34.035143, -118.273142 34.035081, -118.273108 34.035141, -118.272958 34.035081, -118.272951 34.035094, -118.272533 34.034927, -118.272315 34.035298, -118.271783 34.035085, -118.271574 34.035443)))",microsoft_us_building_footprints
ms-ca-000475,Microsoft footprint CA #176,CA,,103257.76,33.8162871,-118.2557935,,commercial_industrial_unknown,unknown,"MULTIPOLYGON (((-118.25621 33.815777, -118.256071 33.815775, -118.256072 33.815671, -118.255785 33.815668, -118.255784 33.815737, -118.255414 33.815733, -118.25541 33.81607, -118.255345 33.816069, -118.255339 33.816533, -118.255416 33.816533, -118.255412 33.816856, -118.256195 33.816864, -118.25621 33.815777)))",microsoft_us_building_footprints
ms-ca-000476,Microsoft footprint CA #177,CA,,129159.66,34.1440355,-118.2739018,,commercial_industrial_unknown,unknown,"MULTIPOLYGON (((-118.273232 34.143566, -118.273233 34.143635, -118.273213 34.143636, -118.273215 34.14373, -118.273252 34.143729, -118.273263 34.144127, -118.273776 34.144118, -118.273777 34.144165, -118.273937 34.144162, -118.273938 34.144214, -118.273373 34.144224, -118.273384 34.144644, -118.27429 34.144627, -118.274288 34.144544, -118.27436 34.144542, -118.274354 34.1443, -118.27429 34.144302, -118.274288 34.144217, -118.273977 34.144223, -118.273975 34.144157, -118.27413 34.144154, -118.274128 34.144089, -118.274627 34.14408, -118.274612 34.143541, -118.273232 34.143566)))",microsoft_us_building_footprints
ms-ca-000477,Microsoft footprint CA #178,CA,,106098.19,34.0130754,-118.2768545,,commercial_industrial_unknown,unknown,"MULTIPOLYGON (((-118.276187 34.013441, -118.276606 34.013601, -118.276712 34.013408, -118.276863 34.013466, -118.27665 34.013851, -118.27679 34.013904, -118.276957 34.013602, -118.277148 34.013506, -118.277227 34.013537, -118.27738 34.01326, -118.27734 34.013206, -118.277214 34.013158, -118.277283 34.013033, -118.277032 34.012938, -118.277101 34.012812, -118.277413 34.01293, -118.277476 34.012815, -118.277249 34.012729, -118.277289 34.012657, -118.27722 34.012631, -118.277309 34.01247, -118.277014 34.012358, -118.276987 34.012407, -118.276919 34.012381, -118.27699 34.012254, -118.2769 34.012299, -118.276893 34.012289, -118.276845 34.012376, -118.276911 34.012401, -118.276841 34.012527, -118.276718 34.012481, -118.276187 34.013441)))",microsoft_us_building_footprints
ms-ca-000478,Microsoft footprint CA #179,CA,,145448.97,33.8831048,-118.2764684,,commercial_industrial_unknown,unknown,"MULTIPOLYGON (((-118.275985 33.88241, -118.276035 33.883846, -118.276922 33.883825, -118.276896 33.88306, -118.276958 33.883058, -118.276935 33.882387, -118.275985 33.88241)))",microsoft_us_building_footprints
ms-ca-000479,Microsoft footprint CA #180,CA,,151256.13,34.1673483,-118.2919398,,commercial_industrial_unknown,unknown,"MULTIPOLYGON (((-118.2931 34.167684, -118.291333 34.166449, -118.291196 34.166583, -118.291279 34.166641, -118.291039 34.166876, -118.290897 34.16685, -118.290845 34.166901, -118.291247 34.167182, -118.291221 34.167208, -118.291291 34.167257, -118.291324 34.167224, -118.291598 34.167416, -118.291408 34.167603, -118.291445 34.167629, -118.291639 34.167664, -118.291749 34.167741, -118.291932 34.167562, -118.292052 34.167647, -118.292033 34.167718, -118.292073 34.167745, -118.291955 34.16786, -118.291978 34.167877, -118.291967 34.16792, -118.292469 34.168271, -118.292765 34.167981, -118.292794 34.167987, -118.292851 34.167932, -118.292104 34.16741, -118.292239 34.167278, -118.292984 34.167798, -118.2931 34.167684)))",microsoft_us_building_footprints
ms-ca-000480,Microsoft footprint CA #181,CA,,169780.33,33.9058594,-118.2772586,,commercial_industrial_unknown,unknown,"MULTIPOLYGON (((-118.278149 33.906076, -118.278148 33.905467, -118.277951 33.905467, -118.277951 33.905402, -118.276495 33.905403, -118.276495 33.905576, -118.276366 33.905577, -118.276367 33.906076, -118.276494 33.906076, -118.276494 33.906241, -118.276714 33.906241, -118.276714 33.906361, -118.277824 33.90636, -118.277823 33.906243, -118.277951 33.906243, -118.27795 33.906076, -118.278149 33.906076)))",microsoft_us_building_footprints
ms-ca-000481,Microsoft footprint CA #182,CA,,133689.81,34.1697566,-118.2991166,,commercial_industrial_unknown,unknown,"MULTIPOLYGON (((-118.298239 34.169857, -118.29905 34.170418, -118.299159 34.17031, -118.299292 34.170402, -118.299461 34.170235, -118.299374 34.170175, -118.299659 34.169893, -118.29964 34.16986, -118.299668 34.169849, -118.299684 34.169876, -118.299777 34.169732, -118.299776 34.169732, -118.300041 34.16947, -118.299913 34.169382, -118.299868 34.169427, -118.299852 34.169416, -118.299829 34.169439, -118.299778 34.16946, -118.299334 34.169152, -118.299281 34.169204, -118.29921 34.169186, -118.299067 34.169327, -118.298896 34.169208, -118.298239 34.169857)))",microsoft_us_building_footprints
ms-ca-000482,Microsoft footprint CA #183,CA,,130828.75,33.8396203,-118.3085583,,commercial_industrial_unknown,unknown,"MULTIPOLYGON (((-118.309085 33.840196, -118.309088 33.839791, -118.308931 33.83979, -118.308932 33.839724, -118.308982 33.839757, -118.309079 33.839757, -118.309081 33.839511, -118.308984 33.839511, -118.308985 33.839454, -118.309074 33.839454, -118.309076 33.839162, -118.30892 33.839161, -118.308921 33.838918, -118.308559 33.838916, -118.308538 33.838939, -118.308537 33.839051, -118.308419 33.83905, -118.308385 33.839028, -118.308217 33.839203, -118.308215 33.839373, -118.30795 33.839372, -118.30792 33.839403, -118.30792 33.839447, -118.307885 33.839446, -118.307884 33.839601, -118.307811 33.839677, -118.30781 33.839749, -118.307911 33.839749, -118.307911 33.839705, -118.308079 33.839706, -118.308075 33.840191, -118.309085 33.840196)))",microsoft_us_building_footprints
ms-ca-000483,Microsoft footprint CA #184,CA,,217762.69,33.9874822,-118.3113471,,commercial_industrial_unknown,unknown,"MULTIPOLYGON (((-118.31248 33.986613, -118.310145 33.98766, -118.310219 33.987774, -118.310327 33.987725, -118.310425 33.987875, -118.310184 33.987983, -118.310149 33.987929, -118.30972 33.988122, -118.309713 33.987936, -118.309529 33.987941, -118.30934 33.988026, -118.309342 33.988099, -118.309282 33.9881, -118.309284 33.988176, -118.309337 33.988175, -118.309344 33.98837, -118.30972 33.988361, -118.309718 33.988292, -118.309939 33.988286, -118.309933 33.988106, -118.310637 33.988089, -118.311465 33.987717, -118.311517 33.987796, -118.31167 33.987728, -118.311744 33.987841, -118.311983 33.987734, -118.31191 33.987623, -118.312713 33.987262, -118.312712 33.987229, -118.31304 33.987082, -118.312906 33.986876, -118.312709 33.986964, -118.31248 33.986613)))",microsoft_us_building_footprints
ms-ca-000484,Microsoft footprint CA #185,CA,,131477.98,33.9219242,-118.3213887,,commercial_industrial_unknown,unknown,"MULTIPOLYGON (((-118.320506 33.921807, -118.320871 33.922549, -118.320954 33.922521, -118.320974 33.922563, -118.321165 33.922498, -118.321147 33.922462, -118.321285 33.922415, -118.321254 33.922352, -118.32185 33.922151, -118.321859 33.92217, -118.322029 33.922112, -118.321999 33.92205, -118.322309 33.921945, -118.322059 33.921437, -118.321988 33.921461, -118.321972 33.921428, -118.321871 33.921462, -118.321821 33.921361, -118.320506 33.921807)))",microsoft_us_building_footprints
ms-ca-000485,Microsoft footprint CA #186,CA,,117398.06,33.9185753,-118.3407347,,commercial_industrial_unknown,unknown,"MULTIPOLYGON (((-118.340073 33.918, -118.340073 33.918164, -118.340264 33.918164, -118.340264 33.918191, -118.340342 33.918191, -118.340344 33.919237, -118.341041 33.919236, -118.341041 33.918915, -118.341169 33.918915, -118.341169 33.918845, -118.34123 33.918845, -118.341228 33.918074, -118.341033 33.918074, -118.341033 33.917998, -118.340073 33.918)))",microsoft_us_building_footprints
ms-ca-000486,Microsoft footprint CA #187,CA,,152917.64,33.9142477,-118.3288870,,commercial_industrial_unknown,unknown,"MULTIPOLYGON (((-118.329562 33.913683, -118.329366 33.913679, -118.329365 33.913735, -118.328403 33.913717, -118.328403 33.913686, -118.328226 33.913682, -118.328213 33.914166, -118.328363 33.914169, -118.32836 33.914306, -118.328228 33.914303, -118.328215 33.914787, -118.328357 33.91479, -118.328358 33.914746, -118.328428 33.914748, -118.328427 33.914801, -118.328802 33.914808, -118.328804 33.91474, -118.329152 33.914747, -118.329151 33.914801, -118.329354 33.914805, -118.329356 33.914743, -118.329418 33.914744, -118.329417 33.914787, -118.329566 33.91479, -118.329573 33.914522, -118.329542 33.914522, -118.329548 33.914305, -118.329416 33.914302, -118.32942 33.914165, -118.329549 33.914168, -118.329562 33.913683)))",microsoft_us_building_footprints
ms-ca-000487,Microsoft footprint CA #188,CA,,2024731.75,33.8319143,-118.3496733,,commercial_industrial_unknown,unknown,"MULTIPOLYGON (((-118.350139 33.829443, -118.350155 33.82894, -118.35069 33.828952, -118.350102 33.827717, -118.350134 33.826707, -118.349105 33.826684, -118.348898 33.833155, -118.348953 33.833196, -118.348395 33.833711, -118.348405 33.833386, -118.347867 33.833375, -118.347851 33.833871, -118.347135 33.833338, -118.347104 33.834311, -118.347107 33.834311, -118.347084 33.835022, -118.348644 33.835056, -118.348644 33.835074, -118.350002 33.835104, -118.350003 33.835073, -118.351148 33.835098, -118.351301 33.830313, -118.349846 33.830281, -118.349851 33.830099, -118.350706 33.830117, -118.350727 33.829487, -118.350139 33.829443)))",microsoft_us_building_footprints
ms-ca-000488,Microsoft footprint CA #189,CA,,171054.82,33.8271538,-118.3456356,,commercial_industrial_unknown,unknown,"MULTIPOLYGON (((-118.345283 33.826002, -118.345285 33.827592, -118.345553 33.827592, -118.345554 33.827809, -118.345287 33.827809, -118.345287 33.828402, -118.345962 33.828401, -118.345962 33.828217, -118.345999 33.828217, -118.345999 33.827888, -118.345963 33.827888, -118.345962 33.827809, -118.345626 33.827809, -118.345626 33.827593, -118.34598 33.827593, -118.345979 33.827001, -118.346047 33.827001, -118.346047 33.826853, -118.345985 33.826853, -118.345984 33.826002, -118.345283 33.826002)))",microsoft_us_building_footprints
ms-ca-000489,Microsoft footprint CA #190,CA,,153863.16,33.9327434,-118.3745708,,commercial_industrial_unknown,unknown,"MULTIPOLYGON (((-118.374377 33.931229, -118.374384 33.934279, -118.374196 33.934279, -118.374196 33.934412, -118.374787 33.934411, -118.37478 33.931082, -118.374187 33.931083, -118.374187 33.931229, -118.374377 33.931229)))",microsoft_us_building_footprints
ms-ca-000490,Microsoft footprint CA #191,CA,,296986.96,33.8992086,-118.3937299,,commercial_industrial_unknown,unknown,"MULTIPOLYGON (((-118.393662 33.897708, -118.393665 33.898118, -118.393652 33.898113, -118.393566 33.898257, -118.393422 33.898197, -118.393341 33.898331, -118.393395 33.898353, -118.392963 33.899068, -118.392964 33.899301, -118.393316 33.899687, -118.393319 33.900205, -118.393201 33.90028, -118.393326 33.900417, -118.393328 33.900695, -118.394167 33.900691, -118.394161 33.899801, -118.394035 33.899749, -118.394035 33.899695, -118.394159 33.899489, -118.394139 33.899489, -118.394062 33.899405, -118.394191 33.899404, -118.394189 33.899132, -118.393795 33.899133, -118.393794 33.899072, -118.394194 33.89907, -118.394192 33.898734, -118.394097 33.898735, -118.394005 33.898886, -118.393936 33.898811, -118.394606 33.897704, -118.393662 33.897708)))",microsoft_us_building_footprints
ms-ca-000491,Microsoft footprint CA #192,CA,,124534.56,34.0440288,-118.3792535,,commercial_industrial_unknown,unknown,"MULTIPOLYGON (((-118.379166 34.043171, -118.378855 34.044448, -118.378768 34.044433, -118.378771 34.044418, -118.378341 34.044346, -118.378296 34.044528, -118.378732 34.044601, -118.378723 34.044639, -118.379648 34.044794, -118.37969 34.044623, -118.379476 34.044587, -118.379527 34.044378, -118.379473 34.044369, -118.379485 34.044318, -118.379554 34.04433, -118.379721 34.043645, -118.379788 34.043656, -118.379805 34.043587, -118.379748 34.043577, -118.37982 34.04328, -118.379166 34.043171)))",microsoft_us_building_footprints
ms-ca-000492,Microsoft footprint CA #193,CA,,1291173.5,33.9245029,-118.3806331,,commercial_industrial_unknown,unknown,"MULTIPOLYGON (((-118.379453 33.921355, -118.379445 33.926923, -118.381033 33.926925, -118.381034 33.926491, -118.381125 33.926491, -118.381125 33.926435, -118.381033 33.926435, -118.381033 33.926395, -118.381135 33.926395, -118.381135 33.92615, -118.381032 33.92615, -118.381032 33.926068, -118.381321 33.926068, -118.38132 33.926921, -118.382374 33.926922, -118.382376 33.925734, -118.382462 33.925734, -118.382462 33.925618, -118.382378 33.925617, -118.38238 33.924272, -118.381319 33.924271, -118.381316 33.925956, -118.381032 33.925956, -118.381033 33.925322, -118.381124 33.925322, -118.381124 33.925198, -118.381027 33.925198, -118.381032 33.921522, -118.381081 33.921522, -118.381081 33.921423, -118.381022 33.921423, -118.381022 33.921356, -118.379453 33.921355)))",microsoft_us_building_footprints
ms-ca-000493,Microsoft footprint CA #194,CA,,158738.26,34.2568156,-118.3965490,,commercial_industrial_unknown,unknown,"MULTIPOLYGON (((-118.396384 34.256781, -118.397253 34.257646, -118.397468 34.257499, -118.397481 34.257511, -118.397542 34.257469, -118.397522 34.257449, -118.397711 34.257319, -118.397079 34.256689, -118.397156 34.256636, -118.397096 34.256576, -118.397133 34.256551, -118.397009 34.256428, -118.396969 34.256455, -118.39691 34.256396, -118.396813 34.256462, -118.396418 34.256069, -118.396059 34.256316, -118.395965 34.256223, -118.395899 34.256268, -118.395999 34.256367, -118.395951 34.2564, -118.395835 34.256284, -118.395104 34.256785, -118.395235 34.256916, -118.395814 34.256519, -118.396071 34.256776, -118.395487 34.257176, -118.395618 34.257306, -118.396384 34.256781)))",microsoft_us_building_footprints
ms-ca-000494,Microsoft footprint CA #195,CA,,356355.49,33.9138760,-118.3891608,,commercial_industrial_unknown,unknown,"MULTIPOLYGON (((-118.387066 33.913324, -118.389162 33.915061, -118.391256 33.913321, -118.390727 33.912883, -118.390356 33.913192, -118.390341 33.913179, -118.390261 33.913172, -118.390214 33.913211, -118.390276 33.913263, -118.38961 33.913816, -118.389573 33.913785, -118.389547 33.913806, -118.389511 33.913803, -118.389471 33.913836, -118.389529 33.913884, -118.389161 33.91419, -118.388794 33.913885, -118.388833 33.913852, -118.388814 33.913836, -118.388822 33.913781, -118.388762 33.913775, -118.388713 33.913816, -118.388047 33.913264, -118.388087 33.913231, -118.388068 33.913214, -118.388076 33.913157, -118.388016 33.913151, -118.387965 33.913193, -118.387593 33.912886, -118.387066 33.913324)))",microsoft_us_building_footprints
ms-ca-000495,Microsoft footprint CA #196,CA,,149615.55,34.2039769,-118.4069263,,commercial_industrial_unknown,unknown,"MULTIPOLYGON (((-118.405605 34.20346, -118.40603 34.203986, -118.406264 34.204019, -118.406225 34.204213, -118.406565 34.204261, -118.406611 34.204039, -118.407069 34.204103, -118.407089 34.204009, -118.407164 34.203967, -118.407134 34.203953, -118.407149 34.20393, -118.407095 34.203906, -118.407118 34.203893, -118.407186 34.203902, -118.407037 34.204627, -118.407509 34.204693, -118.407701 34.204404, -118.407859 34.204427, -118.407926 34.204097, -118.407697 34.204065, -118.407736 34.203875, -118.40805 34.203919, -118.408073 34.203804, -118.4071 34.203668, -118.407087 34.203731, -118.407136 34.203704, -118.407129 34.203738, -118.406887 34.203704, -118.406913 34.203575, -118.405934 34.203438, -118.405921 34.203504, -118.405605 34.20346)))",microsoft_us_building_footprints
ms-ca-000496,Microsoft footprint CA #197,CA,,181107.11,34.2380158,-118.3903005,,commercial_industrial_unknown,unknown,"MULTIPOLYGON (((-118.391258 34.238064, -118.390262 34.237091, -118.389825 34.237398, -118.389896 34.237467, -118.389851 34.237499, -118.389924 34.23757, -118.389609 34.23779, -118.389695 34.237873, -118.389575 34.237957, -118.389737 34.238116, -118.389737 34.238116, -118.389855 34.238231, -118.389555 34.238441, -118.39004 34.238915, -118.391258 34.238064)))",microsoft_us_building_footprints
ms-ca-000497,Microsoft footprint CA #198,CA,,118285.84,34.3117716,-118.4504724,,commercial_industrial_unknown,unknown,"MULTIPOLYGON (((-118.451464 34.311585, -118.450865 34.311113, -118.450484 34.311443, -118.451008 34.311913, -118.450919 34.311991, -118.450812 34.311906, -118.450611 34.31208, -118.450041 34.311631, -118.45036 34.311355, -118.450245 34.311308, -118.449811 34.311684, -118.449773 34.31161, -118.449919 34.311484, -118.449902 34.31145, -118.450149 34.311236, -118.44986 34.311008, -118.449774 34.311082, -118.44996 34.311228, -118.449579 34.311557, -118.450441 34.312237, -118.450374 34.312295, -118.449813 34.311852, -118.449642 34.311999, -118.450325 34.312537, -118.450293 34.312565, -118.450349 34.312609, -118.45038 34.312557, -118.450438 34.312581, -118.450503 34.312525, -118.450464 34.31245, -118.451464 34.311585)))",microsoft_us_building_footprints
ms-ca-000498,Microsoft footprint CA #199,CA,,106232.37,34.2789456,-118.4335555,,commercial_industrial_unknown,unknown,"MULTIPOLYGON (((-118.432824 34.278923, -118.43319 34.279283, -118.433056 34.279376, -118.433301 34.279617, -118.434232 34.278973, -118.434211 34.278953, -118.434244 34.27893, -118.434261 34.278947, -118.434319 34.278907, -118.434288 34.278876, -118.434292 34.278873, -118.433716 34.278306, -118.432824 34.278923)))",microsoft_us_building_footprints
ms-ca-000499,Microsoft footprint CA #200,CA,,132438.1,34.2146969,-118.4696117,,commercial_industrial_unknown,unknown,"MULTIPOLYGON (((-118.46893 34.214256, -118.468933 34.215136, -118.469463 34.215135, -118.469463 34.215174, -118.469622 34.215173, -118.469622 34.215135, -118.470294 34.215133, -118.470291 34.214253, -118.46893 34.214256)))",microsoft_us_building_footprints
ms-ca-000500,Microsoft footprint CA #201,CA,,136020.19,34.2127715,-118.4593500,,commercial_industrial_unknown,unknown,"MULTIPOLYGON (((-118.458532 34.21244, -118.458573 34.212607, -118.45854 34.212613, -118.458563 34.212711, -118.458427 34.212733, -118.458502 34.213042, -118.460005 34.213268, -118.460122 34.212733, -118.460188 34.212743, -118.460225 34.212573, -118.460222 34.212559, -118.460257 34.212398, -118.460163 34.212384, -118.460136 34.21251, -118.459993 34.212488, -118.459989 34.212507, -118.459894 34.212493, -118.459929 34.212331, -118.459753 34.212305, -118.459722 34.212444, -118.459066 34.212342, -118.458532 34.21244)))",microsoft_us_building_footprints
ms-ca-000501,Microsoft footprint CA #202,CA,,180223.74,34.2128943,-118.4819519,,commercial_industrial_unknown,unknown,"MULTIPOLYGON (((-118.483014 34.21327, -118.483016 34.212507, -118.480926 34.212503, -118.480925 34.212838, -118.480875 34.212838, -118.480874 34.21327, -118.481627 34.213272, -118.481627 34.213356, -118.481791 34.213356, -118.481791 34.213334, -118.481858 34.213334, -118.481858 34.213268, -118.483014 34.21327)))",microsoft_us_building_footprints
ms-ca-000502,Microsoft footprint CA #203,CA,,122320.11,34.2199074,-118.4994670,,commercial_industrial_unknown,unknown,"MULTIPOLYGON (((-118.498891 34.21941, -118.499199 34.220609, -118.500003 34.220468, -118.499964 34.220315, -118.500121 34.220288, -118.500067 34.220078, -118.499941 34.2201, -118.499889 34.219896, -118.499843 34.219904, -118.499777 34.219647, -118.499807 34.219642, -118.499717 34.219289, -118.499717 34.219289, -118.499664 34.219084, -118.499474 34.219117, -118.499483 34.219151, -118.499521 34.219144, -118.499533 34.219189, -118.499641 34.21917, -118.49965 34.219206, -118.499049 34.219311, -118.499067 34.219379, -118.498891 34.21941)))",microsoft_us_building_footprints
ms-ca-000503,Microsoft footprint CA #204,CA,,233719.86,34.4047596,-118.5383731,,commercial_industrial_unknown,unknown,"MULTIPOLYGON (((-118.538079 34.405682, -118.538287 34.405661, -118.538319 34.405875, -118.538126 34.405895, -118.538158 34.406109, -118.538977 34.406026, -118.538596 34.403455, -118.537761 34.40354, -118.538079 34.405682)))",microsoft_us_building_footprints
ms-ca-000504,Microsoft footprint CA #205,CA,,125141.41,34.4170275,-118.5077954,,commercial_industrial_unknown,unknown,"MULTIPOLYGON (((-118.506776 34.417119, -118.507131 34.41774, -118.507509 34.417593, -118.507458 34.417505, -118.507997 34.417295, -118.507938 34.417192, -118.508296 34.417052, -118.508207 34.416897, -118.508382 34.416828, -118.508457 34.416959, -118.508523 34.416933, -118.508561 34.416998, -118.508733 34.416931, -118.508688 34.416851, -118.508946 34.41675, -118.508723 34.41636, -118.506776 34.417119)))",microsoft_us_building_footprints
ms-ca-000505,Microsoft footprint CA #206,CA,,134386.91,34.2449473,-118.5831882,,commercial_industrial_unknown,unknown,"MULTIPOLYGON (((-118.583916 34.244371, -118.583103 34.244371, -118.583103 34.244692, -118.582164 34.244692, -118.582164 34.244995, -118.582938 34.244995, -118.582938 34.245322, -118.582166 34.245322, -118.582166 34.245457, -118.583106 34.245457, -118.583106 34.245548, -118.584037 34.245548, -118.584037 34.24539, -118.583306 34.24539, -118.583306 34.245001, -118.584036 34.245001, -118.584036 34.244845, -118.583916 34.244845, -118.583916 34.244371)))",microsoft_us_building_footprints
ms-ca-000506,Microsoft footprint CA #207,CA,,163198.55,34.1714307,-118.5948660,,commercial_industrial_unknown,unknown,"MULTIPOLYGON (((-118.595755 34.171021, -118.595354 34.171018, -118.595342 34.170992, -118.595216 34.170991, -118.595216 34.171022, -118.594555 34.171018, -118.594555 34.170993, -118.594421 34.170993, -118.594421 34.170966, -118.594336 34.170965, -118.594335 34.171022, -118.594024 34.17102, -118.594023 34.171077, -118.593829 34.171075, -118.593828 34.171172, -118.593969 34.171173, -118.593968 34.171248, -118.594025 34.171248, -118.59402 34.171805, -118.593969 34.171796, -118.593945 34.171825, -118.593994 34.171825, -118.594024 34.171817, -118.594039 34.171852, -118.594259 34.171854, -118.594258 34.171916, -118.594446 34.171917, -118.594447 34.171845, -118.595748 34.171853, -118.595755 34.171021)))",microsoft_us_building_footprints
ms-ca-000507,Microsoft footprint CA #208,CA,,115896.23,34.4392847,-118.6242251,,commercial_industrial_unknown,unknown,"MULTIPOLYGON (((-118.623419 34.439516, -118.623854 34.439793, -118.623796 34.439855, -118.624067 34.440028, -118.624432 34.439638, -118.624384 34.439607, -118.624705 34.439264, -118.624784 34.439314, -118.625058 34.439022, -118.624363 34.438579, -118.623743 34.439242, -118.623701 34.439215, -118.623419 34.439516)))",microsoft_us_building_footprints
ms-ca-000508,Microsoft footprint CA #209,CA,,124024.95,34.2488428,-118.5968135,,commercial_industrial_unknown,unknown,"MULTIPOLYGON (((-118.597188 34.249596, -118.597191 34.248092, -118.596416 34.248091, -118.596415 34.248639, -118.596503 34.248639, -118.596502 34.249045, -118.596418 34.249045, -118.596416 34.249595, -118.597188 34.249596)))",microsoft_us_building_footprints
ms-ca-000509,Microsoft footprint CA #210,CA,,687338.02,34.1842201,-118.8879601,,commercial_industrial_unknown,unknown,"MULTIPOLYGON (((-118.887356 34.183969, -118.887373 34.184331, -118.887988 34.184832, -118.887614 34.185145, -118.888431 34.18581, -118.88849 34.185808, -118.88888 34.185481, -118.889301 34.186264, -118.890213 34.185498, -118.888673 34.184243, -118.88926 34.183749, -118.889096 34.183445, -118.888706 34.183127, -118.88817 34.183578, -118.888176 34.183714, -118.886282 34.182171, -118.886093 34.182329, -118.886704 34.182827, -118.886707 34.182901, -118.88624 34.182916, -118.886371 34.182805, -118.885938 34.182452, -118.885956 34.182832, -118.885351 34.183055, -118.885986 34.183572, -118.885974 34.183576, -118.886009 34.183642, -118.886474 34.183252, -118.886691 34.183654, -118.886315 34.18397, -118.886676 34.184264, -118.887018 34.184253, -118.887356 34.183969)))",microsoft_us_building_footprints
ms-ca-000510,Microsoft footprint CA #211,CA,,368849.18,35.3574454,-118.9813013,,commercial_industrial_unknown,unknown,"MULTIPOLYGON (((-118.980922 35.359725, -118.98167 35.359726, -118.981675 35.358302, -118.981533 35.358302, -118.981534 35.35818, -118.981676 35.35818, -118.981686 35.355196, -118.981622 35.355196, -118.981622 35.355154, -118.981508 35.355154, -118.981508 35.355194, -118.98148 35.355193, -118.98148 35.355156, -118.981405 35.355156, -118.981405 35.355195, -118.981252 35.355195, -118.981252 35.355164, -118.981118 35.355164, -118.981118 35.355196, -118.980935 35.355196, -118.980934 35.355629, -118.980904 35.355629, -118.980904 35.355754, -118.980933 35.355754, -118.980922 35.359033, -118.980924 35.359033, -118.980922 35.359725)))",microsoft_us_building_footprints
ms-ca-000511,Microsoft footprint CA #212,CA,,197141.97,35.7989106,-119.1377030,,commercial_industrial_unknown,unknown,"MULTIPOLYGON (((-119.138292 35.798184, -119.136983 35.798216, -119.137024 35.799326, -119.137043 35.799359, -119.137053 35.799358, -119.137203 35.799622, -119.137242 35.799606, -119.137291 35.799515, -119.137367 35.799513, -119.137397 35.799435, -119.13744 35.799418, -119.137453 35.79944, -119.137597 35.799437, -119.137594 35.799347, -119.137671 35.799318, -119.137675 35.799419, -119.13773 35.799398, -119.137762 35.799454, -119.137828 35.799429, -119.13783 35.799491, -119.137894 35.799468, -119.137903 35.799722, -119.137852 35.799723, -119.137822 35.799735, -119.137823 35.799774, -119.137749 35.799776, -119.137751 35.799837, -119.138352 35.799822, -119.138292 35.798184)))",microsoft_us_building_footprints
ms-ca-000512,Microsoft footprint CA #213,CA,,260187.59,35.5631750,-119.2006154,,commercial_industrial_unknown,unknown,"MULTIPOLYGON (((-119.199849 35.562133, -119.200305 35.564341, -119.201104 35.564231, -119.201115 35.564288, -119.201452 35.564242, -119.201381 35.563899, -119.201578 35.563872, -119.201553 35.563751, -119.201335 35.563781, -119.201275 35.563489, -119.200946 35.563534, -119.200908 35.563352, -119.201067 35.56333, -119.201043 35.563213, -119.200961 35.563225, -119.200946 35.563155, -119.201188 35.563122, -119.20116 35.562986, -119.200826 35.563031, -119.200782 35.562821, -119.201102 35.562778, -119.201082 35.562682, -119.20081 35.56272, -119.200822 35.562779, -119.200774 35.562786, -119.200757 35.562707, -119.201077 35.562663, -119.200933 35.561969, -119.200699 35.562002, -119.200681 35.561915, -119.200451 35.561946, -119.200472 35.562048, -119.199849 35.562133)))",microsoft_us_building_footprints
ms-ca-000513,Microsoft footprint CA #214,CA,,109061.93,34.1983295,-119.1691235,,commercial_industrial_unknown,unknown,"MULTIPOLYGON (((-119.168614 34.197845, -119.168601 34.198805, -119.169633 34.198814, -119.169646 34.197854, -119.168614 34.197845)))",microsoft_us_building_footprints
ms-ca-000514,Microsoft footprint CA #215,CA,,134120.34,34.1621973,-119.2058323,,commercial_industrial_unknown,unknown,"MULTIPOLYGON (((-119.206238 34.161381, -119.205968 34.161372, -119.205969 34.161354, -119.205842 34.16135, -119.205841 34.161378, -119.205509 34.161367, -119.20549 34.161747, -119.205448 34.161745, -119.20543 34.162118, -119.205497 34.16212, -119.205486 34.162366, -119.205442 34.162364, -119.205427 34.162675, -119.205495 34.162677, -119.205477 34.163041, -119.206155 34.163064, -119.206158 34.162992, -119.206198 34.162993, -119.2062 34.162953, -119.206155 34.162952, -119.206156 34.162926, -119.206195 34.162927, -119.206198 34.162864, -119.206143 34.162862, -119.206164 34.162417, -119.206189 34.162418, -119.206238 34.161381)))",microsoft_us_building_footprints
ms-ca-000515,Microsoft footprint CA #216,CA,,182068.93,34.2595541,-119.2323185,,commercial_industrial_unknown,unknown,"MULTIPOLYGON (((-119.232917 34.25985, -119.232895 34.259513, -119.233171 34.259501, -119.233175 34.259574, -119.233324 34.259568, -119.233326 34.259601, -119.234451 34.259551, -119.234437 34.259343, -119.233977 34.259364, -119.233967 34.259215, -119.233439 34.259238, -119.233447 34.259354, -119.233166 34.259366, -119.233159 34.259254, -119.232878 34.259266, -119.232875 34.259218, -119.232741 34.259224, -119.232736 34.259152, -119.231994 34.259185, -119.231998 34.259251, -119.231758 34.259262, -119.231783 34.259656, -119.231535 34.259667, -119.231523 34.259495, -119.231259 34.259507, -119.231254 34.259442, -119.230583 34.259472, -119.230614 34.259942, -119.232573 34.259855, -119.232574 34.259865, -119.232917 34.25985)))",microsoft_us_building_footprints
ms-ca-000516,Microsoft footprint CA #217,CA,,111572.72,35.8365903,-119.2696220,,commercial_industrial_unknown,unknown,"MULTIPOLYGON (((-119.269136 35.836875, -119.269439 35.836875, -119.269439 35.83699, -119.269139 35.83699, -119.269138 35.837215, -119.270023 35.837216, -119.270027 35.83588, -119.269576 35.83588, -119.269576 35.836071, -119.269235 35.83607, -119.269234 35.836414, -119.269138 35.836414, -119.269136 35.836875)))",microsoft_us_building_footprints
ms-ca-000517,Microsoft footprint CA #218,CA,,113236.79,35.0554767,-119.2878283,,commercial_industrial_unknown,unknown,"MULTIPOLYGON (((-119.287459 35.054762, -119.287499 35.056181, -119.287679 35.056497, -119.287852 35.056222, -119.288035 35.056152, -119.288026 35.055822, -119.288098 35.055852, -119.288107 35.055836, -119.288132 35.055879, -119.288195 35.055778, -119.288179 35.055225, -119.288246 35.055254, -119.288349 35.055214, -119.288378 35.055184, -119.288296 35.055039, -119.288266 35.055086, -119.288248 35.055054, -119.288212 35.055112, -119.288133 35.055079, -119.28813 35.054982, -119.28832 35.054978, -119.288314 35.054772, -119.288211 35.054728, -119.288093 35.054917, -119.288058 35.054856, -119.288022 35.05487, -119.288018 35.054712, -119.287935 35.054713, -119.287848 35.054851, -119.287761 35.054853, -119.287707 35.054757, -119.287459 35.054762)))",microsoft_us_building_footprints
ms-ca-000518,Microsoft footprint CA #219,CA,,168589.97,36.3281662,-119.2949544,,commercial_industrial_unknown,unknown,"MULTIPOLYGON (((-119.295897 36.328245, -119.295662 36.327854, -119.295854 36.327665, -119.295734 36.327465, -119.295325 36.32746, -119.295319 36.327718, -119.295265 36.327682, -119.295269 36.327505, -119.294629 36.327496, -119.29449 36.327847, -119.2942 36.327843, -119.294198 36.3279, -119.294375 36.327902, -119.29437 36.328165, -119.294003 36.32816, -119.294001 36.328262, -119.294329 36.328266, -119.294318 36.328834, -119.294787 36.329145, -119.295013 36.329148, -119.295015 36.329043, -119.29493 36.328902, -119.295182 36.328804, -119.295078 36.32863, -119.295096 36.328613, -119.295141 36.328624, -119.295105 36.328564, -119.295109 36.328351, -119.294748 36.328346, -119.294615 36.328312, -119.294615 36.328338, -119.294445 36.328226, -119.295897 36.328245)))",microsoft_us_building_footprints
ms-ca-000519,Microsoft footprint CA #220,CA,,165743.66,34.3438290,-119.2952584,,commercial_industrial_unknown,unknown,"MULTIPOLYGON (((-119.29608 34.344209, -119.296016 34.343259, -119.294715 34.343397, -119.294722 34.343439, -119.294478 34.34345, -119.294487 34.343504, -119.294508 34.343533, -119.294444 34.343565, -119.294519 34.343595, -119.294479 34.343662, -119.294537 34.343685, -119.294516 34.343721, -119.294551 34.343735, -119.294528 34.343774, -119.294587 34.343798, -119.294528 34.343804, -119.294447 34.343844, -119.294477 34.343885, -119.29443 34.343965, -119.294471 34.34402, -119.294446 34.344063, -119.294408 34.344067, -119.294391 34.344271, -119.294443 34.344342, -119.294523 34.344374, -119.29608 34.344209)))",microsoft_us_building_footprints
ms-ca-000520,Microsoft footprint CA #221,CA,,144246.85,35.1564484,-119.3109789,,commercial_industrial_unknown,unknown,"MULTIPOLYGON (((-119.311528 35.156085, -119.311445 35.156045, -119.311441 35.156042, -119.31128 35.155966, -119.311176 35.155851, -119.310056 35.155845, -119.310035 35.155876, -119.310056 35.1559, -119.310046 35.155915, -119.310046 35.155955, -119.310376 35.15632, -119.310338 35.156375, -119.310398 35.156442, -119.310728 35.156596, -119.310752 35.156623, -119.310825 35.156657, -119.310824 35.156677, -119.31078 35.156704, -119.31078 35.156756, -119.310881 35.156804, -119.310879 35.157051, -119.310993 35.157104, -119.310992 35.157185, -119.311045 35.157243, -119.311085 35.157243, -119.311106 35.157266, -119.311262 35.15734, -119.31148 35.157341, -119.311518 35.157317, -119.311528 35.156085)))",microsoft_us_building_footprints
ms-ca-000521,Microsoft footprint CA #222,CA,,273071.97,36.3352835,-119.3981105,,commercial_industrial_unknown,unknown,"MULTIPOLYGON (((-119.396976 36.334688, -119.396978 36.335797, -119.398786 36.335794, -119.398787 36.336231, -119.399082 36.33623, -119.399081 36.33601, -119.399146 36.33601, -119.399143 36.334685, -119.396976 36.334688)))",microsoft_us_building_footprints
ms-ca-000522,Microsoft footprint CA #223,CA,,2504784.9,35.7952894,-119.3344728,,commercial_industrial_unknown,unknown,"MULTIPOLYGON (((-119.332618 35.794072, -119.333218 35.793403, -119.332072 35.793284, -119.331105 35.793585, -119.330907 35.793166, -119.329403 35.792278, -119.328646 35.793121, -119.329279 35.794462, -119.330568 35.794596, -119.333528 35.796344, -119.333459 35.796784, -119.334194 35.796556, -119.33477 35.796896, -119.335905 35.797014, -119.335788 35.797145, -119.33603 35.79717, -119.336221 35.797573, -119.338741 35.797835, -119.338857 35.797706, -119.339314 35.794816, -119.338386 35.794268, -119.338213 35.79446, -119.338126 35.794409, -119.3379 35.794479, -119.337723 35.795597, -119.337689 35.795594, -119.337519 35.795234, -119.336995 35.79518, -119.337203 35.795622, -119.337051 35.795669, -119.334715 35.79429, -119.332618 35.794072)))",microsoft_us_building_footprints
ms-ca-000523,Microsoft footprint CA #224,CA,,127047.92,35.8239996,-119.4711339,,commercial_industrial_unknown,unknown,"MULTIPOLYGON (((-119.472055 35.823827, -119.471893 35.823761, -119.471766 35.823757, -119.471765 35.823772, -119.471179 35.823753, -119.470905 35.823885, -119.470921 35.823572, -119.470121 35.823545, -119.46997 35.82368, -119.469956 35.823959, -119.470018 35.823961, -119.470069 35.823998, -119.470042 35.824021, -119.470239 35.824028, -119.470323 35.823987, -119.470372 35.824053, -119.470446 35.824055, -119.470522 35.824111, -119.470575 35.824025, -119.470678 35.824028, -119.470679 35.824029, -119.470869 35.824036, -119.470955 35.824154, -119.471039 35.824157, -119.471122 35.824218, -119.471113 35.824383, -119.471213 35.824424, -119.471363 35.824534, -119.471464 35.824537, -119.471471 35.824397, -119.472015 35.824617, -119.472055 35.823827)))",microsoft_us_building_footprints
ms-ca-000524,Microsoft footprint CA #225,CA,,100268.88,36.3519352,-119.3724186,,commercial_industrial_unknown,unknown,"MULTIPOLYGON (((-119.372133 36.351817, -119.37197 36.351818, -119.37197 36.351891, -119.371882 36.351892, -119.371885 36.352316, -119.371974 36.352316, -119.371975 36.352447, -119.372568 36.352444, -119.372568 36.352512, -119.372836 36.352511, -119.372828 36.351461, -119.372884 36.351461, -119.372884 36.351405, -119.372825 36.351405, -119.372824 36.351334, -119.37213 36.351337, -119.372133 36.351817)))",microsoft_us_building_footprints
ms-ca-000525,Microsoft footprint CA #226,CA,,1295795.83,35.7225725,-119.4433744,,commercial_industrial_unknown,unknown,"MULTIPOLYGON (((-119.445045 35.723008, -119.443576 35.722582, -119.444565 35.720333, -119.443888 35.719848, -119.44379 35.719756, -119.44458 35.719782, -119.444309 35.719238, -119.444231 35.718892, -119.443323 35.719672, -119.441713 35.719205, -119.441693 35.719591, -119.442212 35.719741, -119.442438 35.719667, -119.442344 35.721502, -119.443203 35.721751, -119.442481 35.722251, -119.442715 35.722319, -119.442512 35.722386, -119.442688 35.722553, -119.441882 35.724383, -119.443474 35.725896, -119.444748 35.725479, -119.444217 35.724412, -119.444742 35.723218, -119.445045 35.723008)))",microsoft_us_building_footprints
ms-ca-000526,Microsoft footprint CA #227,CA,,125397.04,34.4135630,-119.5145592,,commercial_industrial_unknown,unknown,"MULTIPOLYGON (((-119.513837 34.413855, -119.51515 34.414211, -119.515385 34.413619, -119.514459 34.413369, -119.514505 34.413328, -119.514507 34.413267, -119.514555 34.41328, -119.514595 34.413244, -119.514605 34.41322, -119.514585 34.413204, -119.514551 34.413234, -119.514553 34.413164, -119.514588 34.413191, -119.514655 34.413131, -119.514654 34.413201, -119.514624 34.413228, -119.514662 34.413258, -119.51467 34.413238, -119.514671 34.413227, -119.514732 34.413072, -119.514661 34.413017, -119.514634 34.413017, -119.514636 34.412934, -119.51458 34.412933, -119.514542 34.412903, -119.514589 34.412785, -119.5146 34.412785, -119.5146 34.412783, -119.514658 34.412732, -119.51432 34.412641, -119.513837 34.413855)))",microsoft_us_building_footprints
ms-ca-000527,Microsoft footprint CA #228,CA,,184629.36,34.4105094,-119.5212396,,commercial_industrial_unknown,unknown,"MULTIPOLYGON (((-119.521509 34.410543, -119.521804 34.410584, -119.52188 34.410216, -119.521677 34.410116, -119.521742 34.410117, -119.521824 34.410128, -119.521852 34.410173, -119.521865 34.410169, -119.521882 34.410088, -119.52186 34.410038, -119.521937 34.410049, -119.521984 34.409821, -119.520985 34.40968, -119.520996 34.409627, -119.520902 34.409614, -119.520542 34.411356, -119.520863 34.411401, -119.520874 34.411352, -119.520948 34.411362, -119.520983 34.411192, -119.521628 34.411283, -119.521771 34.410591, -119.521509 34.410543)))",microsoft_us_building_footprints
ms-ca-000528,Microsoft footprint CA #229,CA,,176298.79,36.6583171,-119.5897069,,commercial_industrial_unknown,unknown,"MULTIPOLYGON (((-119.589142 36.657397, -119.589134 36.65797, -119.589149 36.65797, -119.589138 36.658723, -119.589426 36.658725, -119.589427 36.6587, -119.589558 36.658701, -119.589551 36.659226, -119.589929 36.659229, -119.589928 36.659272, -119.590027 36.659273, -119.590027 36.659279, -119.590168 36.659281, -119.590169 36.659254, -119.590215 36.659254, -119.590221 36.658834, -119.590412 36.658835, -119.590415 36.658614, -119.590246 36.658612, -119.590248 36.658436, -119.590213 36.658435, -119.590214 36.658375, -119.590287 36.658376, -119.590288 36.658309, -119.590215 36.658309, -119.590221 36.657893, -119.589805 36.65789, -119.589807 36.657767, -119.589885 36.657768, -119.58989 36.657404, -119.589142 36.657397)))",microsoft_us_building_footprints
ms-ca-000529,Microsoft footprint CA #230,CA,,130399.67,36.3232347,-119.6672886,,commercial_industrial_unknown,unknown,"MULTIPOLYGON (((-119.667147 36.323057, -119.667005 36.323028, -119.666809 36.323267, -119.666275 36.323155, -119.66617 36.323476, -119.666737 36.323596, -119.66694 36.323547, -119.666819 36.323918, -119.667314 36.324022, -119.667802 36.323425, -119.667742 36.323263, -119.667382 36.323187, -119.667482 36.323065, -119.667675 36.323106, -119.667634 36.323233, -119.66778 36.323263, -119.667838 36.323083, -119.668009 36.323119, -119.668093 36.322861, -119.667917 36.322383, -119.667799 36.322527, -119.667392 36.322441, -119.667212 36.322996, -119.667378 36.323031, -119.667334 36.323166, -119.667348 36.323214, -119.66739 36.323328, -119.66727 36.323475, -119.66752 36.323607, -119.667475 36.323661, -119.667028 36.323424, -119.667147 36.323057)))",microsoft_us_building_footprints
ms-ca-000530,Microsoft footprint CA #231,CA,,176035.45,36.7381974,-119.7217378,,commercial_industrial_unknown,unknown,"MULTIPOLYGON (((-119.72085 36.738647, -119.721652 36.738646, -119.721652 36.738801, -119.722143 36.738801, -119.722143 36.738537, -119.722577 36.738537, -119.722577 36.738119, -119.722735 36.738119, -119.722734 36.737715, -119.722576 36.737715, -119.722576 36.737789, -119.722285 36.737789, -119.722285 36.737717, -119.722163 36.737717, -119.722163 36.737698, -119.722009 36.737698, -119.722009 36.737745, -119.721399 36.737746, -119.721398 36.737697, -119.721251 36.737697, -119.721251 36.737717, -119.721076 36.737718, -119.721076 36.737788, -119.720849 36.737789, -119.72085 36.738647)))",microsoft_us_building_footprints
ms-ca-000531,Microsoft footprint CA #232,CA,,327909.26,36.6801605,-119.7280980,,commercial_industrial_unknown,unknown,"MULTIPOLYGON (((-119.727524 36.681482, -119.728687 36.681478, -119.728672 36.678839, -119.727509 36.678843, -119.727524 36.681482)))",microsoft_us_building_footprints
ms-ca-000532,Microsoft footprint CA #233,CA,,142754.58,36.8071609,-119.8465516,,commercial_industrial_unknown,unknown,"MULTIPOLYGON (((-119.84485 36.807372, -119.847454 36.807367, -119.847454 36.807315, -119.847534 36.807314, -119.847535 36.807378, -119.847929 36.807377, -119.847929 36.807314, -119.84811 36.807313, -119.84811 36.807378, -119.848324 36.807378, -119.848324 36.807145, -119.848331 36.807145, -119.84833 36.80701, -119.848092 36.807011, -119.848091 36.806886, -119.8473 36.806887, -119.8473 36.807066, -119.846788 36.807067, -119.846788 36.80712, -119.845917 36.807122, -119.845916 36.806901, -119.845506 36.806901, -119.845505 36.806835, -119.845377 36.806835, -119.845377 36.806901, -119.844875 36.806902, -119.844875 36.806929, -119.844835 36.806929, -119.844835 36.807068, -119.844849 36.807068, -119.84485 36.807372)))",microsoft_us_building_footprints
ms-ca-000533,Microsoft footprint CA #234,CA,,124181.47,35.6531515,-119.8903795,,commercial_industrial_unknown,unknown,"MULTIPOLYGON (((-119.889781 35.653631, -119.890981 35.653628, -119.890978 35.652672, -119.889778 35.652675, -119.889781 35.653631)))",microsoft_us_building_footprints
ms-ca-000534,Microsoft footprint CA #235,CA,,742945.04,36.9294267,-120.1086501,,commercial_industrial_unknown,unknown,"MULTIPOLYGON (((-120.107713 36.927893, -120.107695 36.930019, -120.107547 36.930018, -120.107547 36.930078, -120.107442 36.930078, -120.107445 36.929764, -120.10687 36.92976, -120.106862 36.930627, -120.107308 36.930629, -120.107311 36.930265, -120.107443 36.930265, -120.107445 36.930108, -120.107501 36.930108, -120.107501 36.930136, -120.107557 36.930136, -120.107553 36.93058, -120.107709 36.930581, -120.107706 36.930924, -120.109595 36.930934, -120.109599 36.930564, -120.109666 36.930564, -120.109669 36.930237, -120.109674 36.930237, -120.109678 36.929758, -120.109929 36.929759, -120.109941 36.928411, -120.110056 36.928411, -120.110057 36.928308, -120.109931 36.928308, -120.109934 36.927906, -120.107713 36.927893)))",microsoft_us_building_footprints
ms-ca-000535,Microsoft footprint CA #236,CA,,139240.83,37.2523901,-120.2983344,,commercial_industrial_unknown,unknown,"MULTIPOLYGON (((-120.298853 37.251653, -120.297923 37.251642, -120.297894 37.253199, -120.29807 37.253201, -120.29807 37.253216, -120.298285 37.253219, -120.298284 37.253272, -120.298343 37.253273, -120.298344 37.253183, -120.298529 37.253185, -120.298534 37.252945, -120.298771 37.252948, -120.298788 37.252072, -120.298757 37.252071, -120.298759 37.251981, -120.298794 37.251981, -120.298795 37.251923, -120.298848 37.251924, -120.298853 37.251653)))",microsoft_us_building_footprints
ms-ca-000536,Microsoft footprint CA #237,CA,,256232.43,34.9101814,-120.4500878,,commercial_industrial_unknown,unknown,"MULTIPOLYGON (((-120.448681 34.910688, -120.450038 34.910741, -120.450044 34.910633, -120.450293 34.910643, -120.450304 34.910459, -120.450173 34.910454, -120.450184 34.910263, -120.450268 34.910266, -120.450272 34.910209, -120.450316 34.910211, -120.45031 34.910316, -120.450443 34.910321, -120.45045 34.910207, -120.450716 34.910217, -120.450708 34.910364, -120.450848 34.91037, -120.450839 34.910524, -120.451114 34.910534, -120.451119 34.910444, -120.451342 34.910453, -120.451338 34.910528, -120.451627 34.910539, -120.451672 34.909762, -120.450844 34.90973, -120.450844 34.909732, -120.450719 34.909727, -120.450723 34.909661, -120.450306 34.909645, -120.450293 34.909854, -120.449263 34.909814, -120.449266 34.909763, -120.448736 34.909742, -120.448681 34.910688)))",microsoft_us_building_footprints
ms-ca-000537,Microsoft footprint CA #238,CA,,210272.94,36.7330914,-120.3915439,,commercial_industrial_unknown,unknown,"MULTIPOLYGON (((-120.393452 36.732682, -120.393449 36.732579, -120.390426 36.732635, -120.390388 36.732728, -120.390124 36.732733, -120.389986 36.733068, -120.390316 36.733062, -120.390329 36.733538, -120.389769 36.733549, -120.389775 36.733764, -120.390342 36.733913, -120.391195 36.733897, -120.391185 36.733557, -120.39077 36.733565, -120.390751 36.732902, -120.391739 36.732884, -120.391551 36.732761, -120.391754 36.732758, -120.391724 36.732831, -120.391991 36.732902, -120.391972 36.73292, -120.393371 36.732895, -120.393383 36.733292, -120.393905 36.733283, -120.393894 36.732877, -120.393425 36.732885, -120.393422 36.732791, -120.393929 36.732781, -120.393927 36.732719, -120.393629 36.732724, -120.393452 36.732682)))",microsoft_us_building_footprints
ms-ca-000538,Microsoft footprint CA #239,CA,,215346.08,34.9362932,-120.4584489,,commercial_industrial_unknown,unknown,"MULTIPOLYGON (((-120.457568 34.936878, -120.458944 34.93688, -120.458944 34.936866, -120.459024 34.936866, -120.459024 34.936729, -120.458944 34.936729, -120.458944 34.936608, -120.459231 34.936608, -120.459231 34.936679, -120.459301 34.936679, -120.459301 34.936732, -120.4594 34.936732, -120.459402 34.936041, -120.45949 34.936041, -120.459491 34.935786, -120.45941 34.935786, -120.45941 34.935837, -120.45896 34.935836, -120.45896 34.935781, -120.45886 34.935781, -120.458861 34.935638, -120.458666 34.935638, -120.458666 34.935772, -120.457844 34.93577, -120.457844 34.935625, -120.457718 34.935625, -120.457718 34.935759, -120.45757 34.935759, -120.457568 34.936878)))",microsoft_us_building_footprints
ms-ca-000539,Microsoft footprint CA #240,CA,,119906.28,37.1117920,-120.4854970,,commercial_industrial_unknown,unknown,"MULTIPOLYGON (((-120.484032 37.111595, -120.48403 37.11198, -120.486962 37.111989, -120.486964 37.111604, -120.484032 37.111595)))",microsoft_us_building_footprints
ms-ca-000540,Microsoft footprint CA #241,CA,,153953.09,35.2635239,-120.6966517,,commercial_industrial_unknown,unknown,"MULTIPOLYGON (((-120.696901 35.262991, -120.696907 35.262983, -120.696856 35.262886, -120.696911 35.262808, -120.696824 35.262727, -120.696424 35.263015, -120.696159 35.263043, -120.696183 35.263192, -120.695828 35.263447, -120.696124 35.264002, -120.696315 35.263865, -120.696401 35.263946, -120.696319 35.264061, -120.696542 35.264268, -120.696648 35.264191, -120.696879 35.264301, -120.697084 35.264154, -120.697011 35.264016, -120.697096 35.263954, -120.696979 35.263735, -120.697085 35.263697, -120.697179 35.263784, -120.697387 35.263634, -120.697274 35.26353, -120.697334 35.263445, -120.697134 35.263259, -120.697329 35.263238, -120.697382 35.263164, -120.697115 35.262916, -120.696901 35.262991)))",microsoft_us_building_footprints
ms-ca-000541,Microsoft footprint CA #242,CA,,282345.34,35.5849416,-120.6988806,,commercial_industrial_unknown,unknown,"MULTIPOLYGON (((-120.698908 35.584534, -120.699401 35.584353, -120.699431 35.584274, -120.699532 35.584275, -120.699538 35.583335, -120.698571 35.583331, -120.698569 35.583781, -120.698476 35.584027, -120.698462 35.586234, -120.698798 35.58611, -120.698797 35.586281, -120.698533 35.58628, -120.698471 35.586443, -120.698468 35.587025, -120.699111 35.587028, -120.699112 35.58687, -120.699002 35.586869, -120.699003 35.586729, -120.699137 35.586372, -120.699215 35.586372, -120.699216 35.586144, -120.699015 35.586143, -120.699017 35.585813, -120.698819 35.585812, -120.698819 35.585768, -120.698831 35.585736, -120.69891 35.585736, -120.698913 35.585361, -120.699148 35.585362, -120.699157 35.585339, -120.699162 35.584535, -120.698908 35.584534)))",microsoft_us_building_footprints
ms-ca-000542,Microsoft footprint CA #243,CA,,110995.36,37.0557165,-120.8364708,,commercial_industrial_unknown,unknown,"MULTIPOLYGON (((-120.836523 37.055469, -120.836537 37.056419, -120.836472 37.05642, -120.836474 37.056591, -120.8371 37.056585, -120.83709 37.055895, -120.837026 37.055895, -120.83702 37.055509, -120.836842 37.055511, -120.836841 37.055437, -120.836611 37.055439, -120.836609 37.055266, -120.836467 37.055267, -120.836466 37.055225, -120.836269 37.055227, -120.836267 37.05508, -120.836404 37.055078, -120.836403 37.055002, -120.835976 37.055006, -120.835975 37.054935, -120.83571 37.054937, -120.835711 37.054997, -120.83557 37.054998, -120.835577 37.055478, -120.836523 37.055469)))",microsoft_us_building_footprints
ms-ca-000543,Microsoft footprint CA #244,CA,,105137.02,37.4912574,-120.8637526,,commercial_industrial_unknown,unknown,"MULTIPOLYGON (((-120.862896 37.490977, -120.862896 37.491163, -120.862848 37.491163, -120.862849 37.491341, -120.862897 37.491341, -120.862898 37.491549, -120.864247 37.491547, -120.864247 37.491534, -120.864334 37.491534, -120.864334 37.491551, -120.864492 37.491551, -120.864492 37.49151, -120.864515 37.49151, -120.864515 37.491412, -120.864662 37.491412, -120.864661 37.491048, -120.86463 37.491048, -120.86463 37.490974, -120.862896 37.490977)))",microsoft_us_building_footprints
ms-ca-000544,Microsoft footprint CA #245,CA,,271643.18,37.6084911,-120.8910635,,commercial_industrial_unknown,unknown,"MULTIPOLYGON (((-120.892657 37.608038, -120.890673 37.608036, -120.890673 37.608234, -120.889257 37.608233, -120.889257 37.608531, -120.889214 37.608531, -120.889214 37.608587, -120.889256 37.608587, -120.889256 37.608874, -120.891501 37.608875, -120.891501 37.608877, -120.892656 37.608878, -120.892657 37.608038)))",microsoft_us_building_footprints
ms-ca-000545,Microsoft footprint CA #246,CA,,103295.24,37.3849425,-120.9574047,,commercial_industrial_unknown,unknown,"MULTIPOLYGON (((-120.955644 37.384793, -120.955641 37.38507, -120.959166 37.385092, -120.959168 37.384815, -120.955644 37.384793)))",microsoft_us_building_footprints
ms-ca-000546,Microsoft footprint CA #247,CA,,205466.22,37.5199679,-120.8831805,,commercial_industrial_unknown,unknown,"MULTIPOLYGON (((-120.882344 37.518411, -120.882361 37.518458, -120.882387 37.518453, -120.883143 37.520556, -120.883188 37.520561, -120.883013 37.521603, -120.88393 37.521398, -120.883936 37.521359, -120.883984 37.521364, -120.883991 37.521324, -120.883793 37.521304, -120.883848 37.520973, -120.883909 37.52098, -120.88393 37.520852, -120.883796 37.520838, -120.883845 37.520547, -120.883403 37.520501, -120.883265 37.520113, -120.883387 37.520085, -120.883307 37.519861, -120.883587 37.519798, -120.883318 37.519043, -120.883369 37.519032, -120.883347 37.518969, -120.883341 37.51897, -120.883292 37.518833, -120.883194 37.518855, -120.883145 37.518716, -120.883001 37.518749, -120.882841 37.5183, -120.882344 37.518411)))",microsoft_us_building_footprints
ms-ca-000547,Microsoft footprint CA #248,CA,,582130.6,37.6272244,-120.9125576,,commercial_industrial_unknown,unknown,"MULTIPOLYGON (((-120.914036 37.625864, -120.911444 37.625872, -120.911449 37.626978, -120.911674 37.626978, -120.911676 37.627428, -120.911558 37.627428, -120.911559 37.627507, -120.911505 37.627507, -120.911506 37.627684, -120.911463 37.627684, -120.911464 37.627856, -120.911531 37.627856, -120.911531 37.627828, -120.911579 37.627828, -120.911582 37.628535, -120.911493 37.628535, -120.911493 37.628701, -120.911605 37.628701, -120.911606 37.628979, -120.91199 37.628978, -120.911989 37.628885, -120.913244 37.628882, -120.913238 37.627585, -120.913115 37.627585, -120.913115 37.627636, -120.912863 37.627637, -120.912863 37.627752, -120.912721 37.627752, -120.912719 37.627266, -120.911772 37.627268, -120.911771 37.627011, -120.914041 37.627005, -120.914036 37.625864)))",microsoft_us_building_footprints
ms-ca-000548,Microsoft footprint CA #249,CA,,112094.15,37.4113367,-120.9295454,,commercial_industrial_unknown,unknown,"MULTIPOLYGON (((-120.929929 37.410682, -120.929725 37.410682, -120.929725 37.410701, -120.929612 37.410701, -120.929612 37.410691, -120.929435 37.410691, -120.929435 37.410673, -120.92929 37.410673, -120.92929 37.410657, -120.929218 37.410657, -120.929218 37.41074, -120.92913 37.41074, -120.92913 37.411969, -120.929237 37.411969, -120.929237 37.411965, -120.929382 37.411965, -120.929382 37.41195, -120.929446 37.41195, -120.929446 37.411969, -120.929575 37.411969, -120.929575 37.411978, -120.92997 37.411977, -120.929969 37.411087, -120.929929 37.411087, -120.929929 37.410682)))",microsoft_us_building_footprints
ms-ca-000549,Microsoft footprint CA #250,CA,,823075.81,37.5755351,-120.9905813,,commercial_industrial_unknown,unknown,"MULTIPOLYGON (((-120.990775 37.574681, -120.990735 37.577965, -120.992207 37.577976, -120.992247 37.574669, -120.991414 37.574663, -120.990604 37.573929, -120.989727 37.573923, -120.989725 37.57405, -120.989665 37.574028, -120.989613 37.573981, -120.989483 37.574071, -120.989566 37.574147, -120.989199 37.574144, -120.989356 37.574035, -120.989272 37.574005, -120.989248 37.574022, -120.987373 37.573363, -120.987364 37.574173, -120.987467 37.574101, -120.987603 37.574102, -120.98747 37.573981, -120.9877 37.573983, -120.987696 37.574267, -120.987676 37.574266, -120.987672 37.574627, -120.987404 37.574625, -120.9874 37.574919, -120.987776 37.574658, -120.990775 37.574681)))",microsoft_us_building_footprints
ms-ca-000550,Microsoft footprint CA #251,CA,,130525.59,37.6733732,-120.9956282,,commercial_industrial_unknown,unknown,"MULTIPOLYGON (((-120.9962 37.672818, -120.995031 37.672826, -120.995041 37.673756, -120.995336 37.673754, -120.995337 37.673902, -120.995742 37.673899, -120.995746 37.674252, -120.995969 37.674251, -120.995965 37.673896, -120.996048 37.673896, -120.996044 37.67355, -120.996208 37.673549, -120.9962 37.672818)))",microsoft_us_building_footprints
ms-ca-000551,Microsoft footprint CA #252,CA,,114429.45,37.6840079,-121.0484424,,commercial_industrial_unknown,unknown,"MULTIPOLYGON (((-121.049524 37.683505, -121.049392 37.683092, -121.048558 37.683259, -121.048641 37.683518, -121.048061 37.683634, -121.048134 37.683862, -121.047801 37.68383, -121.047952 37.684305, -121.047779 37.684288, -121.04775 37.684478, -121.047723 37.684483, -121.047713 37.68455, -121.047788 37.684557, -121.047753 37.684783, -121.047878 37.684795, -121.047884 37.684813, -121.047736 37.684799, -121.047709 37.684974, -121.048396 37.68504, -121.048313 37.68478, -121.048292 37.684778, -121.04837 37.68427, -121.048277 37.684261, -121.048292 37.684166, -121.048205 37.684157, -121.048223 37.684038, -121.048163 37.684032, -121.048196 37.683817, -121.049309 37.683595, -121.04929 37.683535, -121.049491 37.683495, -121.049496 37.683511, -121.049524 37.683505)))",microsoft_us_building_footprints
ms-ca-000552,Microsoft footprint CA #253,CA,,131040.58,36.2272704,-121.1123832,,commercial_industrial_unknown,unknown,"MULTIPOLYGON (((-121.111381 36.226975, -121.111672 36.227175, -121.111653 36.227215, -121.111663 36.227231, -121.11188 36.22738, -121.111909 36.227368, -121.112847 36.228014, -121.11336 36.227607, -121.113334 36.227566, -121.113401 36.227502, -121.112873 36.227139, -121.112533 36.227464, -121.112491 36.227452, -121.112433 36.227412, -121.112391 36.227346, -121.112714 36.227041, -121.112282 36.226744, -121.11221 36.226813, -121.112142 36.226766, -121.112172 36.226702, -121.112031 36.226605, -121.111998 36.226595, -121.111977 36.226642, -121.111843 36.22655, -121.111806 36.226565, -121.111725 36.22654, -121.111768 36.226608, -121.111381 36.226975)))",microsoft_us_building_footprints
ms-ca-000553,Microsoft footprint CA #254,CA,,204018.79,38.0468851,-121.1152744,,commercial_industrial_unknown,unknown,"MULTIPOLYGON (((-121.114653 38.04763, -121.116004 38.047636, -121.116011 38.04651, -121.115652 38.046508, -121.115654 38.046304, -121.115662 38.046291, -121.115528 38.046236, -121.115515 38.046256, -121.115453 38.046256, -121.115453 38.046212, -121.115295 38.046147, -121.115295 38.046172, -121.115249 38.046172, -121.11519 38.046147, -121.115121 38.046147, -121.115122 38.045959, -121.115166 38.045959, -121.115167 38.04591, -121.114644 38.045908, -121.11464 38.046457, -121.114543 38.046602, -121.114605 38.046628, -121.114605 38.046717, -121.11465 38.046717, -121.114651 38.046642, -121.114728 38.046674, -121.114922 38.046675, -121.114922 38.046792, -121.114883 38.046792, -121.114883 38.046834, -121.114658 38.046833, -121.114653 38.04763)))",microsoft_us_building_footprints
ms-ca-000554,Microsoft footprint CA #255,CA,,106200.06,37.7073971,-121.0703415,,commercial_industrial_unknown,unknown,"MULTIPOLYGON (((-121.070908 37.706949, -121.069877 37.706965, -121.069879 37.707014, -121.069746 37.707016, -121.069754 37.707345, -121.069789 37.707344, -121.069791 37.707397, -121.069754 37.707398, -121.069765 37.70784, -121.070931 37.707821, -121.070908 37.706949)))",microsoft_us_building_footprints
ms-ca-000555,Microsoft footprint CA #256,CA,,113573.54,37.8523415,-121.2196918,,commercial_industrial_unknown,unknown,"MULTIPOLYGON (((-121.220446 37.85197, -121.218921 37.851999, -121.218942 37.852687, -121.219563 37.852675, -121.21957 37.852893, -121.219718 37.85289, -121.219711 37.85267, -121.220467 37.852656, -121.220446 37.85197)))",microsoft_us_building_footprints
ms-ca-000556,Microsoft footprint CA #257,CA,,109425.92,37.8902157,-121.2218804,,commercial_industrial_unknown,unknown,"MULTIPOLYGON (((-121.222232 37.890943, -121.222226 37.889402, -121.221876 37.889403, -121.221877 37.88957, -121.221532 37.889571, -121.221534 37.890201, -121.221422 37.890202, -121.221423 37.890449, -121.221534 37.890449, -121.221535 37.890944, -121.222232 37.890943)))",microsoft_us_building_footprints
ms-ca-000557,Microsoft footprint CA #258,CA,,146318.07,37.9682090,-121.2373559,,commercial_industrial_unknown,unknown,"MULTIPOLYGON (((-121.237768 37.967627, -121.237412 37.967704, -121.237415 37.967686, -121.237574 37.967652, -121.237528 37.96752, -121.237456 37.967536, -121.23743 37.967461, -121.237285 37.967492, -121.237273 37.967459, -121.236845 37.967552, -121.236906 37.967727, -121.236504 37.967814, -121.23653 37.967889, -121.236748 37.967841, -121.236792 37.967965, -121.23675 37.967974, -121.237115 37.969019, -121.237225 37.968995, -121.237226 37.968973, -121.237953 37.968815, -121.237915 37.968706, -121.238007 37.968686, -121.237978 37.968603, -121.237892 37.968601, -121.237803 37.968346, -121.23805 37.968293, -121.238024 37.968219, -121.237958 37.968217, -121.237779 37.967705, -121.237794 37.967701, -121.237768 37.967627)))",microsoft_us_building_footprints
ms-ca-000558,Microsoft footprint CA #259,CA,,102593.94,38.8045211,-121.2011512,,commercial_industrial_unknown,unknown,"MULTIPOLYGON (((-121.200347 38.804739, -121.200999 38.805126, -121.201031 38.805093, -121.201056 38.805084, -121.201178 38.804959, -121.201197 38.804952, -121.201295 38.804851, -121.201342 38.804879, -121.20139 38.804862, -121.201416 38.804877, -121.201492 38.804799, -121.201542 38.804828, -121.201584 38.804785, -121.201621 38.804806, -121.201683 38.804743, -121.20165 38.804723, -121.201686 38.804686, -121.20166 38.804643, -121.201687 38.804633, -121.20174 38.804578, -121.201684 38.804545, -121.201713 38.804516, -121.201682 38.804498, -121.201955 38.804218, -121.201827 38.804143, -121.201771 38.804201, -121.201392 38.803977, -121.201322 38.804048, -121.201308 38.804053, -121.201124 38.803944, -121.200347 38.804739)))",microsoft_us_building_footprints
ms-ca-000559,Microsoft footprint CA #260,CA,,222966.96,38.0032224,-121.2188457,,commercial_industrial_unknown,unknown,"MULTIPOLYGON (((-121.219719 38.004134, -121.219022 38.002206, -121.218576 38.002307, -121.21852 38.002152, -121.218058 38.002256, -121.218124 38.002438, -121.21802 38.002461, -121.218656 38.00422, -121.219041 38.004134, -121.219077 38.004234, -121.219057 38.004238, -121.219072 38.004279, -121.219719 38.004134)))",microsoft_us_building_footprints
ms-ca-000560,Microsoft footprint CA #261,CA,,196515.13,37.9131920,-121.2452252,,commercial_industrial_unknown,unknown,"MULTIPOLYGON (((-121.244052 37.912999, -121.244342 37.913841, -121.246381 37.913403, -121.246076 37.912519, -121.245811 37.912577, -121.245793 37.912526, -121.245642 37.912559, -121.245674 37.91265, -121.244052 37.912999)))",microsoft_us_building_footprints
ms-ca-000561,Microsoft footprint CA #262,CA,,562661.66,37.9159165,-121.2460583,,commercial_industrial_unknown,unknown,"MULTIPOLYGON (((-121.247968 37.916304, -121.247443 37.914793, -121.244435 37.915444, -121.244789 37.916462, -121.244781 37.916469, -121.244595 37.915936, -121.244593 37.915937, -121.244497 37.915661, -121.244477 37.915666, -121.244448 37.915584, -121.244416 37.915562, -121.244385 37.915569, -121.24435 37.915601, -121.244362 37.915636, -121.244418 37.915674, -121.244421 37.915682, -121.244362 37.915695, -121.244356 37.915691, -121.244326 37.915718, -121.244342 37.915763, -121.244276 37.915824, -121.244257 37.915811, -121.244191 37.915871, -121.244214 37.915887, -121.244612 37.917031, -121.247968 37.916304)))",microsoft_us_building_footprints
ms-ca-000562,Microsoft footprint CA #263,CA,,872394.7,37.8530555,-121.2573357,,commercial_industrial_unknown,unknown,"MULTIPOLYGON (((-121.258502 37.854959, -121.258312 37.852155, -121.258347 37.852123, -121.258378 37.852145, -121.258396 37.852405, -121.258548 37.852399, -121.258474 37.851306, -121.258441 37.851336, -121.258377 37.851338, -121.258384 37.851436, -121.258288 37.85144, -121.258269 37.851166, -121.256182 37.851254, -121.256191 37.85139, -121.256093 37.851395, -121.256113 37.851685, -121.256009 37.851689, -121.256023 37.851897, -121.25606 37.851923, -121.256023 37.851925, -121.256028 37.851994, -121.256082 37.851945, -121.25613 37.852657, -121.256235 37.852653, -121.256254 37.852666, -121.256416 37.855047, -121.258502 37.854959)))",microsoft_us_building_footprints
ms-ca-000563,Microsoft footprint CA #264,CA,,108934.5,37.9258288,-121.2661809,,commercial_industrial_unknown,unknown,"MULTIPOLYGON (((-121.265494 37.925453, -121.265516 37.925553, -121.265561 37.925563, -121.265653 37.925988, -121.265549 37.926002, -121.265584 37.92616, -121.265721 37.926141, -121.265797 37.926494, -121.266695 37.926372, -121.266676 37.926285, -121.266789 37.92627, -121.266761 37.926139, -121.26634 37.926196, -121.266319 37.926101, -121.266265 37.926109, -121.266222 37.925914, -121.266229 37.925913, -121.266282 37.925769, -121.266201 37.92578, -121.266153 37.925656, -121.266417 37.92562, -121.266435 37.9257, -121.266717 37.925662, -121.26672 37.925676, -121.266868 37.925656, -121.266881 37.925621, -121.267042 37.925599, -121.266965 37.925249, -121.265494 37.925453)))",microsoft_us_building_footprints
ms-ca-000564,Microsoft footprint CA #265,CA,,100385.36,38.5907700,-121.2727615,,commercial_industrial_unknown,unknown,"MULTIPOLYGON (((-121.272119 38.590402, -121.272189 38.590943, -121.272313 38.590934, -121.272363 38.591326, -121.272597 38.591308, -121.272588 38.591238, -121.272877 38.591215, -121.272864 38.591116, -121.272926 38.591111, -121.272937 38.591201, -121.273275 38.591175, -121.273235 38.590858, -121.273426 38.590843, -121.273378 38.590469, -121.273261 38.590478, -121.27324 38.590314, -121.272119 38.590402)))",microsoft_us_building_footprints
ms-ca-000565,Microsoft footprint CA #266,CA,,101344.17,38.6541276,-121.2909065,,commercial_industrial_unknown,unknown,"MULTIPOLYGON (((-121.290983 38.65363, -121.290538 38.653634, -121.290542 38.653927, -121.290489 38.653927, -121.290492 38.654128, -121.290421 38.654129, -121.290422 38.6542, -121.290489 38.6542, -121.290494 38.654563, -121.290787 38.654561, -121.290794 38.655064, -121.291135 38.655061, -121.291135 38.655094, -121.291192 38.655094, -121.29117 38.65363, -121.291124 38.65363, -121.291123 38.653555, -121.291201 38.653554, -121.291191 38.652938, -121.290973 38.65294, -121.290983 38.65363)))",microsoft_us_building_footprints
ms-ca-000566,Microsoft footprint CA #267,CA,,146929.77,38.0226108,-121.2929959,,commercial_industrial_unknown,unknown,"MULTIPOLYGON (((-121.292457 38.021526, -121.291686 38.021534, -121.29169 38.021753, -121.292177 38.021749, -121.292295 38.021895, -121.29206 38.022012, -121.292294 38.022304, -121.292536 38.022183, -121.29255 38.022183, -121.292709 38.02238, -121.292661 38.022404, -121.292796 38.022573, -121.292617 38.022662, -121.29277 38.022853, -121.292847 38.022852, -121.293015 38.023061, -121.293016 38.023109, -121.293143 38.023267, -121.293408 38.023136, -121.293521 38.023277, -121.293371 38.023352, -121.293556 38.023582, -121.293761 38.023479, -121.29393 38.023689, -121.293645 38.023831, -121.293762 38.023976, -121.293819 38.023975, -121.294251 38.02376, -121.292457 38.021526)))",microsoft_us_building_footprints
ms-ca-000567,Microsoft footprint CA #268,CA,,272153.67,37.7985990,-121.2921949,,commercial_industrial_unknown,unknown,"MULTIPOLYGON (((-121.293699 37.798428, -121.290911 37.79788, -121.290707 37.798527, -121.290925 37.79857, -121.290848 37.798816, -121.293418 37.799321, -121.293699 37.798428)))",microsoft_us_building_footprints
ms-ca-000568,Microsoft footprint CA #269,CA,,135397.41,38.0035705,-121.2931424,,commercial_industrial_unknown,unknown,"MULTIPOLYGON (((-121.293821 38.003265, -121.29321 38.003662, -121.293221 38.003709, -121.292149 38.003864, -121.292117 38.003988, -121.29198 38.004008, -121.292096 38.004508, -121.292182 38.004495, -121.292193 38.004543, -121.292639 38.004479, -121.292612 38.004363, -121.292985 38.00431, -121.292909 38.003982, -121.293428 38.003907, -121.293478 38.003955, -121.293591 38.003881, -121.293628 38.003916, -121.293738 38.003845, -121.293695 38.003803, -121.293869 38.00369, -121.29377 38.003596, -121.293991 38.003452, -121.294062 38.003168, -121.29388 38.002382, -121.293912 38.002255, -121.293755 38.002278, -121.293722 38.002135, -121.293952 38.002102, -121.293916 38.001947, -121.293505 38.002006, -121.293821 38.003262, -121.293821 38.003265)))",microsoft_us_building_footprints
ms-ca-000569,Microsoft footprint CA #270,CA,,417803.65,37.8061361,-121.2951127,,commercial_industrial_unknown,unknown,"MULTIPOLYGON (((-121.296221 37.806981, -121.296218 37.805121, -121.294658 37.805122, -121.294659 37.805747, -121.293793 37.805748, -121.293794 37.806983, -121.296221 37.806981)))",microsoft_us_building_footprints
ms-ca-000570,Microsoft footprint CA #271,CA,,116952.73,36.3789094,-121.3055390,,commercial_industrial_unknown,unknown,"MULTIPOLYGON (((-121.3047 36.379176, -121.305159 36.379595, -121.305679 36.37928, -121.305711 36.379295, -121.306022 36.379073, -121.305982 36.379036, -121.305951 36.379022, -121.305981 36.378981, -121.306418 36.37867, -121.305964 36.378255, -121.305479 36.378599, -121.305453 36.378588, -121.305337 36.378482, -121.305315 36.37846, -121.305238 36.37839, -121.305187 36.378367, -121.305128 36.378451, -121.305107 36.378466, -121.305089 36.378492, -121.305199 36.378593, -121.305041 36.378705, -121.305182 36.378834, -121.3047 36.379176)))",microsoft_us_building_footprints
ms-ca-000571,Microsoft footprint CA #272,CA,,395597.04,36.4017457,-121.3075194,,commercial_industrial_unknown,unknown,"MULTIPOLYGON (((-121.308119 36.4007, -121.307858 36.400689, -121.307857 36.400687, -121.30753 36.40076, -121.307237 36.400606, -121.306788 36.400706, -121.306768 36.400995, -121.306322 36.401545, -121.306316 36.401633, -121.306485 36.402122, -121.306692 36.402131, -121.306858 36.402614, -121.307209 36.40263, -121.307236 36.402597, -121.307247 36.402628, -121.307443 36.402637, -121.307504 36.402816, -121.30761 36.40282, -121.307647 36.402775, -121.307687 36.402891, -121.308005 36.40282, -121.308223 36.402935, -121.308377 36.402744, -121.308348 36.40266, -121.308095 36.402528, -121.308104 36.402403, -121.308253 36.40237, -121.308402 36.402376, -121.308458 36.40254, -121.30861 36.402506, -121.308635 36.40258, -121.308758 36.402553, -121.308119 36.4007)))",microsoft_us_building_footprints
ms-ca-000572,Microsoft footprint CA #273,CA,,114808.47,38.7881260,-121.3025547,,commercial_industrial_unknown,unknown,"MULTIPOLYGON (((-121.303552 38.787839, -121.301548 38.787861, -121.301558 38.788413, -121.303561 38.788391, -121.303552 38.787839)))",microsoft_us_building_footprints
ms-ca-000573,Microsoft footprint CA #274,CA,,130669.72,38.5246390,-121.3278767,,commercial_industrial_unknown,unknown,"MULTIPOLYGON (((-121.328672 38.524213, -121.327506 38.524222, -121.327506 38.52421, -121.327211 38.524212, -121.327213 38.524397, -121.327167 38.524397, -121.327169 38.524487, -121.327142 38.524488, -121.327151 38.525136, -121.327238 38.525135, -121.327238 38.525158, -121.32732 38.525158, -121.32732 38.525144, -121.327534 38.525142, -121.327534 38.52512, -121.327679 38.525119, -121.327679 38.52514, -121.327892 38.525138, -121.32789 38.52496, -121.328682 38.524953, -121.328672 38.524213)))",microsoft_us_building_footprints
ms-ca-000574,Microsoft footprint CA #275,CA,,145052.31,36.9349790,-121.3630540,,commercial_industrial_unknown,unknown,"MULTIPOLYGON (((-121.361933 36.933923, -121.362116 36.934284, -121.3624 36.93394, -121.363017 36.935155, -121.363152 36.935226, -121.363154 36.935364, -121.363207 36.935347, -121.363257 36.935204, -121.363363 36.935415, -121.363361 36.935421, -121.363334 36.935368, -121.363206 36.935735, -121.363221 36.935779, -121.363105 36.935817, -121.362789 36.935747, -121.363048 36.936258, -121.364204 36.935883, -121.363374 36.935444, -121.36345 36.935227, -121.36352 36.935243, -121.36308 36.934376, -121.362907 36.934432, -121.362912 36.934426, -121.3629 36.933609, -121.361933 36.933923)))",microsoft_us_building_footprints
ms-ca-000575,Microsoft footprint CA #276,CA,,250521.26,38.6944165,-121.3423815,,commercial_industrial_unknown,unknown,"MULTIPOLYGON (((-121.343866 38.694056, -121.343228 38.693399, -121.340897 38.694777, -121.341535 38.695434, -121.343866 38.694056)))",microsoft_us_building_footprints
ms-ca-000576,Microsoft footprint CA #277,CA,,103933.85,38.5125464,-121.3756812,,commercial_industrial_unknown,unknown,"MULTIPOLYGON (((-121.375388 38.513497, -121.375646 38.513498, -121.375646 38.513298, -121.375901 38.513299, -121.375903 38.512841, -121.376018 38.512842, -121.376019 38.512655, -121.376111 38.512655, -121.376112 38.512567, -121.376022 38.512567, -121.376023 38.512147, -121.376157 38.512147, -121.376157 38.512078, -121.376022 38.512078, -121.376023 38.511775, -121.375395 38.511774, -121.375394 38.512112, -121.375342 38.512112, -121.375342 38.512181, -121.375395 38.512181, -121.375395 38.51229, -121.375336 38.51229, -121.375335 38.512653, -121.375391 38.512653, -121.375388 38.513497)))",microsoft_us_building_footprints
ms-ca-000577,Microsoft footprint CA #278,CA,,112412.44,38.4931073,-121.3934793,,commercial_industrial_unknown,unknown,"MULTIPOLYGON (((-121.393021 38.492505, -121.393042 38.49372, -121.39389 38.493711, -121.393881 38.493198, -121.394085 38.493196, -121.394081 38.492945, -121.39387 38.492948, -121.393863 38.492496, -121.393021 38.492505)))",microsoft_us_building_footprints
ms-ca-000578,Microsoft footprint CA #279,CA,,621850.89,37.7497665,-121.4083557,,commercial_industrial_unknown,unknown,"MULTIPOLYGON (((-121.408797 37.747228, -121.408304 37.747229, -121.408304 37.747203, -121.408127 37.747203, -121.408127 37.747231, -121.407719 37.747231, -121.407719 37.747858, -121.407722 37.747858, -121.407722 37.748153, -121.407746 37.748153, -121.407746 37.748338, -121.407725 37.748338, -121.407725 37.751617, -121.407915 37.751616, -121.407915 37.75193, -121.408101 37.75193, -121.408101 37.752085, -121.408382 37.752085, -121.408382 37.75224, -121.409037 37.75224, -121.409036 37.749108, -121.408798 37.749108, -121.408797 37.747228)))",microsoft_us_building_footprints
ms-ca-000579,Microsoft footprint CA #280,CA,,175309.49,38.5571748,-121.4214847,,commercial_industrial_unknown,unknown,"MULTIPOLYGON (((-121.422109 38.556512, -121.420617 38.556831, -121.420548 38.556633, -121.420457 38.556652, -121.420807 38.557654, -121.420881 38.557639, -121.420898 38.557688, -121.421022 38.557662, -121.421002 38.557604, -121.42105 38.557594, -121.421128 38.557817, -121.421197 38.557803, -121.421208 38.557833, -121.421718 38.557724, -121.421699 38.55767, -121.421871 38.557633, -121.421883 38.557666, -121.422003 38.557641, -121.421987 38.557595, -121.422175 38.557555, -121.42219 38.557598, -121.422168 38.557603, -121.422186 38.557653, -121.422294 38.55763, -121.422274 38.557572, -121.422428 38.557539, -121.422148 38.556736, -121.422185 38.556728, -121.422109 38.556512)))",microsoft_us_building_footprints
ms-ca-000580,Microsoft footprint CA #281,CA,,234070.99,38.5391289,-121.3933008,,commercial_industrial_unknown,unknown,"MULTIPOLYGON (((-121.394769 38.539527, -121.394749 38.538764, -121.394261 38.538772, -121.394259 38.538727, -121.393978 38.538732, -121.393979 38.538772, -121.393789 38.538775, -121.393788 38.538736, -121.393332 38.538744, -121.393333 38.538775, -121.392378 38.538791, -121.392377 38.538751, -121.392251 38.538753, -121.392249 38.538678, -121.39212 38.53868, -121.392123 38.538789, -121.392094 38.538789, -121.392091 38.538679, -121.391759 38.538685, -121.391777 38.53934, -121.391959 38.539337, -121.391962 38.539455, -121.392667 38.539443, -121.392668 38.539498, -121.392942 38.539494, -121.392944 38.539558, -121.394769 38.539527)))",microsoft_us_building_footprints
ms-ca-000581,Microsoft footprint CA #282,CA,,141208.95,38.5339254,-121.3989451,,commercial_industrial_unknown,unknown,"MULTIPOLYGON (((-121.399573 38.534501, -121.39956 38.533847, -121.399439 38.533848, -121.399393 38.533782, -121.399416 38.533781, -121.399408 38.533423, -121.399581 38.533421, -121.399576 38.533167, -121.399289 38.53317, -121.399292 38.533286, -121.399286 38.533303, -121.39922 38.533303, -121.399222 38.533421, -121.399018 38.533423, -121.399013 38.533144, -121.39891 38.533146, -121.398916 38.533462, -121.398979 38.533462, -121.398981 38.533572, -121.39895 38.533655, -121.398979 38.533655, -121.398979 38.533676, -121.398926 38.533676, -121.398924 38.53355, -121.398803 38.533523, -121.398822 38.533472, -121.398158 38.53348, -121.398165 38.533818, -121.398381 38.533815, -121.398395 38.534516, -121.399573 38.534501)))",microsoft_us_building_footprints
ms-ca-000582,Microsoft footprint CA #283,CA,,123254.74,38.6715172,-121.4128233,,commercial_industrial_unknown,unknown,"MULTIPOLYGON (((-121.412949 38.671136, -121.413048 38.671067, -121.412725 38.670784, -121.411947 38.671325, -121.412976 38.672229, -121.413714 38.671717, -121.413333 38.671382, -121.413275 38.671422, -121.412949 38.671136)))",microsoft_us_building_footprints
ms-ca-000583,Microsoft footprint CA #284,CA,,151345.6,38.6536840,-121.4847260,,commercial_industrial_unknown,unknown,"MULTIPOLYGON (((-121.48414 38.654305, -121.485312 38.654305, -121.485312 38.653063, -121.48414 38.653063, -121.48414 38.654305)))",microsoft_us_building_footprints
ms-ca-000584,Microsoft footprint CA #285,CA,,157623.35,38.5312988,-121.4899191,,commercial_industrial_unknown,unknown,"MULTIPOLYGON (((-121.490342 38.530927, -121.489415 38.530906, -121.489418 38.530839, -121.48908 38.530832, -121.489077 38.530907, -121.488973 38.530905, -121.488954 38.531407, -121.489097 38.531411, -121.489094 38.53147, -121.489387 38.531477, -121.489379 38.531688, -121.489221 38.531685, -121.489217 38.531783, -121.490941 38.531821, -121.490946 38.531685, -121.490511 38.531676, -121.490514 38.531612, -121.490672 38.531615, -121.490688 38.531156, -121.490471 38.531151, -121.490472 38.531139, -121.490411 38.531137, -121.490413 38.531075, -121.490544 38.531078, -121.490549 38.53092, -121.490689 38.530923, -121.4907 38.530616, -121.490582 38.530613, -121.490583 38.530586, -121.490355 38.530581, -121.490342 38.530927)))",microsoft_us_building_footprints
ms-ca-000585,Microsoft footprint CA #286,CA,,131162.83,38.4271935,-121.4584880,,commercial_industrial_unknown,unknown,"MULTIPOLYGON (((-121.457492 38.42751, -121.459485 38.427508, -121.459484 38.426877, -121.457491 38.426879, -121.457492 38.42751)))",microsoft_us_building_footprints
ms-ca-000586,Microsoft footprint CA #287,CA,,102057.02,38.6427823,-121.4971889,,commercial_industrial_unknown,unknown,"MULTIPOLYGON (((-121.497853 38.642411, -121.496522 38.642415, -121.496527 38.643186, -121.496816 38.643185, -121.496816 38.643128, -121.49757 38.643126, -121.49757 38.643178, -121.497857 38.643177, -121.497853 38.642411)))",microsoft_us_building_footprints
ms-ca-000587,Microsoft footprint CA #288,CA,,106360.12,38.5772662,-121.5029662,,commercial_industrial_unknown,unknown,"MULTIPOLYGON (((-121.503666 38.576946, -121.502602 38.576701, -121.502426 38.577169, -121.50251 38.577188, -121.502491 38.57724, -121.502444 38.577229, -121.502429 38.577269, -121.502366 38.577254, -121.502273 38.577503, -121.502321 38.577514, -121.502307 38.577552, -121.50235 38.577562, -121.502331 38.577612, -121.502878 38.577738, -121.502886 38.577717, -121.503338 38.577821, -121.503666 38.576946)))",microsoft_us_building_footprints
ms-ca-000588,Microsoft footprint CA #289,CA,,119315.18,38.6563650,-121.4685225,,commercial_industrial_unknown,unknown,"MULTIPOLYGON (((-121.468031 38.655785, -121.468022 38.656942, -121.46901 38.656946, -121.469015 38.656286, -121.46907 38.656287, -121.469071 38.656206, -121.469016 38.656206, -121.469019 38.655789, -121.468031 38.655785)))",microsoft_us_building_footprints
ms-ca-000589,Microsoft footprint CA #290,CA,,155814.94,37.7192939,-121.5253231,,commercial_industrial_unknown,unknown,"MULTIPOLYGON (((-121.525806 37.718837, -121.526018 37.718838, -121.52602 37.71865, -121.525816 37.718648, -121.525817 37.718595, -121.524843 37.718588, -121.524843 37.718639, -121.524684 37.718638, -121.524682 37.718825, -121.524841 37.718826, -121.524827 37.720048, -121.525793 37.720055, -121.525806 37.718837)))",microsoft_us_building_footprints
ms-ca-000590,Microsoft footprint CA #291,CA,,126347.45,37.0353546,-121.5289474,,commercial_industrial_unknown,unknown,"MULTIPOLYGON (((-121.528079 37.035417, -121.52879 37.036119, -121.529383 37.035737, -121.52911 37.035468, -121.529186 37.035419, -121.529224 37.035457, -121.5298 37.035085, -121.529311 37.034602, -121.528721 37.034982, -121.528844 37.035104, -121.528772 37.035151, -121.528662 37.035042, -121.528079 37.035417)))",microsoft_us_building_footprints
ms-ca-000591,Microsoft footprint CA #292,CA,,105438.09,38.6471592,-121.5300482,,commercial_industrial_unknown,unknown,"MULTIPOLYGON (((-121.530725 38.64759, -121.530485 38.646947, -121.530379 38.646971, -121.530216 38.646535, -121.529435 38.646713, -121.529414 38.646657, -121.529363 38.646668, -121.529654 38.647448, -121.529711 38.647435, -121.529732 38.647493, -121.529781 38.647482, -121.529891 38.64778, -121.530725 38.64759)))",microsoft_us_building_footprints
ms-ca-000592,Microsoft footprint CA #293,CA,,799846.21,37.7272244,-121.5030280,,commercial_industrial_unknown,unknown,"MULTIPOLYGON (((-121.502059 37.728994, -121.504031 37.728988, -121.504025 37.727617, -121.504103 37.727616, -121.504127 37.727554, -121.504296 37.727595, -121.504254 37.72661, -121.504191 37.726464, -121.504017 37.726422, -121.503927 37.726423, -121.504271 37.725527, -121.502586 37.725532, -121.502553 37.725619, -121.502422 37.725587, -121.502482 37.725544, -121.501872 37.725546, -121.501874 37.725784, -121.502045 37.725784, -121.502046 37.725986, -121.501745 37.725987, -121.501985 37.726542, -121.501882 37.72657, -121.501888 37.727772, -121.50188 37.727772, -121.501882 37.728355, -121.502056 37.728228, -121.502059 37.728994)))",microsoft_us_building_footprints
ms-ca-000593,Microsoft footprint CA #294,CA,,125787.24,37.0002690,-121.5587510,,commercial_industrial_unknown,unknown,"MULTIPOLYGON (((-121.557536 37.000539, -121.559847 37.000543, -121.559848 37.00025, -121.559921 37.00025, -121.559921 37.000235, -121.559698 37.000235, -121.559698 37.000211, -121.559752 37.000209, -121.559764 37.00019, -121.559695 37.000164, -121.559696 36.999939, -121.559093 36.999939, -121.559094 36.999867, -121.559002 36.999867, -121.559002 36.999937, -121.558596 36.999937, -121.558595 37.000302, -121.558443 37.000243, -121.558425 37.000243, -121.558425 37.000002, -121.558291 37.000002, -121.558291 36.999935, -121.558203 36.999935, -121.558203 37, -121.557904 37, -121.557903 37.000294, -121.5578 37.000294, -121.5578 37.000144, -121.557537 37.000144, -121.557536 37.000539)))",microsoft_us_building_footprints
ms-ca-000594,Microsoft footprint CA #295,CA,,141550.19,36.7653438,-121.6048598,,commercial_industrial_unknown,unknown,"MULTIPOLYGON (((-121.603925 36.765294, -121.603961 36.765311, -121.603935 36.765346, -121.605492 36.766078, -121.6055 36.766066, -121.605576 36.766102, -121.605643 36.766011, -121.605581 36.765982, -121.605632 36.765911, -121.605571 36.765882, -121.605641 36.765786, -121.605577 36.765756, -121.605613 36.765707, -121.605547 36.765676, -121.605598 36.765607, -121.605534 36.765577, -121.60557 36.765528, -121.605504 36.765497, -121.605558 36.765423, -121.605498 36.765395, -121.605602 36.765253, -121.605538 36.765223, -121.605572 36.765176, -121.604511 36.764677, -121.604489 36.764706, -121.60439 36.764659, -121.603925 36.765294)))",microsoft_us_building_footprints
ms-ca-000595,Microsoft footprint CA #296,CA,,114279.76,36.7933415,-121.6648873,,commercial_industrial_unknown,unknown,"MULTIPOLYGON (((-121.664583 36.793518, -121.664506 36.792876, -121.664432 36.792909, -121.664424 36.792847, -121.664295 36.792857, -121.663986 36.792414, -121.663697 36.792437, -121.663991 36.792856, -121.664032 36.792853, -121.664056 36.792889, -121.664062 36.792934, -121.663786 36.793058, -121.663814 36.793098, -121.663837 36.793096, -121.664113 36.793489, -121.664339 36.793472, -121.664525 36.793737, -121.665334 36.793675, -121.665452 36.793621, -121.665493 36.793618, -121.665502 36.793692, -121.665446 36.793696, -121.66547 36.793894, -121.666039 36.79385, -121.666035 36.793823, -121.666224 36.793808, -121.66617 36.793361, -121.666022 36.793373, -121.666015 36.793322, -121.665641 36.79335, -121.665651 36.793435, -121.664583 36.793518)))",microsoft_us_building_footprints
ms-ca-000596,Microsoft footprint CA #297,CA,,143189.41,36.9247581,-121.6817146,,commercial_industrial_unknown,unknown,"MULTIPOLYGON (((-121.681762 36.923961, -121.680841 36.925207, -121.680884 36.925227, -121.680884 36.925208, -121.680959 36.925207, -121.68096 36.925259, -121.680957 36.925259, -121.680958 36.925297, -121.681087 36.925357, -121.681003 36.925359, -121.681004 36.925406, -121.681057 36.925431, -121.681093 36.925382, -121.681186 36.925426, -121.681221 36.925379, -121.681308 36.92542, -121.681328 36.925393, -121.68158 36.925389, -121.6816 36.925363, -121.681745 36.925431, -121.681775 36.92539, -121.681834 36.92539, -121.682358 36.924682, -121.682338 36.924673, -121.682378 36.924618, -121.682324 36.924592, -121.682406 36.92448, -121.682495 36.924522, -121.682603 36.924377, -121.682503 36.92433, -121.682513 36.924316, -121.681762 36.923961)))",microsoft_us_building_footprints
ms-ca-000597,Microsoft footprint CA #298,CA,,287906.84,36.6514604,-121.6368140,,commercial_industrial_unknown,unknown,"MULTIPOLYGON (((-121.637378 36.651327, -121.63818 36.651566, -121.638257 36.6514, -121.637515 36.651178, -121.637556 36.651089, -121.637573 36.651094, -121.63785 36.650531, -121.63711 36.650311, -121.637111 36.650307, -121.636753 36.6502, -121.636158 36.651484, -121.636444 36.651757, -121.636487 36.651749, -121.636326 36.652096, -121.636316 36.652058, -121.636281 36.652135, -121.636205 36.652112, -121.636109 36.652319, -121.636064 36.65235, -121.635994 36.652087, -121.636139 36.652062, -121.636009 36.652024, -121.636069 36.652013, -121.636032 36.651978, -121.63562 36.652049, -121.63546 36.652395, -121.63671 36.652767, -121.637378 36.651327)))",microsoft_us_building_footprints
ms-ca-000598,Microsoft footprint CA #299,CA,,175963.39,36.9057931,-121.7408214,,commercial_industrial_unknown,unknown,"MULTIPOLYGON (((-121.739512 36.906132, -121.741442 36.906111, -121.741466 36.906123, -121.741504 36.906078, -121.741241 36.906081, -121.741286 36.906026, -121.741286 36.905988, -121.742643 36.905973, -121.742639 36.905766, -121.742355 36.905769, -121.742359 36.90576, -121.742344 36.905732, -121.742168 36.905674, -121.742034 36.90543, -121.741883 36.905535, -121.741883 36.905519, -121.741882 36.905518, -121.741682 36.905588, -121.741656 36.905649, -121.741622 36.905587, -121.741556 36.905633, -121.741468 36.905664, -121.741425 36.905584, -121.741298 36.905586, -121.741209 36.905504, -121.741133 36.905464, -121.74097 36.90552, -121.740831 36.905446, -121.7395 36.905461, -121.739512 36.906132)))",microsoft_us_building_footprints
ms-ca-000599,Microsoft footprint CA #300,CA,,133660.49,36.7613466,-121.7411331,,commercial_industrial_unknown,unknown,"MULTIPOLYGON (((-121.742039 36.761172, -121.741465 36.76078, -121.741375 36.760864, -121.741396 36.760879, -121.741375 36.760899, -121.741422 36.760931, -121.741399 36.760952, -121.741289 36.760877, -121.74138 36.760791, -121.741417 36.760817, -121.741464 36.760773, -121.741222 36.760607, -121.741081 36.760739, -121.741111 36.760759, -121.740352 36.761472, -121.740156 36.761339, -121.740056 36.761433, -121.740584 36.761794, -121.740659 36.761723, -121.741119 36.762037, -121.742039 36.761172)))",microsoft_us_building_footprints
ms-fl-000600,Microsoft footprint FL #1,FL,,120741.95,29.1816879,-81.0816486,,commercial_industrial_unknown,unknown,"MULTIPOLYGON (((-81.080961 29.182381, -81.0815 29.182565, -81.081592 29.182358, -81.081691 29.182392, -81.081745 29.18227, -81.081638 29.182234, -81.081881 29.181689, -81.081998 29.181728, -81.082108 29.18148, -81.082215 29.181517, -81.082339 29.181241, -81.082274 29.181198, -81.082335 29.181061, -81.081746 29.180861, -81.081711 29.180938, -81.081719 29.180943, -81.08165 29.181023, -81.081617 29.181012, -81.081546 29.181172, -81.081562 29.181183, -81.08144 29.181457, -81.081326 29.181591, -81.081347 29.181605, -81.08129 29.181733, -81.081206 29.181831, -81.080961 29.182381)))",microsoft_us_building_footprints
ms-fl-000601,Microsoft footprint FL #2,FL,,106031.18,29.2060342,-81.0958099,,commercial_industrial_unknown,unknown,"MULTIPOLYGON (((-81.096452 29.206366, -81.0962 29.205526, -81.095457 29.205696, -81.095412 29.205545, -81.095334 29.205562, -81.095344 29.205598, -81.095206 29.205629, -81.095249 29.205771, -81.095048 29.205817, -81.095093 29.205966, -81.095304 29.205918, -81.095503 29.206582, -81.096452 29.206366)))",microsoft_us_building_footprints
ms-fl-000602,Microsoft footprint FL #3,FL,,181496.04,29.2430517,-81.1079450,,commercial_industrial_unknown,unknown,"MULTIPOLYGON (((-81.107078 29.242397, -81.107413 29.243173, -81.107521 29.243301, -81.107436 29.243329, -81.107505 29.243487, -81.107541 29.243497, -81.107562 29.243545, -81.107476 29.243573, -81.107612 29.243888, -81.108671 29.243539, -81.10861 29.243398, -81.108687 29.243373, -81.108891 29.243241, -81.108844 29.243131, -81.10877 29.243112, -81.108895 29.243032, -81.108821 29.243013, -81.108849 29.24293, -81.108573 29.242603, -81.10821 29.24251, -81.108107 29.242544, -81.108008 29.242608, -81.108089 29.242703, -81.108183 29.242673, -81.108566 29.243126, -81.108189 29.24325, -81.107977 29.242758, -81.10797 29.242778, -81.107951 29.242774, -81.1077 29.242192, -81.107078 29.242397)))",microsoft_us_building_footprints
ms-fl-000603,Microsoft footprint FL #4,FL,,200356.26,26.8381815,-81.1201734,,commercial_industrial_unknown,unknown,"MULTIPOLYGON (((-81.120492 26.838267, -81.120868 26.838444, -81.121188 26.837905, -81.121042 26.837678, -81.12055 26.837753, -81.1206 26.838016, -81.120266 26.838066, -81.120529 26.837622, -81.120047 26.837394, -81.119786 26.837836, -81.119752 26.83783, -81.119683 26.837464, -81.119203 26.837537, -81.119381 26.838471, -81.119626 26.838434, -81.11958 26.83819, -81.119835 26.838302, -81.120132 26.838442, -81.120319 26.8386, -81.120371 26.83887, -81.120033 26.838921, -81.120123 26.839393, -81.120643 26.839314, -81.120512 26.838626, -81.120565 26.838651, -81.120492 26.838267)))",microsoft_us_building_footprints
ms-fl-000604,Microsoft footprint FL #5,FL,,179788.41,28.9251065,-81.1874856,,commercial_industrial_unknown,unknown,"MULTIPOLYGON (((-81.186921 28.924502, -81.18711 28.925864, -81.187269 28.925847, -81.18731 28.926139, -81.187481 28.92612, -81.187464 28.925998, -81.187742 28.925968, -81.187746 28.926, -81.188016 28.925972, -81.187967 28.925622, -81.187906 28.925629, -81.187894 28.925539, -81.187994 28.925528, -81.18795 28.925209, -81.187934 28.92521, -81.187876 28.924794, -81.18777 28.924805, -81.187749 28.924655, -81.187929 28.924636, -81.187899 28.924423, -81.187698 28.924444, -81.187607 28.92379, -81.187361 28.923816, -81.187449 28.924445, -81.186921 28.924502)))",microsoft_us_building_footprints
ms-fl-000605,Microsoft footprint FL #6,FL,,101388.43,28.5961159,-81.2142863,,commercial_industrial_unknown,unknown,"MULTIPOLYGON (((-81.213891 28.596573, -81.214231 28.596575, -81.21423 28.596687, -81.214356 28.596688, -81.214357 28.596572, -81.214695 28.596574, -81.214696 28.596488, -81.214763 28.596489, -81.21477 28.595726, -81.214757 28.595725, -81.214757 28.595683, -81.21462 28.595682, -81.21462 28.595728, -81.214581 28.595728, -81.21458 28.595874, -81.21449 28.595873, -81.214492 28.595579, -81.21405 28.595576, -81.214048 28.595794, -81.213997 28.595793, -81.213998 28.59573, -81.213957 28.595729, -81.213958 28.595689, -81.213818 28.595688, -81.213818 28.595731, -81.213817 28.595731, -81.21381 28.596491, -81.213891 28.596492, -81.213891 28.596573)))",microsoft_us_building_footprints
ms-fl-000606,Microsoft footprint FL #7,FL,,146520.77,28.4767879,-81.2312047,,commercial_industrial_unknown,unknown,"MULTIPOLYGON (((-81.230082 28.476239, -81.232045 28.477769, -81.232236 28.477579, -81.232097 28.477471, -81.232191 28.477378, -81.232099 28.477306, -81.232193 28.477213, -81.230461 28.475864, -81.230082 28.476239)))",microsoft_us_building_footprints
ms-fl-000607,Microsoft footprint FL #8,FL,,324990.86,28.4748055,-81.2364945,,commercial_industrial_unknown,unknown,"MULTIPOLYGON (((-81.23526 28.474209, -81.235209 28.475312, -81.237729 28.475402, -81.23778 28.474299, -81.23526 28.474209)))",microsoft_us_building_footprints
ms-fl-000608,Microsoft footprint FL #9,FL,,143516.34,29.5017301,-81.2527039,,commercial_industrial_unknown,unknown,"MULTIPOLYGON (((-81.253036 29.500606, -81.252251 29.500601, -81.252243 29.501503, -81.252464 29.501505, -81.252469 29.500931, -81.252838 29.500934, -81.252832 29.501631, -81.252566 29.501629, -81.252443 29.501929, -81.252302 29.501928, -81.252326 29.501973, -81.252855 29.501976, -81.252849 29.502667, -81.252485 29.502665, -81.25249 29.502102, -81.252261 29.502101, -81.252254 29.502875, -81.25308 29.50288, -81.253085 29.502335, -81.253226 29.502336, -81.253225 29.502325, -81.253018 29.502261, -81.253228 29.501749, -81.253069 29.501699, -81.253072 29.501281, -81.253214 29.501282, -81.253269 29.501193, -81.253031 29.50129, -81.253036 29.500606)))",microsoft_us_building_footprints
ms-fl-000609,Microsoft footprint FL #10,FL,,183558.06,28.7008768,-81.2650909,,commercial_industrial_unknown,unknown,"MULTIPOLYGON (((-81.265747 28.700533, -81.265668 28.700442, -81.265666 28.700449, -81.265213 28.699926, -81.265123 28.699986, -81.265109 28.700034, -81.265029 28.700015, -81.26501 28.700076, -81.264967 28.700104, -81.264946 28.700099, -81.264906 28.700126, -81.264901 28.700144, -81.264574 28.700362, -81.264567 28.700384, -81.26455 28.70038, -81.264502 28.700412, -81.26443 28.700649, -81.264511 28.700668, -81.26445 28.700709, -81.264625 28.700911, -81.264732 28.700936, -81.264538 28.70157, -81.264553 28.701574, -81.264541 28.701613, -81.265317 28.701795, -81.265354 28.701771, -81.265376 28.701699, -81.265317 28.701685, -81.265416 28.701618, -81.265747 28.700533)))",microsoft_us_building_footprints
ms-fl-000610,Microsoft footprint FL #11,FL,,474278.97,28.3655906,-81.2748660,,commercial_industrial_unknown,unknown,"MULTIPOLYGON (((-81.274902 28.364067, -81.274719 28.364336, -81.2745 28.364302, -81.274609 28.364436, -81.274495 28.364604, -81.274253 28.364305, -81.274072 28.364355, -81.274225 28.364782, -81.273659 28.364939, -81.273738 28.365158, -81.274038 28.365075, -81.274059 28.365101, -81.273988 28.365461, -81.273796 28.365225, -81.273328 28.365355, -81.27399 28.36617, -81.27435 28.365944, -81.274443 28.366058, -81.274079 28.366287, -81.274398 28.366681, -81.275314 28.366106, -81.274995 28.365714, -81.275102 28.365647, -81.275431 28.366052, -81.274764 28.367032, -81.275129 28.367224, -81.275837 28.366185, -81.2769 28.365889, -81.276786 28.365573, -81.275654 28.365887, -81.275297 28.365447, -81.275627 28.364962, -81.274902 28.364067)))",microsoft_us_building_footprints
ms-fl-000611,Microsoft footprint FL #12,FL,,115606.35,28.3673274,-81.2856622,,commercial_industrial_unknown,unknown,"MULTIPOLYGON (((-81.286025 28.366731, -81.285395 28.366967, -81.28539 28.366957, -81.285281 28.366998, -81.285374 28.36719, -81.285198 28.367256, -81.285189 28.367238, -81.284924 28.367337, -81.284877 28.367239, -81.284779 28.367276, -81.285035 28.367804, -81.285104 28.367778, -81.285115 28.367799, -81.285464 28.367668, -81.285528 28.3678, -81.285717 28.367729, -81.28566 28.367614, -81.285884 28.36753, -81.285989 28.367746, -81.286205 28.367664, -81.286163 28.367576, -81.286423 28.367479, -81.28638 28.36739, -81.286493 28.367347, -81.286429 28.367215, -81.286285 28.367269, -81.286025 28.366731)))",microsoft_us_building_footprints
ms-fl-000612,Microsoft footprint FL #13,FL,,135660.0,29.8761711,-81.3221930,,commercial_industrial_unknown,unknown,"MULTIPOLYGON (((-81.321472 29.875757, -81.322129 29.876935, -81.322244 29.876887, -81.322272 29.876937, -81.322681 29.876766, -81.322689 29.876781, -81.322785 29.876741, -81.322634 29.87647, -81.322823 29.87639, -81.322459 29.875738, -81.322511 29.875716, -81.322368 29.87546, -81.322325 29.875478, -81.322289 29.875414, -81.321472 29.875757)))",microsoft_us_building_footprints
ms-fl-000613,Microsoft footprint FL #14,FL,,129803.39,28.6584823,-81.3399288,,commercial_industrial_unknown,unknown,"MULTIPOLYGON (((-81.338593 28.658101, -81.340229 28.6589, -81.340209 28.658932, -81.340736 28.659189, -81.340871 28.658976, -81.340769 28.658926, -81.340971 28.658608, -81.340868 28.658558, -81.34086 28.658572, -81.340464 28.658379, -81.340487 28.658343, -81.340445 28.658322, -81.340429 28.658347, -81.340012 28.658143, -81.339903 28.658315, -81.339792 28.658261, -81.339755 28.65832, -81.339707 28.658297, -81.3398 28.658151, -81.339367 28.657939, -81.339227 28.658161, -81.338887 28.657995, -81.338953 28.657891, -81.33878 28.657806, -81.338593 28.658101)))",microsoft_us_building_footprints
ms-fl-000614,Microsoft footprint FL #15,FL,,341365.47,28.4076726,-81.3413148,,commercial_industrial_unknown,unknown,"MULTIPOLYGON (((-81.341951 28.408835, -81.34193 28.4065, -81.34071 28.406508, -81.34071 28.406579, -81.340678 28.406579, -81.340699 28.408844, -81.341951 28.408835)))",microsoft_us_building_footprints
ms-fl-000615,Microsoft footprint FL #16,FL,,270260.42,29.9242507,-81.3417595,,commercial_industrial_unknown,unknown,"MULTIPOLYGON (((-81.342632 29.924349, -81.342643 29.924352, -81.342633 29.92396, -81.342367 29.923965, -81.342151 29.923809, -81.342149 29.923726, -81.342318 29.923722, -81.342303 29.923155, -81.342124 29.923159, -81.34212 29.923007, -81.342015 29.923009, -81.342026 29.923424, -81.342095 29.923473, -81.340864 29.923497, -81.340873 29.923852, -81.341331 29.923844, -81.340989 29.924838, -81.340736 29.924772, -81.340744 29.9251, -81.341124 29.925093, -81.341214 29.924829, -81.341295 29.924828, -81.341302 29.925106, -81.342155 29.92509, -81.342146 29.92476, -81.342613 29.924751, -81.34261 29.924651, -81.342733 29.924649, -81.342728 29.924451, -81.342596 29.924454, -81.342632 29.924349)))",microsoft_us_building_footprints
ms-fl-000616,Microsoft footprint FL #17,FL,,115685.16,28.5552517,-81.3463935,,commercial_industrial_unknown,unknown,"MULTIPOLYGON (((-81.347087 28.555605, -81.347076 28.554876, -81.346703 28.554881, -81.346704 28.554923, -81.3465 28.554926, -81.3465 28.554884, -81.346472 28.554885, -81.346472 28.554919, -81.346448 28.554919, -81.346448 28.554882, -81.345705 28.55489, -81.345716 28.555622, -81.347087 28.555605)))",microsoft_us_building_footprints
ms-fl-000617,Microsoft footprint FL #18,FL,,136126.68,28.4458452,-81.3526458,,commercial_industrial_unknown,unknown,"MULTIPOLYGON (((-81.352345 28.444866, -81.352352 28.446829, -81.352759 28.446827, -81.352759 28.44679, -81.352796 28.44679, -81.352796 28.446825, -81.352947 28.446825, -81.35294 28.444865, -81.352345 28.444866)))",microsoft_us_building_footprints
ms-fl-000618,Microsoft footprint FL #19,FL,,343328.57,28.5410481,-81.3891464,,commercial_industrial_unknown,unknown,"MULTIPOLYGON (((-81.390045 28.541786, -81.390017 28.540915, -81.390143 28.540912, -81.390124 28.54033, -81.389843 28.540337, -81.389811 28.540253, -81.38942 28.540262, -81.389418 28.540215, -81.389239 28.54022, -81.389239 28.540248, -81.389202 28.540249, -81.389201 28.540207, -81.38862 28.540221, -81.388622 28.540259, -81.388537 28.540261, -81.388537 28.540267, -81.388498 28.540278, -81.388486 28.540245, -81.388331 28.540386, -81.388125 28.540391, -81.388225 28.540655, -81.38826 28.54173, -81.388456 28.541896, -81.388466 28.541895, -81.388492 28.541872, -81.388657 28.541868, -81.388659 28.541912, -81.389601 28.541888, -81.389666 28.541829, -81.389665 28.541795, -81.390045 28.541786)))",microsoft_us_building_footprints
ms-fl-000619,Microsoft footprint FL #20,FL,,115510.97,28.6175130,-81.3934390,,commercial_industrial_unknown,unknown,"MULTIPOLYGON (((-81.39302 28.617998, -81.393272 28.618002, -81.393267 28.618248, -81.393609 28.618254, -81.393612 28.618101, -81.39352 28.618099, -81.393522 28.61801, -81.393901 28.618017, -81.393911 28.617566, -81.393794 28.617564, -81.39381 28.616884, -81.393046 28.61687, -81.39302 28.617998)))",microsoft_us_building_footprints
ms-fl-000620,Microsoft footprint FL #21,FL,,128227.4,28.6393164,-81.4108440,,commercial_industrial_unknown,unknown,"MULTIPOLYGON (((-81.411469 28.638806, -81.410696 28.638796, -81.410697 28.638772, -81.410557 28.63877, -81.41055 28.639182, -81.410116 28.639177, -81.410106 28.639746, -81.410226 28.639748, -81.410226 28.639749, -81.410459 28.639752, -81.410459 28.639746, -81.410775 28.63975, -81.410775 28.639747, -81.411441 28.639756, -81.411447 28.639419, -81.411428 28.639419, -81.411433 28.639159, -81.411436 28.639159, -81.41144 28.638928, -81.411467 28.638929, -81.411469 28.638806)))",microsoft_us_building_footprints
ms-fl-000621,Microsoft footprint FL #22,FL,,116413.96,28.4570065,-81.4083820,,commercial_industrial_unknown,unknown,"MULTIPOLYGON (((-81.409563 28.457208, -81.409558 28.456785, -81.407201 28.456805, -81.407206 28.457228, -81.409563 28.457208)))",microsoft_us_building_footprints
ms-fl-000622,Microsoft footprint FL #23,FL,,128921.14,26.4193377,-81.4148512,,commercial_industrial_unknown,unknown,"MULTIPOLYGON (((-81.415093 26.419103, -81.415409 26.419176, -81.415367 26.419325, -81.415827 26.419431, -81.415891 26.419208, -81.415806 26.419188, -81.415885 26.418911, -81.415631 26.418853, -81.415554 26.419122, -81.415094 26.419015, -81.415167 26.418762, -81.414923 26.418706, -81.414853 26.418949, -81.414699 26.418913, -81.414739 26.418776, -81.41454 26.41873, -81.414483 26.418928, -81.414276 26.41888, -81.414214 26.419092, -81.4143 26.419112, -81.414223 26.419377, -81.414366 26.41941, -81.414241 26.419844, -81.414369 26.419873, -81.414416 26.419711, -81.414499 26.41973, -81.414396 26.420086, -81.414783 26.420176, -81.415093 26.419103)))",microsoft_us_building_footprints
ms-fl-000623,Microsoft footprint FL #24,FL,,101816.76,28.4557313,-81.4173038,,commercial_industrial_unknown,unknown,"MULTIPOLYGON (((-81.417623 28.456422, -81.417615 28.455038, -81.416993 28.45504, -81.416993 28.455092, -81.416961 28.455092, -81.416962 28.45521, -81.416991 28.45521, -81.416997 28.45625, -81.416966 28.45625, -81.416966 28.45637, -81.416997 28.45637, -81.416998 28.456424, -81.417623 28.456422)))",microsoft_us_building_footprints
ms-fl-000624,Microsoft footprint FL #25,FL,,150717.51,28.4486256,-81.4218784,,commercial_industrial_unknown,unknown,"MULTIPOLYGON (((-81.42154 28.447913, -81.421525 28.448334, -81.421385 28.44833, -81.421376 28.448588, -81.421308 28.448586, -81.421294 28.448977, -81.421492 28.448982, -81.421475 28.44946, -81.421715 28.449466, -81.421723 28.449228, -81.422312 28.449243, -81.422315 28.449131, -81.422367 28.449133, -81.422386 28.448577, -81.422342 28.448575, -81.422349 28.448387, -81.422398 28.448388, -81.422404 28.448206, -81.422356 28.448204, -81.422365 28.447934, -81.42154 28.447913)))",microsoft_us_building_footprints
ms-fl-000625,Microsoft footprint FL #26,FL,,109466.9,28.4434161,-81.4196449,,commercial_industrial_unknown,unknown,"MULTIPOLYGON (((-81.419305 28.442664, -81.419085 28.443048, -81.419597 28.443275, -81.41913 28.444089, -81.419567 28.444283, -81.419789 28.443896, -81.419796 28.443899, -81.420016 28.443515, -81.420067 28.443538, -81.420312 28.443111, -81.419305 28.442664)))",microsoft_us_building_footprints
ms-fl-000626,Microsoft footprint FL #27,FL,,114191.63,28.5826585,-81.4263183,,commercial_industrial_unknown,unknown,"MULTIPOLYGON (((-81.426006 28.581816, -81.426054 28.583513, -81.426631 28.583501, -81.426582 28.581803, -81.426006 28.581816)))",microsoft_us_building_footprints
ms-fl-000627,Microsoft footprint FL #28,FL,,103536.33,28.3016640,-81.4391500,,commercial_industrial_unknown,unknown,"MULTIPOLYGON (((-81.43875 28.300976, -81.438747 28.30119, -81.438816 28.301191, -81.43881 28.301574, -81.438778 28.301574, -81.438779 28.301527, -81.438712 28.301526, -81.438711 28.301571, -81.438736 28.301571, -81.43873 28.302002, -81.438772 28.302003, -81.438768 28.302241, -81.438831 28.302242, -81.43883 28.302301, -81.439578 28.302309, -81.439587 28.301705, -81.439137 28.3017, -81.439138 28.301575, -81.438952 28.301572, -81.438953 28.30149, -81.438991 28.30149, -81.438993 28.301368, -81.438953 28.301368, -81.438953 28.30132, -81.439573 28.301327, -81.439579 28.3009, -81.439488 28.300899, -81.439489 28.300827, -81.439418 28.300827, -81.439415 28.300984, -81.43875 28.300976)))",microsoft_us_building_footprints
ms-fl-000628,Microsoft footprint FL #29,FL,,138270.58,28.1627158,-81.4422255,,commercial_industrial_unknown,unknown,"MULTIPOLYGON (((-81.441423 28.162435, -81.441906 28.162776, -81.442014 28.162733, -81.442202 28.163099, -81.442586 28.163105, -81.442589 28.162977, -81.442718 28.162979, -81.442702 28.163778, -81.443165 28.163786, -81.443182 28.162961, -81.442584 28.162951, -81.442589 28.162698, -81.44214 28.162381, -81.44205 28.16228, -81.441843 28.162133, -81.441523 28.162485, -81.441428 28.1623, -81.44136 28.162298, -81.441304 28.162189, -81.441698 28.162195, -81.441766 28.16212, -81.441742 28.162073, -81.441855 28.162028, -81.441757 28.161836, -81.441657 28.161835, -81.441612 28.161747, -81.441334 28.161742, -81.441338 28.161556, -81.441281 28.161555, -81.441182 28.161594, -81.441175 28.161949, -81.441423 28.162435)))",microsoft_us_building_footprints
ms-fl-000629,Microsoft footprint FL #30,FL,,342976.08,28.4250724,-81.4590763,,commercial_industrial_unknown,unknown,"MULTIPOLYGON (((-81.46008 28.425668, -81.460012 28.425627, -81.460878 28.425628, -81.46115 28.425269, -81.459707 28.42491, -81.459833 28.424517, -81.458596 28.424209, -81.458397 28.424828, -81.457476 28.424828, -81.457476 28.424502, -81.457306 28.424502, -81.457118 28.425086, -81.456482 28.425086, -81.456482 28.425253, -81.458337 28.425176, -81.458327 28.425152, -81.45826 28.425175, -81.458323 28.424981, -81.458482 28.425075, -81.458442 28.425075, -81.458446 28.425085, -81.458402 28.425221, -81.458697 28.42512, -81.458697 28.425461, -81.458665 28.425503, -81.458692 28.425509, -81.458573 28.425667, -81.46008 28.425668)))",microsoft_us_building_footprints
ms-fl-000630,Microsoft footprint FL #31,FL,,100036.3,28.4431943,-81.4685684,,commercial_industrial_unknown,unknown,"MULTIPOLYGON (((-81.468828 28.442356, -81.468388 28.442364, -81.468397 28.442743, -81.468282 28.442745, -81.468286 28.442946, -81.468251 28.442946, -81.468259 28.443283, -81.46827 28.443283, -81.468281 28.443754, -81.468339 28.443753, -81.468345 28.444004, -81.468826 28.443995, -81.468812 28.44339, -81.468852 28.44339, -81.468828 28.442356)))",microsoft_us_building_footprints
ms-fl-000631,Microsoft footprint FL #32,FL,,154434.01,30.3232911,-81.4873576,,commercial_industrial_unknown,unknown,"MULTIPOLYGON (((-81.486397 30.322745, -81.486408 30.323012, -81.487046 30.322992, -81.487053 30.323157, -81.487093 30.323156, -81.487095 30.323193, -81.486972 30.323197, -81.486977 30.323312, -81.487224 30.323304, -81.487242 30.323709, -81.486914 30.32372, -81.486933 30.324154, -81.487476 30.324137, -81.487474 30.324088, -81.487978 30.324072, -81.48796 30.323658, -81.487561 30.323671, -81.487542 30.323245, -81.487785 30.323238, -81.487772 30.322944, -81.488125 30.322932, -81.488116 30.322722, -81.487759 30.322734, -81.487811 30.322592, -81.487646 30.322547, -81.487164 30.322563, -81.487161 30.322572, -81.487081 30.322575, -81.487088 30.322723, -81.486397 30.322745)))",microsoft_us_building_footprints
ms-fl-000632,Microsoft footprint FL #33,FL,,240842.18,28.6597804,-81.4960536,,commercial_industrial_unknown,unknown,"MULTIPOLYGON (((-81.496816 28.658715, -81.496179 28.658716, -81.49618 28.658803, -81.496188 28.658803, -81.49619 28.659567, -81.494646 28.659571, -81.494646 28.659602, -81.494347 28.659603, -81.494347 28.659565, -81.494241 28.659565, -81.494242 28.659998, -81.494534 28.659998, -81.494534 28.660011, -81.494667 28.660011, -81.494667 28.659849, -81.495921 28.659847, -81.495923 28.660728, -81.496783 28.660726, -81.496781 28.659816, -81.496819 28.659816, -81.496816 28.658715)))",microsoft_us_building_footprints
ms-fl-000633,Microsoft footprint FL #34,FL,,128307.17,30.2783728,-81.5061518,,commercial_industrial_unknown,unknown,"MULTIPOLYGON (((-81.505479 30.27796, -81.505523 30.278798, -81.506206 30.278771, -81.506209 30.278834, -81.506243 30.278811, -81.506262 30.278811, -81.506298 30.278787, -81.5063 30.278826, -81.506246 30.278862, -81.506481 30.278853, -81.50648 30.27883, -81.506509 30.27881, -81.506528 30.278831, -81.506529 30.278856, -81.506566 30.278896, -81.506641 30.278893, -81.506638 30.278837, -81.506678 30.278882, -81.506817 30.278876, -81.50681 30.278733, -81.50679 30.278711, -81.506775 30.278422, -81.506745 30.278423, -81.506743 30.278384, -81.506636 30.278388, -81.506627 30.278206, -81.506758 30.278201, -81.50674 30.277854, -81.506512 30.277863, -81.506483 30.277882, -81.50635 30.277888, -81.506352 30.277926, -81.505479 30.27796)))",microsoft_us_building_footprints
ms-fl-000634,Microsoft footprint FL #35,FL,,233885.85,28.7298603,-81.5405691,,commercial_industrial_unknown,unknown,"MULTIPOLYGON (((-81.539572 28.729742, -81.539929 28.730059, -81.539975 28.73002, -81.540017 28.730057, -81.539695 28.730336, -81.540039 28.730642, -81.540319 28.730399, -81.540698 28.730735, -81.54096 28.730508, -81.540997 28.730518, -81.541261 28.73029, -81.541237 28.730268, -81.541295 28.730218, -81.541131 28.730072, -81.541578 28.729684, -81.541328 28.729462, -81.541279 28.729503, -81.541235 28.729464, -81.541316 28.729394, -81.541093 28.729195, -81.541053 28.729229, -81.540994 28.729177, -81.540939 28.729161, -81.540696 28.728946, -81.540529 28.729091, -81.54051 28.729143, -81.540447 28.729125, -81.540357 28.729367, -81.540257 28.729338, -81.540254 28.729341, -81.540145 28.729245, -81.539572 28.729742)))",microsoft_us_building_footprints
ms-fl-000635,Microsoft footprint FL #36,FL,,107743.45,30.3931162,-81.5470732,,commercial_industrial_unknown,unknown,"MULTIPOLYGON (((-81.546506 30.393825, -81.547048 30.393977, -81.54764 30.392407, -81.547099 30.392255, -81.546506 30.393825)))",microsoft_us_building_footprints
ms-fl-000636,Microsoft footprint FL #37,FL,,101325.5,28.3725565,-81.5513761,,commercial_industrial_unknown,unknown,"MULTIPOLYGON (((-81.552028 28.372975, -81.552126 28.372388, -81.551752 28.372339, -81.551761 28.372284, -81.551752 28.372272, -81.551637 28.372257, -81.55163 28.372301, -81.550954 28.372213, -81.55083 28.37204, -81.550496 28.372225, -81.550577 28.372338, -81.550537 28.372576, -81.550567 28.37258, -81.550585 28.372678, -81.550659 28.372667, -81.550639 28.372559, -81.550866 28.372588, -81.550922 28.372558, -81.550946 28.372414, -81.551025 28.37237, -81.551066 28.372426, -81.551084 28.372524, -81.551069 28.372617, -81.551143 28.372627, -81.551095 28.372915, -81.551254 28.372936, -81.551267 28.373003, -81.551506 28.373034, -81.551523 28.372929, -81.551588 28.372937, -81.552028 28.372975)))",microsoft_us_building_footprints
ms-fl-000637,Microsoft footprint FL #38,FL,,167412.45,30.4554996,-81.5600250,,commercial_industrial_unknown,unknown,"MULTIPOLYGON (((-81.558614 30.455164, -81.558605 30.456038, -81.559216 30.456043, -81.559202 30.456009, -81.559144 30.455988, -81.559145 30.455921, -81.559018 30.455811, -81.559018 30.455774, -81.559066 30.455759, -81.559068 30.455659, -81.55924 30.455604, -81.559219 30.455554, -81.559219 30.455525, -81.559325 30.455492, -81.559644 30.455494, -81.559722 30.455469, -81.559834 30.45547, -81.559837 30.455477, -81.560828 30.455485, -81.560863 30.455567, -81.560848 30.455581, -81.560987 30.4557, -81.561033 30.455806, -81.561045 30.455816, -81.560981 30.455837, -81.56098 30.45593, -81.560887 30.455959, -81.560886 30.456038, -81.561457 30.456043, -81.561467 30.455188, -81.558614 30.455164)))",microsoft_us_building_footprints
ms-fl-000638,Microsoft footprint FL #39,FL,,159419.11,27.8926312,-81.5617635,,commercial_industrial_unknown,unknown,"MULTIPOLYGON (((-81.561191 27.892734, -81.5612 27.893592, -81.561781 27.893587, -81.561801 27.893604, -81.561902 27.893603, -81.5619 27.893484, -81.56193 27.893508, -81.562009 27.893507, -81.561996 27.892282, -81.561923 27.892223, -81.562032 27.892222, -81.56203 27.892037, -81.56206 27.892009, -81.562081 27.892008, -81.562213 27.892115, -81.562365 27.891967, -81.562229 27.891858, -81.562278 27.89181, -81.562412 27.891809, -81.562411 27.891742, -81.562503 27.891742, -81.562499 27.891366, -81.562409 27.891367, -81.562409 27.891422, -81.562205 27.891423, -81.561702 27.891909, -81.561706 27.892231, -81.561406 27.892234, -81.561411 27.892713, -81.561942 27.892709, -81.561965 27.892728, -81.561191 27.892734)))",microsoft_us_building_footprints
ms-fl-000639,Microsoft footprint FL #40,FL,,215346.76,28.5632886,-81.5697424,,commercial_industrial_unknown,unknown,"MULTIPOLYGON (((-81.570931 28.563714, -81.570935 28.56309, -81.570807 28.563089, -81.570807 28.563061, -81.570386 28.563058, -81.570385 28.563094, -81.570313 28.563093, -81.570315 28.56287, -81.570174 28.56287, -81.570174 28.562818, -81.570045 28.562817, -81.570045 28.562873, -81.569863 28.562872, -81.569863 28.562811, -81.569623 28.56281, -81.569624 28.562736, -81.569224 28.562733, -81.569223 28.562824, -81.568736 28.562821, -81.568733 28.563271, -81.568669 28.563271, -81.568666 28.563609, -81.568643 28.563609, -81.568643 28.563676, -81.56868 28.563676, -81.56868 28.563701, -81.570931 28.563714)))",microsoft_us_building_footprints
ms-fl-000640,Microsoft footprint FL #41,FL,,186718.93,30.4495214,-81.5670500,,commercial_industrial_unknown,unknown,"MULTIPOLYGON (((-81.566563 30.448676, -81.566562 30.45026, -81.56647 30.45026, -81.56647 30.45033, -81.567125 30.45033, -81.567125 30.450363, -81.567625 30.450363, -81.567625 30.450184, -81.567525 30.450184, -81.567526 30.448676, -81.566563 30.448676)))",microsoft_us_building_footprints
ms-fl-000641,Microsoft footprint FL #42,FL,,395360.94,28.6964277,-81.5744312,,commercial_industrial_unknown,unknown,"MULTIPOLYGON (((-81.573818 28.696689, -81.574187 28.696821, -81.574045 28.697051, -81.574183 28.6971, -81.574127 28.697221, -81.573812 28.697226, -81.573824 28.697706, -81.573813 28.697706, -81.57382 28.697989, -81.574588 28.697974, -81.574683 28.697769, -81.575074 28.697665, -81.574983 28.696924, -81.575051 28.696757, -81.575041 28.696347, -81.575162 28.696186, -81.574951 28.695858, -81.575023 28.695823, -81.575002 28.694984, -81.573801 28.695006, -81.573819 28.695742, -81.573799 28.69593, -81.573818 28.696689)))",microsoft_us_building_footprints
ms-fl-000642,Microsoft footprint FL #43,FL,,184991.91,30.2196457,-81.5866638,,commercial_industrial_unknown,unknown,"MULTIPOLYGON (((-81.587176 30.21887, -81.586976 30.218945, -81.586997 30.218988, -81.585672 30.21949, -81.585731 30.219607, -81.585764 30.219594, -81.586093 30.220243, -81.586113 30.220235, -81.586179 30.220365, -81.586161 30.220372, -81.586205 30.220457, -81.58623 30.220448, -81.586251 30.220488, -81.586524 30.220384, -81.586439 30.220217, -81.586597 30.220157, -81.586604 30.220172, -81.587475 30.219842, -81.587475 30.219842, -81.587583 30.219801, -81.587554 30.219745, -81.587631 30.219716, -81.587554 30.219563, -81.587572 30.219556, -81.587528 30.219471, -81.587489 30.219486, -81.587176 30.21887)))",microsoft_us_building_footprints
ms-fl-000643,Microsoft footprint FL #44,FL,,174504.41,28.7659357,-81.5905716,,commercial_industrial_unknown,unknown,"MULTIPOLYGON (((-81.591549 28.7663, -81.591542 28.765997, -81.591594 28.765996, -81.591584 28.765544, -81.590623 28.765561, -81.590608 28.765615, -81.590594 28.765615, -81.590476 28.76559, -81.590475 28.765556, -81.590322 28.765559, -81.590321 28.765524, -81.590244 28.765556, -81.590231 28.765601, -81.590087 28.765603, -81.590086 28.765546, -81.590061 28.765546, -81.59006 28.765531, -81.589595 28.765539, -81.589615 28.766419, -81.589768 28.766417, -81.589767 28.766365, -81.590004 28.766361, -81.590003 28.766315, -81.59031 28.766309, -81.590306 28.766117, -81.590395 28.766115, -81.590384 28.766154, -81.590388 28.766321, -81.591549 28.7663)))",microsoft_us_building_footprints
ms-fl-000644,Microsoft footprint FL #45,FL,,769946.04,27.9540383,-81.6156073,,commercial_industrial_unknown,unknown,"MULTIPOLYGON (((-81.617242 27.952294, -81.616042 27.951954, -81.6157 27.952895, -81.615958 27.952817, -81.615571 27.953883, -81.614984 27.954324, -81.614628 27.954321, -81.614128 27.953801, -81.613821 27.954031, -81.613875 27.95417, -81.613152 27.954389, -81.613371 27.954953, -81.613567 27.954894, -81.6137 27.955236, -81.614113 27.955666, -81.614695 27.955489, -81.615204 27.955026, -81.615585 27.955422, -81.616414 27.9548, -81.616047 27.954419, -81.616496 27.954283, -81.616226 27.954206, -81.616252 27.954136, -81.617028 27.954356, -81.616972 27.95451, -81.617059 27.954534, -81.617108 27.954399, -81.617367 27.954472, -81.617673 27.953628, -81.616843 27.953393, -81.617242 27.952294)))",microsoft_us_building_footprints
ms-fl-000645,Microsoft footprint FL #46,FL,,123984.75,27.9631174,-81.6231662,,commercial_industrial_unknown,unknown,"MULTIPOLYGON (((-81.622518 27.962693, -81.623019 27.963789, -81.623196 27.963726, -81.623227 27.963792, -81.623636 27.963646, -81.623678 27.963738, -81.623797 27.963696, -81.623797 27.963697, -81.623843 27.96368, -81.623531 27.962997, -81.623513 27.963003, -81.623372 27.962694, -81.623479 27.962656, -81.62339 27.962462, -81.623237 27.962516, -81.623191 27.962416, -81.623064 27.962462, -81.623046 27.962421, -81.62276 27.962523, -81.622793 27.962595, -81.622518 27.962693)))",microsoft_us_building_footprints
ms-fl-000646,Microsoft footprint FL #47,FL,,197488.9,30.3550547,-81.6278045,,commercial_industrial_unknown,unknown,"MULTIPOLYGON (((-81.629915 30.35522, -81.629894 30.354747, -81.628837 30.354783, -81.629015 30.354881, -81.628946 30.354912, -81.629015 30.35493, -81.629037 30.354967, -81.629038 30.354983, -81.628839 30.355074, -81.62871 30.355078, -81.628418 30.354918, -81.628414 30.354826, -81.628038 30.354839, -81.628047 30.354824, -81.627237 30.354852, -81.627288 30.354784, -81.626149 30.354822, -81.626177 30.354869, -81.626145 30.354884, -81.626143 30.354843, -81.626134 30.35484, -81.625909 30.354943, -81.625929 30.355396, -81.627127 30.355356, -81.627113 30.355056, -81.628002 30.355284, -81.629915 30.35522)))",microsoft_us_building_footprints
ms-fl-000647,Microsoft footprint FL #48,FL,,155708.74,28.8270890,-81.6452372,,commercial_industrial_unknown,unknown,"MULTIPOLYGON (((-81.646023 28.827434, -81.646015 28.826715, -81.645982 28.826715, -81.645981 28.826556, -81.645728 28.826558, -81.64573 28.826719, -81.645555 28.82672, -81.645554 28.826652, -81.644764 28.826659, -81.644765 28.826722, -81.644615 28.826724, -81.644614 28.826673, -81.644345 28.826676, -81.644346 28.826794, -81.644475 28.826793, -81.644477 28.826958, -81.644607 28.826957, -81.644608 28.827089, -81.644537 28.82709, -81.644538 28.827192, -81.644402 28.827193, -81.644404 28.82744, -81.644715 28.827437, -81.644717 28.827605, -81.645467 28.827599, -81.645465 28.827439, -81.646023 28.827434)))",microsoft_us_building_footprints
ms-fl-000648,Microsoft footprint FL #49,FL,,113811.74,30.3126323,-81.6526383,,commercial_industrial_unknown,unknown,"MULTIPOLYGON (((-81.653031 30.312068, -81.652961 30.312068, -81.652961 30.312, -81.652293 30.312003, -81.652293 30.312022, -81.652234 30.312022, -81.65224 30.313132, -81.652305 30.313132, -81.652305 30.313214, -81.652369 30.313214, -81.65237 30.313246, -81.652432 30.313246, -81.652433 30.313283, -81.652847 30.313281, -81.652847 30.313228, -81.652886 30.313228, -81.652886 30.31326, -81.653037 30.31326, -81.653031 30.312068)))",microsoft_us_building_footprints
ms-fl-000649,Microsoft footprint FL #50,FL,,112508.89,30.3473400,-81.6635414,,commercial_industrial_unknown,unknown,"MULTIPOLYGON (((-81.662898 30.347809, -81.664079 30.347794, -81.66408 30.347833, -81.664123 30.347832, -81.664107 30.346928, -81.663945 30.34693, -81.663945 30.3469, -81.663785 30.346902, -81.663785 30.346874, -81.663267 30.346881, -81.663267 30.346846, -81.663108 30.346848, -81.663108 30.346817, -81.662929 30.346819, -81.662936 30.34722, -81.663101 30.347218, -81.663102 30.347249, -81.663279 30.347246, -81.66328 30.347304, -81.663577 30.347301, -81.66358 30.347459, -81.662892 30.347468, -81.662898 30.347809)))",microsoft_us_building_footprints
ms-fl-000650,Microsoft footprint FL #51,FL,,146286.89,30.3127880,-81.6585891,,commercial_industrial_unknown,unknown,"MULTIPOLYGON (((-81.659231 30.312313, -81.657866 30.312316, -81.657868 30.312817, -81.657854 30.312835, -81.657854 30.31289, -81.6579 30.31289, -81.6579 30.313013, -81.658473 30.313324, -81.659234 30.313323, -81.659231 30.312313)))",microsoft_us_building_footprints
ms-fl-000651,Microsoft footprint FL #52,FL,,153499.61,30.3682613,-81.6703154,,commercial_industrial_unknown,unknown,"MULTIPOLYGON (((-81.671041 30.367847, -81.670353 30.367775, -81.670359 30.367732, -81.669926 30.367687, -81.669933 30.367644, -81.669789 30.367629, -81.669783 30.367668, -81.66975 30.367664, -81.669605 30.368694, -81.669819 30.368716, -81.669815 30.368747, -81.669838 30.368749, -81.669842 30.36872, -81.670092 30.368746, -81.670083 30.368805, -81.670165 30.368814, -81.670173 30.368758, -81.670214 30.368762, -81.670213 30.368766, -81.670902 30.368838, -81.671041 30.367847)))",microsoft_us_building_footprints
ms-fl-000652,Microsoft footprint FL #53,FL,,228798.49,29.6544708,-81.6729466,,commercial_industrial_unknown,unknown,"MULTIPOLYGON (((-81.673354 29.653066, -81.672868 29.653994, -81.672779 29.653959, -81.672709 29.654092, -81.672787 29.654123, -81.672726 29.654239, -81.672644 29.654206, -81.6725 29.654481, -81.672436 29.654455, -81.672287 29.65474, -81.672358 29.654768, -81.671966 29.655517, -81.672761 29.655832, -81.672992 29.655391, -81.672892 29.655352, -81.672948 29.655245, -81.672859 29.65521, -81.672808 29.655307, -81.672774 29.655293, -81.672861 29.655127, -81.672937 29.655157, -81.673165 29.654723, -81.673151 29.654718, -81.67364 29.653784, -81.673729 29.65382, -81.67388 29.653532, -81.67398 29.653571, -81.67402 29.653495, -81.673937 29.653462, -81.674009 29.653325, -81.673354 29.653066)))",microsoft_us_building_footprints
ms-fl-000653,Microsoft footprint FL #54,FL,,168082.07,28.3570615,-81.6745704,,commercial_industrial_unknown,unknown,"MULTIPOLYGON (((-81.67542 28.357482, -81.675337 28.357249, -81.675156 28.357298, -81.675138 28.357247, -81.67522 28.357224, -81.674974 28.356532, -81.674894 28.356554, -81.674782 28.356236, -81.674645 28.356274, -81.674664 28.356327, -81.674419 28.356394, -81.674469 28.356535, -81.674299 28.356581, -81.674265 28.356484, -81.67387 28.356592, -81.673974 28.356885, -81.673827 28.356925, -81.674045 28.357538, -81.67425 28.357482, -81.674355 28.357775, -81.67542 28.357482)))",microsoft_us_building_footprints
ms-fl-000654,Microsoft footprint FL #55,FL,,105281.1,26.0455054,-81.6792701,,commercial_industrial_unknown,unknown,"MULTIPOLYGON (((-81.679465 26.045167, -81.679266 26.045325, -81.679047 26.045101, -81.679144 26.045024, -81.678969 26.044846, -81.678863 26.04493, -81.678695 26.044759, -81.678496 26.044917, -81.678675 26.0451, -81.678499 26.045239, -81.678672 26.045416, -81.67886 26.045267, -81.679083 26.045494, -81.678911 26.045631, -81.679457 26.046188, -81.679649 26.046036, -81.679715 26.046102, -81.67991 26.045947, -81.679835 26.045871, -81.680015 26.045728, -81.679465 26.045167)))",microsoft_us_building_footprints
ms-fl-000655,Microsoft footprint FL #56,FL,,106569.2,26.6186816,-81.6896533,,commercial_industrial_unknown,unknown,"MULTIPOLYGON (((-81.690367 26.619021, -81.690021 26.618713, -81.689931 26.618793, -81.689892 26.618759, -81.690174 26.618506, -81.689872 26.618237, -81.689754 26.618343, -81.689461 26.618083, -81.689389 26.618148, -81.689258 26.618032, -81.689144 26.618134, -81.689207 26.61819, -81.689111 26.618277, -81.689087 26.618256, -81.689026 26.61831, -81.689114 26.618388, -81.68904 26.618454, -81.689333 26.618714, -81.689111 26.618913, -81.689401 26.619171, -81.689626 26.618968, -81.690028 26.619326, -81.690367 26.619021)))",microsoft_us_building_footprints
ms-fl-000656,Microsoft footprint FL #57,FL,,131067.47,29.6424313,-81.6925901,,commercial_industrial_unknown,unknown,"MULTIPOLYGON (((-81.69322 29.642484, -81.693069 29.64242, -81.693259 29.642366, -81.693308 29.642068, -81.693111 29.642124, -81.693183 29.641996, -81.693063 29.641898, -81.692848 29.642095, -81.692635 29.642069, -81.69255 29.641844, -81.692357 29.64182, -81.692185 29.642124, -81.691709 29.641921, -81.691652 29.641973, -81.691635 29.642079, -81.691819 29.642157, -81.691664 29.642431, -81.69195 29.64235, -81.692418 29.642733, -81.692401 29.642837, -81.692657 29.6426, -81.69274 29.642669, -81.692536 29.642857, -81.692617 29.642892, -81.692562 29.64323, -81.692791 29.643328, -81.692999 29.643136, -81.692901 29.642876, -81.693143 29.642906, -81.693045 29.642646, -81.69322 29.642484)))",microsoft_us_building_footprints
ms-fl-000657,Microsoft footprint FL #58,FL,,110237.77,30.2229396,-81.6967009,,commercial_industrial_unknown,unknown,"MULTIPOLYGON (((-81.697268 30.223358, -81.697263 30.222543, -81.697156 30.222543, -81.697155 30.222509, -81.69705 30.222509, -81.69705 30.222493, -81.696935 30.222493, -81.696935 30.22251, -81.69671 30.222511, -81.69671 30.222492, -81.696596 30.222493, -81.696596 30.222511, -81.696382 30.222512, -81.696382 30.222488, -81.696248 30.222489, -81.696248 30.222513, -81.696151 30.222513, -81.696156 30.223424, -81.696351 30.223423, -81.69635 30.223362, -81.697268 30.223358)))",microsoft_us_building_footprints
ms-fl-000658,Microsoft footprint FL #59,FL,,196443.11,29.9823151,-81.7126605,,commercial_industrial_unknown,unknown,"MULTIPOLYGON (((-81.711698 29.981584, -81.711717 29.982088, -81.71183 29.982084, -81.711833 29.982168, -81.712007 29.982163, -81.712034 29.982857, -81.712666 29.982839, -81.712665 29.982808, -81.712718 29.982807, -81.712717 29.982765, -81.71291 29.98276, -81.712915 29.982908, -81.712988 29.982906, -81.712982 29.98276, -81.713196 29.982754, -81.713203 29.982918, -81.713907 29.982898, -81.713899 29.982666, -81.713862 29.982654, -81.713777 29.982656, -81.713771 29.982493, -81.713281 29.982507, -81.713279 29.98247, -81.713419 29.982466, -81.713412 29.98229, -81.713183 29.982296, -81.713271 29.982103, -81.713265 29.981948, -81.712646 29.981966, -81.712634 29.981648, -81.712114 29.981663, -81.71211 29.981572, -81.711698 29.981584)))",microsoft_us_building_footprints
ms-fl-000659,Microsoft footprint FL #60,FL,,143138.17,30.3613200,-81.7178645,,commercial_industrial_unknown,unknown,"MULTIPOLYGON (((-81.716969 30.361141, -81.718163 30.362077, -81.718758 30.361512, -81.718273 30.361131, -81.718286 30.361118, -81.717578 30.360563, -81.716969 30.361141)))",microsoft_us_building_footprints
ms-fl-000660,Microsoft footprint FL #61,FL,,220230.63,28.5299458,-81.7313527,,commercial_industrial_unknown,unknown,"MULTIPOLYGON (((-81.732244 28.530232, -81.732112 28.529935, -81.732431 28.529826, -81.732363 28.529672, -81.732114 28.529757, -81.732012 28.529527, -81.732212 28.529459, -81.732045 28.529081, -81.731612 28.529229, -81.731638 28.529289, -81.731714 28.529263, -81.731677 28.529308, -81.731698 28.529321, -81.731688 28.529324, -81.731738 28.529356, -81.731703 28.529277, -81.731742 28.529302, -81.731856 28.529263, -81.731883 28.529324, -81.731551 28.529437, -81.7315 28.529322, -81.731395 28.529357, -81.731369 28.529299, -81.73126 28.529432, -81.730456 28.529707, -81.730531 28.529877, -81.730393 28.529924, -81.730361 28.529851, -81.730221 28.529899, -81.730324 28.530131, -81.730466 28.530083, -81.730758 28.530741, -81.732244 28.530232)))",microsoft_us_building_footprints
ms-fl-000661,Microsoft footprint FL #62,FL,,128698.25,30.3493810,-81.7414965,,commercial_industrial_unknown,unknown,"MULTIPOLYGON (((-81.741047 30.350008, -81.74194 30.350011, -81.741946 30.348754, -81.741053 30.348751, -81.741047 30.350008)))",microsoft_us_building_footprints
ms-fl-000662,Microsoft footprint FL #63,FL,,878657.05,30.1846827,-81.7351892,,commercial_industrial_unknown,unknown,"MULTIPOLYGON (((-81.738032 30.183698, -81.737117 30.18389, -81.737059 30.184275, -81.735482 30.184098, -81.735342 30.183604, -81.734665 30.183746, -81.734843 30.184378, -81.734584 30.184433, -81.734565 30.184367, -81.732764 30.183317, -81.732348 30.18385, -81.73318 30.184335, -81.732684 30.184672, -81.732742 30.184878, -81.732968 30.185127, -81.733566 30.185, -81.733468 30.184652, -81.733838 30.184868, -81.734018 30.185066, -81.733392 30.185491, -81.733854 30.185999, -81.734426 30.185611, -81.734794 30.185826, -81.734992 30.185691, -81.734913 30.185411, -81.735176 30.185564, -81.735557 30.185306, -81.735846 30.185625, -81.737021 30.185757, -81.736858 30.185176, -81.737863 30.184825, -81.738032 30.183698)))",microsoft_us_building_footprints
ms-fl-000663,Microsoft footprint FL #64,FL,,101808.68,30.3439032,-81.7424845,,commercial_industrial_unknown,unknown,"MULTIPOLYGON (((-81.743296 30.344151, -81.743269 30.343596, -81.741673 30.343655, -81.741701 30.344211, -81.743296 30.344151)))",microsoft_us_building_footprints
ms-fl-000664,Microsoft footprint FL #65,FL,,253380.63,30.2645505,-81.7689142,,commercial_industrial_unknown,unknown,"MULTIPOLYGON (((-81.769012 30.264848, -81.769263 30.265371, -81.770308 30.26564, -81.770411 30.26534, -81.769531 30.265114, -81.769329 30.264692, -81.769365 30.264587, -81.769863 30.264408, -81.770403 30.264547, -81.770509 30.264241, -81.769844 30.26407, -81.769206 30.264299, -81.769161 30.264205, -81.768851 30.264125, -81.768742 30.264164, -81.76852 30.263701, -81.767769 30.263508, -81.767666 30.263809, -81.76824 30.263957, -81.768279 30.264038, -81.768355 30.264011, -81.768489 30.26429, -81.768424 30.264313, -81.768386 30.264424, -81.76808 30.264533, -81.767216 30.264311, -81.767111 30.264618, -81.768099 30.264872, -81.76853 30.264717, -81.768573 30.264805, -81.768898 30.264889, -81.769012 30.264848)))",microsoft_us_building_footprints
ms-fl-000665,Microsoft footprint FL #66,FL,,107913.51,28.0702479,-81.7791908,,commercial_industrial_unknown,unknown,"MULTIPOLYGON (((-81.779738 28.069854, -81.779547 28.069852, -81.779547 28.069812, -81.779303 28.06981, -81.779303 28.069851, -81.778702 28.069845, -81.7787 28.069993, -81.778519 28.069992, -81.778513 28.070465, -81.778783 28.070468, -81.778782 28.070529, -81.779103 28.070532, -81.7791 28.070727, -81.779728 28.070733, -81.779738 28.069854)))",microsoft_us_building_footprints
ms-fl-000666,Microsoft footprint FL #67,FL,,175234.89,30.3850943,-81.7868224,,commercial_industrial_unknown,unknown,"MULTIPOLYGON (((-81.787632 30.385561, -81.787627 30.384957, -81.787649 30.384957, -81.787646 30.384621, -81.786005 30.384631, -81.786012 30.38557, -81.787632 30.385561)))",microsoft_us_building_footprints
ms-fl-000667,Microsoft footprint FL #68,FL,,168146.93,26.3077681,-81.8113649,,commercial_industrial_unknown,unknown,"MULTIPOLYGON (((-81.811932 26.307566, -81.81204 26.307586, -81.812021 26.307667, -81.811955 26.307655, -81.812011 26.308449, -81.812283 26.308434, -81.812219 26.307519, -81.812778 26.307488, -81.812761 26.307255, -81.812081 26.307293, -81.812018 26.307183, -81.811996 26.307184, -81.81152 26.307399, -81.811506 26.307199, -81.811385 26.307206, -81.811394 26.307336, -81.810718 26.307641, -81.810623 26.307566, -81.809799 26.307613, -81.809782 26.307688, -81.809793 26.30785, -81.810655 26.307801, -81.810718 26.308702, -81.811008 26.308686, -81.810988 26.308402, -81.810969 26.308403, -81.810938 26.307959, -81.811303 26.307938, -81.811416 26.307887, -81.81141 26.307802, -81.811932 26.307566)))",microsoft_us_building_footprints
ms-fl-000668,Microsoft footprint FL #69,FL,,203837.38,26.5329087,-81.8484880,,commercial_industrial_unknown,unknown,"MULTIPOLYGON (((-81.849352 26.533392, -81.849343 26.532947, -81.849391 26.532946, -81.849387 26.532724, -81.849336 26.532725, -81.849329 26.532399, -81.847692 26.532424, -81.847694 26.532522, -81.847618 26.532523, -81.847621 26.532677, -81.84759 26.532677, -81.8476 26.533174, -81.847632 26.533173, -81.847635 26.533328, -81.847711 26.533326, -81.847713 26.533418, -81.849352 26.533392)))",microsoft_us_building_footprints
ms-fl-000669,Microsoft footprint FL #70,FL,,116921.35,30.2356220,-81.8801611,,commercial_industrial_unknown,unknown,"MULTIPOLYGON (((-81.880487 30.234865, -81.879819 30.23486, -81.879816 30.235203, -81.879821 30.235203, -81.879822 30.235148, -81.879859 30.235148, -81.879858 30.235254, -81.879856 30.235254, -81.879855 30.235305, -81.879823 30.235305, -81.879813 30.236366, -81.880483 30.236371, -81.880488 30.235854, -81.880612 30.235855, -81.880613 30.235688, -81.880479 30.235687, -81.880487 30.234865)))",microsoft_us_building_footprints
ms-fl-000670,Microsoft footprint FL #71,FL,,190887.96,26.6429458,-81.9423692,,commercial_industrial_unknown,unknown,"MULTIPOLYGON (((-81.941721 26.64293, -81.941793 26.644001, -81.942153 26.643981, -81.942116 26.643435, -81.942272 26.643427, -81.94231 26.643992, -81.942655 26.643973, -81.942615 26.643377, -81.942298 26.643394, -81.942284 26.643189, -81.942844 26.643158, -81.942856 26.643344, -81.943212 26.643451, -81.943192 26.643148, -81.942847 26.642936, -81.94286 26.643127, -81.942794 26.643131, -81.942768 26.64275, -81.942602 26.642759, -81.942581 26.642453, -81.943041 26.642428, -81.94301 26.641975, -81.942048 26.642027, -81.942048 26.642029, -81.941819 26.642115, -81.941843 26.642462, -81.942249 26.64244, -81.942296 26.643133, -81.942137 26.643142, -81.942121 26.642909, -81.941721 26.64293)))",microsoft_us_building_footprints
ms-fl-000671,Microsoft footprint FL #72,FL,,275958.06,26.6391502,-81.9423155,,commercial_industrial_unknown,unknown,"MULTIPOLYGON (((-81.941651 26.640303, -81.943153 26.639787, -81.942872 26.639133, -81.942982 26.639144, -81.942937 26.639208, -81.94333 26.639155, -81.943286 26.639217, -81.943313 26.63922, -81.943472 26.638991, -81.943036 26.638749, -81.942406 26.638966, -81.942595 26.638694, -81.942447 26.638534, -81.942322 26.638243, -81.942512 26.638349, -81.942308 26.637873, -81.942225 26.637739, -81.94218 26.638099, -81.941696 26.638051, -81.941657 26.638367, -81.941729 26.638342, -81.941694 26.638626, -81.941666 26.638623, -81.941612 26.63906, -81.941969 26.63989, -81.941706 26.639864, -81.941651 26.640303)))",microsoft_us_building_footprints
ms-fl-000672,Microsoft footprint FL #73,FL,,137916.42,28.9257793,-82.0185822,,commercial_industrial_unknown,unknown,"MULTIPOLYGON (((-82.018735 28.926393, -82.018422 28.926301, -82.018198 28.926391, -82.018082 28.926168, -82.018083 28.925974, -82.017705 28.925972, -82.017703 28.926176, -82.017878 28.926177, -82.017877 28.926257, -82.017947 28.926257, -82.017945 28.926612, -82.018223 28.926613, -82.018208 28.926653, -82.018948 28.926657, -82.018951 28.926133, -82.019265 28.926135, -82.019268 28.925552, -82.01871 28.92555, -82.018713 28.925169, -82.018917 28.92517, -82.018919 28.924785, -82.0183 28.924782, -82.018299 28.924937, -82.018226 28.924937, -82.018222 28.925594, -82.01882 28.925597, -82.018819 28.925799, -82.018738 28.925799, -82.018738 28.925902, -82.018816 28.925902, -82.018813 28.926257, -82.018736 28.926256, -82.018735 28.926393)))",microsoft_us_building_footprints
ms-fl-000673,Microsoft footprint FL #74,FL,,150754.7,28.8772621,-82.0397932,,commercial_industrial_unknown,unknown,"MULTIPOLYGON (((-82.038743 28.877557, -82.041021 28.877551, -82.041019 28.877048, -82.039505 28.877052, -82.039504 28.876855, -82.038741 28.876857, -82.038743 28.877557)))",microsoft_us_building_footprints
ms-fl-000674,Microsoft footprint FL #75,FL,,158066.9,29.2045886,-82.0725734,,commercial_industrial_unknown,unknown,"MULTIPOLYGON (((-82.073041 29.203833, -82.071735 29.204605, -82.071835 29.204735, -82.071556 29.2049, -82.071654 29.205027, -82.071783 29.204951, -82.071889 29.205088, -82.07217 29.204921, -82.072209 29.204971, -82.071892 29.205158, -82.072057 29.20537, -82.072388 29.205174, -82.072351 29.205126, -82.072476 29.205052, -82.072509 29.205096, -82.073172 29.204704, -82.073118 29.204635, -82.073262 29.204551, -82.07336 29.204678, -82.073571 29.204553, -82.073466 29.204416, -82.073484 29.204405, -82.073041 29.203833)))",microsoft_us_building_footprints
ms-fl-000675,Microsoft footprint FL #76,FL,,144777.74,29.1943620,-82.0885411,,commercial_industrial_unknown,unknown,"MULTIPOLYGON (((-82.089714 29.194052, -82.089046 29.194044, -82.089044 29.19417, -82.088685 29.194166, -82.088686 29.194086, -82.088611 29.194085, -82.08861 29.194169, -82.088457 29.194168, -82.088458 29.194065, -82.088198 29.194062, -82.088199 29.193996, -82.088052 29.193994, -82.088051 29.194065, -82.087715 29.194061, -82.087712 29.194286, -82.087205 29.19428, -82.0872 29.194623, -82.087694 29.194628, -82.087694 29.194592, -82.087828 29.194594, -82.087828 29.194617, -82.088177 29.194621, -82.088177 29.194605, -82.08845 29.194608, -82.08845 29.194617, -82.089705 29.194631, -82.089714 29.194052)))",microsoft_us_building_footprints
ms-fl-000676,Microsoft footprint FL #77,FL,,172144.65,30.2627691,-82.1088266,,commercial_industrial_unknown,unknown,"MULTIPOLYGON (((-82.109918 30.262827, -82.10861 30.262066, -82.108527 30.262173, -82.108429 30.262116, -82.108411 30.262139, -82.108242 30.26204, -82.108134 30.262178, -82.108387 30.262325, -82.108211 30.26255, -82.108003 30.262429, -82.107783 30.262711, -82.107993 30.262833, -82.108043 30.262769, -82.108222 30.262873, -82.108162 30.26295, -82.108256 30.263005, -82.108246 30.263018, -82.108737 30.263304, -82.108724 30.26332, -82.108962 30.263458, -82.108961 30.26346, -82.109145 30.263566, -82.109257 30.263422, -82.109214 30.263398, -82.109624 30.262872, -82.109802 30.262976, -82.109918 30.262827)))",microsoft_us_building_footprints
ms-fl-000677,Microsoft footprint FL #78,FL,,109924.18,30.2861562,-82.1189523,,commercial_industrial_unknown,unknown,"MULTIPOLYGON (((-82.118863 30.285804, -82.118892 30.285979, -82.118788 30.285991, -82.11882 30.286187, -82.118716 30.286199, -82.11857 30.286433, -82.11849 30.286442, -82.118509 30.286558, -82.118767 30.286527, -82.118804 30.286751, -82.118502 30.286788, -82.118526 30.286935, -82.119406 30.286827, -82.119379 30.286658, -82.118974 30.286707, -82.118942 30.286512, -82.119086 30.286495, -82.119112 30.286649, -82.119319 30.286624, -82.119274 30.286345, -82.119495 30.286318, -82.119421 30.285865, -82.119363 30.285872, -82.119329 30.285668, -82.118894 30.285721, -82.11897 30.2856, -82.118855 30.285373, -82.118481 30.285419, -82.118498 30.285524, -82.118354 30.285542, -82.118406 30.28586, -82.118863 30.285804)))",microsoft_us_building_footprints
ms-fl-000678,Microsoft footprint FL #79,FL,,118696.68,27.9939396,-82.1634646,,commercial_industrial_unknown,unknown,"MULTIPOLYGON (((-82.162742 27.993312, -82.162335 27.993569, -82.162807 27.994152, -82.163026 27.994014, -82.163345 27.994409, -82.16358 27.994261, -82.163636 27.99433, -82.163522 27.994401, -82.164241 27.994401, -82.164065 27.994184, -82.164136 27.994139, -82.164444 27.994215, -82.16449 27.994186, -82.164393 27.994067, -82.164541 27.993974, -82.16423 27.99359, -82.163976 27.99375, -82.163858 27.993604, -82.16376 27.993666, -82.163885 27.993819, -82.163707 27.993931, -82.163741 27.993973, -82.163788 27.993973, -82.16357 27.99411, -82.163648 27.994206, -82.163575 27.994252, -82.163488 27.994144, -82.163567 27.994093, -82.163329 27.993799, -82.163195 27.993884, -82.16303 27.993682, -82.163037 27.993677, -82.162742 27.993312)))",microsoft_us_building_footprints
ms-fl-000679,Microsoft footprint FL #80,FL,,190067.08,29.1677732,-82.1637679,,commercial_industrial_unknown,unknown,"MULTIPOLYGON (((-82.164877 29.167303, -82.164797 29.167219, -82.164886 29.167154, -82.164687 29.166947, -82.16459 29.167019, -82.164324 29.166744, -82.163749 29.167167, -82.163828 29.167249, -82.163384 29.167576, -82.16366 29.167862, -82.16357 29.167928, -82.163429 29.167782, -82.162861 29.1682, -82.162953 29.168295, -82.162516 29.168617, -82.162771 29.168881, -82.16274 29.168904, -82.162775 29.168941, -82.164225 29.167875, -82.164173 29.167821, -82.164877 29.167303)))",microsoft_us_building_footprints
ms-fl-000680,Microsoft footprint FL #81,FL,,109434.63,26.9412554,-82.2352019,,commercial_industrial_unknown,unknown,"MULTIPOLYGON (((-82.234901 26.940919, -82.235411 26.940918, -82.235411 26.941093, -82.235041 26.941094, -82.235042 26.941352, -82.235428 26.941351, -82.235429 26.941663, -82.234911 26.941664, -82.234912 26.941909, -82.2357 26.941908, -82.235699 26.941303, -82.235637 26.941303, -82.235637 26.941131, -82.235723 26.941131, -82.235722 26.941064, -82.235757 26.941064, -82.235757 26.940868, -82.235615 26.940868, -82.235614 26.94071, -82.235547 26.94071, -82.235547 26.94071, -82.235486 26.94071, -82.235486 26.940677, -82.234638 26.940678, -82.23464 26.941638, -82.234903 26.941638, -82.234901 26.940919)))",microsoft_us_building_footprints
ms-fl-000681,Microsoft footprint FL #82,FL,,127178.17,28.2201771,-82.2494837,,commercial_industrial_unknown,unknown,"MULTIPOLYGON (((-82.249871 28.219571, -82.249713 28.219573, -82.249712 28.219466, -82.249269 28.21947, -82.249267 28.219275, -82.249143 28.219276, -82.249149 28.219856, -82.249091 28.219857, -82.249094 28.220091, -82.249145 28.22009, -82.249148 28.220388, -82.249093 28.220389, -82.249093 28.220429, -82.248973 28.22043, -82.248975 28.220621, -82.249145 28.22062, -82.249147 28.220776, -82.249192 28.220775, -82.249194 28.220888, -82.249899 28.220882, -82.249899 28.220847, -82.249885 28.220847, -82.249871 28.219571)))",microsoft_us_building_footprints
ms-fl-000682,Microsoft footprint FL #83,FL,,171508.9,27.9862687,-82.3243081,,commercial_industrial_unknown,unknown,"MULTIPOLYGON (((-82.324921 27.9855, -82.323668 27.985507, -82.323681 27.987137, -82.324164 27.987134, -82.324106 27.987101, -82.324168 27.987101, -82.324104 27.987065, -82.324199 27.987011, -82.324063 27.986813, -82.324106 27.986788, -82.324106 27.986745, -82.323982 27.986675, -82.323978 27.986163, -82.324246 27.985794, -82.324327 27.98584, -82.324327 27.98579, -82.324577 27.986134, -82.324582 27.986782, -82.324503 27.986737, -82.32445 27.986767, -82.324451 27.986882, -82.324314 27.98696, -82.324374 27.986994, -82.324359 27.987014, -82.324405 27.987077, -82.324348 27.987077, -82.324348 27.987131, -82.324933 27.987127, -82.324921 27.9855)))",microsoft_us_building_footprints
ms-fl-000683,Microsoft footprint FL #84,FL,,113936.2,29.6396532,-82.3384222,,commercial_industrial_unknown,unknown,"MULTIPOLYGON (((-82.339131 29.639311, -82.338265 29.639323, -82.338265 29.639321, -82.337565 29.639331, -82.337573 29.639751, -82.337878 29.639746, -82.337884 29.64005, -82.338072 29.640048, -82.33807 29.639963, -82.338074 29.63994, -82.338072 29.63984, -82.338077 29.639799, -82.338075 29.639697, -82.338209 29.639654, -82.338217 29.640049, -82.33915 29.640036, -82.339149 29.639983, -82.339138 29.639952, -82.339136 29.639845, -82.339103 29.639845, -82.339137 29.639779, -82.339136 29.639713, -82.339105 29.639713, -82.339104 29.639649, -82.339139 29.639649, -82.339137 29.639549, -82.339135 29.639549, -82.339131 29.639311)))",microsoft_us_building_footprints
ms-fl-000684,Microsoft footprint FL #85,FL,,140798.31,27.9441348,-82.3401516,,commercial_industrial_unknown,unknown,"MULTIPOLYGON (((-82.339746 27.944973, -82.340074 27.94518, -82.340232 27.944984, -82.340075 27.944885, -82.340077 27.94468, -82.340492 27.944683, -82.340536 27.944628, -82.340545 27.943723, -82.340695 27.943724, -82.340699 27.94332, -82.340337 27.943317, -82.340335 27.943523, -82.340228 27.943522, -82.340228 27.943465, -82.340084 27.943464, -82.340035 27.943525, -82.340035 27.943451, -82.339997 27.943498, -82.339997 27.943471, -82.339928 27.94347, -82.339928 27.943492, -82.339903 27.943522, -82.33982 27.943522, -82.339822 27.94333, -82.339766 27.943329, -82.339762 27.943704, -82.339727 27.943703, -82.339725 27.943888, -82.339761 27.943888, -82.339761 27.943952, -82.339755 27.943948, -82.339745 27.944974, -82.339746 27.944973)))",microsoft_us_building_footprints
ms-fl-000685,Microsoft footprint FL #86,FL,,470221.15,29.6498973,-82.3487568,,commercial_industrial_unknown,unknown,"MULTIPOLYGON (((-82.349387 29.648872, -82.349208 29.64901, -82.349165 29.648723, -82.347975 29.648855, -82.347672 29.649982, -82.347768 29.650634, -82.347965 29.650553, -82.347838 29.651025, -82.347941 29.651127, -82.348017 29.650844, -82.348533 29.650949, -82.348458 29.651228, -82.348622 29.651261, -82.34877 29.651244, -82.348724 29.650928, -82.349192 29.650876, -82.349317 29.651106, -82.34946 29.650996, -82.349355 29.650894, -82.349379 29.650806, -82.349026 29.650461, -82.349213 29.65044, -82.349174 29.650584, -82.3497 29.650691, -82.349847 29.650143, -82.350008 29.650125, -82.349994 29.650029, -82.349867 29.650043, -82.349729 29.64911, -82.349603 29.649083, -82.349387 29.648872)))",microsoft_us_building_footprints
ms-fl-000686,Microsoft footprint FL #87,FL,,116137.94,28.0081620,-82.3532585,,commercial_industrial_unknown,unknown,"MULTIPOLYGON (((-82.352644 28.007777, -82.352644 28.008589, -82.353215 28.008589, -82.353215 28.008533, -82.353261 28.008533, -82.353261 28.008589, -82.353741 28.008589, -82.353741 28.008244, -82.353805 28.008244, -82.353805 28.008282, -82.353905 28.008282, -82.353905 28.008246, -82.353926 28.008246, -82.353926 28.007713, -82.353741 28.007713, -82.353741 28.007777, -82.352644 28.007777)))",microsoft_us_building_footprints
ms-fl-000687,Microsoft footprint FL #88,FL,,444357.14,27.9931275,-82.3717129,,commercial_industrial_unknown,unknown,"MULTIPOLYGON (((-82.37296 27.993545, -82.372692 27.99177, -82.372476 27.991782, -82.372342 27.991879, -82.372316 27.991929, -82.372605 27.992044, -82.372613 27.992165, -82.37147 27.992229, -82.37112 27.992481, -82.371128 27.99259, -82.37104 27.992595, -82.371024 27.99238, -82.370431 27.992807, -82.371304 27.993751, -82.371199 27.993957, -82.370813 27.993803, -82.370145 27.993081, -82.369964 27.993211, -82.370566 27.993863, -82.371091 27.994241, -82.371004 27.994411, -82.371835 27.994365, -82.371989 27.994063, -82.371766 27.993974, -82.372026 27.993464, -82.3727 27.993732, -82.37296 27.993545)))",microsoft_us_building_footprints
ms-fl-000688,Microsoft footprint FL #89,FL,,122111.33,27.9744448,-82.3799242,,commercial_industrial_unknown,unknown,"MULTIPOLYGON (((-82.381101 27.974219, -82.378744 27.974229, -82.378746 27.97467, -82.381104 27.974661, -82.381101 27.974219)))",microsoft_us_building_footprints
ms-fl-000689,Microsoft footprint FL #90,FL,,197875.19,29.6272743,-82.3883369,,commercial_industrial_unknown,unknown,"MULTIPOLYGON (((-82.387798 29.628053, -82.388827 29.628037, -82.388819 29.627621, -82.389036 29.627618, -82.389028 29.627213, -82.388867 29.627216, -82.388857 29.626681, -82.388803 29.626682, -82.388802 29.626653, -82.388738 29.626654, -82.388737 29.626581, -82.388821 29.62658, -82.388819 29.626463, -82.388498 29.626468, -82.3885 29.626569, -82.388254 29.626573, -82.388251 29.626458, -82.387885 29.626464, -82.387885 29.626436, -82.387768 29.626437, -82.387774 29.626719, -82.387878 29.626718, -82.387881 29.626844, -82.387809 29.626845, -82.38781 29.626926, -82.387746 29.626927, -82.387749 29.627107, -82.387798 29.627106, -82.387808 29.627607, -82.387738 29.627608, -82.387743 29.627855, -82.387794 29.627855, -82.387798 29.628053)))",microsoft_us_building_footprints
ms-fl-000690,Microsoft footprint FL #91,FL,,168743.66,28.1000250,-82.3989620,,commercial_industrial_unknown,unknown,"MULTIPOLYGON (((-82.398654 28.100094, -82.398651 28.100049, -82.398534 28.100055, -82.397532 28.099279, -82.397285 28.099528, -82.397976 28.100063, -82.397947 28.100092, -82.398183 28.100275, -82.398263 28.100195, -82.398436 28.100329, -82.39861 28.10032, -82.398631 28.100618, -82.399518 28.10057, -82.399482 28.100045, -82.399653 28.100177, -82.399753 28.100172, -82.399621 28.100305, -82.399791 28.100436, -82.4004 28.099824, -82.400336 28.099775, -82.400394 28.099716, -82.400202 28.099567, -82.400259 28.09951, -82.400112 28.099396, -82.399504 28.100008, -82.399426 28.100012, -82.399429 28.100014, -82.398769 28.10005, -82.398769 28.100054, -82.3987 28.100058, -82.398702 28.100091, -82.398654 28.100094)))",microsoft_us_building_footprints
ms-fl-000691,Microsoft footprint FL #92,FL,,491490.12,27.8614520,-82.3965439,,commercial_industrial_unknown,unknown,"MULTIPOLYGON (((-82.394851 27.861977, -82.395316 27.862507, -82.397939 27.862181, -82.397886 27.861851, -82.397253 27.86193, -82.397162 27.861874, -82.397156 27.861839, -82.397939 27.861742, -82.39789 27.861433, -82.397044 27.861538, -82.396895 27.861326, -82.397943 27.861196, -82.397896 27.860896, -82.396903 27.861019, -82.396891 27.860946, -82.397951 27.860814, -82.397905 27.860527, -82.397568 27.860569, -82.397492 27.860666, -82.397303 27.86055, -82.397581 27.860515, -82.397463 27.860347, -82.395097 27.860641, -82.395315 27.860774, -82.39542 27.860761, -82.395507 27.861309, -82.396535 27.861181, -82.396574 27.86142, -82.395378 27.861569, -82.395431 27.861905, -82.394851 27.861977)))",microsoft_us_building_footprints
ms-fl-000692,Microsoft footprint FL #93,FL,,126201.08,29.0742438,-82.4182258,,commercial_industrial_unknown,unknown,"MULTIPOLYGON (((-82.417558 29.074056, -82.418779 29.074056, -82.418779 29.074103, -82.417601 29.074103, -82.417601 29.074377, -82.418102 29.074377, -82.418102 29.074429, -82.417585 29.074429, -82.417585 29.074701, -82.417815 29.074701, -82.417815 29.074724, -82.418606 29.074724, -82.418606 29.074692, -82.418838 29.074692, -82.418838 29.074419, -82.418298 29.074419, -82.418298 29.074375, -82.418867 29.074374, -82.418867 29.074094, -82.418926 29.074094, -82.418926 29.073972, -82.418864 29.073972, -82.418864 29.073782, -82.417558 29.073783, -82.417558 29.074056)))",microsoft_us_building_footprints
ms-fl-000693,Microsoft footprint FL #94,FL,,124729.68,27.0921677,-82.4425410,,commercial_industrial_unknown,unknown,"MULTIPOLYGON (((-82.44278 27.092832, -82.442805 27.091356, -82.442684 27.091355, -82.442689 27.091097, -82.44264 27.091096, -82.442641 27.091063, -82.442434 27.09106, -82.442429 27.091354, -82.442196 27.091351, -82.442194 27.091465, -82.442334 27.091467, -82.442335 27.09141, -82.442378 27.09141, -82.442373 27.091678, -82.442177 27.091675, -82.442173 27.091942, -82.442098 27.091942, -82.442096 27.092044, -82.442174 27.092045, -82.442169 27.092327, -82.442373 27.09233, -82.442368 27.092649, -82.44225 27.092648, -82.442243 27.093054, -82.443077 27.093065, -82.443078 27.093015, -82.443105 27.093015, -82.443107 27.092879, -82.442841 27.092875, -82.442842 27.092832, -82.44278 27.092832)))",microsoft_us_building_footprints
ms-fl-000694,Microsoft footprint FL #95,FL,,176094.9,27.9531558,-82.4475552,,commercial_industrial_unknown,unknown,"MULTIPOLYGON (((-82.448302 27.952403, -82.44696 27.952424, -82.446963 27.952594, -82.44734 27.952588, -82.447344 27.952799, -82.446946 27.952805, -82.44695 27.952997, -82.447343 27.952991, -82.447347 27.953199, -82.446918 27.953206, -82.446921 27.953393, -82.44734 27.953387, -82.447343 27.953547, -82.446907 27.953553, -82.446917 27.954038, -82.447112 27.954147, -82.447556 27.953915, -82.447554 27.953849, -82.447937 27.953505, -82.447935 27.953363, -82.448345 27.953357, -82.448341 27.953175, -82.447939 27.953181, -82.447935 27.952975, -82.448419 27.952967, -82.448218 27.952667, -82.448085 27.952737, -82.448115 27.952782, -82.447942 27.952785, -82.447938 27.952593, -82.448305 27.952587, -82.448302 27.952403)))",microsoft_us_building_footprints
ms-fl-000695,Microsoft footprint FL #96,FL,,104260.73,27.3239104,-82.4651076,,commercial_industrial_unknown,unknown,"MULTIPOLYGON (((-82.464221 27.324063, -82.464519 27.324133, -82.464506 27.324051, -82.464627 27.324036, -82.464663 27.324261, -82.464725 27.324254, -82.464691 27.32404, -82.4649 27.324014, -82.464922 27.324153, -82.465317 27.324103, -82.46535 27.324314, -82.465935 27.324451, -82.465881 27.324108, -82.46606 27.324086, -82.466032 27.323908, -82.46571 27.323949, -82.465675 27.323729, -82.465507 27.32375, -82.465543 27.323974, -82.464986 27.323844, -82.464957 27.323666, -82.465233 27.323631, -82.465383 27.323774, -82.465538 27.323646, -82.465311 27.323429, -82.464763 27.323498, -82.464791 27.323678, -82.464564 27.323707, -82.46453 27.323492, -82.464205 27.323533, -82.464235 27.323722, -82.464326 27.32371, -82.464221 27.324063)))",microsoft_us_building_footprints
ms-fl-000696,Microsoft footprint FL #97,FL,,105231.67,28.0420184,-82.4661389,,commercial_industrial_unknown,unknown,"MULTIPOLYGON (((-82.466991 28.042232, -82.466993 28.042121, -82.467077 28.042122, -82.46708 28.041921, -82.467243 28.041923, -82.467248 28.041674, -82.467037 28.041671, -82.467032 28.041922, -82.466992 28.041921, -82.466993 28.04189, -82.466282 28.04188, -82.46628 28.041966, -82.466234 28.041966, -82.466239 28.041678, -82.465462 28.041667, -82.46546 28.041819, -82.465622 28.041821, -82.46562 28.041918, -82.465187 28.041912, -82.465182 28.042191, -82.465394 28.042194, -82.465392 28.042265, -82.465517 28.042267, -82.465519 28.042184, -82.465784 28.042188, -82.46578 28.04242, -82.466232 28.042426, -82.466237 28.042143, -82.466282 28.042144, -82.466281 28.042222, -82.466991 28.042232)))",microsoft_us_building_footprints
ms-fl-000697,Microsoft footprint FL #98,FL,,175588.37,29.3651230,-82.4737910,,commercial_industrial_unknown,unknown,"MULTIPOLYGON (((-82.473523 29.364116, -82.473524 29.365064, -82.473446 29.365064, -82.473446 29.364998, -82.473253 29.364998, -82.473254 29.365307, -82.473442 29.365307, -82.473442 29.365222, -82.473519 29.365222, -82.473519 29.365541, -82.473476 29.365541, -82.473476 29.365439, -82.473444 29.365439, -82.473444 29.365547, -82.473283 29.365547, -82.473284 29.366173, -82.473905 29.366173, -82.473904 29.365631, -82.474118 29.36563, -82.474117 29.3655, -82.47406 29.3655, -82.474059 29.365418, -82.474365 29.365418, -82.474365 29.36513, -82.474216 29.36513, -82.474216 29.36446, -82.474366 29.36446, -82.474366 29.364249, -82.474189 29.364249, -82.474188 29.364179, -82.474009 29.364179, -82.474009 29.364116, -82.473523 29.364116)))",microsoft_us_building_footprints
ms-fl-000698,Microsoft footprint FL #99,FL,,920055.21,27.2652818,-82.4841339,,commercial_industrial_unknown,unknown,"MULTIPOLYGON (((-82.483187 27.267467, -82.484995 27.267472, -82.485006 27.263771, -82.48504 27.263771, -82.48504 27.263712, -82.485003 27.263712, -82.485003 27.263595, -82.48504 27.263595, -82.485041 27.263543, -82.485001 27.263542, -82.485002 27.263442, -82.485041 27.263442, -82.485041 27.263361, -82.485002 27.263361, -82.485002 27.263275, -82.48504 27.263275, -82.48504 27.263225, -82.485001 27.263225, -82.485001 27.263187, -82.484726 27.263187, -82.484727 27.262846, -82.483547 27.262843, -82.483543 27.26423, -82.483177 27.26423, -82.483177 27.264286, -82.483147 27.264286, -82.483147 27.264346, -82.483209 27.264346, -82.483208 27.264692, -82.483195 27.264692, -82.483187 27.267467)))",microsoft_us_building_footprints
ms-fl-000699,Microsoft footprint FL #100,FL,,111417.98,27.3623359,-82.4999877,,commercial_industrial_unknown,unknown,"MULTIPOLYGON (((-82.500286 27.361508, -82.49993 27.361504, -82.499929 27.361568, -82.49987 27.361567, -82.499866 27.361843, -82.499963 27.361845, -82.499961 27.36193, -82.499581 27.361926, -82.499577 27.362201, -82.499582 27.362201, -82.499581 27.362274, -82.499914 27.362278, -82.499906 27.362843, -82.499659 27.362841, -82.499664 27.362499, -82.49943 27.362496, -82.499426 27.362841, -82.499324 27.36284, -82.499322 27.362955, -82.499735 27.362959, -82.499736 27.362876, -82.499793 27.362877, -82.49979 27.363022, -82.499652 27.36302, -82.499667 27.363051, -82.500246 27.363058, -82.500246 27.363036, -82.500336 27.362946, -82.500355 27.36157, -82.500286 27.361569, -82.500286 27.361508)))",microsoft_us_building_footprints
ms-fl-000700,Microsoft footprint FL #101,FL,,157705.99,27.9649767,-82.5086974,,commercial_industrial_unknown,unknown,"MULTIPOLYGON (((-82.507952 27.965401, -82.509493 27.965409, -82.509509 27.965423, -82.509575 27.965423, -82.509578 27.964909, -82.509515 27.964909, -82.509504 27.964918, -82.50944 27.964918, -82.509347 27.964834, -82.509319 27.964834, -82.509319 27.964801, -82.509217 27.964708, -82.509183 27.964707, -82.509183 27.964677, -82.509137 27.964635, -82.509102 27.964635, -82.509103 27.964484, -82.508983 27.964484, -82.508983 27.964477, -82.508834 27.964476, -82.508805 27.964501, -82.508786 27.964483, -82.508012 27.964479, -82.507956 27.964527, -82.507955 27.964586, -82.507957 27.964586, -82.507952 27.965401)))",microsoft_us_building_footprints
ms-fl-000701,Microsoft footprint FL #102,FL,,138302.55,27.4166439,-82.5357936,,commercial_industrial_unknown,unknown,"MULTIPOLYGON (((-82.535364 27.417121, -82.535723 27.417121, -82.535724 27.417335, -82.536212 27.417335, -82.536212 27.417179, -82.53623 27.417179, -82.53623 27.417122, -82.536356 27.417122, -82.536356 27.416236, -82.536193 27.416236, -82.536193 27.416127, -82.536081 27.416127, -82.536081 27.416234, -82.535989 27.416234, -82.535989 27.416209, -82.535491 27.416209, -82.53549 27.415974, -82.53537 27.415974, -82.53537 27.415835, -82.535156 27.415836, -82.535156 27.416043, -82.535178 27.416043, -82.535178 27.416505, -82.535363 27.416505, -82.535364 27.417121)))",microsoft_us_building_footprints
ms-fl-000702,Microsoft footprint FL #103,FL,,172590.98,27.9634659,-82.5354280,,commercial_industrial_unknown,unknown,"MULTIPOLYGON (((-82.535733 27.963973, -82.53575 27.963974, -82.535809 27.963263, -82.535886 27.963268, -82.535968 27.962293, -82.535845 27.962285, -82.5358 27.962824, -82.535707 27.962818, -82.535701 27.962888, -82.535671 27.962861, -82.535653 27.963073, -82.535571 27.963068, -82.535622 27.962455, -82.534965 27.962413, -82.535182 27.962609, -82.53514 27.962606, -82.534981 27.964508, -82.535587 27.964547, -82.535618 27.964171, -82.535691 27.964237, -82.535788 27.964153, -82.535722 27.964148, -82.535731 27.964037, -82.535771 27.964073, -82.535776 27.964012, -82.535733 27.963973)))",microsoft_us_building_footprints
ms-fl-000703,Microsoft footprint FL #104,FL,,156142.52,27.4141722,-82.5479484,,commercial_industrial_unknown,unknown,"MULTIPOLYGON (((-82.548762 27.413777, -82.547065 27.413763, -82.547062 27.414042, -82.547216 27.414044, -82.547214 27.414182, -82.547059 27.41418, -82.547058 27.41428, -82.547212 27.414282, -82.547209 27.414584, -82.548753 27.414597, -82.548762 27.413777)))",microsoft_us_building_footprints
ms-fl-000704,Microsoft footprint FL #105,FL,,237145.37,27.4829172,-82.5492207,,commercial_industrial_unknown,unknown,"MULTIPOLYGON (((-82.549452 27.481602, -82.548768 27.4816, -82.548763 27.482816, -82.548991 27.482817, -82.54899 27.48295, -82.548816 27.482949, -82.548811 27.484048, -82.549492 27.484051, -82.549492 27.484056, -82.549674 27.484056, -82.549674 27.484037, -82.549822 27.484038, -82.549824 27.4835, -82.549666 27.483499, -82.549669 27.48295, -82.549478 27.482949, -82.549478 27.482873, -82.549556 27.482873, -82.549557 27.482766, -82.549661 27.482767, -82.549663 27.482383, -82.549448 27.482383, -82.549452 27.481602)))",microsoft_us_building_footprints
ms-fl-000705,Microsoft footprint FL #106,FL,,127439.13,27.4832158,-82.5529809,,commercial_industrial_unknown,unknown,"MULTIPOLYGON (((-82.55353 27.483719, -82.553405 27.48322, -82.553479 27.483206, -82.553298 27.482485, -82.55313 27.482518, -82.553154 27.482613, -82.552387 27.482765, -82.552669 27.483889, -82.55353 27.483719)))",microsoft_us_building_footprints
ms-fl-000706,Microsoft footprint FL #107,FL,,124594.91,28.8934627,-82.5868018,,commercial_industrial_unknown,unknown,"MULTIPOLYGON (((-82.586498 28.892397, -82.586534 28.893815, -82.586536 28.893822, -82.586571 28.893821, -82.586576 28.894017, -82.586559 28.894022, -82.586564 28.894206, -82.58658 28.894252, -82.586585 28.894482, -82.586867 28.894477, -82.586866 28.894422, -82.587158 28.894416, -82.587143 28.893813, -82.58695 28.893816, -82.586945 28.893623, -82.587102 28.89362, -82.587087 28.893032, -82.587111 28.893031, -82.587116 28.893047, -82.587137 28.893042, -82.587136 28.893003, -82.587089 28.893004, -82.587088 28.892971, -82.586802 28.892976, -82.586797 28.892776, -82.586848 28.892763, -82.586868 28.892762, -82.586891 28.892756, -82.587021 28.892754, -82.587012 28.892388, -82.586498 28.892397)))",microsoft_us_building_footprints
ms-fl-000707,Microsoft footprint FL #108,FL,,210773.86,27.4602575,-82.6153352,,commercial_industrial_unknown,unknown,"MULTIPOLYGON (((-82.615943 27.459751, -82.614288 27.459747, -82.614288 27.45985, -82.614513 27.459851, -82.61451 27.460496, -82.614352 27.460496, -82.614351 27.460753, -82.614534 27.460753, -82.614534 27.460667, -82.614786 27.460668, -82.614786 27.460716, -82.614864 27.460716, -82.614863 27.460814, -82.61573 27.460816, -82.61573 27.460719, -82.61581 27.46072, -82.615811 27.460674, -82.616162 27.460675, -82.616162 27.460603, -82.616401 27.460604, -82.616402 27.460428, -82.616166 27.460427, -82.616167 27.460144, -82.616342 27.460144, -82.616343 27.45999, -82.616064 27.459989, -82.616065 27.459583, -82.615943 27.459582, -82.615943 27.459751)))",microsoft_us_building_footprints
ms-fl-000708,Microsoft footprint FL #109,FL,,101767.53,27.8611295,-82.6532170,,commercial_industrial_unknown,unknown,"MULTIPOLYGON (((-82.652524 27.860818, -82.652526 27.861444, -82.65391 27.861441, -82.653908 27.860815, -82.652524 27.860818)))",microsoft_us_building_footprints
ms-fl-000709,Microsoft footprint FL #110,FL,,437257.5,27.7681395,-82.6532047,,commercial_industrial_unknown,unknown,"MULTIPOLYGON (((-82.654206 27.768785, -82.654299 27.768226, -82.654442 27.768176, -82.65397 27.767122, -82.653748 27.767093, -82.653815 27.767244, -82.653376 27.767187, -82.653409 27.766985, -82.65274 27.76722, -82.65272 27.76734, -82.652299 27.767487, -82.65222 27.767964, -82.652121 27.767998, -82.65206 27.768365, -82.652254 27.76839, -82.652331 27.768562, -82.652044 27.768384, -82.651915 27.768547, -82.652198 27.768722, -82.652156 27.768974, -82.652527 27.769204, -82.652604 27.768946, -82.65263 27.768914, -82.653002 27.769145, -82.653059 27.769125, -82.653083 27.769179, -82.654206 27.768785)))",microsoft_us_building_footprints
ms-fl-000710,Microsoft footprint FL #111,FL,,153789.86,28.2783237,-82.6724476,,commercial_industrial_unknown,unknown,"MULTIPOLYGON (((-82.672072 28.277626, -82.672071 28.278174, -82.671934 28.278173, -82.671934 28.278422, -82.671869 28.278422, -82.671868 28.278825, -82.672071 28.278826, -82.67207 28.279178, -82.672313 28.279178, -82.672313 28.278939, -82.672897 28.27894, -82.672897 28.27868, -82.672947 28.278681, -82.672947 28.278436, -82.672899 28.278436, -82.6729 28.277861, -82.673079 28.277861, -82.673079 28.277627, -82.672072 28.277626)))",microsoft_us_building_footprints
ms-fl-000711,Microsoft footprint FL #112,FL,,129605.12,30.1834809,-82.6738597,,commercial_industrial_unknown,unknown,"MULTIPOLYGON (((-82.673153 30.183756, -82.673716 30.183796, -82.6737 30.183959, -82.673908 30.183974, -82.673905 30.184006, -82.674355 30.184038, -82.674371 30.183865, -82.674524 30.183876, -82.674553 30.18357, -82.674422 30.18356, -82.674449 30.183268, -82.674671 30.183283, -82.674682 30.183167, -82.67433 30.183142, -82.674333 30.183109, -82.673505 30.183051, -82.673517 30.182926, -82.673233 30.182906, -82.673153 30.183756)))",microsoft_us_building_footprints
ms-fl-000712,Microsoft footprint FL #113,FL,,141377.88,28.2896226,-82.6772421,,commercial_industrial_unknown,unknown,"MULTIPOLYGON (((-82.676977 28.288338, -82.677046 28.291184, -82.67739 28.291177, -82.677384 28.290923, -82.677266 28.290926, -82.677262 28.290757, -82.677511 28.290752, -82.677505 28.290469, -82.677293 28.290473, -82.677282 28.290041, -82.677341 28.29004, -82.677335 28.289766, -82.677587 28.289761, -82.677581 28.289531, -82.67767 28.289529, -82.677667 28.289423, -82.677584 28.289425, -82.677583 28.289388, -82.677623 28.289387, -82.677621 28.289295, -82.677584 28.289296, -82.677581 28.28918, -82.67761 28.28918, -82.677609 28.289112, -82.677258 28.289119, -82.677254 28.288954, -82.677488 28.288949, -82.677475 28.288389, -82.677536 28.288387, -82.677535 28.288327, -82.676977 28.288338)))",microsoft_us_building_footprints
ms-fl-000713,Microsoft footprint FL #114,FL,,159114.73,27.9068277,-82.6915027,,commercial_industrial_unknown,unknown,"MULTIPOLYGON (((-82.693085 27.906673, -82.691137 27.906766, -82.691043 27.906658, -82.690881 27.906665, -82.690849 27.906141, -82.690717 27.906147, -82.69071 27.906032, -82.690589 27.906114, -82.690559 27.906102, -82.690562 27.90614, -82.690385 27.906071, -82.690431 27.906827, -82.690692 27.907128, -82.690769 27.907076, -82.690985 27.907161, -82.690989 27.90722, -82.691019 27.907218, -82.691033 27.907445, -82.691284 27.907433, -82.691339 27.907323, -82.691384 27.907321, -82.69138 27.907253, -82.691322 27.907256, -82.691311 27.907078, -82.691601 27.907064, -82.691672 27.907146, -82.692178 27.907122, -82.692241 27.906995, -82.692294 27.906993, -82.6923 27.90708, -82.693107 27.907042, -82.693085 27.906673)))",microsoft_us_building_footprints
ms-fl-000714,Microsoft footprint FL #115,FL,,151885.37,27.8763263,-82.6950560,,commercial_industrial_unknown,unknown,"MULTIPOLYGON (((-82.695927 27.875756, -82.694809 27.875766, -82.694813 27.876089, -82.694778 27.876089, -82.694779 27.876153, -82.694722 27.876153, -82.694723 27.876196, -82.694693 27.876196, -82.694694 27.876291, -82.694214 27.876296, -82.694222 27.876917, -82.694619 27.876913, -82.694618 27.876847, -82.695058 27.876843, -82.695058 27.876907, -82.69512 27.876906, -82.695119 27.876847, -82.695296 27.876845, -82.695296 27.876843, -82.695364 27.876842, -82.695362 27.876676, -82.695512 27.876675, -82.695509 27.876421, -82.695358 27.876423, -82.695357 27.876261, -82.695933 27.876256, -82.695927 27.875756)))",microsoft_us_building_footprints
ms-fl-000715,Microsoft footprint FL #116,FL,,115597.34,27.8669068,-82.6972641,,commercial_industrial_unknown,unknown,"MULTIPOLYGON (((-82.698134 27.867189, -82.698134 27.866826, -82.69817 27.866826, -82.69817 27.866631, -82.69639 27.866631, -82.69639 27.86671, -82.696337 27.86671, -82.696337 27.866819, -82.696364 27.866819, -82.696364 27.866949, -82.696408 27.866949, -82.696408 27.867188, -82.698134 27.867189)))",microsoft_us_building_footprints
ms-fl-000716,Microsoft footprint FL #117,FL,,141330.59,27.8735167,-82.7061785,,commercial_industrial_unknown,unknown,"MULTIPOLYGON (((-82.706381 27.873024, -82.705717 27.873047, -82.705557 27.873119, -82.704399 27.873159, -82.704409 27.873379, -82.705472 27.873343, -82.705475 27.873415, -82.705725 27.873406, -82.705733 27.873665, -82.706389 27.873643, -82.706385 27.873551, -82.706443 27.873525, -82.706754 27.874066, -82.706761 27.87422, -82.706836 27.874218, -82.706836 27.874207, -82.707224 27.874194, -82.707219 27.874093, -82.707439 27.874085, -82.707771 27.873936, -82.707656 27.873735, -82.707533 27.873791, -82.706853 27.873814, -82.706849 27.873717, -82.706766 27.873573, -82.706685 27.873576, -82.706382 27.873047, -82.706381 27.873024)))",microsoft_us_building_footprints
ms-fl-000717,Microsoft footprint FL #118,FL,,149611.12,27.8873941,-82.7228281,,commercial_industrial_unknown,unknown,"MULTIPOLYGON (((-82.722358 27.886725, -82.722362 27.888074, -82.723301 27.888071, -82.723297 27.886721, -82.722603 27.886723, -82.722603 27.886677, -82.722468 27.886677, -82.722468 27.886724, -82.722358 27.886725)))",microsoft_us_building_footprints
ms-fl-000718,Microsoft footprint FL #119,FL,,107662.58,27.9128363,-82.7222071,,commercial_industrial_unknown,unknown,"MULTIPOLYGON (((-82.722832 27.912472, -82.721582 27.912467, -82.721578 27.913196, -82.722385 27.913199, -82.722385 27.913231, -82.722474 27.913232, -82.722474 27.913208, -82.722828 27.913209, -82.722832 27.912472)))",microsoft_us_building_footprints
ms-fl-000719,Microsoft footprint FL #120,FL,,213264.89,27.8563576,-82.7338770,,commercial_industrial_unknown,unknown,"MULTIPOLYGON (((-82.733641 27.855738, -82.733094 27.855722, -82.73307 27.856368, -82.732995 27.856366, -82.732986 27.856606, -82.73305 27.856607, -82.733053 27.856541, -82.733077 27.856542, -82.733072 27.856677, -82.733696 27.856695, -82.733681 27.857107, -82.734514 27.857132, -82.734522 27.856925, -82.734583 27.856927, -82.73459 27.856735, -82.73451 27.856733, -82.734514 27.856629, -82.7346 27.856631, -82.734619 27.856121, -82.734525 27.856118, -82.734539 27.85575, -82.733705 27.855725, -82.733707 27.85568, -82.733643 27.855679, -82.733641 27.855738)))",microsoft_us_building_footprints
ms-fl-000720,Microsoft footprint FL #121,FL,,145187.26,28.0170467,-82.7400952,,commercial_industrial_unknown,unknown,"MULTIPOLYGON (((-82.739488 28.017706, -82.740473 28.017711, -82.740477 28.017204, -82.74065 28.017205, -82.740651 28.01702, -82.740672 28.01702, -82.740675 28.016628, -82.740468 28.016627, -82.740471 28.016276, -82.740232 28.016274, -82.74023 28.016516, -82.739978 28.016515, -82.739979 28.016402, -82.739762 28.016401, -82.739763 28.016288, -82.739666 28.016288, -82.739664 28.01663, -82.739618 28.01663, -82.739616 28.017008, -82.739671 28.017008, -82.739668 28.017474, -82.739489 28.017473, -82.739488 28.017706)))",microsoft_us_building_footprints
ms-fl-000721,Microsoft footprint FL #122,FL,,192381.9,27.8604826,-82.7727737,,commercial_industrial_unknown,unknown,"MULTIPOLYGON (((-82.772241 27.860544, -82.772952 27.860557, -82.772944 27.860879, -82.772326 27.860868, -82.772385 27.861044, -82.772196 27.861041, -82.772194 27.861146, -82.772303 27.861231, -82.772297 27.861497, -82.77249 27.8615, -82.772487 27.861646, -82.773052 27.861498, -82.773066 27.860879, -82.773495 27.860887, -82.7735 27.860681, -82.773138 27.860675, -82.773432 27.860451, -82.7732 27.860314, -82.773202 27.860239, -82.77343 27.860243, -82.773434 27.860037, -82.773056 27.86003, -82.773064 27.859688, -82.772927 27.859724, -82.77289 27.859613, -82.773123 27.859305, -82.77223 27.859538, -82.772331 27.859839, -82.772522 27.859842, -82.772519 27.859937, -82.772251 27.860141, -82.772241 27.860544)))",microsoft_us_building_footprints
ms-fl-000722,Microsoft footprint FL #123,FL,,100921.12,27.9138010,-82.8039100,,commercial_industrial_unknown,unknown,"MULTIPOLYGON (((-82.804612 27.914076, -82.804306 27.914062, -82.804325 27.913728, -82.804536 27.913737, -82.804548 27.913528, -82.804208 27.913512, -82.804217 27.913353, -82.803578 27.913325, -82.803577 27.913346, -82.803604 27.913347, -82.803599 27.913428, -82.80346 27.913421, -82.803453 27.913538, -82.803373 27.913534, -82.803367 27.913634, -82.803263 27.913629, -82.803258 27.913717, -82.803376 27.913722, -82.803366 27.913898, -82.80347 27.913903, -82.803467 27.913956, -82.803562 27.91396, -82.803555 27.914075, -82.803352 27.914066, -82.803344 27.914215, -82.803834 27.914237, -82.803836 27.914215, -82.804143 27.914229, -82.804145 27.914194, -82.804604 27.914214, -82.804612 27.914076)))",microsoft_us_building_footprints
ms-fl-000723,Microsoft footprint FL #124,FL,,105176.93,30.4759022,-84.2319358,,commercial_industrial_unknown,unknown,"MULTIPOLYGON (((-84.232199 30.475514, -84.232024 30.475403, -84.231925 30.475519, -84.231614 30.475322, -84.231419 30.475381, -84.231357 30.475289, -84.231239 30.475349, -84.231306 30.475446, -84.231355 30.47544, -84.231205 30.475615, -84.231263 30.4757, -84.231099 30.475782, -84.231234 30.475868, -84.231349 30.475735, -84.231567 30.476057, -84.231995 30.475842, -84.232046 30.475917, -84.231885 30.476106, -84.231954 30.476209, -84.231927 30.476241, -84.231804 30.476256, -84.232104 30.476698, -84.232222 30.476638, -84.232189 30.47659, -84.232459 30.476454, -84.232349 30.476292, -84.232657 30.476137, -84.232551 30.475981, -84.232427 30.475996, -84.232482 30.475931, -84.232199 30.475514)))",microsoft_us_building_footprints
ms-fl-000724,Microsoft footprint FL #125,FL,,160513.82,30.4734208,-84.3512923,,commercial_industrial_unknown,unknown,"MULTIPOLYGON (((-84.350482 30.473045, -84.350474 30.473819, -84.351033 30.473823, -84.351032 30.473933, -84.351541 30.473937, -84.351543 30.473825, -84.352082 30.473829, -84.352091 30.473011, -84.351409 30.473006, -84.351412 30.472791, -84.351148 30.472788, -84.351145 30.473051, -84.350482 30.473045)))",microsoft_us_building_footprints
ms-fl-000725,Microsoft footprint FL #126,FL,,124365.1,30.7454126,-85.2752438,,commercial_industrial_unknown,unknown,"MULTIPOLYGON (((-85.274796 30.744904, -85.274771 30.745982, -85.275718 30.745999, -85.275743 30.744922, -85.275244 30.744914, -85.275248 30.744741, -85.274851 30.744734, -85.274847 30.744905, -85.274796 30.744904)))",microsoft_us_building_footprints
ms-fl-000726,Microsoft footprint FL #127,FL,,156169.41,30.7525655,-85.5471141,,commercial_industrial_unknown,unknown,"MULTIPOLYGON (((-85.547566 30.753212, -85.547564 30.752953, -85.547694 30.752952, -85.547707 30.752946, -85.5477 30.752309, -85.547555 30.75231, -85.547554 30.752166, -85.547669 30.752165, -85.547666 30.751869, -85.547281 30.751872, -85.547282 30.75193, -85.547232 30.75193, -85.547233 30.752022, -85.54727 30.752005, -85.547278 30.752018, -85.547279 30.752061, -85.54723 30.752085, -85.546836 30.752088, -85.546835 30.75202, -85.546821 30.752, -85.546819 30.751841, -85.546637 30.751843, -85.546639 30.751987, -85.5466 30.752006, -85.546601 30.75209, -85.546517 30.75209, -85.546527 30.752948, -85.546681 30.752946, -85.546684 30.753219, -85.547566 30.753212)))",microsoft_us_building_footprints
ms-fl-000727,Microsoft footprint FL #128,FL,,143780.31,30.3898104,-86.4559530,,commercial_industrial_unknown,unknown,"MULTIPOLYGON (((-86.455265 30.390489, -86.456316 30.390528, -86.45637 30.390484, -86.456392 30.39006, -86.456342 30.390059, -86.456328 30.390005, -86.455877 30.389988, -86.45588 30.389923, -86.456116 30.389932, -86.456144 30.389801, -86.456297 30.389807, -86.456304 30.389671, -86.456132 30.389664, -86.456139 30.38953, -86.456422 30.389541, -86.456425 30.389481, -86.45652 30.389485, -86.456555 30.3888, -86.456425 30.388681, -86.456227 30.38872, -86.456195 30.389331, -86.456087 30.389352, -86.456005 30.389278, -86.455899 30.389274, -86.455627 30.389326, -86.455621 30.389443, -86.455584 30.389442, -86.455562 30.389862, -86.455493 30.38986, -86.455489 30.38992, -86.455294 30.389912, -86.455265 30.390489)))",microsoft_us_building_footprints
ms-fl-000728,Microsoft footprint FL #129,FL,,175109.18,30.6050824,-87.0628811,,commercial_industrial_unknown,unknown,"MULTIPOLYGON (((-87.064485 30.60461, -87.064346 30.604412, -87.06397 30.604609, -87.063783 30.604344, -87.063531 30.604475, -87.063485 30.604442, -87.063457 30.604457, -87.06336 30.604554, -87.063294 30.604589, -87.063258 30.604562, -87.062948 30.604724, -87.063032 30.604842, -87.063108 30.604802, -87.063138 30.604824, -87.063241 30.60497, -87.063185 30.605026, -87.062946 30.605151, -87.062649 30.604933, -87.062575 30.604828, -87.06251 30.604781, -87.061621 30.605245, -87.061603 30.605232, -87.061567 30.605181, -87.061519 30.605205, -87.061506 30.605219, -87.061696 30.60549, -87.061741 30.605466, -87.061807 30.605514, -87.062061 30.605875, -87.064485 30.60461)))",microsoft_us_building_footprints
ms-fl-000729,Microsoft footprint FL #130,FL,,212366.3,30.6008487,-87.1168302,,commercial_industrial_unknown,unknown,"MULTIPOLYGON (((-87.117749 30.600322, -87.116161 30.600304, -87.116157 30.600534, -87.116048 30.600533, -87.116047 30.600566, -87.115816 30.600563, -87.115814 30.600713, -87.116042 30.600716, -87.116038 30.600965, -87.115794 30.600962, -87.115788 30.601347, -87.116244 30.601353, -87.116246 30.60123, -87.116399 30.601232, -87.116397 30.601364, -87.116482 30.601365, -87.116482 30.601397, -87.116608 30.601399, -87.116609 30.601364, -87.11723 30.601371, -87.117229 30.601413, -87.117348 30.601414, -87.117349 30.601382, -87.117515 30.601384, -87.117517 30.601243, -87.117734 30.601245, -87.117749 30.600322)))",microsoft_us_building_footprints
ms-fl-000730,Microsoft footprint FL #131,FL,,106804.39,30.3591095,-87.1684656,,commercial_industrial_unknown,unknown,"MULTIPOLYGON (((-87.167821 30.358759, -87.167795 30.359428, -87.168048 30.359435, -87.168029 30.35948, -87.168706 30.3595, -87.168701 30.359639, -87.168931 30.359645, -87.168941 30.3594, -87.168986 30.359402, -87.16899 30.359316, -87.169033 30.359317, -87.169049 30.359279, -87.168944 30.359247, -87.168952 30.359042, -87.168826 30.359038, -87.168828 30.359002, -87.169393 30.359019, -87.169398 30.358895, -87.169118 30.358887, -87.169101 30.358928, -87.168982 30.358891, -87.168989 30.358724, -87.168796 30.358718, -87.1688 30.358602, -87.168364 30.35859, -87.168355 30.358806, -87.168788 30.358818, -87.168784 30.358912, -87.168257 30.358897, -87.168215 30.358884, -87.16822 30.358771, -87.167821 30.358759)))",microsoft_us_building_footprints
ms-fl-000731,Microsoft footprint FL #132,FL,,125272.62,30.5335288,-87.2490494,,commercial_industrial_unknown,unknown,"MULTIPOLYGON (((-87.250167 30.53323, -87.249393 30.533203, -87.249283 30.533486, -87.24917 30.533482, -87.24918 30.53328, -87.248678 30.533262, -87.248665 30.533528, -87.248555 30.533524, -87.248428 30.533308, -87.248245 30.533255, -87.248232 30.533532, -87.248192 30.533521, -87.24817 30.533482, -87.248171 30.533459, -87.247941 30.533451, -87.247945 30.533363, -87.248164 30.533371, -87.248171 30.533242, -87.247806 30.533229, -87.24779 30.533577, -87.247975 30.533584, -87.247967 30.533764, -87.248171 30.533771, -87.248313 30.534013, -87.248519 30.533923, -87.248531 30.533667, -87.249273 30.533694, -87.249263 30.533891, -87.249418 30.533897, -87.249425 30.533763, -87.25014 30.533789, -87.250167 30.53323)))",microsoft_us_building_footprints
ms-fl-000732,Microsoft footprint FL #133,FL,,465366.09,30.3527081,-87.2694967,,commercial_industrial_unknown,unknown,"MULTIPOLYGON (((-87.270309 30.351137, -87.269289 30.35105, -87.26925 30.351393, -87.268966 30.351368, -87.268864 30.352254, -87.268863 30.352254, -87.268853 30.35234, -87.269081 30.35236, -87.269015 30.352934, -87.268755 30.352911, -87.268746 30.352986, -87.26872 30.352984, -87.268646 30.35363, -87.268584 30.353625, -87.268559 30.353842, -87.268487 30.353836, -87.268479 30.353902, -87.268822 30.353931, -87.268781 30.354287, -87.26982 30.354376, -87.269828 30.354302, -87.269882 30.354306, -87.269893 30.354213, -87.269816 30.354207, -87.269901 30.35347, -87.270009 30.353479, -87.270061 30.353033, -87.27032 30.353056, -87.270377 30.352556, -87.270149 30.352536, -87.270309 30.351137)))",microsoft_us_building_footprints
ms-fl-000733,Microsoft footprint FL #134,FL,,127934.33,30.4020732,-87.2934500,,commercial_industrial_unknown,unknown,"MULTIPOLYGON (((-87.2941 30.40249, -87.293859 30.401586, -87.293742 30.401609, -87.293724 30.401542, -87.293821 30.401523, -87.293808 30.401477, -87.293426 30.401553, -87.293387 30.401403, -87.293277 30.401425, -87.29332 30.401587, -87.293085 30.401633, -87.293099 30.401685, -87.292981 30.401708, -87.29297 30.401664, -87.292599 30.401738, -87.292662 30.401976, -87.292761 30.401957, -87.292799 30.4021, -87.293009 30.402058, -87.293021 30.402104, -87.292993 30.40211, -87.293015 30.402194, -87.29313 30.402171, -87.293285 30.40275, -87.293669 30.402674, -87.293703 30.4028, -87.293802 30.402781, -87.293744 30.402561, -87.2941 30.40249)))",microsoft_us_building_footprints
ms-fl-000734,Microsoft footprint FL #135,FL,,103288.69,30.3555398,-87.2883647,,commercial_industrial_unknown,unknown,"MULTIPOLYGON (((-87.28871 30.354763, -87.28819 30.354742, -87.288183 30.354882, -87.288161 30.354881, -87.288157 30.354968, -87.288125 30.354966, -87.288113 30.355181, -87.288142 30.355182, -87.288139 30.355252, -87.288093 30.35525, -87.288089 30.355326, -87.288022 30.355323, -87.288016 30.35543, -87.28811 30.355433, -87.288105 30.355528, -87.28805 30.355526, -87.288026 30.355962, -87.288047 30.355963, -87.28804 30.356102, -87.287991 30.3561, -87.287981 30.356273, -87.288616 30.356299, -87.28868 30.355107, -87.288691 30.355107, -87.28871 30.354763)))",microsoft_us_building_footprints
ms-fl-000735,Microsoft footprint FL #136,FL,,109521.55,26.7795455,-80.0714655,,commercial_industrial_unknown,unknown,"MULTIPOLYGON (((-80.071833 26.778893, -80.071134 26.778877, -80.071098 26.780198, -80.071797 26.780214, -80.071833 26.778893)))",microsoft_us_building_footprints
ms-fl-000736,Microsoft footprint FL #137,FL,,186723.01,26.9173536,-80.1011382,,commercial_industrial_unknown,unknown,"MULTIPOLYGON (((-80.100331 26.917845, -80.100943 26.917848, -80.100943 26.917904, -80.101338 26.917906, -80.101338 26.917852, -80.101938 26.917855, -80.101942 26.917185, -80.10182 26.917184, -80.101821 26.917074, -80.101698 26.917074, -80.101699 26.916964, -80.101576 26.916963, -80.101576 26.916853, -80.101453 26.916853, -80.101454 26.916737, -80.101334 26.916737, -80.101335 26.916631, -80.100954 26.916629, -80.100953 26.916739, -80.100831 26.916739, -80.100831 26.916849, -80.100705 26.916848, -80.100704 26.916959, -80.100583 26.916959, -80.100583 26.917066, -80.100459 26.917066, -80.100459 26.917176, -80.100335 26.917175, -80.100331 26.917845)))",microsoft_us_building_footprints
ms-fl-000737,Microsoft footprint FL #138,FL,,162773.18,26.8067044,-80.1015843,,commercial_industrial_unknown,unknown,"MULTIPOLYGON (((-80.101835 26.808386, -80.102143 26.808377, -80.102137 26.80821, -80.102225 26.808207, -80.102223 26.808144, -80.102164 26.808146, -80.102147 26.807689, -80.102076 26.807691, -80.102064 26.807361, -80.102192 26.807357, -80.102172 26.806805, -80.102112 26.806807, -80.102094 26.806322, -80.101791 26.806055, -80.101534 26.806062, -80.101528 26.80589, -80.101492 26.805891, -80.101484 26.805688, -80.100842 26.805707, -80.100843 26.805716, -80.100607 26.805723, -80.100627 26.806252, -80.100651 26.806251, -80.100654 26.806342, -80.10134 26.806322, -80.101379 26.806287, -80.10138 26.806314, -80.101447 26.806253, -80.101451 26.806341, -80.101759 26.806332, -80.101835 26.808386)))",microsoft_us_building_footprints
ms-fl-000738,Microsoft footprint FL #139,FL,,144275.98,26.3752728,-80.1037689,,commercial_industrial_unknown,unknown,"MULTIPOLYGON (((-80.104668 26.375403, -80.104727 26.375084, -80.104675 26.375077, -80.104693 26.374979, -80.104786 26.374965, -80.10476 26.374834, -80.104327 26.374903, -80.104322 26.374927, -80.104285 26.374933, -80.10427 26.374857, -80.104135 26.374878, -80.104128 26.374918, -80.103944 26.374947, -80.103944 26.374948, -80.103888 26.374939, -80.103866 26.37483, -80.103236 26.37493, -80.103251 26.375007, -80.103148 26.375023, -80.103189 26.375233, -80.102757 26.375302, -80.1028 26.375521, -80.102873 26.375574, -80.102875 26.375564, -80.102973 26.375548, -80.103019 26.37578, -80.104041 26.375618, -80.104019 26.375508, -80.104012 26.375507, -80.104668 26.375403)))",microsoft_us_building_footprints
ms-fl-000739,Microsoft footprint FL #140,FL,,178816.75,26.5336461,-80.0878726,,commercial_industrial_unknown,unknown,"MULTIPOLYGON (((-80.088393 26.532923, -80.08746 26.532941, -80.087465 26.533136, -80.087425 26.533136, -80.087427 26.53323, -80.08728 26.533233, -80.087304 26.534226, -80.087454 26.534223, -80.087457 26.53434, -80.088189 26.534326, -80.088192 26.534434, -80.088331 26.534431, -80.088329 26.534335, -80.08835 26.534335, -80.088348 26.534231, -80.088385 26.534231, -80.088381 26.534075, -80.088443 26.534074, -80.08844 26.533939, -80.088413 26.53394, -80.088399 26.533379, -80.088429 26.533378, -80.088425 26.533224, -80.088401 26.533225, -80.088393 26.532923)))",microsoft_us_building_footprints
ms-fl-000740,Microsoft footprint FL #141,FL,,474043.3,26.8363329,-80.0961702,,commercial_industrial_unknown,unknown,"MULTIPOLYGON (((-80.095246 26.835717, -80.095422 26.836276, -80.095388 26.836296, -80.095416 26.836384, -80.095187 26.836441, -80.095366 26.837008, -80.094886 26.837128, -80.09508 26.837745, -80.096575 26.83737, -80.09649 26.837248, -80.096448 26.837189, -80.096503 26.837158, -80.096449 26.836985, -80.097258 26.836782, -80.096848 26.836205, -80.097504 26.83604, -80.097403 26.835719, -80.096811 26.835867, -80.096763 26.835713, -80.097276 26.835584, -80.097173 26.835257, -80.096917 26.835321, -80.096874 26.835262, -80.096887 26.835164, -80.097041 26.835125, -80.096943 26.834814, -80.096104 26.835025, -80.096202 26.835334, -80.096216 26.835335, -80.09578 26.835583, -80.095246 26.835717)))",microsoft_us_building_footprints
ms-fl-000741,Microsoft footprint FL #142,FL,,235964.35,26.4600627,-80.1245932,,commercial_industrial_unknown,unknown,"MULTIPOLYGON (((-80.124507 26.460569, -80.123009 26.460607, -80.123028 26.4612, -80.124414 26.461165, -80.124401 26.460774, -80.124602 26.460769, -80.124588 26.46074, -80.124674 26.460738, -80.12467 26.460614, -80.124935 26.460511, -80.124914 26.459839, -80.125262 26.45983, -80.125049 26.459394, -80.12558 26.459535, -80.125571 26.459269, -80.125696 26.459302, -80.125701 26.459454, -80.125824 26.45945, -80.125822 26.459376, -80.126438 26.45936, -80.126431 26.459138, -80.125731 26.459156, -80.125722 26.458841, -80.125574 26.458844, -80.125571 26.458751, -80.124979 26.458766, -80.124982 26.458869, -80.125052 26.458867, -80.125053 26.458894, -80.124702 26.458903, -80.124711 26.459192, -80.124943 26.459254, -80.124507 26.460569)))",microsoft_us_building_footprints
ms-fl-000742,Microsoft footprint FL #143,FL,,119376.65,26.3952895,-80.1176660,,commercial_industrial_unknown,unknown,"MULTIPOLYGON (((-80.117206 26.395957, -80.117772 26.39595, -80.117764 26.395419, -80.117662 26.39542, -80.11766 26.395335, -80.117714 26.395334, -80.117715 26.395371, -80.118463 26.395362, -80.118456 26.394927, -80.118239 26.39493, -80.118238 26.394887, -80.1181 26.394888, -80.118101 26.394926, -80.117772 26.39493, -80.117769 26.394715, -80.117655 26.394716, -80.117656 26.394789, -80.117623 26.39479, -80.117623 26.394803, -80.117133 26.394809, -80.117143 26.395458, -80.117198 26.395457, -80.117206 26.395957)))",microsoft_us_building_footprints
ms-fl-000743,Microsoft footprint FL #144,FL,,100819.09,25.9447813,-80.1221304,,commercial_industrial_unknown,unknown,"MULTIPOLYGON (((-80.122389 25.945589, -80.122392 25.945341, -80.122379 25.945341, -80.122385 25.944958, -80.122366 25.944958, -80.122368 25.944847, -80.122405 25.944847, -80.122408 25.944683, -80.122384 25.944683, -80.122385 25.94457, -80.122427 25.94457, -80.122432 25.944269, -80.122411 25.944269, -80.122413 25.944158, -80.122451 25.944158, -80.122453 25.943994, -80.122429 25.943994, -80.122431 25.943883, -80.122471 25.943883, -80.122474 25.943654, -80.122071 25.943649, -80.122069 25.943786, -80.122124 25.943787, -80.122122 25.94393, -80.122091 25.943929, -80.12209 25.944001, -80.122083 25.944001, -80.122063 25.945291, -80.121414 25.945283, -80.12141 25.945577, -80.122389 25.945589)))",microsoft_us_building_footprints
ms-fl-000744,Microsoft footprint FL #145,FL,,101179.5,25.9780605,-80.1390105,,commercial_industrial_unknown,unknown,"MULTIPOLYGON (((-80.138638 25.977417, -80.138662 25.9778, -80.138706 25.977798, -80.138711 25.977882, -80.13867 25.977899, -80.138656 25.977899, -80.138678 25.977941, -80.138706 25.97793, -80.138731 25.978337, -80.138664 25.978365, -80.138689 25.978757, -80.139368 25.978723, -80.139355 25.978517, -80.13943 25.978513, -80.139479 25.97834, -80.139347 25.978347, -80.139342 25.978268, -80.139137 25.978221, -80.139072 25.978093, -80.139117 25.977938, -80.139399 25.977822, -80.139424 25.977764, -80.139415 25.977621, -80.139381 25.977635, -80.139366 25.97739, -80.139079 25.977404, -80.139074 25.977324, -80.139011 25.977327, -80.139015 25.977398, -80.138638 25.977417)))",microsoft_us_building_footprints
ms-fl-000745,Microsoft footprint FL #146,FL,,113411.56,26.1289484,-80.1383812,,commercial_industrial_unknown,unknown,"MULTIPOLYGON (((-80.138747 26.129763, -80.138736 26.129337, -80.13873 26.129311, -80.138704 26.128232, -80.138709 26.12823, -80.138705 26.128081, -80.138472 26.128085, -80.138485 26.128608, -80.138248 26.128612, -80.138235 26.128085, -80.138011 26.128089, -80.138026 26.12872, -80.13808 26.128719, -80.138083 26.128827, -80.138029 26.128828, -80.138039 26.12923, -80.138075 26.12923, -80.138105 26.129305, -80.138106 26.129327, -80.138049 26.129346, -80.138042 26.129346, -80.138052 26.129779, -80.138285 26.129775, -80.138277 26.129434, -80.138508 26.129433, -80.138516 26.129768, -80.138747 26.129763)))",microsoft_us_building_footprints
ms-fl-000746,Microsoft footprint FL #147,FL,,116036.27,26.6496773,-80.1441443,,commercial_industrial_unknown,unknown,"MULTIPOLYGON (((-80.145035 26.649642, -80.145065 26.649071, -80.144867 26.649062, -80.144861 26.649189, -80.144641 26.64918, -80.144645 26.6491, -80.144525 26.649095, -80.144527 26.64905, -80.14411 26.649033, -80.144107 26.649089, -80.144037 26.649086, -80.144028 26.649269, -80.143862 26.649262, -80.143859 26.649316, -80.1438 26.649313, -80.143788 26.649534, -80.143631 26.649369, -80.143512 26.649461, -80.143672 26.649628, -80.143505 26.649621, -80.143439 26.650865, -80.143731 26.650877, -80.143771 26.650122, -80.143677 26.650119, -80.14368 26.650067, -80.143708 26.650097, -80.143733 26.649625, -80.143848 26.649537, -80.144018 26.649544, -80.144016 26.649599, -80.145035 26.649642)))",microsoft_us_building_footprints
ms-fl-000747,Microsoft footprint FL #148,FL,,103243.59,26.2272101,-80.1496957,,commercial_industrial_unknown,unknown,"MULTIPOLYGON (((-80.15048 26.227479, -80.150472 26.226904, -80.150354 26.226906, -80.150354 26.226929, -80.149035 26.226943, -80.149034 26.226919, -80.148912 26.22692, -80.14892 26.227497, -80.15048 26.227479)))",microsoft_us_building_footprints
ms-fl-000748,Microsoft footprint FL #149,FL,,330019.7,26.2534010,-80.1381158,,commercial_industrial_unknown,unknown,"MULTIPOLYGON (((-80.138755 26.252051, -80.138268 26.252046, -80.138269 26.252013, -80.1382 26.252012, -80.1382 26.252049, -80.138158 26.252049, -80.138159 26.252001, -80.137616 26.251996, -80.137611 26.252406, -80.1376 26.252406, -80.1376 26.252468, -80.137624 26.252469, -80.137621 26.252722, -80.137848 26.252724, -80.137844 26.253088, -80.137686 26.253086, -80.137684 26.253279, -80.137601 26.253278, -80.1376 26.253366, -80.137522 26.253365, -80.13751 26.25447, -80.137716 26.254472, -80.137713 26.254732, -80.138239 26.254737, -80.138235 26.255044, -80.138138 26.255044, -80.138136 26.255223, -80.138477 26.255226, -80.138501 26.253072, -80.138743 26.253074, -80.138755 26.252051)))",microsoft_us_building_footprints
ms-fl-000749,Microsoft footprint FL #150,FL,,160970.98,26.2567838,-80.1587081,,commercial_industrial_unknown,unknown,"MULTIPOLYGON (((-80.158423 26.257885, -80.158908 26.257878, -80.158909 26.257904, -80.159047 26.257902, -80.15904 26.257543, -80.159012 26.257544, -80.159002 26.257061, -80.159025 26.25706, -80.159023 26.256953, -80.159047 26.256953, -80.15904 26.256591, -80.159013 26.256591, -80.159011 26.256484, -80.158985 26.256485, -80.158976 26.256003, -80.158997 26.256002, -80.15899 26.255646, -80.158848 26.255649, -80.158848 26.255678, -80.158379 26.255685, -80.158423 26.257885)))",microsoft_us_building_footprints
ms-fl-000750,Microsoft footprint FL #151,FL,,186173.95,25.9092146,-80.1592937,,commercial_industrial_unknown,unknown,"MULTIPOLYGON (((-80.159708 25.908223, -80.159166 25.908257, -80.159162 25.9082, -80.159059 25.908206, -80.159064 25.908273, -80.158735 25.908294, -80.158804 25.909166, -80.159416 25.909127, -80.159425 25.909236, -80.159491 25.909232, -80.159509 25.909468, -80.158994 25.909733, -80.158693 25.910185, -80.158795 25.910239, -80.158828 25.91019, -80.158917 25.910184, -80.158931 25.910357, -80.159318 25.910332, -80.159312 25.910262, -80.159319 25.910253, -80.159579 25.910236, -80.159582 25.910274, -80.159678 25.910268, -80.15973 25.91019, -80.15969 25.909688, -80.159774 25.909683, -80.159752 25.909407, -80.159631 25.909415, -80.159616 25.909218, -80.159786 25.909207, -80.159708 25.908223)))",microsoft_us_building_footprints
ms-fl-000751,Microsoft footprint FL #152,FL,,120137.9,26.2900502,-80.1610110,,commercial_industrial_unknown,unknown,"MULTIPOLYGON (((-80.161377 26.290753, -80.16136 26.289341, -80.160645 26.289348, -80.160662 26.290759, -80.161377 26.290753)))",microsoft_us_building_footprints
ms-fl-000752,Microsoft footprint FL #153,FL,,123629.81,26.2543161,-80.1627542,,commercial_industrial_unknown,unknown,"MULTIPOLYGON (((-80.161972 26.253994, -80.161984 26.25467, -80.162379 26.254664, -80.162378 26.25464, -80.162566 26.254637, -80.162566 26.254659, -80.162961 26.254653, -80.162961 26.254626, -80.163145 26.254623, -80.163145 26.254645, -80.163541 26.254639, -80.163528 26.253971, -80.161972 26.253994)))",microsoft_us_building_footprints
ms-fl-000753,Microsoft footprint FL #154,FL,,137205.0,26.0901368,-80.1497798,,commercial_industrial_unknown,unknown,"MULTIPOLYGON (((-80.150513 26.090535, -80.150493 26.090134, -80.150375 26.090139, -80.150373 26.09009, -80.150474 26.090086, -80.150455 26.08969, -80.150107 26.089704, -80.150104 26.089646, -80.149948 26.089652, -80.149951 26.089706, -80.149998 26.089728, -80.149808 26.089736, -80.149811 26.089807, -80.149766 26.089809, -80.149761 26.089715, -80.149353 26.089731, -80.149246 26.089909, -80.148841 26.089925, -80.148846 26.090026, -80.148958 26.090022, -80.148849 26.090203, -80.14885 26.090219, -80.149284 26.090201, -80.149288 26.090288, -80.148848 26.090306, -80.148853 26.090416, -80.149765 26.09038, -80.14977 26.090488, -80.149339 26.090505, -80.149345 26.090628, -80.149982 26.090602, -80.14998 26.090557, -80.150513 26.090535)))",microsoft_us_building_footprints
ms-fl-000754,Microsoft footprint FL #155,FL,,166153.73,25.7906461,-80.1883659,,commercial_industrial_unknown,unknown,"MULTIPOLYGON (((-80.188434 25.791558, -80.188784 25.791081, -80.188461 25.790704, -80.188457 25.790703, -80.188498 25.790588, -80.188391 25.790463, -80.188987 25.790634, -80.188787 25.789625, -80.187828 25.789779, -80.187919 25.789885, -80.187912 25.789906, -80.188075 25.789952, -80.188061 25.789993, -80.188082 25.7901, -80.188211 25.790251, -80.188198 25.790247, -80.188369 25.790446, -80.188261 25.790514, -80.188151 25.790482, -80.187664 25.791862, -80.18804 25.7916, -80.188338 25.791685, -80.188253 25.791587, -80.188434 25.791558)))",microsoft_us_building_footprints
ms-fl-000755,Microsoft footprint FL #156,FL,,149427.6,26.2041142,-80.1747131,,commercial_industrial_unknown,unknown,"MULTIPOLYGON (((-80.175749 26.204385, -80.175746 26.204268, -80.175802 26.204111, -80.175667 26.204113, -80.175659 26.203755, -80.1756 26.203756, -80.175598 26.203696, -80.175094 26.203552, -80.175068 26.203627, -80.175043 26.203627, -80.174848 26.204178, -80.174816 26.204178, -80.174808 26.203849, -80.174098 26.203863, -80.174089 26.203887, -80.174045 26.203888, -80.174047 26.203974, -80.173706 26.203981, -80.173709 26.204089, -80.17358 26.204092, -80.173586 26.204315, -80.173503 26.204317, -80.173505 26.204431, -80.173596 26.20443, -80.173599 26.204539, -80.173973 26.204532, -80.173971 26.204423, -80.174883 26.204405, -80.174882 26.204358, -80.175255 26.204351, -80.175256 26.204394, -80.175749 26.204385)))",microsoft_us_building_footprints
ms-fl-000756,Microsoft footprint FL #157,FL,,146821.98,25.7792218,-80.1792845,,commercial_industrial_unknown,unknown,"MULTIPOLYGON (((-80.17848 25.77943, -80.179646 25.779863, -80.179656 25.779841, -80.179704 25.779858, -80.180055 25.779093, -80.180053 25.779092, -80.180089 25.779015, -80.178876 25.778564, -80.17848 25.77943)))",microsoft_us_building_footprints
ms-fl-000757,Microsoft footprint FL #158,FL,,105569.68,26.0690006,-80.1795142,,commercial_industrial_unknown,unknown,"MULTIPOLYGON (((-80.18004 26.068496, -80.17897 26.068509, -80.178972 26.068622, -80.17909 26.068621, -80.179101 26.069395, -80.178989 26.069396, -80.17899 26.069505, -80.18006 26.069492, -80.180059 26.069378, -80.179938 26.06938, -80.179926 26.068606, -80.180042 26.068604, -80.18004 26.068496)))",microsoft_us_building_footprints
ms-fl-000758,Microsoft footprint FL #159,FL,,307524.88,26.3147501,-80.2001100,,commercial_industrial_unknown,unknown,"MULTIPOLYGON (((-80.198676 26.315191, -80.200686 26.315176, -80.200686 26.315281, -80.200817 26.31528, -80.200819 26.3155, -80.201295 26.315496, -80.201289 26.314882, -80.201283 26.314882, -80.201274 26.313977, -80.200817 26.31398, -80.200819 26.31418, -80.200775 26.31418, -80.200775 26.314252, -80.200741 26.314252, -80.200742 26.314319, -80.200109 26.314324, -80.200109 26.314288, -80.200017 26.314289, -80.200017 26.314315, -80.198668 26.314325, -80.198676 26.315191)))",microsoft_us_building_footprints
ms-fl-000759,Microsoft footprint FL #160,FL,,108382.93,25.9100995,-80.2086056,,commercial_industrial_unknown,unknown,"MULTIPOLYGON (((-80.207856 25.909849, -80.207872 25.910055, -80.207926 25.910052, -80.208043 25.910309, -80.207838 25.910321, -80.207848 25.910446, -80.208395 25.910413, -80.208576 25.910812, -80.208785 25.910799, -80.20878 25.910729, -80.208814 25.910716, -80.208795 25.910462, -80.208496 25.91048, -80.208483 25.910313, -80.209272 25.910265, -80.209257 25.910066, -80.208749 25.910097, -80.208741 25.909984, -80.2088 25.90998, -80.208804 25.910033, -80.208883 25.910028, -80.208876 25.909943, -80.209325 25.909916, -80.209339 25.9101, -80.209366 25.91009, -80.209362 25.91004, -80.209338 25.910034, -80.20939 25.909881, -80.2095 25.909875, -80.209484 25.909663, -80.208355 25.909732, -80.208361 25.909818, -80.207856 25.909849)))",microsoft_us_building_footprints
ms-fl-000760,Microsoft footprint FL #161,FL,,113755.36,25.8062962,-80.1943420,,commercial_industrial_unknown,unknown,"MULTIPOLYGON (((-80.195015 25.805906, -80.194674 25.805916, -80.194676 25.805959, -80.19433 25.805969, -80.194329 25.805926, -80.194179 25.80593, -80.194179 25.805925, -80.194071 25.805928, -80.194073 25.805976, -80.193639 25.805989, -80.193662 25.806652, -80.193855 25.806647, -80.193857 25.806697, -80.194085 25.806691, -80.194083 25.806642, -80.194699 25.806625, -80.194694 25.806458, -80.194779 25.806456, -80.194787 25.806678, -80.194967 25.806673, -80.194964 25.806605, -80.195049 25.806603, -80.195041 25.806378, -80.195031 25.806379, -80.195015 25.805906)))",microsoft_us_building_footprints
ms-fl-000761,Microsoft footprint FL #162,FL,,150534.82,25.7649471,-80.1942929,,commercial_industrial_unknown,unknown,"MULTIPOLYGON (((-80.195111 25.764545, -80.194074 25.764572, -80.194073 25.764541, -80.194004 25.764543, -80.194005 25.764586, -80.193893 25.764589, -80.193897 25.764712, -80.193847 25.764714, -80.193842 25.764569, -80.193645 25.764574, -80.193646 25.764589, -80.193367 25.764596, -80.193374 25.764811, -80.193591 25.764805, -80.193595 25.764909, -80.193525 25.764911, -80.193526 25.764942, -80.193454 25.764944, -80.193457 25.765031, -80.193599 25.765027, -80.193603 25.76515, -80.193388 25.765156, -80.193395 25.765371, -80.193604 25.765365, -80.193603 25.765314, -80.193884 25.765307, -80.193885 25.765341, -80.195137 25.765307, -80.195111 25.764545)))",microsoft_us_building_footprints
ms-fl-000762,Microsoft footprint FL #163,FL,,145728.37,26.6782261,-80.2003897,,commercial_industrial_unknown,unknown,"MULTIPOLYGON (((-80.199976 26.677588, -80.199952 26.678774, -80.199978 26.678774, -80.199973 26.67903, -80.200746 26.679043, -80.200752 26.678757, -80.200721 26.678757, -80.200737 26.677976, -80.200788 26.677977, -80.200791 26.677833, -80.200745 26.677832, -80.200748 26.677692, -80.200785 26.677692, -80.200789 26.677493, -80.200852 26.677494, -80.200858 26.677196, -80.200517 26.677191, -80.200508 26.677682, -80.20021 26.677678, -80.200212 26.677592, -80.199976 26.677588)))",microsoft_us_building_footprints
ms-fl-000763,Microsoft footprint FL #164,FL,,117103.69,25.8495565,-80.2167901,,commercial_industrial_unknown,unknown,"MULTIPOLYGON (((-80.21632 25.849029, -80.216316 25.849506, -80.216376 25.849506, -80.216374 25.849825, -80.216326 25.849824, -80.216324 25.850116, -80.216517 25.850118, -80.216516 25.850222, -80.216598 25.850222, -80.216599 25.850111, -80.216765 25.850112, -80.216766 25.850071, -80.216964 25.850073, -80.216965 25.850015, -80.21726 25.850017, -80.217263 25.849704, -80.217279 25.849704, -80.217279 25.849624, -80.217302 25.849624, -80.217303 25.849527, -80.217267 25.849527, -80.21727 25.849146, -80.217278 25.849146, -80.217279 25.849073, -80.217241 25.849073, -80.217242 25.849036, -80.21632 25.849029)))",microsoft_us_building_footprints
ms-fl-000764,Microsoft footprint FL #165,FL,,199950.17,25.7946139,-80.2081566,,commercial_industrial_unknown,unknown,"MULTIPOLYGON (((-80.207225 25.794138, -80.207248 25.794939, -80.207173 25.794941, -80.207177 25.795094, -80.209104 25.795049, -80.209174 25.794935, -80.209167 25.794689, -80.209084 25.794648, -80.209159 25.794525, -80.209153 25.794301, -80.208968 25.794305, -80.208962 25.7941, -80.208581 25.794109, -80.208592 25.794488, -80.208203 25.794497, -80.208147 25.794469, -80.208211 25.794366, -80.208211 25.794376, -80.208248 25.794375, -80.208297 25.794295, -80.208242 25.794267, -80.208261 25.794237, -80.208254 25.794009, -80.207774 25.79402, -80.207741 25.794074, -80.207752 25.794466, -80.207824 25.794502, -80.207828 25.794648, -80.207696 25.794651, -80.207681 25.794128, -80.207225 25.794138)))",microsoft_us_building_footprints
ms-fl-000765,Microsoft footprint FL #166,FL,,183359.06,26.2052767,-80.2297424,,commercial_industrial_unknown,unknown,"MULTIPOLYGON (((-80.228908 26.204867, -80.228926 26.20572, -80.229284 26.205713, -80.229285 26.205789, -80.229418 26.205787, -80.229418 26.205759, -80.229965 26.20575, -80.229965 26.205776, -80.230102 26.205774, -80.2301 26.205699, -80.230568 26.205691, -80.230565 26.205564, -80.23071 26.205561, -80.230705 26.205309, -80.230561 26.205311, -80.230553 26.204936, -80.230331 26.20494, -80.230329 26.20484, -80.229833 26.204849, -80.229831 26.204762, -80.229942 26.20476, -80.229941 26.204736, -80.229829 26.204738, -80.229828 26.204688, -80.229379 26.204696, -80.229382 26.204859, -80.228908 26.204867)))",microsoft_us_building_footprints
ms-fl-000766,Microsoft footprint FL #167,FL,,131865.49,26.1366229,-80.2388545,,commercial_industrial_unknown,unknown,"MULTIPOLYGON (((-80.238082 26.136371, -80.238532 26.136861, -80.238628 26.13679, -80.238692 26.13686, -80.238603 26.136926, -80.238694 26.137024, -80.23863 26.137072, -80.238829 26.137289, -80.2389 26.137236, -80.238981 26.137323, -80.239381 26.137027, -80.239506 26.137163, -80.23966 26.137049, -80.239336 26.136696, -80.239496 26.136578, -80.239408 26.136482, -80.239448 26.136453, -80.239319 26.136313, -80.239303 26.13628, -80.239235 26.136306, -80.239162 26.136227, -80.23899 26.136354, -80.238607 26.135938, -80.238493 26.136023, -80.238451 26.135978, -80.238312 26.136032, -80.238153 26.13615, -80.23821 26.136276, -80.238082 26.136371)))",microsoft_us_building_footprints
ms-fl-000767,Microsoft footprint FL #168,FL,,123563.6,25.9216210,-80.2231525,,commercial_industrial_unknown,unknown,"MULTIPOLYGON (((-80.223709 25.921152, -80.222557 25.921193, -80.222596 25.92209, -80.223748 25.922049, -80.223709 25.921152)))",microsoft_us_building_footprints
ms-fl-000768,Microsoft footprint FL #169,FL,,340369.85,25.8994847,-80.2329209,,commercial_industrial_unknown,unknown,"MULTIPOLYGON (((-80.233548 25.899416, -80.235374 25.899374, -80.235369 25.899208, -80.233718 25.899246, -80.233694 25.898409, -80.233319 25.898418, -80.233324 25.898599, -80.23197 25.89863, -80.231965 25.898461, -80.23166 25.898468, -80.231673 25.898943, -80.233335 25.898905, -80.233343 25.899187, -80.231689 25.899225, -80.231699 25.899563, -80.233355 25.899524, -80.233363 25.899804, -80.231715 25.899842, -80.231725 25.900187, -80.233387 25.900149, -80.233397 25.900522, -80.231741 25.900561, -80.231746 25.900724, -80.233591 25.900682, -80.23358 25.900298, -80.233539 25.900299, -80.233537 25.900242, -80.233572 25.900241, -80.233548 25.899416)))",microsoft_us_building_footprints
ms-fl-000769,Microsoft footprint FL #170,FL,,107519.07,25.9651962,-80.2390926,,commercial_industrial_unknown,unknown,"MULTIPOLYGON (((-80.239599 25.96472, -80.239395 25.964722, -80.239395 25.964763, -80.239304 25.964763, -80.239304 25.964713, -80.238837 25.964715, -80.238838 25.964808, -80.238811 25.964816, -80.23881 25.964734, -80.238766 25.964735, -80.238712 25.96475, -80.238713 25.964847, -80.238566 25.964848, -80.238571 25.965446, -80.238654 25.965483, -80.238639 25.965439, -80.238722 25.965438, -80.238752 25.965526, -80.238867 25.965525, -80.23887 25.965929, -80.239118 25.965927, -80.239115 25.965523, -80.239328 25.965522, -80.239328 25.96558, -80.239424 25.965579, -80.239423 25.965515, -80.23964 25.965513, -80.23964 25.965436, -80.239605 25.965437, -80.239599 25.96472)))",microsoft_us_building_footprints
ms-fl-000770,Microsoft footprint FL #171,FL,,135315.88,25.8575552,-80.2606748,,commercial_industrial_unknown,unknown,"MULTIPOLYGON (((-80.261119 25.858226, -80.261102 25.857802, -80.261043 25.857804, -80.26104 25.857727, -80.261126 25.857724, -80.261116 25.857478, -80.261183 25.857476, -80.261167 25.857082, -80.261017 25.857087, -80.261011 25.856919, -80.260271 25.856943, -80.260275 25.857042, -80.260254 25.857043, -80.260261 25.857226, -80.26013 25.85723, -80.260153 25.857825, -80.26018 25.857825, -80.260186 25.857957, -80.260317 25.857953, -80.260312 25.857823, -80.260356 25.857821, -80.26036 25.85792, -80.260452 25.857917, -80.260465 25.858247, -80.261119 25.858226)))",microsoft_us_building_footprints
ms-fl-000771,Microsoft footprint FL #172,FL,,175317.58,25.7967950,-80.2668017,,commercial_industrial_unknown,unknown,"MULTIPOLYGON (((-80.267874 25.797122, -80.267861 25.796434, -80.265729 25.796468, -80.265743 25.797156, -80.267874 25.797122)))",microsoft_us_building_footprints
ms-fl-000772,Microsoft footprint FL #173,FL,,120747.12,26.0751645,-80.2695056,,commercial_industrial_unknown,unknown,"MULTIPOLYGON (((-80.270104 26.07517, -80.270011 26.075172, -80.270006 26.075002, -80.269615 26.075011, -80.269466 26.074784, -80.269744 26.074778, -80.269744 26.074781, -80.270026 26.074775, -80.269899 26.074976, -80.270196 26.074969, -80.270188 26.074684, -80.269541 26.074354, -80.269549 26.074641, -80.269294 26.074646, -80.269302 26.074961, -80.26895 26.074968, -80.268956 26.075201, -80.268645 26.075207, -80.269017 26.075773, -80.269345 26.075766, -80.269338 26.0755, -80.269123 26.075614, -80.269117 26.075396, -80.269116 26.075277, -80.269113 26.07513, -80.269508 26.075331, -80.269381 26.075399, -80.26939 26.075751, -80.269741 26.075744, -80.270104 26.07517)))",microsoft_us_building_footprints
ms-fl-000773,Microsoft footprint FL #174,FL,,108958.35,25.9030113,-80.2686976,,commercial_industrial_unknown,unknown,"MULTIPOLYGON (((-80.268953 25.903771, -80.268963 25.902507, -80.269197 25.902508, -80.269197 25.902459, -80.269211 25.90245, -80.269192 25.90245, -80.269193 25.902325, -80.269104 25.902324, -80.269105 25.902278, -80.269061 25.90222, -80.268823 25.902218, -80.268637 25.902332, -80.268637 25.90242, -80.268379 25.902418, -80.268377 25.90276, -80.268358 25.902771, -80.268357 25.902863, -80.268375 25.902888, -80.268371 25.903402, -80.268353 25.903414, -80.268352 25.903504, -80.26837 25.903529, -80.268369 25.903767, -80.268489 25.903768, -80.268489 25.903823, -80.268642 25.903824, -80.268642 25.903769, -80.268953 25.903771)))",microsoft_us_building_footprints
ms-fl-000774,Microsoft footprint FL #175,FL,,133581.49,27.2885763,-80.2940597,,commercial_industrial_unknown,unknown,"MULTIPOLYGON (((-80.294686 27.289256, -80.294546 27.288869, -80.294615 27.28885, -80.294548 27.288664, -80.294471 27.288686, -80.294452 27.288632, -80.294494 27.28862, -80.294436 27.28846, -80.294623 27.288406, -80.29459 27.288313, -80.29454 27.288328, -80.294527 27.288293, -80.29438 27.288335, -80.294268 27.288024, -80.29404 27.288089, -80.293934 27.287794, -80.293759 27.287844, -80.29384 27.288068, -80.293762 27.28809, -80.293639 27.287751, -80.293502 27.28779, -80.293544 27.287907, -80.293426 27.287941, -80.293529 27.288226, -80.293447 27.288249, -80.293627 27.288748, -80.293734 27.288718, -80.29386 27.289066, -80.294167 27.288978, -80.294192 27.289049, -80.294032 27.289095, -80.294146 27.28941, -80.294686 27.289256)))",microsoft_us_building_footprints
ms-fl-000775,Microsoft footprint FL #176,FL,,141625.3,25.9320547,-80.2992497,,commercial_industrial_unknown,unknown,"MULTIPOLYGON (((-80.300032 25.931631, -80.298556 25.931674, -80.298573 25.932134, -80.298457 25.932138, -80.298475 25.932617, -80.298791 25.932608, -80.298784 25.932406, -80.300059 25.932369, -80.300032 25.931631)))",microsoft_us_building_footprints
ms-fl-000776,Microsoft footprint FL #177,FL,,504514.1,25.9015965,-80.2875098,,commercial_industrial_unknown,unknown,"MULTIPOLYGON (((-80.289155 25.900903, -80.285913 25.901032, -80.285924 25.90125, -80.285754 25.901256, -80.285773 25.901627, -80.285944 25.90162, -80.285945 25.901648, -80.28578 25.901655, -80.285809 25.902236, -80.285983 25.902229, -80.285986 25.902282, -80.287248 25.902232, -80.287247 25.902219, -80.289224 25.902141, -80.289218 25.902007, -80.289314 25.902003, -80.289308 25.901886, -80.289211 25.90189, -80.289209 25.901852, -80.289305 25.901849, -80.289299 25.901731, -80.289201 25.901735, -80.289194 25.901585, -80.289228 25.901584, -80.289223 25.901487, -80.289184 25.901488, -80.289155 25.900903)))",microsoft_us_building_footprints
ms-fl-000777,Microsoft footprint FL #178,FL,,141317.53,25.9402638,-80.2905106,,commercial_industrial_unknown,unknown,"MULTIPOLYGON (((-80.289862 25.940723, -80.290144 25.940717, -80.290146 25.940797, -80.290414 25.940791, -80.290412 25.940709, -80.291136 25.940693, -80.291134 25.940631, -80.291198 25.940629, -80.291194 25.940456, -80.291145 25.940457, -80.291142 25.940322, -80.291104 25.940323, -80.291098 25.940099, -80.291133 25.940098, -80.291129 25.939927, -80.291091 25.939927, -80.291086 25.939739, -80.290196 25.939758, -80.2902 25.939905, -80.290098 25.939908, -80.290099 25.939941, -80.289842 25.939947, -80.289862 25.940723)))",microsoft_us_building_footprints
ms-fl-000778,Microsoft footprint FL #179,FL,,213762.83,25.8278146,-80.3190206,,commercial_industrial_unknown,unknown,"MULTIPOLYGON (((-80.318344 25.828468, -80.31972 25.828462, -80.319714 25.827371, -80.319748 25.827265, -80.319465 25.827193, -80.319409 25.827194, -80.319337 25.827175, -80.319309 25.827176, -80.319252 25.827161, -80.319168 25.827162, -80.319092 25.827143, -80.318337 25.827146, -80.318344 25.828468)))",microsoft_us_building_footprints
ms-fl-000779,Microsoft footprint FL #180,FL,,109420.14,25.7344074,-80.3198893,,commercial_industrial_unknown,unknown,"MULTIPOLYGON (((-80.320253 25.733755, -80.319556 25.733728, -80.319554 25.733766, -80.319432 25.733761, -80.31943 25.733817, -80.31955 25.733822, -80.319521 25.734426, -80.319611 25.734429, -80.319577 25.735118, -80.320186 25.735142, -80.320253 25.733755)))",microsoft_us_building_footprints
ms-fl-000780,Microsoft footprint FL #181,FL,,122657.35,25.8402397,-80.3015334,,commercial_industrial_unknown,unknown,"MULTIPOLYGON (((-80.302623 25.840492, -80.302632 25.840014, -80.30172 25.84, -80.301718 25.840094, -80.301618 25.839921, -80.301442 25.839918, -80.301359 25.840018, -80.300454 25.840004, -80.300445 25.840494, -80.301276 25.840507, -80.301277 25.840452, -80.301431 25.840454, -80.301433 25.840379, -80.301359 25.840357, -80.301383 25.840291, -80.301466 25.840293, -80.301431 25.840233, -80.301484 25.840208, -80.301483 25.840288, -80.301566 25.84029, -80.301566 25.840287, -80.301635 25.840288, -80.301652 25.840318, -80.301627 25.840387, -80.301579 25.840386, -80.301566 25.84042, -80.301536 25.840434, -80.301504 25.840379, -80.301469 25.840474, -80.302623 25.840492)))",microsoft_us_building_footprints
ms-fl-000781,Microsoft footprint FL #182,FL,,192458.24,25.8452248,-80.3269655,,commercial_industrial_unknown,unknown,"MULTIPOLYGON (((-80.326596 25.844046, -80.326638 25.845131, -80.32652 25.845135, -80.326528 25.84533, -80.326628 25.845327, -80.326671 25.846422, -80.327287 25.846402, -80.327276 25.846109, -80.327324 25.846108, -80.327312 25.845805, -80.327269 25.845806, -80.327256 25.845481, -80.327289 25.84548, -80.327291 25.845533, -80.327417 25.845529, -80.327392 25.844896, -80.327271 25.8449, -80.327273 25.844952, -80.327245 25.844953, -80.327232 25.844621, -80.327281 25.84462, -80.327269 25.844322, -80.327226 25.844323, -80.327214 25.844027, -80.326596 25.844046)))",microsoft_us_building_footprints
ms-fl-000782,Microsoft footprint FL #183,FL,,143231.1,25.7268966,-80.3079229,,commercial_industrial_unknown,unknown,"MULTIPOLYGON (((-80.307304 25.725798, -80.307393 25.727524, -80.307557 25.727517, -80.307571 25.727795, -80.307903 25.727781, -80.307889 25.727507, -80.308172 25.727495, -80.30819 25.727846, -80.308522 25.727832, -80.308504 25.727486, -80.308606 25.727482, -80.308598 25.727333, -80.308505 25.727337, -80.308474 25.726729, -80.308566 25.726725, -80.30856 25.726618, -80.308166 25.726634, -80.308193 25.727176, -80.308239 25.727221, -80.307529 25.72725, -80.307488 25.726447, -80.307728 25.726437, -80.307798 25.726379, -80.307788 25.726171, -80.307495 25.726184, -80.307481 25.72592, -80.307696 25.725911, -80.307834 25.725927, -80.307927 25.725923, -80.308291 25.726281, -80.308264 25.725758, -80.307304 25.725798)))",microsoft_us_building_footprints
ms-fl-000783,Microsoft footprint FL #184,FL,,199456.65,25.7959759,-80.3117103,,commercial_industrial_unknown,unknown,"MULTIPOLYGON (((-80.31102 25.796667, -80.311814 25.796668, -80.311815 25.796016, -80.311844 25.796016, -80.311844 25.796395, -80.312485 25.796396, -80.312487 25.795394, -80.311831 25.795393, -80.311831 25.795399, -80.311022 25.795397, -80.31102 25.796667)))",microsoft_us_building_footprints
ms-fl-000784,Microsoft footprint FL #185,FL,,116039.36,25.8429128,-80.3109917,,commercial_industrial_unknown,unknown,"MULTIPOLYGON (((-80.311733 25.843318, -80.311733 25.842787, -80.311181 25.842786, -80.31118 25.84282, -80.311121 25.84282, -80.311122 25.842381, -80.310404 25.84238, -80.310404 25.842651, -80.310481 25.842651, -80.31048 25.842817, -80.310381 25.842817, -80.310381 25.84309, -80.31048 25.84309, -80.31048 25.843317, -80.311733 25.843318)))",microsoft_us_building_footprints
ms-fl-000785,Microsoft footprint FL #186,FL,,219080.18,25.8160788,-80.3114404,,commercial_industrial_unknown,unknown,"MULTIPOLYGON (((-80.313248 25.816412, -80.313245 25.816173, -80.312376 25.81618, -80.31237 25.815623, -80.31215 25.815625, -80.312151 25.815714, -80.311974 25.815716, -80.311975 25.815762, -80.311807 25.815763, -80.311805 25.815565, -80.311541 25.815567, -80.311542 25.815734, -80.311049 25.815739, -80.311046 25.815471, -80.310528 25.815475, -80.310535 25.816051, -80.311052 25.816046, -80.311054 25.816188, -80.310198 25.816195, -80.310197 25.816113, -80.309774 25.816117, -80.309777 25.816443, -80.313248 25.816412)))",microsoft_us_building_footprints
ms-fl-000786,Microsoft footprint FL #187,FL,,214651.04,25.8647585,-80.3163055,,commercial_industrial_unknown,unknown,"MULTIPOLYGON (((-80.315016 25.865156, -80.317549 25.865144, -80.317548 25.864869, -80.317337 25.86487, -80.317334 25.864334, -80.317127 25.864335, -80.317127 25.864321, -80.316184 25.864325, -80.316183 25.864077, -80.315868 25.864078, -80.315873 25.864876, -80.315742 25.864876, -80.315742 25.864749, -80.315815 25.864748, -80.315815 25.864595, -80.315612 25.864596, -80.315612 25.864572, -80.315558 25.864572, -80.315558 25.864594, -80.315013 25.864596, -80.315016 25.865156)))",microsoft_us_building_footprints
ms-fl-000787,Microsoft footprint FL #188,FL,,119987.35,25.7221021,-80.3173883,,commercial_industrial_unknown,unknown,"MULTIPOLYGON (((-80.317881 25.721503, -80.316977 25.721513, -80.316987 25.722207, -80.317004 25.722207, -80.31701 25.722651, -80.317018 25.722651, -80.317021 25.722889, -80.317212 25.722887, -80.31721 25.722784, -80.317346 25.722783, -80.317344 25.722677, -80.317753 25.722673, -80.317743 25.721993, -80.317888 25.721991, -80.317881 25.721503)))",microsoft_us_building_footprints
ms-fl-000788,Microsoft footprint FL #189,FL,,134135.28,26.0053851,-80.3182745,,commercial_industrial_unknown,unknown,"MULTIPOLYGON (((-80.318757 26.004752, -80.317864 26.004751, -80.317863 26.005324, -80.317822 26.005324, -80.317822 26.005495, -80.317801 26.005495, -80.317801 26.005744, -80.317864 26.005744, -80.317864 26.006077, -80.318573 26.006078, -80.318573 26.005629, -80.318756 26.005629, -80.318757 26.004752)))",microsoft_us_building_footprints
ms-fl-000789,Microsoft footprint FL #190,FL,,120087.24,25.7939518,-80.3230142,,commercial_industrial_unknown,unknown,"MULTIPOLYGON (((-80.322026 25.793699, -80.322027 25.794208, -80.324003 25.794204, -80.324002 25.793696, -80.322026 25.793699)))",microsoft_us_building_footprints
ms-fl-000790,Microsoft footprint FL #191,FL,,230010.96,25.8585443,-80.3255006,,commercial_industrial_unknown,unknown,"MULTIPOLYGON (((-80.326131 25.859238, -80.326129 25.858993, -80.326056 25.858993, -80.326048 25.858068, -80.32609 25.858067, -80.326085 25.85761, -80.325742 25.857612, -80.325743 25.857743, -80.325017 25.857748, -80.325019 25.857947, -80.324863 25.857949, -80.32487 25.858738, -80.324852 25.858738, -80.324854 25.858912, -80.325052 25.85891, -80.325057 25.859355, -80.325136 25.859355, -80.325136 25.859381, -80.325094 25.859382, -80.325096 25.859565, -80.325337 25.859563, -80.325335 25.859348, -80.325612 25.859346, -80.325614 25.859543, -80.32578 25.859542, -80.325778 25.859338, -80.325815 25.859338, -80.325814 25.859304, -80.32585 25.859304, -80.325849 25.85924, -80.326131 25.859238)))",microsoft_us_building_footprints
ms-fl-000791,Microsoft footprint FL #192,FL,,131200.31,25.6451189,-80.3313343,,commercial_industrial_unknown,unknown,"MULTIPOLYGON (((-80.331881 25.644595, -80.330723 25.644626, -80.330727 25.644739, -80.330685 25.64474, -80.330689 25.644849, -80.330821 25.644845, -80.330843 25.645502, -80.330865 25.645502, -80.330872 25.645718, -80.33139 25.645705, -80.331383 25.64549, -80.331781 25.645479, -80.331788 25.645697, -80.331975 25.645692, -80.331965 25.645398, -80.331831 25.645401, -80.33183 25.64537, -80.331865 25.645369, -80.331847 25.644817, -80.331888 25.644816, -80.331881 25.644595)))",microsoft_us_building_footprints
ms-fl-000792,Microsoft footprint FL #193,FL,,235718.22,25.9849748,-80.3530956,,commercial_industrial_unknown,unknown,"MULTIPOLYGON (((-80.351418 25.984574, -80.351419 25.985393, -80.351869 25.985392, -80.351929 25.985355, -80.352425 25.985354, -80.352407 25.985331, -80.351966 25.985282, -80.351636 25.985165, -80.352142 25.985042, -80.351947 25.984791, -80.351599 25.984876, -80.351592 25.984853, -80.352688 25.984586, -80.352874 25.984828, -80.352786 25.984854, -80.35262 25.98497, -80.352636 25.985025, -80.352587 25.985025, -80.352708 25.985183, -80.352383 25.985385, -80.354464 25.985382, -80.354462 25.984569, -80.351418 25.984574)))",microsoft_us_building_footprints
ms-fl-000793,Microsoft footprint FL #194,FL,,119701.47,25.8129738,-80.3550722,,commercial_industrial_unknown,unknown,"MULTIPOLYGON (((-80.353744 25.812966, -80.353748 25.81327, -80.354114 25.813265, -80.354117 25.813397, -80.354341 25.813394, -80.35434 25.813354, -80.354364 25.813344, -80.354362 25.813257, -80.355026 25.813249, -80.355246 25.813152, -80.355374 25.813391, -80.355522 25.813327, -80.355569 25.813326, -80.355568 25.813281, -80.355927 25.813125, -80.355926 25.81307, -80.355791 25.81282, -80.356004 25.812728, -80.355995 25.8122, -80.355743 25.812203, -80.355749 25.812554, -80.355501 25.812662, -80.355496 25.812662, -80.355196 25.812793, -80.355196 25.812841, -80.354996 25.812928, -80.354996 25.812949, -80.353744 25.812966)))",microsoft_us_building_footprints
ms-fl-000794,Microsoft footprint FL #195,FL,,116550.42,27.4664390,-80.3476960,,commercial_industrial_unknown,unknown,"MULTIPOLYGON (((-80.34822 27.465927, -80.347244 27.46593, -80.347233 27.465964, -80.346796 27.465966, -80.346796 27.465987, -80.346858 27.465987, -80.346859 27.46621, -80.346977 27.466242, -80.346977 27.46633, -80.347227 27.46633, -80.347226 27.466286, -80.34728 27.466285, -80.347282 27.466644, -80.34745 27.466643, -80.347449 27.466291, -80.34753 27.466291, -80.347532 27.466855, -80.34779 27.466854, -80.347788 27.466291, -80.347885 27.466291, -80.347889 27.467295, -80.347767 27.467295, -80.347767 27.467416, -80.348147 27.467414, -80.348142 27.466294, -80.348373 27.466293, -80.348373 27.466263, -80.348215 27.466264, -80.348214 27.46612, -80.348157 27.46612, -80.34822 27.465927)))",microsoft_us_building_footprints
ms-fl-000795,Microsoft footprint FL #196,FL,,254037.04,25.9011828,-80.3746069,,commercial_industrial_unknown,unknown,"MULTIPOLYGON (((-80.376307 25.901495, -80.376306 25.900856, -80.375978 25.900856, -80.375979 25.90096, -80.37589 25.90096, -80.37589 25.900963, -80.375842 25.900963, -80.375842 25.900929, -80.375761 25.900929, -80.375761 25.900861, -80.372927 25.900866, -80.372929 25.901501, -80.376307 25.901495)))",microsoft_us_building_footprints
ms-fl-000796,Microsoft footprint FL #197,FL,,149336.79,25.5777238,-80.3679803,,commercial_industrial_unknown,unknown,"MULTIPOLYGON (((-80.368506 25.578375, -80.368312 25.577163, -80.368315 25.577162, -80.368275 25.576915, -80.368249 25.576918, -80.368237 25.576848, -80.367694 25.576919, -80.36775 25.577274, -80.367666 25.577285, -80.367677 25.577352, -80.367446 25.577382, -80.367612 25.578422, -80.367707 25.57841, -80.367728 25.578543, -80.368012 25.578506, -80.367989 25.578364, -80.368152 25.578342, -80.368164 25.578419, -80.368506 25.578375)))",microsoft_us_building_footprints
ms-fl-000797,Microsoft footprint FL #198,FL,,895362.46,25.5744946,-80.3690747,,commercial_industrial_unknown,unknown,"MULTIPOLYGON (((-80.371538 25.574089, -80.3702 25.573183, -80.369864 25.573323, -80.370212 25.573559, -80.369895 25.573939, -80.370311 25.57422, -80.369927 25.574681, -80.368898 25.573985, -80.369277 25.573827, -80.369164 25.573751, -80.369419 25.573445, -80.368779 25.573011, -80.368382 25.573177, -80.368393 25.573561, -80.368027 25.57357, -80.36802 25.573329, -80.367587 25.573036, -80.366824 25.573953, -80.367462 25.574385, -80.367447 25.573856, -80.367579 25.573852, -80.367596 25.574429, -80.36781 25.574424, -80.367423 25.574889, -80.367176 25.574721, -80.366855 25.575108, -80.367788 25.57574, -80.36862 25.57474, -80.369329 25.57522, -80.368867 25.575774, -80.369679 25.576323, -80.371538 25.574089)))",microsoft_us_building_footprints
ms-fl-000798,Microsoft footprint FL #199,FL,,107696.1,25.5723847,-80.3736171,,commercial_industrial_unknown,unknown,"MULTIPOLYGON (((-80.374228 25.572748, -80.374217 25.572024, -80.373848 25.572029, -80.373846 25.571948, -80.37361 25.571951, -80.373612 25.57203, -80.373002 25.572038, -80.373013 25.572763, -80.374228 25.572748)))",microsoft_us_building_footprints
ms-fl-000799,Microsoft footprint FL #200,FL,,224322.35,27.2620644,-80.4048435,,commercial_industrial_unknown,unknown,"MULTIPOLYGON (((-80.403947 27.261597, -80.403923 27.262316, -80.403843 27.262314, -80.403833 27.262607, -80.403945 27.26261, -80.403948 27.262544, -80.404108 27.262548, -80.404108 27.262565, -80.404922 27.262586, -80.404922 27.262601, -80.405225 27.262609, -80.40523 27.262461, -80.405583 27.26247, -80.405579 27.262609, -80.405807 27.262615, -80.405825 27.262083, -80.40565 27.262079, -80.405653 27.262012, -80.405771 27.262015, -80.405774 27.261906, -80.405777 27.261906, -80.405791 27.261498, -80.405611 27.261494, -80.405607 27.26161, -80.404851 27.26159, -80.404856 27.261447, -80.404406 27.261435, -80.4044 27.261609, -80.403947 27.261597)))",microsoft_us_building_footprints
ms-fl-000800,Microsoft footprint FL #201,FL,,327945.04,25.5720252,-80.4526209,,commercial_industrial_unknown,unknown,"MULTIPOLYGON (((-80.453593 25.571266, -80.451771 25.571329, -80.451806 25.57215, -80.45122 25.57217, -80.451258 25.573058, -80.451657 25.572412, -80.452305 25.572462, -80.452478 25.572749, -80.453654 25.572708, -80.453593 25.571266)))",microsoft_us_building_footprints
ms-fl-000801,Microsoft footprint FL #202,FL,,156430.25,25.6781745,-80.4559410,,commercial_industrial_unknown,unknown,"MULTIPOLYGON (((-80.456352 25.677638, -80.45545 25.677664, -80.455444 25.677486, -80.455188 25.677493, -80.455191 25.677558, -80.455002 25.677622, -80.454911 25.677625, -80.454919 25.677844, -80.455024 25.677841, -80.455037 25.678191, -80.455784 25.678169, -80.455818 25.678252, -80.455886 25.67825, -80.455902 25.678669, -80.45636 25.678655, -80.456363 25.678758, -80.456485 25.678754, -80.456504 25.679282, -80.456779 25.679274, -80.456773 25.679108, -80.456887 25.679105, -80.456903 25.67876, -80.456582 25.678769, -80.45658 25.678699, -80.456434 25.678704, -80.456429 25.67856, -80.456563 25.678556, -80.456466 25.678324, -80.456446 25.67778, -80.456357 25.677783, -80.456352 25.677638)))",microsoft_us_building_footprints
ms-fl-000802,Microsoft footprint FL #203,FL,,110943.76,25.5799653,-80.5053056,,commercial_industrial_unknown,unknown,"MULTIPOLYGON (((-80.506404 25.579746, -80.504777 25.579785, -80.504775 25.579704, -80.504496 25.57971, -80.504493 25.579625, -80.504319 25.579629, -80.504324 25.579791, -80.504185 25.579794, -80.504196 25.580162, -80.50474 25.580148, -80.504736 25.580023, -80.504884 25.580019, -80.504887 25.580105, -80.504996 25.580102, -80.504993 25.580019, -80.50504 25.580018, -80.505046 25.580217, -80.505782 25.580199, -80.505782 25.580213, -80.506094 25.580205, -80.506095 25.580228, -80.506202 25.580226, -80.506206 25.580371, -80.506305 25.580368, -80.506291 25.579911, -80.506312 25.579911, -80.506313 25.579945, -80.506352 25.579944, -80.506351 25.579905, -80.506409 25.579904, -80.506404 25.579746)))",microsoft_us_building_footprints
ms-fl-000803,Microsoft footprint FL #204,FL,,139259.08,26.6027014,-80.5805910,,commercial_industrial_unknown,unknown,"MULTIPOLYGON (((-80.580086 26.602128, -80.580162 26.603196, -80.580349 26.603186, -80.580457 26.603388, -80.580248 26.603574, -80.580268 26.603854, -80.580698 26.603952, -80.580841 26.603891, -80.580553 26.603348, -80.580663 26.602958, -80.580695 26.602965, -80.580678 26.602726, -80.58041 26.602484, -80.580544 26.602427, -80.580691 26.602461, -80.580698 26.602557, -80.580741 26.602539, -80.580905 26.602576, -80.581114 26.602392, -80.581042 26.602257, -80.581331 26.602323, -80.581295 26.601828, -80.581177 26.601801, -80.581075 26.6019, -80.580809 26.60184, -80.580741 26.602079, -80.580676 26.60202, -80.580559 26.602123, -80.580496 26.602066, -80.580435 26.60212, -80.580329 26.602025, -80.580086 26.602128)))",microsoft_us_building_footprints
ms-fl-000804,Microsoft footprint FL #205,FL,,179601.96,28.1402507,-80.5968006,,commercial_industrial_unknown,unknown,"MULTIPOLYGON (((-80.596481 28.140497, -80.596481 28.140244, -80.596539 28.140244, -80.596538 28.139302, -80.596512 28.139302, -80.596512 28.13917, -80.595822 28.139171, -80.595823 28.139918, -80.596242 28.139918, -80.596243 28.1408, -80.59664 28.140799, -80.59664 28.140792, -80.596809 28.140792, -80.596809 28.140871, -80.596962 28.140871, -80.596962 28.141006, -80.597316 28.141005, -80.597316 28.141073, -80.597522 28.141073, -80.597522 28.141002, -80.597845 28.141001, -80.597844 28.140689, -80.597911 28.140689, -80.597912 28.140892, -80.598147 28.140892, -80.598146 28.140481, -80.597847 28.140481, -80.597847 28.140445, -80.596956 28.140446, -80.596956 28.140496, -80.596481 28.140497)))",microsoft_us_building_footprints
ms-fl-000805,Microsoft footprint FL #206,FL,,205783.11,28.0297353,-80.6013738,,commercial_industrial_unknown,unknown,"MULTIPOLYGON (((-80.601067 28.03077, -80.602019 28.030776, -80.602023 28.030207, -80.601868 28.030206, -80.601867 28.030223, -80.601422 28.030221, -80.601427 28.029574, -80.601915 28.029577, -80.601919 28.029042, -80.601721 28.029041, -80.601725 28.028514, -80.601129 28.028511, -80.601126 28.028954, -80.601219 28.028954, -80.601217 28.029123, -80.601119 28.029123, -80.601116 28.029567, -80.600973 28.029566, -80.600973 28.029537, -80.600903 28.029537, -80.600903 28.029574, -80.600527 28.029572, -80.600526 28.029736, -80.600688 28.029737, -80.600685 28.030219, -80.601084 28.030221, -80.601083 28.030427, -80.601088 28.030427, -80.601088 28.030502, -80.601069 28.030502, -80.601067 28.03077)))",microsoft_us_building_footprints
ms-fl-000806,Microsoft footprint FL #207,FL,,200517.77,28.3596491,-80.6684767,,commercial_industrial_unknown,unknown,"MULTIPOLYGON (((-80.669378 28.35925, -80.669018 28.359252, -80.669017 28.359136, -80.668221 28.35914, -80.668222 28.359263, -80.667335 28.359267, -80.667337 28.359559, -80.667635 28.359557, -80.667636 28.359659, -80.667558 28.359659, -80.667559 28.359744, -80.667383 28.359745, -80.667384 28.359891, -80.66764 28.35989, -80.667641 28.360062, -80.668757 28.360056, -80.668758 28.360171, -80.669615 28.360166, -80.669614 28.360058, -80.669383 28.360059, -80.669378 28.35925)))",microsoft_us_building_footprints
ms-fl-000807,Microsoft footprint FL #208,FL,,227353.91,28.1745583,-80.6739579,,commercial_industrial_unknown,unknown,"MULTIPOLYGON (((-80.673669 28.176245, -80.673397 28.176239, -80.673391 28.176442, -80.673725 28.17645, -80.67373 28.176276, -80.673912 28.17628, -80.673917 28.176122, -80.674147 28.176127, -80.67415 28.176016, -80.674213 28.176017, -80.674225 28.175573, -80.674321 28.175575, -80.674348 28.174601, -80.673964 28.174593, -80.673971 28.17436, -80.674215 28.174365, -80.674228 28.173885, -80.673961 28.173879, -80.673966 28.173712, -80.674339 28.17372, -80.674346 28.17345, -80.674416 28.173451, -80.674419 28.173345, -80.67434 28.173343, -80.674347 28.173072, -80.673941 28.173064, -80.673961 28.172363, -80.673754 28.172359, -80.673664 28.175597, -80.673687 28.175598, -80.673669 28.176245)))",microsoft_us_building_footprints
ms-fl-000808,Microsoft footprint FL #209,FL,,155529.8,28.2138125,-80.6741301,,commercial_industrial_unknown,unknown,"MULTIPOLYGON (((-80.673916 28.214289, -80.674676 28.215207, -80.674942 28.215036, -80.674807 28.214872, -80.67473 28.214922, -80.674643 28.214817, -80.674631 28.21477, -80.674881 28.214609, -80.674783 28.21449, -80.674873 28.214431, -80.67476 28.214295, -80.674827 28.214252, -80.67476 28.214172, -80.674684 28.214187, -80.674477 28.213936, -80.674171 28.214133, -80.674063 28.213715, -80.674175 28.213692, -80.674133 28.213533, -80.673973 28.213565, -80.6739 28.213284, -80.674217 28.21322, -80.674108 28.212799, -80.673817 28.212857, -80.673766 28.212659, -80.673873 28.21259, -80.673615 28.212278, -80.673334 28.212459, -80.673364 28.212574, -80.673509 28.212749, -80.6736 28.2131, -80.673606 28.213099, -80.673916 28.214289)))",microsoft_us_building_footprints
ms-fl-000809,Microsoft footprint FL #210,FL,,143904.97,28.2443104,-80.7260483,,commercial_industrial_unknown,unknown,"MULTIPOLYGON (((-80.725398 28.243793, -80.724766 28.244455, -80.725245 28.24481, -80.725344 28.244707, -80.725436 28.244776, -80.72548 28.24473, -80.725416 28.244682, -80.725747 28.244335, -80.725775 28.244335, -80.726078 28.244559, -80.727205 28.244558, -80.72733 28.244427, -80.727435 28.244505, -80.727756 28.244169, -80.727489 28.243972, -80.727224 28.244249, -80.726181 28.24425, -80.725837 28.243995, -80.725824 28.243995, -80.725761 28.244061, -80.72573 28.244061, -80.725603 28.243967, -80.725683 28.243884, -80.725683 28.243824, -80.725499 28.243688, -80.725459 28.243688, -80.725375 28.243777, -80.725398 28.243793)))",microsoft_us_building_footprints
ms-fl-000810,Microsoft footprint FL #211,FL,,140310.88,28.3623890,-80.7940876,,commercial_industrial_unknown,unknown,"MULTIPOLYGON (((-80.794884 28.362565, -80.79467 28.362173, -80.794918 28.362068, -80.794848 28.36194, -80.794578 28.362054, -80.794507 28.361926, -80.794501 28.361929, -80.794412 28.361766, -80.793516 28.362144, -80.793501 28.362115, -80.793313 28.362195, -80.793378 28.362314, -80.793228 28.362377, -80.793338 28.362578, -80.793416 28.362545, -80.793601 28.362885, -80.793737 28.362828, -80.793835 28.363009, -80.794884 28.362565)))",microsoft_us_building_footprints
ms-fl-000811,Microsoft footprint FL #212,FL,,111610.84,29.0141561,-80.9398210,,commercial_industrial_unknown,unknown,"MULTIPOLYGON (((-80.940742 29.014104, -80.940609 29.013839, -80.940495 29.013883, -80.940338 29.01357, -80.939566 29.013865, -80.939548 29.013829, -80.939475 29.013857, -80.93951 29.013928, -80.939182 29.014053, -80.939359 29.014406, -80.939266 29.014442, -80.93929 29.014489, -80.938669 29.014727, -80.938741 29.01487, -80.940742 29.014104)))",microsoft_us_building_footprints
ms-fl-000812,Microsoft footprint FL #213,FL,,202510.59,29.2301050,-81.0092073,,commercial_industrial_unknown,unknown,"MULTIPOLYGON (((-81.008425 29.229045, -81.009141 29.230983, -81.009298 29.230939, -81.00943 29.231278, -81.009595 29.231232, -81.009608 29.231266, -81.010082 29.231115, -81.009997 29.230939, -81.010022 29.230932, -81.009951 29.230737, -81.009884 29.230736, -81.009872 29.23074, -81.009585 29.229963, -81.009582 29.229963, -81.009567 29.229968, -81.009551 29.229924, -81.009489 29.229942, -81.009173 29.229087, -81.008893 29.229166, -81.008793 29.228897, -81.008262 29.22889, -81.008259 29.229059, -81.008369 29.229061, -81.008425 29.229045)))",microsoft_us_building_footprints
ms-fl-000813,Microsoft footprint FL #214,FL,,246661.24,29.1482896,-81.0273897,,commercial_industrial_unknown,unknown,"MULTIPOLYGON (((-81.027044 29.14734, -81.026255 29.148452, -81.0268 29.148962, -81.027081 29.148932, -81.027074 29.148884, -81.027168 29.148874, -81.027255 29.148751, -81.027282 29.148942, -81.027475 29.148968, -81.027582 29.148881, -81.027546 29.148622, -81.027797 29.148857, -81.027896 29.148776, -81.027818 29.148702, -81.027941 29.148602, -81.028247 29.148888, -81.028442 29.148729, -81.028071 29.148382, -81.028837 29.148484, -81.02882 29.148365, -81.028535 29.148327, -81.028544 29.148279, -81.028837 29.148247, -81.028818 29.148112, -81.028128 29.148186, -81.028358 29.147862, -81.028227 29.147739, -81.027904 29.148002, -81.02792 29.148115, -81.027806 29.148008, -81.02778 29.148029, -81.027044 29.14734)))",microsoft_us_building_footprints
ms-fl-000814,Microsoft footprint FL #215,FL,,146807.56,29.2320846,-81.0280013,,commercial_industrial_unknown,unknown,"MULTIPOLYGON (((-81.027895 29.231787, -81.028148 29.2324, -81.027873 29.232487, -81.027789 29.232284, -81.027723 29.232305, -81.027794 29.232477, -81.027341 29.232488, -81.027346 29.232643, -81.027141 29.232708, -81.027227 29.232917, -81.027966 29.232685, -81.027961 29.232546, -81.028194 29.232472, -81.028233 29.232566, -81.0288 29.232387, -81.028729 29.232215, -81.028845 29.232179, -81.028457 29.231239, -81.02833 29.231279, -81.028335 29.231426, -81.027789 29.231598, -81.027838 29.231718, -81.027594 29.231795, -81.027576 29.231753, -81.027498 29.231755, -81.026808 29.231972, -81.026914 29.232229, -81.02746 29.232057, -81.027459 29.23202, -81.027665 29.231955, -81.02763 29.23187, -81.027895 29.231787)))",microsoft_us_building_footprints
ms-fl-000815,Microsoft footprint FL #216,FL,,118948.28,29.1799784,-81.0782152,,commercial_industrial_unknown,unknown,"MULTIPOLYGON (((-81.077942 29.179491, -81.077853 29.179192, -81.077695 29.179228, -81.077817 29.179636, -81.077661 29.179672, -81.077901 29.180476, -81.078007 29.180452, -81.078064 29.180643, -81.078847 29.180465, -81.078798 29.1803, -81.078754 29.18031, -81.078675 29.180047, -81.078684 29.180045, -81.078535 29.179545, -81.078485 29.179557, -81.078453 29.179451, -81.078416 29.17946, -81.078336 29.179192, -81.078257 29.179211, -81.078315 29.179406, -81.077942 29.179491)))",microsoft_us_building_footprints
ms-fl-000816,Microsoft footprint FL #217,FL,,248929.17,28.8870030,-81.1624055,,commercial_industrial_unknown,unknown,"MULTIPOLYGON (((-81.161389 28.887092, -81.162147 28.887842, -81.162354 28.887784, -81.162056 28.888234, -81.162237 28.888248, -81.162215 28.888464, -81.162508 28.888487, -81.162756 28.888113, -81.162443 28.887803, -81.162518 28.887745, -81.162752 28.887977, -81.163237 28.887246, -81.162321 28.887502, -81.161916 28.887101, -81.162472 28.886671, -81.162997 28.88719, -81.163095 28.887198, -81.163109 28.887058, -81.163224 28.887067, -81.163048 28.886585, -81.162887 28.886503, -81.163296 28.885886, -81.163175 28.885825, -81.162516 28.886336, -81.16258 28.8857, -81.162402 28.885686, -81.162332 28.885706, -81.162281 28.886224, -81.161583 28.885869, -81.161529 28.885951, -81.162114 28.88653, -81.161389 28.887092)))",microsoft_us_building_footprints
ms-fl-000817,Microsoft footprint FL #218,FL,,229983.4,28.8698251,-81.1641435,,commercial_industrial_unknown,unknown,"MULTIPOLYGON (((-81.163218 28.869347, -81.163216 28.870063, -81.163125 28.870063, -81.163124 28.870344, -81.163223 28.870368, -81.163352 28.870236, -81.163352 28.870373, -81.163833 28.870374, -81.163855 28.870304, -81.163995 28.870338, -81.164005 28.870306, -81.164195 28.870295, -81.164194 28.870373, -81.164334 28.870373, -81.164331 28.870371, -81.164586 28.870371, -81.164586 28.870207, -81.164699 28.870207, -81.164699 28.870343, -81.165206 28.870344, -81.165206 28.870244, -81.165072 28.870244, -81.165075 28.8692, -81.164946 28.8692, -81.164945 28.869341, -81.164361 28.86934, -81.164361 28.869192, -81.163967 28.869191, -81.163967 28.869139, -81.163908 28.8692, -81.163907 28.869348, -81.163218 28.869347)))",microsoft_us_building_footprints
ms-fl-000818,Microsoft footprint FL #219,FL,,133551.07,28.6023820,-81.1957240,,commercial_industrial_unknown,unknown,"MULTIPOLYGON (((-81.196296 28.601752, -81.19592 28.601754, -81.195922 28.601898, -81.195929 28.601898, -81.19596 28.601933, -81.19593 28.601953, -81.195925 28.601947, -81.195927 28.602286, -81.195698 28.602288, -81.195742 28.602257, -81.195711 28.602224, -81.195686 28.602242, -81.195685 28.602206, -81.195635 28.602206, -81.195624 28.602194, -81.195668 28.602163, -81.195527 28.602164, -81.195524 28.601804, -81.195577 28.601804, -81.195577 28.601754, -81.195129 28.601757, -81.195137 28.602793, -81.195196 28.602793, -81.195197 28.602859, -81.195511 28.602857, -81.195511 28.602925, -81.196234 28.60292, -81.196255 28.602944, -81.196305 28.602944, -81.196296 28.601752)))",microsoft_us_building_footprints
ms-fl-000819,Microsoft footprint FL #220,FL,,116706.66,28.5987375,-81.2094749,,commercial_industrial_unknown,unknown,"MULTIPOLYGON (((-81.208762 28.598224, -81.208763 28.598319, -81.208762 28.59834, -81.208765 28.59862, -81.208765 28.598652, -81.208766 28.598743, -81.20881 28.598742, -81.20881 28.598777, -81.209399 28.598771, -81.209402 28.598962, -81.209341 28.598962, -81.209345 28.599238, -81.209382 28.599227, -81.209434 28.599364, -81.209542 28.599363, -81.209559 28.599324, -81.209581 28.59938, -81.20972 28.59934, -81.209863 28.599388, -81.209862 28.599319, -81.209917 28.599337, -81.209918 28.599374, -81.210045 28.599373, -81.210069 28.599317, -81.210087 28.599365, -81.210167 28.599342, -81.209735 28.598194, -81.209572 28.598242, -81.209554 28.598284, -81.209528 28.598216, -81.208762 28.598224)))",microsoft_us_building_footprints
ms-fl-000820,Microsoft footprint FL #221,FL,,120256.23,29.5293390,-81.2238050,,commercial_industrial_unknown,unknown,"MULTIPOLYGON (((-81.223411 29.52898, -81.223399 29.529153, -81.223549 29.529161, -81.22353 29.529435, -81.223198 29.529418, -81.223216 29.529159, -81.222917 29.529144, -81.222881 29.529653, -81.222961 29.529657, -81.222954 29.529768, -81.223159 29.529779, -81.223167 29.529666, -81.223185 29.529667, -81.223258 29.529544, -81.223628 29.529563, -81.223622 29.529641, -81.223705 29.529645, -81.223693 29.529823, -81.224366 29.529859, -81.224401 29.528826, -81.224294 29.52882, -81.224309 29.528616, -81.224012 29.5286, -81.224006 29.528687, -81.224137 29.528694, -81.224121 29.528928, -81.223777 29.528909, -81.223771 29.528999, -81.223411 29.52898)))",microsoft_us_building_footprints
ms-fl-000821,Microsoft footprint FL #222,FL,,374785.78,28.7041606,-81.2653978,,commercial_industrial_unknown,unknown,"MULTIPOLYGON (((-81.266769 28.703912, -81.26456 28.703346, -81.263736 28.70366, -81.263656 28.7039, -81.263667 28.703903, -81.263822 28.703844, -81.263904 28.70401, -81.264427 28.703811, -81.264459 28.703876, -81.264052 28.704031, -81.264026 28.704109, -81.264217 28.704494, -81.264263 28.704476, -81.264223 28.704396, -81.264385 28.704335, -81.264414 28.704394, -81.264695 28.704287, -81.26473 28.704358, -81.264763 28.704346, -81.264653 28.704676, -81.264737 28.704697, -81.264726 28.704729, -81.264652 28.704758, -81.265611 28.705003, -81.265753 28.704579, -81.26597 28.704634, -81.26616 28.705017, -81.266631 28.704838, -81.266403 28.704378, -81.266535 28.704412, -81.266665 28.704674, -81.26707 28.70452, -81.266769 28.703912)))",microsoft_us_building_footprints
ms-fl-000822,Microsoft footprint FL #223,FL,,131960.21,28.3721116,-81.2797123,,commercial_industrial_unknown,unknown,"MULTIPOLYGON (((-81.280675 28.371892, -81.280551 28.371817, -81.280376 28.372041, -81.279986 28.371805, -81.27996 28.371838, -81.279708 28.371685, -81.27973 28.371626, -81.279454 28.371459, -81.279435 28.371484, -81.27938 28.371468, -81.278838 28.372117, -81.278842 28.372119, -81.278827 28.372138, -81.27885 28.372151, -81.278912 28.372169, -81.278934 28.372142, -81.279183 28.372293, -81.279207 28.372263, -81.279455 28.372413, -81.279432 28.372475, -81.279966 28.372798, -81.280675 28.371892)))",microsoft_us_building_footprints
ms-fl-000823,Microsoft footprint FL #224,FL,,299228.99,26.8094615,-81.2961399,,commercial_industrial_unknown,unknown,"MULTIPOLYGON (((-81.296673 26.809199, -81.29507 26.808453, -81.294954 26.808461, -81.294807 26.808713, -81.295336 26.80965, -81.295209 26.809659, -81.295242 26.810017, -81.295356 26.81007, -81.295388 26.810416, -81.295257 26.810641, -81.295421 26.810793, -81.295642 26.810693, -81.295602 26.810259, -81.295663 26.810206, -81.2957 26.810223, -81.295778 26.810089, -81.295509 26.809613, -81.296383 26.809549, -81.296633 26.809665, -81.296922 26.810178, -81.297533 26.810133, -81.29776 26.809937, -81.29761 26.809672, -81.297586 26.809673, -81.297631 26.809596, -81.297261 26.809424, -81.29724 26.809205, -81.297101 26.80914, -81.296959 26.80889, -81.296868 26.808968, -81.296769 26.808975, -81.296786 26.809005, -81.296673 26.809199)))",microsoft_us_building_footprints
ms-fl-000824,Microsoft footprint FL #225,FL,,100135.82,28.2523358,-81.3117028,,commercial_industrial_unknown,unknown,"MULTIPOLYGON (((-81.311425 28.252095, -81.311429 28.251612, -81.311723 28.251234, -81.311492 28.251094, -81.311388 28.251228, -81.311429 28.251252, -81.311202 28.251543, -81.311196 28.252198, -81.311404 28.252323, -81.311404 28.252361, -81.311385 28.252385, -81.31134 28.252357, -81.311312 28.252393, -81.31135 28.252416, -81.311198 28.252612, -81.311871 28.253019, -81.312058 28.252778, -81.312281 28.252913, -81.31228 28.253006, -81.312331 28.253007, -81.312331 28.253078, -81.31251 28.253079, -81.312512 28.252909, -81.312595 28.252909, -81.312597 28.252706, -81.312384 28.252705, -81.311517 28.252181, -81.311555 28.252182, -81.31148 28.252136, -81.311493 28.252136, -81.311425 28.252095)))",microsoft_us_building_footprints
ms-fl-000825,Microsoft footprint FL #226,FL,,262125.6,28.9319885,-81.3131584,,commercial_industrial_unknown,unknown,"MULTIPOLYGON (((-81.313777 28.93222, -81.312 28.932665, -81.312053 28.932829, -81.312752 28.932653, -81.312708 28.933133, -81.312988 28.933153, -81.313028 28.932717, -81.313281 28.932654, -81.313437 28.932767, -81.313908 28.932272, -81.314393 28.932307, -81.314403 28.932199, -81.313926 28.931851, -81.313931 28.931795, -81.314786 28.931581, -81.314709 28.931346, -81.313843 28.931563, -81.313888 28.931073, -81.313804 28.931012, -81.31373 28.931091, -81.313211 28.931054, -81.313159 28.931618, -81.312811 28.931364, -81.312673 28.931399, -81.312778 28.93172, -81.312425 28.931808, -81.311748 28.93176, -81.311709 28.932185, -81.31301 28.932277, -81.313785 28.931461, -81.313846 28.931465, -81.313777 28.93222)))",microsoft_us_building_footprints
ms-fl-000826,Microsoft footprint FL #227,FL,,100809.59,28.4823843,-81.3073549,,commercial_industrial_unknown,unknown,"MULTIPOLYGON (((-81.307191 28.480977, -81.307197 28.482027, -81.307091 28.482027, -81.307099 28.483383, -81.307754 28.48338, -81.307751 28.482767, -81.307311 28.482769, -81.307307 28.48205, -81.307446 28.482049, -81.307442 28.481216, -81.307595 28.481215, -81.307593 28.480975, -81.307191 28.480977)))",microsoft_us_building_footprints
ms-fl-000827,Microsoft footprint FL #228,FL,,153097.88,28.5138775,-81.3128879,,commercial_industrial_unknown,unknown,"MULTIPOLYGON (((-81.313828 28.513531, -81.3122 28.513536, -81.312199 28.513457, -81.311969 28.513458, -81.311972 28.514226, -81.311962 28.514226, -81.311963 28.514298, -81.312191 28.514298, -81.31219 28.514212, -81.313595 28.514207, -81.313595 28.514288, -81.313823 28.514288, -81.313823 28.514209, -81.313831 28.514209, -81.313828 28.513531)))",microsoft_us_building_footprints
ms-fl-000828,Microsoft footprint FL #229,FL,,149311.81,28.7539941,-81.3357383,,commercial_industrial_unknown,unknown,"MULTIPOLYGON (((-81.33542 28.753687, -81.335411 28.753327, -81.334837 28.753338, -81.334843 28.753563, -81.335134 28.753558, -81.335143 28.753903, -81.334619 28.753913, -81.334531 28.754143, -81.335421 28.754126, -81.335411 28.753733, -81.335719 28.753727, -81.335726 28.754013, -81.335889 28.754061, -81.335849 28.754166, -81.335715 28.754168, -81.335728 28.754664, -81.335845 28.754662, -81.335845 28.754694, -81.335805 28.7548, -81.336432 28.754788, -81.336413 28.754015, -81.336407 28.754015, -81.336404 28.753881, -81.336017 28.753889, -81.336008 28.753542, -81.336353 28.753535, -81.336386 28.753449, -81.336383 28.753308, -81.335711 28.753321, -81.33572 28.753681, -81.33542 28.753687)))",microsoft_us_building_footprints
ms-fl-000829,Microsoft footprint FL #230,FL,,111389.94,28.4158005,-81.3586065,,commercial_industrial_unknown,unknown,"MULTIPOLYGON (((-81.359219 28.41541, -81.35799 28.415415, -81.357994 28.416191, -81.359223 28.416186, -81.359219 28.41541)))",microsoft_us_building_footprints
ms-fl-000830,Microsoft footprint FL #231,FL,,108221.31,28.7535920,-81.3605444,,commercial_industrial_unknown,unknown,"MULTIPOLYGON (((-81.36015 28.753033, -81.359805 28.753712, -81.360944 28.754157, -81.361271 28.753513, -81.360965 28.753393, -81.36101 28.753305, -81.360769 28.753211, -81.360742 28.753264, -81.36015 28.753033)))",microsoft_us_building_footprints
ms-fl-000831,Microsoft footprint FL #232,FL,,197913.3,28.4110090,-81.3638186,,commercial_industrial_unknown,unknown,"MULTIPOLYGON (((-81.364224 28.409974, -81.363385 28.409977, -81.363385 28.410083, -81.363407 28.410083, -81.363415 28.411935, -81.363393 28.411935, -81.363394 28.412044, -81.364233 28.412041, -81.364224 28.409974)))",microsoft_us_building_footprints
ms-fl-000832,Microsoft footprint FL #233,FL,,116119.68,28.6199895,-81.3667722,,commercial_industrial_unknown,unknown,"MULTIPOLYGON (((-81.367345 28.619563, -81.366963 28.619571, -81.366964 28.619621, -81.366931 28.619622, -81.36693 28.619581, -81.366671 28.619586, -81.366669 28.619496, -81.366564 28.619499, -81.366566 28.61958, -81.366144 28.619588, -81.366156 28.620064, -81.366056 28.620066, -81.366062 28.620292, -81.366693 28.620279, -81.366695 28.620351, -81.366697 28.620351, -81.366701 28.620534, -81.366945 28.620529, -81.366939 28.620292, -81.367128 28.620288, -81.367134 28.620523, -81.36737 28.620518, -81.367345 28.619563)))",microsoft_us_building_footprints
ms-fl-000833,Microsoft footprint FL #234,FL,,129236.63,28.5520350,-81.3800669,,commercial_industrial_unknown,unknown,"MULTIPOLYGON (((-81.380742 28.552665, -81.380722 28.551895, -81.380601 28.551897, -81.380599 28.551827, -81.380716 28.551824, -81.380711 28.55165, -81.38032 28.551658, -81.380319 28.551628, -81.380006 28.551634, -81.380006 28.551618, -81.379936 28.551619, -81.379935 28.551574, -81.379556 28.551582, -81.379558 28.551681, -81.379511 28.551682, -81.379507 28.551533, -81.379305 28.551537, -81.37933 28.552434, -81.379526 28.55243, -81.379519 28.552165, -81.37959 28.552164, -81.379592 28.552234, -81.380323 28.552219, -81.380323 28.552247, -81.380248 28.552249, -81.380261 28.552706, -81.380333 28.552704, -81.380332 28.552673, -81.380742 28.552665)))",microsoft_us_building_footprints
ms-fl-000834,Microsoft footprint FL #235,FL,,130790.95,28.6650183,-81.3829772,,commercial_industrial_unknown,unknown,"MULTIPOLYGON (((-81.382276 28.664615, -81.382276 28.664733, -81.382286 28.664733, -81.382287 28.665303, -81.382274 28.665303, -81.382274 28.665432, -81.382432 28.665432, -81.382432 28.66542, -81.382532 28.66542, -81.382532 28.665421, -81.383419 28.66542, -81.383419 28.665424, -81.383682 28.665423, -81.383682 28.665299, -81.383666 28.665299, -81.383666 28.665193, -81.383668 28.665193, -81.383668 28.664987, -81.383668 28.664987, -81.383668 28.664826, -81.383673 28.664826, -81.383673 28.664607, -81.383523 28.664607, -81.383523 28.664614, -81.382276 28.664615)))",microsoft_us_building_footprints
ms-fl-000835,Microsoft footprint FL #236,FL,,145258.95,28.5555236,-81.3799736,,commercial_industrial_unknown,unknown,"MULTIPOLYGON (((-81.380236 28.556201, -81.380235 28.556037, -81.380318 28.556037, -81.380316 28.555699, -81.380241 28.555699, -81.38024 28.555576, -81.380444 28.555575, -81.380443 28.555482, -81.380585 28.555481, -81.38058 28.55473, -81.38022 28.554732, -81.380221 28.5548, -81.38009 28.554847, -81.380092 28.555124, -81.379357 28.555128, -81.379358 28.555334, -81.379482 28.55529, -81.379482 28.555403, -81.379362 28.555404, -81.379363 28.555576, -81.379492 28.555575, -81.379493 28.555752, -81.379364 28.555753, -81.379365 28.555927, -81.379453 28.555926, -81.379452 28.555924, -81.379491 28.555924, -81.379492 28.55603, -81.379372 28.556031, -81.379373 28.556206, -81.380236 28.556201)))",microsoft_us_building_footprints
ms-fl-000836,Microsoft footprint FL #237,FL,,108920.85,28.4226071,-81.4019721,,commercial_industrial_unknown,unknown,"MULTIPOLYGON (((-81.402261 28.423431, -81.402247 28.421777, -81.401684 28.421781, -81.401697 28.423339, -81.401684 28.423339, -81.401685 28.423435, -81.402261 28.423431)))",microsoft_us_building_footprints
ms-fl-000837,Microsoft footprint FL #238,FL,,126423.71,28.4391427,-81.3894128,,commercial_industrial_unknown,unknown,"MULTIPOLYGON (((-81.390326 28.439433, -81.39032 28.438838, -81.388499 28.438853, -81.388505 28.439447, -81.390326 28.439433)))",microsoft_us_building_footprints
ms-fl-000838,Microsoft footprint FL #239,FL,,105972.11,28.5800585,-81.4065069,,commercial_industrial_unknown,unknown,"MULTIPOLYGON (((-81.406099 28.579146, -81.406023 28.579381, -81.4061 28.579401, -81.406064 28.579513, -81.406142 28.579533, -81.406072 28.579747, -81.406148 28.579766, -81.406078 28.579983, -81.406156 28.580002, -81.40612 28.580114, -81.406198 28.580133, -81.406128 28.580349, -81.406208 28.580369, -81.406167 28.580494, -81.406789 28.580649, -81.406746 28.580782, -81.407062 28.580861, -81.407175 28.580512, -81.406924 28.58045, -81.406998 28.580222, -81.406744 28.580159, -81.406817 28.579932, -81.406563 28.579868, -81.406635 28.579647, -81.406556 28.579628, -81.406593 28.579514, -81.406424 28.579472, -81.406498 28.579246, -81.406099 28.579146)))",microsoft_us_building_footprints
ms-fl-000839,Microsoft footprint FL #240,FL,,170348.92,28.3396440,-81.4179393,,commercial_industrial_unknown,unknown,"MULTIPOLYGON (((-81.418881 28.339327, -81.41808 28.33927, -81.418084 28.339228, -81.417258 28.339169, -81.417249 28.33927, -81.417046 28.339255, -81.417034 28.339382, -81.416925 28.339374, -81.416903 28.339621, -81.417265 28.339646, -81.417257 28.339731, -81.417017 28.339714, -81.417014 28.339749, -81.417137 28.339758, -81.417122 28.339915, -81.417008 28.339907, -81.417001 28.339979, -81.417479 28.340013, -81.417478 28.340027, -81.417517 28.34003, -81.417516 28.340033, -81.418391 28.340095, -81.418397 28.340024, -81.418429 28.340027, -81.418432 28.339992, -81.418547 28.34, -81.418533 28.340147, -81.418777 28.340165, -81.418793 28.339991, -81.418819 28.339993, -81.418881 28.339327)))",microsoft_us_building_footprints
ms-fl-000840,Microsoft footprint FL #241,FL,,108509.28,28.3801977,-81.4059684,,commercial_industrial_unknown,unknown,"MULTIPOLYGON (((-81.406367 28.381027, -81.406368 28.38039, -81.406129 28.380389, -81.40613 28.379493, -81.406066 28.379493, -81.406067 28.379122, -81.405924 28.379122, -81.405924 28.379101, -81.405754 28.379101, -81.405753 28.379471, -81.405688 28.379471, -81.405687 28.380389, -81.40573 28.380389, -81.405729 28.380642, -81.405694 28.380642, -81.405694 28.380778, -81.405729 28.380778, -81.405729 28.381026, -81.406367 28.381027)))",microsoft_us_building_footprints
ms-fl-000841,Microsoft footprint FL #242,FL,,133808.75,28.4572094,-81.4181502,,commercial_industrial_unknown,unknown,"MULTIPOLYGON (((-81.417815 28.456334, -81.417833 28.458095, -81.418452 28.458091, -81.41845 28.457864, -81.418525 28.457864, -81.418523 28.457666, -81.418453 28.457666, -81.41845 28.457312, -81.418522 28.457312, -81.41852 28.457116, -81.418456 28.457117, -81.418452 28.456763, -81.418519 28.456762, -81.418517 28.456564, -81.418448 28.456565, -81.418445 28.456329, -81.417815 28.456334)))",microsoft_us_building_footprints
ms-fl-000842,Microsoft footprint FL #243,FL,,145005.35,28.4624836,-81.4194210,,commercial_industrial_unknown,unknown,"MULTIPOLYGON (((-81.419991 28.461505, -81.418402 28.463143, -81.418835 28.463467, -81.418922 28.463378, -81.418925 28.46338, -81.420012 28.462261, -81.420018 28.462265, -81.420333 28.461941, -81.420352 28.461956, -81.420453 28.461851, -81.419991 28.461505)))",microsoft_us_building_footprints
ms-fl-000843,Microsoft footprint FL #244,FL,,161370.76,28.6627491,-81.4216210,,commercial_industrial_unknown,unknown,"MULTIPOLYGON (((-81.422009 28.662589, -81.42231 28.662589, -81.42231 28.662297, -81.422145 28.662297, -81.422145 28.662041, -81.422006 28.662041, -81.422006 28.661943, -81.421764 28.661943, -81.421764 28.66218, -81.42146 28.66218, -81.42146 28.662069, -81.421244 28.662069, -81.421244 28.661955, -81.421138 28.661955, -81.421138 28.662694, -81.42118 28.662694, -81.42118 28.66326, -81.420998 28.66326, -81.420998 28.663497, -81.422009 28.663497, -81.422009 28.662589)))",microsoft_us_building_footprints
ms-fl-000844,Microsoft footprint FL #245,FL,,204195.58,28.4614866,-81.4395610,,commercial_industrial_unknown,unknown,"MULTIPOLYGON (((-81.440535 28.461945, -81.44053 28.461014, -81.440281 28.461015, -81.440281 28.461037, -81.438584 28.461044, -81.438589 28.461962, -81.438834 28.461961, -81.438834 28.461933, -81.440292 28.461927, -81.440292 28.461946, -81.440535 28.461945)))",microsoft_us_building_footprints
ms-fl-000845,Microsoft footprint FL #246,FL,,209389.43,28.4816895,-81.4313037,,commercial_industrial_unknown,unknown,"MULTIPOLYGON (((-81.431638 28.480797, -81.430664 28.480972, -81.430655 28.481033, -81.430553 28.481052, -81.430787 28.482054, -81.430847 28.48206, -81.43091 28.482328, -81.430897 28.482413, -81.431057 28.482431, -81.431059 28.482414, -81.43118 28.482428, -81.431187 28.482457, -81.431757 28.482521, -81.431764 28.482551, -81.431815 28.482557, -81.431862 28.482548, -81.431868 28.482574, -81.43194 28.482582, -81.431945 28.482602, -81.432076 28.482579, -81.432048 28.48246, -81.43201 28.482456, -81.431862 28.481822, -81.431863 28.481812, -81.431875 28.48181, -81.431638 28.480797)))",microsoft_us_building_footprints
ms-fl-000846,Microsoft footprint FL #247,FL,,119419.16,28.3068966,-81.4325997,,commercial_industrial_unknown,unknown,"MULTIPOLYGON (((-81.433177 28.306431, -81.432787 28.30643, -81.432787 28.306461, -81.432416 28.30646, -81.432415 28.306525, -81.432327 28.306524, -81.432327 28.306498, -81.432145 28.306497, -81.432145 28.306528, -81.432005 28.306528, -81.432004 28.306913, -81.431854 28.306912, -81.431853 28.30712, -81.432006 28.30712, -81.432006 28.30722, -81.432315 28.30722, -81.432314 28.307348, -81.433175 28.307349, -81.433177 28.306431)))",microsoft_us_building_footprints
ms-fl-000847,Microsoft footprint FL #248,FL,,189193.58,28.5872186,-81.4339476,,commercial_industrial_unknown,unknown,"MULTIPOLYGON (((-81.435379 28.586876, -81.435144 28.586877, -81.435144 28.586941, -81.432746 28.586952, -81.432745 28.586889, -81.432512 28.58689, -81.432516 28.587509, -81.435383 28.587495, -81.435379 28.586876)))",microsoft_us_building_footprints
ms-fl-000848,Microsoft footprint FL #249,FL,,174703.57,28.4585578,-81.4365993,,commercial_industrial_unknown,unknown,"MULTIPOLYGON (((-81.436365 28.457658, -81.435727 28.458112, -81.435819 28.458212, -81.435741 28.458267, -81.436838 28.459457, -81.437532 28.458963, -81.436812 28.458182, -81.436894 28.458124, -81.436813 28.458036, -81.436753 28.458079, -81.436365 28.457658)))",microsoft_us_building_footprints
ms-fl-000849,Microsoft footprint FL #250,FL,,361664.51,28.4427748,-81.4613055,,commercial_industrial_unknown,unknown,"MULTIPOLYGON (((-81.459784 28.443291, -81.461611 28.443265, -81.461612 28.443295, -81.461687 28.443294, -81.461687 28.443263, -81.463043 28.443243, -81.463035 28.442798, -81.462627 28.442804, -81.462617 28.442245, -81.462437 28.442248, -81.462436 28.442184, -81.462168 28.442188, -81.462169 28.442254, -81.461737 28.44226, -81.461736 28.442187, -81.461393 28.442192, -81.461394 28.442265, -81.461024 28.442271, -81.461023 28.442213, -81.460782 28.442217, -81.460783 28.442279, -81.460417 28.442284, -81.460416 28.442242, -81.460286 28.442244, -81.460287 28.442284, -81.460064 28.442287, -81.460064 28.442299, -81.459766 28.442303, -81.459784 28.443291)))",microsoft_us_building_footprints
ms-fl-000850,Microsoft footprint FL #251,FL,,195201.62,28.2558577,-81.4948910,,commercial_industrial_unknown,unknown,"MULTIPOLYGON (((-81.495329 28.256843, -81.495295 28.254861, -81.494453 28.254873, -81.494487 28.256854, -81.495329 28.256843)))",microsoft_us_building_footprints
ms-fl-000851,Microsoft footprint FL #252,FL,,117910.93,28.2430294,-81.4928906,,commercial_industrial_unknown,unknown,"MULTIPOLYGON (((-81.49244 28.242506, -81.492438 28.243244, -81.492256 28.243244, -81.492255 28.243465, -81.492737 28.243466, -81.492736 28.243634, -81.493076 28.243634, -81.493076 28.243468, -81.493372 28.243468, -81.493374 28.242774, -81.493475 28.242775, -81.493475 28.242645, -81.493376 28.242645, -81.493376 28.242507, -81.49244 28.242506)))",microsoft_us_building_footprints
ms-fl-000852,Microsoft footprint FL #253,FL,,126430.61,27.5872478,-81.5159846,,commercial_industrial_unknown,unknown,"MULTIPOLYGON (((-81.515748 27.586084, -81.515727 27.587744, -81.515673 27.587744, -81.515669 27.588059, -81.515715 27.588059, -81.515712 27.588237, -81.516302 27.588243, -81.516312 27.587527, -81.516381 27.587528, -81.516382 27.587476, -81.51635 27.587476, -81.516351 27.587404, -81.516088 27.587401, -81.516088 27.587427, -81.516029 27.587427, -81.516032 27.587127, -81.516251 27.587129, -81.516254 27.586924, -81.516226 27.586923, -81.516233 27.586379, -81.516099 27.586378, -81.5161 27.586268, -81.516135 27.586269, -81.516137 27.586088, -81.515748 27.586084)))",microsoft_us_building_footprints
ms-fl-000853,Microsoft footprint FL #254,FL,,288972.29,30.2970460,-81.5178344,,commercial_industrial_unknown,unknown,"MULTIPOLYGON (((-81.518436 30.296121, -81.518038 30.296132, -81.518033 30.295995, -81.51792 30.295998, -81.517918 30.295944, -81.517547 30.296048, -81.51755 30.296149, -81.517485 30.296151, -81.51748 30.296012, -81.51716 30.296191, -81.517173 30.296519, -81.51692 30.296526, -81.516923 30.296599, -81.517184 30.296592, -81.517216 30.297399, -81.516961 30.297406, -81.516964 30.297479, -81.517225 30.297471, -81.517239 30.297821, -81.517631 30.297809, -81.51765 30.298299, -81.518154 30.298284, -81.518135 30.297787, -81.518515 30.297776, -81.518502 30.29745, -81.518738 30.297384, -81.518723 30.297345, -81.518493 30.297351, -81.518462 30.296543, -81.518555 30.29654, -81.518553 30.296467, -81.51845 30.29647, -81.518436 30.296121)))",microsoft_us_building_footprints
ms-fl-000854,Microsoft footprint FL #255,FL,,124667.56,30.1663460,-81.5210928,,commercial_industrial_unknown,unknown,"MULTIPOLYGON (((-81.521319 30.167756, -81.52128 30.166148, -81.52128 30.166148, -81.521254 30.165101, -81.521289 30.1651, -81.521285 30.164956, -81.521076 30.16496, -81.521075 30.164921, -81.521035 30.164922, -81.521036 30.164961, -81.520824 30.164965, -81.520828 30.165109, -81.5209 30.165107, -81.520902 30.165205, -81.520871 30.165205, -81.520894 30.166142, -81.520896 30.166142, -81.520936 30.167763, -81.521319 30.167756)))",microsoft_us_building_footprints
ms-fl-000855,Microsoft footprint FL #256,FL,,113946.81,27.6438724,-81.5240479,,commercial_industrial_unknown,unknown,"MULTIPOLYGON (((-81.523917 27.643077, -81.523849 27.643106, -81.523812 27.643074, -81.523599 27.643165, -81.523605 27.643175, -81.522855 27.643495, -81.522948 27.643668, -81.52354 27.643416, -81.523854 27.643996, -81.523944 27.643958, -81.524002 27.644065, -81.524228 27.643969, -81.524246 27.644001, -81.524082 27.64407, -81.524095 27.644094, -81.523991 27.644139, -81.524136 27.644265, -81.524219 27.644229, -81.524405 27.644572, -81.524464 27.644547, -81.524502 27.644581, -81.524462 27.644598, -81.524635 27.644916, -81.524977 27.644771, -81.524797 27.644439, -81.524614 27.644517, -81.524589 27.644471, -81.524722 27.644414, -81.52445 27.643912, -81.524286 27.643981, -81.52426 27.643934, -81.524358 27.643892, -81.523917 27.643077)))",microsoft_us_building_footprints
ms-fl-000856,Microsoft footprint FL #257,FL,,107463.74,30.0828035,-81.5380137,,commercial_industrial_unknown,unknown,"MULTIPOLYGON (((-81.537314 30.082553, -81.537181 30.083158, -81.537429 30.083199, -81.537485 30.083127, -81.537699 30.083162, -81.537804 30.083028, -81.537937 30.08305, -81.537919 30.083132, -81.538275 30.08319, -81.538308 30.083043, -81.539086 30.083171, -81.539106 30.083077, -81.539098 30.083076, -81.538999 30.082901, -81.53836 30.082797, -81.538379 30.082709, -81.538214 30.082682, -81.53833 30.082151, -81.538098 30.082015, -81.538098 30.082018, -81.53806 30.082012, -81.537914 30.082679, -81.537958 30.082687, -81.537946 30.08274, -81.537846 30.082724, -81.537738 30.082534, -81.537667 30.082493, -81.537613 30.082484, -81.537601 30.08254, -81.537534 30.082529, -81.537521 30.082587, -81.537314 30.082553)))",microsoft_us_building_footprints
ms-fl-000857,Microsoft footprint FL #258,FL,,163091.88,30.2520215,-81.5445215,,commercial_industrial_unknown,unknown,"MULTIPOLYGON (((-81.54488 30.251228, -81.544145 30.251652, -81.543682 30.252169, -81.543748 30.252213, -81.543777 30.252181, -81.54385 30.25223, -81.543712 30.252529, -81.54383 30.25257, -81.543893 30.252501, -81.544194 30.252702, -81.544164 30.252769, -81.544347 30.252832, -81.544372 30.252804, -81.544413 30.252781, -81.544425 30.252755, -81.544404 30.252728, -81.544472 30.252752, -81.544513 30.252664, -81.544497 30.252654, -81.544782 30.252336, -81.544836 30.252354, -81.544933 30.252298, -81.544897 30.252252, -81.545314 30.252012, -81.545352 30.252037, -81.545423 30.251996, -81.545447 30.251946, -81.54541 30.251898, -81.545401 30.251904, -81.54488 30.251228)))",microsoft_us_building_footprints
ms-fl-000858,Microsoft footprint FL #259,FL,,106917.02,30.2382841,-81.5606176,,commercial_industrial_unknown,unknown,"MULTIPOLYGON (((-81.560454 30.238454, -81.560441 30.237582, -81.56025 30.237584, -81.560257 30.238007, -81.560146 30.237943, -81.559888 30.237946, -81.559879 30.237971, -81.559882 30.238143, -81.560283 30.238138, -81.560128 30.238613, -81.560081 30.238613, -81.560088 30.239061, -81.560574 30.239055, -81.560567 30.238595, -81.561288 30.238587, -81.56128 30.238089, -81.56115 30.238014, -81.561147 30.237823, -81.561419 30.237819, -81.561461 30.237692, -81.561285 30.237694, -81.561283 30.237575, -81.560776 30.237581, -81.560781 30.237915, -81.56106 30.237912, -81.561068 30.23844, -81.560798 30.238374, -81.560712 30.238485, -81.56071 30.238344, -81.560587 30.238346, -81.560588 30.238452, -81.560454 30.238454)))",microsoft_us_building_footprints
ms-fl-000859,Microsoft footprint FL #260,FL,,173842.14,30.2084565,-81.5611294,,commercial_industrial_unknown,unknown,"MULTIPOLYGON (((-81.561399 30.207686, -81.560521 30.208079, -81.560628 30.208257, -81.560279 30.208414, -81.560383 30.208587, -81.560342 30.208606, -81.560388 30.208681, -81.560431 30.208662, -81.560453 30.2087, -81.560412 30.208718, -81.560489 30.208846, -81.560536 30.208825, -81.560635 30.20899, -81.560589 30.209011, -81.560707 30.209207, -81.561226 30.208975, -81.56132 30.209132, -81.561395 30.209098, -81.561332 30.208992, -81.561697 30.208829, -81.561717 30.208864, -81.56186 30.2088, -81.561775 30.208657, -81.561886 30.208607, -81.561788 30.208445, -81.561947 30.208374, -81.561867 30.208241, -81.561828 30.208259, -81.561551 30.207798, -81.561484 30.207828, -81.561399 30.207686)))",microsoft_us_building_footprints
ms-fl-000860,Microsoft footprint FL #261,FL,,202673.47,28.3301660,-81.5875148,,commercial_industrial_unknown,unknown,"MULTIPOLYGON (((-81.587025 28.329394, -81.587025 28.32982, -81.586819 28.32982, -81.586819 28.330224, -81.58699 28.330224, -81.58699 28.330861, -81.587031 28.330861, -81.587031 28.330902, -81.587004 28.330913, -81.587004 28.330921, -81.58703 28.330968, -81.587342 28.330967, -81.587342 28.330861, -81.587593 28.330861, -81.587593 28.330979, -81.588074 28.330979, -81.588074 28.330689, -81.587953 28.330689, -81.587953 28.330585, -81.588026 28.330585, -81.588026 28.330502, -81.588079 28.330502, -81.588079 28.330469, -81.588097 28.330461, -81.588097 28.32996, -81.588106 28.329956, -81.588106 28.329721, -81.588114 28.329717, -81.588114 28.329637, -81.588082 28.329579, -81.588025 28.329579, -81.588025 28.329394, -81.587025 28.329394)))",microsoft_us_building_footprints
ms-fl-000861,Microsoft footprint FL #262,FL,,129473.88,28.7765058,-81.5878528,,commercial_industrial_unknown,unknown,"MULTIPOLYGON (((-81.587569 28.777682, -81.588046 28.777694, -81.588054 28.777461, -81.5881 28.777462, -81.588102 28.777393, -81.588049 28.777392, -81.58808 28.776444, -81.588068 28.776444, -81.588069 28.776406, -81.588034 28.776405, -81.588036 28.776367, -81.588062 28.776368, -81.588063 28.776338, -81.588026 28.776337, -81.588027 28.776304, -81.588017 28.776304, -81.588021 28.776191, -81.588104 28.776193, -81.588136 28.775197, -81.587876 28.77519, -81.587866 28.775507, -81.58764 28.775502, -81.587569 28.777682)))",microsoft_us_building_footprints
ms-fl-000862,Microsoft footprint FL #263,FL,,168321.14,28.5240576,-81.5797639,,commercial_industrial_unknown,unknown,"MULTIPOLYGON (((-81.578895 28.524336, -81.579467 28.524822, -81.579487 28.524813, -81.579618 28.524924, -81.579798 28.52476, -81.579669 28.524651, -81.579779 28.524551, -81.579864 28.524623, -81.580417 28.52412, -81.580349 28.524063, -81.58047 28.523953, -81.580515 28.523991, -81.580696 28.523826, -81.580674 28.52379, -81.580469 28.523615, -81.580412 28.523613, -81.580412 28.523628, -81.580428 28.523655, -81.580342 28.523733, -81.580193 28.523606, -81.580291 28.523517, -81.58013 28.52338, -81.580141 28.523374, -81.580348 28.523384, -81.580317 28.523335, -81.580164 28.523204, -81.579827 28.52351, -81.579683 28.523388, -81.579166 28.523858, -81.57929 28.523964, -81.578896 28.524322, -81.578895 28.524336)))",microsoft_us_building_footprints
ms-fl-000863,Microsoft footprint FL #264,FL,,173140.96,28.1639893,-81.6010093,,commercial_industrial_unknown,unknown,"MULTIPOLYGON (((-81.601669 28.162777, -81.601197 28.162773, -81.601191 28.16333, -81.600995 28.163328, -81.600986 28.164119, -81.600708 28.164117, -81.600709 28.164035, -81.600339 28.164032, -81.600337 28.164188, -81.600514 28.164189, -81.600513 28.164285, -81.600387 28.164284, -81.600387 28.164291, -81.599988 28.164288, -81.599983 28.164707, -81.60081 28.164715, -81.600811 28.16462, -81.600986 28.164622, -81.600984 28.164745, -81.60142 28.164748, -81.601425 28.164297, -81.60149 28.164297, -81.601501 28.163329, -81.601663 28.163331, -81.601669 28.162777)))",microsoft_us_building_footprints
ms-fl-000864,Microsoft footprint FL #265,FL,,224941.21,28.7507354,-81.6076813,,commercial_industrial_unknown,unknown,"MULTIPOLYGON (((-81.608887 28.750962, -81.608655 28.750636, -81.608871 28.750658, -81.608913 28.750323, -81.608285 28.750262, -81.608385 28.750206, -81.608304 28.750093, -81.608291 28.750044, -81.607101 28.750303, -81.607081 28.750465, -81.60712 28.750469, -81.607125 28.750484, -81.607012 28.750575, -81.607044 28.75062, -81.606699 28.750809, -81.606623 28.750802, -81.606608 28.750925, -81.606536 28.750825, -81.606496 28.751144, -81.606122 28.751349, -81.606606 28.751396, -81.607662 28.751167, -81.607704 28.750836, -81.608007 28.750865, -81.60797 28.751162, -81.608887 28.750962)))",microsoft_us_building_footprints
ms-fl-000865,Microsoft footprint FL #266,FL,,295386.72,30.4823961,-81.6082745,,commercial_industrial_unknown,unknown,"MULTIPOLYGON (((-81.608899 30.483313, -81.608725 30.48298, -81.609166 30.482808, -81.609083 30.482768, -81.609271 30.482481, -81.608929 30.482429, -81.609318 30.481833, -81.608967 30.481662, -81.608733 30.481696, -81.608607 30.481635, -81.608256 30.481771, -81.608511 30.481382, -81.60813 30.481197, -81.607903 30.481545, -81.608299 30.481391, -81.607897 30.482005, -81.607702 30.481633, -81.607212 30.481824, -81.607818 30.482977, -81.607556 30.483051, -81.607327 30.4834, -81.607568 30.483517, -81.607795 30.483169, -81.607903 30.483375, -81.608133 30.483023, -81.608449 30.483176, -81.608168 30.483606, -81.608301 30.483671, -81.608623 30.483179, -81.608899 30.483313)))",microsoft_us_building_footprints
ms-fl-000866,Microsoft footprint FL #267,FL,,287484.25,28.5006893,-81.6525911,,commercial_industrial_unknown,unknown,"MULTIPOLYGON (((-81.654092 28.500296, -81.651097 28.50032, -81.651098 28.500486, -81.651006 28.500487, -81.651004 28.500321, -81.650836 28.500322, -81.650826 28.500358, -81.650316 28.500362, -81.650318 28.500535, -81.650402 28.500514, -81.650416 28.500555, -81.650473 28.500568, -81.650486 28.500398, -81.650528 28.500408, -81.650539 28.500389, -81.650559 28.500452, -81.650605 28.500452, -81.650656 28.500439, -81.650659 28.500693, -81.650627 28.500701, -81.650787 28.500738, -81.651676 28.500731, -81.651679 28.501009, -81.651997 28.501006, -81.651998 28.50117, -81.654101 28.501153, -81.654097 28.500739, -81.654097 28.50071, -81.654092 28.500296)))",microsoft_us_building_footprints
ms-fl-000867,Microsoft footprint FL #268,FL,,109680.22,29.6888627,-81.6552021,,commercial_industrial_unknown,unknown,"MULTIPOLYGON (((-81.655622 29.689841, -81.655431 29.688983, -81.655441 29.688982, -81.655556 29.688384, -81.655419 29.688401, -81.655391 29.688545, -81.655358 29.68854, -81.655265 29.687967, -81.65512 29.687985, -81.65511 29.687923, -81.654768 29.687965, -81.654974 29.689226, -81.65506 29.689215, -81.655064 29.689238, -81.655074 29.689226, -81.655125 29.689258, -81.655133 29.689308, -81.655159 29.689277, -81.655167 29.689325, -81.655224 29.689333, -81.655238 29.689447, -81.655213 29.689432, -81.655155 29.689734, -81.655078 29.689743, -81.655054 29.689727, -81.655083 29.689907, -81.655622 29.689841)))",microsoft_us_building_footprints
ms-fl-000868,Microsoft footprint FL #269,FL,,400978.71,28.2574983,-81.6618833,,commercial_industrial_unknown,unknown,"MULTIPOLYGON (((-81.661209 28.258817, -81.662546 28.258821, -81.662547 28.258602, -81.662524 28.258602, -81.662533 28.256395, -81.662554 28.256395, -81.662555 28.256179, -81.661218 28.256176, -81.661217 28.256391, -81.661243 28.256391, -81.661234 28.2586, -81.66121 28.2586, -81.661209 28.258817)))",microsoft_us_building_footprints
ms-fl-000869,Microsoft footprint FL #270,FL,,228444.71,30.4722711,-81.6609704,,commercial_industrial_unknown,unknown,"MULTIPOLYGON (((-81.661749 30.471661, -81.660826 30.47167, -81.660825 30.471566, -81.660659 30.471568, -81.660659 30.471556, -81.66033 30.47156, -81.660331 30.471628, -81.660222 30.471629, -81.660223 30.471678, -81.660194 30.471678, -81.660209 30.472894, -81.66099 30.472886, -81.66099 30.472944, -81.661021 30.472944, -81.661022 30.472997, -81.661155 30.472996, -81.661155 30.473015, -81.661284 30.473014, -81.661283 30.472995, -81.661336 30.472995, -81.661334 30.472886, -81.661765 30.472882, -81.661749 30.471661)))",microsoft_us_building_footprints
ms-fl-000870,Microsoft footprint FL #271,FL,,275280.66,28.2549041,-81.6626464,,commercial_industrial_unknown,unknown,"MULTIPOLYGON (((-81.66366 28.254328, -81.661974 28.254322, -81.661974 28.2543, -81.661643 28.254299, -81.661638 28.255484, -81.663655 28.255491, -81.66366 28.254328)))",microsoft_us_building_footprints
ms-fl-000871,Microsoft footprint FL #272,FL,,105175.21,30.3345117,-81.6749373,,commercial_industrial_unknown,unknown,"MULTIPOLYGON (((-81.674836 30.33363, -81.674705 30.334363, -81.674829 30.33438, -81.67482 30.334429, -81.674654 30.334407, -81.674509 30.335221, -81.674565 30.335229, -81.674544 30.335345, -81.674809 30.335381, -81.674827 30.33528, -81.675057 30.33531, -81.675161 30.334729, -81.675289 30.334746, -81.675331 30.334511, -81.674903 30.334454, -81.674913 30.334402, -81.67522 30.334443, -81.675353 30.333699, -81.674836 30.33363)))",microsoft_us_building_footprints
ms-fl-000872,Microsoft footprint FL #273,FL,,881010.85,30.4326327,-81.6475458,,commercial_industrial_unknown,unknown,"MULTIPOLYGON (((-81.649214 30.431544, -81.648052 30.431584, -81.648038 30.431291, -81.647638 30.431201, -81.647036 30.43138, -81.647239 30.431127, -81.646777 30.431023, -81.64666 30.43141, -81.646456 30.43147, -81.646468 30.43173, -81.646282 30.431736, -81.646218 30.431947, -81.646335 30.431973, -81.646181 30.432067, -81.646065 30.431926, -81.645649 30.43205, -81.646172 30.433355, -81.646198 30.433921, -81.646442 30.433976, -81.646442 30.43398, -81.646512 30.433937, -81.64668 30.433479, -81.646891 30.433605, -81.646645 30.434416, -81.647662 30.434381, -81.647615 30.433354, -81.648116 30.433337, -81.648105 30.433099, -81.648541 30.433198, -81.648565 30.433733, -81.649313 30.433708, -81.649214 30.431544)))",microsoft_us_building_footprints
ms-fl-000873,Microsoft footprint FL #274,FL,,218753.41,27.9805259,-81.6503008,,commercial_industrial_unknown,unknown,"MULTIPOLYGON (((-81.649718 27.980349, -81.649718 27.980443, -81.649825 27.980442, -81.649977 27.980805, -81.650187 27.980804, -81.650188 27.981014, -81.650318 27.981013, -81.65032 27.981327, -81.650482 27.981714, -81.650565 27.981713, -81.650566 27.981953, -81.650702 27.981952, -81.6507 27.981727, -81.650735 27.981727, -81.650731 27.981016, -81.651136 27.981014, -81.651133 27.980508, -81.650664 27.98051, -81.650663 27.980386, -81.650958 27.980385, -81.650955 27.979772, -81.650654 27.979774, -81.650656 27.980078, -81.650507 27.980127, -81.650353 27.97976, -81.650107 27.979761, -81.650108 27.979915, -81.649078 27.97992, -81.649081 27.980352, -81.649718 27.980349)))",microsoft_us_building_footprints
ms-fl-000874,Microsoft footprint FL #275,FL,,237759.61,28.9138289,-81.6766496,,commercial_industrial_unknown,unknown,"MULTIPOLYGON (((-81.675686 28.914639, -81.675895 28.914718, -81.675865 28.91478, -81.676064 28.914855, -81.676102 28.914778, -81.676199 28.914815, -81.676273 28.914666, -81.676392 28.914711, -81.676375 28.914746, -81.67637 28.914745, -81.676355 28.914776, -81.676683 28.9149, -81.676699 28.914866, -81.676597 28.914828, -81.676887 28.914238, -81.677017 28.914287, -81.677176 28.913964, -81.677244 28.913989, -81.677309 28.913857, -81.677282 28.913847, -81.677463 28.913478, -81.677352 28.913436, -81.67756 28.913015, -81.676913 28.912771, -81.676937 28.912721, -81.676874 28.912697, -81.676698 28.913056, -81.676609 28.913022, -81.676559 28.913123, -81.676453 28.913083, -81.675686 28.914639)))",microsoft_us_building_footprints
ms-fl-000875,Microsoft footprint FL #276,FL,,918711.45,28.0726684,-81.6816660,,commercial_industrial_unknown,unknown,"MULTIPOLYGON (((-81.68152 28.07243, -81.68403 28.072438, -81.68403 28.072604, -81.684334 28.072605, -81.684335 28.072434, -81.68454 28.072435, -81.684545 28.071266, -81.681517 28.071256, -81.681513 28.072125, -81.681449 28.072124, -81.681448 28.072155, -81.681255 28.072155, -81.681255 28.072155, -81.680944 28.072154, -81.680943 28.072433, -81.679417 28.072428, -81.679409 28.074366, -81.681512 28.074373, -81.68152 28.07243)))",microsoft_us_building_footprints
ms-fl-000876,Microsoft footprint FL #277,FL,,124252.34,29.6533542,-81.6690964,,commercial_industrial_unknown,unknown,"MULTIPOLYGON (((-81.668718 29.653951, -81.668964 29.653945, -81.668968 29.654059, -81.669432 29.654047, -81.669428 29.653939, -81.669476 29.653938, -81.669471 29.653784, -81.669648 29.65378, -81.669642 29.653585, -81.669526 29.653588, -81.669525 29.653548, -81.669471 29.65355, -81.669463 29.653302, -81.669519 29.6533, -81.669511 29.653062, -81.66946 29.653063, -81.669445 29.652597, -81.66932 29.6526, -81.669325 29.652732, -81.668522 29.652752, -81.66853 29.652979, -81.668685 29.652975, -81.668718 29.653951)))",microsoft_us_building_footprints
ms-fl-000877,Microsoft footprint FL #278,FL,,111369.24,28.0963560,-81.7224785,,commercial_industrial_unknown,unknown,"MULTIPOLYGON (((-81.722805 28.095733, -81.721843 28.095738, -81.721846 28.096162, -81.722342 28.09616, -81.722343 28.096285, -81.722376 28.096285, -81.722377 28.096354, -81.722434 28.096353, -81.722437 28.096793, -81.7221 28.096885, -81.722209 28.097194, -81.722876 28.097012, -81.722876 28.096967, -81.722853 28.096901, -81.722852 28.096876, -81.722942 28.096851, -81.722922 28.096792, -81.722918 28.096282, -81.722913 28.096267, -81.722912 28.096219, -81.722821 28.09622, -81.722818 28.095769, -81.722805 28.095733)))",microsoft_us_building_footprints
ms-fl-000878,Microsoft footprint FL #279,FL,,163134.49,28.5437832,-81.7303107,,commercial_industrial_unknown,unknown,"MULTIPOLYGON (((-81.729495 28.543434, -81.729527 28.544135, -81.729547 28.544135, -81.729554 28.544302, -81.729805 28.544293, -81.729798 28.54414, -81.729948 28.544135, -81.729954 28.54426, -81.730803 28.54423, -81.730798 28.544141, -81.730932 28.544136, -81.730935 28.544189, -81.731178 28.54418, -81.731171 28.544025, -81.73107 28.544029, -81.731063 28.543897, -81.73101 28.543899, -81.731002 28.543718, -81.731149 28.543713, -81.731135 28.543414, -81.730823 28.543425, -81.730815 28.543256, -81.730458 28.543268, -81.730457 28.543255, -81.730069 28.543269, -81.730076 28.543414, -81.729495 28.543434)))",microsoft_us_building_footprints
ms-fl-000879,Microsoft footprint FL #280,FL,,194345.4,28.0422764,-81.7377338,,commercial_industrial_unknown,unknown,"MULTIPOLYGON (((-81.738452 28.042276, -81.738451 28.042553, -81.738392 28.042515, -81.738386 28.043642, -81.738949 28.043644, -81.73895 28.043493, -81.738904 28.043493, -81.738906 28.043275, -81.738664 28.043274, -81.738665 28.043113, -81.738963 28.043114, -81.738965 28.042565, -81.738692 28.042564, -81.738693 28.042423, -81.738766 28.042336, -81.738624 28.042243, -81.738651 28.042237, -81.738652 28.042045, -81.736726 28.042038, -81.736726 28.041943, -81.737121 28.041731, -81.737254 28.041777, -81.737256 28.041416, -81.736732 28.041233, -81.736889 28.041046, -81.736688 28.041046, -81.736688 28.040937, -81.73649 28.040936, -81.736484 28.04214, -81.736681 28.04227, -81.738452 28.042276)))",microsoft_us_building_footprints
ms-fl-000880,Microsoft footprint FL #281,FL,,115493.26,30.3499415,-81.7427720,,commercial_industrial_unknown,unknown,"MULTIPOLYGON (((-81.743223 30.34938, -81.74233 30.349375, -81.742321 30.350503, -81.743214 30.350508, -81.743223 30.34938)))",microsoft_us_building_footprints
ms-fl-000881,Microsoft footprint FL #282,FL,,156338.85,30.3335061,-81.7602080,,commercial_industrial_unknown,unknown,"MULTIPOLYGON (((-81.760949 30.333912, -81.760947 30.333407, -81.7612 30.333407, -81.761199 30.333064, -81.760498 30.333066, -81.760498 30.3331, -81.76031 30.333101, -81.760311 30.333224, -81.760035 30.333224, -81.760034 30.333178, -81.75997 30.333178, -81.75997 30.333224, -81.75993 30.333225, -81.759929 30.333067, -81.759672 30.333068, -81.759673 30.33323, -81.759292 30.333231, -81.759294 30.333916, -81.760949 30.333912)))",microsoft_us_building_footprints
ms-fl-000882,Microsoft footprint FL #283,FL,,128908.57,30.2692490,-81.7380609,,commercial_industrial_unknown,unknown,"MULTIPOLYGON (((-81.737787 30.269252, -81.737815 30.270342, -81.738345 30.270332, -81.738344 30.270297, -81.738376 30.270296, -81.738371 30.270086, -81.738339 30.270087, -81.738312 30.26901, -81.738282 30.269011, -81.738281 30.268983, -81.738309 30.268983, -81.738298 30.268549, -81.73833 30.268548, -81.738325 30.268352, -81.738293 30.268353, -81.738287 30.268131, -81.737758 30.268141, -81.737766 30.268435, -81.737818 30.268434, -81.737825 30.268716, -81.737774 30.268717, -81.737785 30.269164, -81.737844 30.269163, -81.737843 30.269135, -81.738149 30.269129, -81.738152 30.269245, -81.737787 30.269252)))",microsoft_us_building_footprints
ms-fl-000883,Microsoft footprint FL #284,FL,,193351.0,26.1292109,-81.7634318,,commercial_industrial_unknown,unknown,"MULTIPOLYGON (((-81.764191 26.129537, -81.764182 26.129344, -81.764322 26.129186, -81.763867 26.128862, -81.763856 26.128609, -81.76402 26.128423, -81.763938 26.128426, -81.763934 26.12834, -81.763878 26.128342, -81.763872 26.128218, -81.763886 26.128202, -81.763787 26.128165, -81.763784 26.128112, -81.763277 26.128131, -81.763178 26.128343, -81.763184 26.128466, -81.763344 26.12846, -81.763378 26.129192, -81.76287 26.129769, -81.762337 26.12939, -81.762087 26.129674, -81.762677 26.130093, -81.763015 26.129711, -81.763466 26.130031, -81.763537 26.12995, -81.763647 26.130028, -81.763842 26.129807, -81.76377 26.129756, -81.76384 26.129595, -81.76415 26.129584, -81.764191 26.129537)))",microsoft_us_building_footprints
ms-fl-000884,Microsoft footprint FL #285,FL,,186162.57,26.2308638,-81.7560392,,commercial_industrial_unknown,unknown,"MULTIPOLYGON (((-81.755619 26.230165, -81.755004 26.230733, -81.755575 26.23123, -81.755458 26.231339, -81.755534 26.231405, -81.755652 26.231296, -81.756124 26.231707, -81.756299 26.231545, -81.756133 26.231401, -81.756403 26.231152, -81.756638 26.231357, -81.75681 26.231198, -81.75651 26.230937, -81.756612 26.230843, -81.757192 26.230971, -81.757302 26.23059, -81.757111 26.230546, -81.757069 26.230692, -81.756712 26.230609, -81.756714 26.230603, -81.756595 26.230576, -81.756533 26.230633, -81.756486 26.230592, -81.756515 26.230492, -81.756457 26.230442, -81.756383 26.23051, -81.756151 26.230308, -81.75614 26.230305, -81.75611 26.230407, -81.756062 26.230365, -81.755959 26.23046, -81.755619 26.230165)))",microsoft_us_building_footprints
ms-fl-000885,Microsoft footprint FL #286,FL,,189404.09,30.3348698,-81.7569710,,commercial_industrial_unknown,unknown,"MULTIPOLYGON (((-81.757577 30.335379, -81.757573 30.335216, -81.75783 30.335211, -81.757817 30.33467, -81.757825 30.33467, -81.757818 30.334379, -81.757619 30.334383, -81.757619 30.334364, -81.756796 30.334379, -81.756795 30.334328, -81.75628 30.334337, -81.756288 30.334663, -81.756093 30.334666, -81.756106 30.335223, -81.756263 30.33522, -81.756265 30.335279, -81.756233 30.33528, -81.756235 30.335402, -81.757577 30.335379)))",microsoft_us_building_footprints
ms-fl-000886,Microsoft footprint FL #287,FL,,605666.11,30.3523919,-81.7660659,,commercial_industrial_unknown,unknown,"MULTIPOLYGON (((-81.766854 30.350722, -81.765284 30.350727, -81.765286 30.350968, -81.765268 30.350968, -81.765281 30.354035, -81.76561 30.354034, -81.765611 30.35419, -81.765837 30.354189, -81.765836 30.354035, -81.766868 30.354032, -81.766854 30.350722)))",microsoft_us_building_footprints
ms-fl-000887,Microsoft footprint FL #288,FL,,142366.32,26.2699724,-81.7684838,,commercial_industrial_unknown,unknown,"MULTIPOLYGON (((-81.769121 26.270482, -81.769101 26.26986, -81.769006 26.269862, -81.768993 26.269458, -81.768018 26.269483, -81.768011 26.269274, -81.767885 26.269277, -81.767907 26.269956, -81.767861 26.269957, -81.767862 26.269989, -81.767912 26.269988, -81.767926 26.270454, -81.768273 26.270446, -81.768275 26.270503, -81.769121 26.270482)))",microsoft_us_building_footprints
ms-fl-000888,Microsoft footprint FL #289,FL,,236715.78,30.3851878,-81.7899688,,commercial_industrial_unknown,unknown,"MULTIPOLYGON (((-81.791216 30.385593, -81.791208 30.384763, -81.78873 30.384779, -81.788738 30.385648, -81.788918 30.385647, -81.788917 30.385609, -81.791216 30.385593)))",microsoft_us_building_footprints
ms-fl-000889,Microsoft footprint FL #290,FL,,104748.34,28.0713966,-81.7752426,,commercial_industrial_unknown,unknown,"MULTIPOLYGON (((-81.775837 28.070878, -81.775507 28.070876, -81.775503 28.071247, -81.775422 28.071292, -81.775427 28.070875, -81.774944 28.070871, -81.774942 28.071041, -81.774642 28.071141, -81.774641 28.071273, -81.774709 28.071274, -81.774644 28.071376, -81.77544 28.071383, -81.775439 28.071508, -81.774712 28.071502, -81.774711 28.071605, -81.77544 28.071611, -81.775439 28.071715, -81.774554 28.071708, -81.774551 28.071961, -81.774905 28.071964, -81.774908 28.071741, -81.77502 28.071742, -81.775018 28.071977, -81.775477 28.071981, -81.775479 28.071707, -81.775705 28.071709, -81.775703 28.071899, -81.775824 28.071832, -81.775652 28.07159, -81.77588 28.071228, -81.775833 28.071227, -81.775837 28.070878)))",microsoft_us_building_footprints
ms-fl-000890,Microsoft footprint FL #291,FL,,116632.51,26.3336104,-81.8082785,,commercial_industrial_unknown,unknown,"MULTIPOLYGON (((-81.807537 26.333451, -81.807549 26.334056, -81.807515 26.334057, -81.807516 26.334111, -81.808657 26.334094, -81.808648 26.333627, -81.808837 26.333624, -81.80896 26.333512, -81.808945 26.332667, -81.808872 26.332668, -81.808776 26.332582, -81.80862 26.332723, -81.808714 26.332806, -81.808725 26.333392, -81.808679 26.333434, -81.807537 26.333451)))",microsoft_us_building_footprints
ms-fl-000891,Microsoft footprint FL #292,FL,,254537.19,26.2741327,-81.7887595,,commercial_industrial_unknown,unknown,"MULTIPOLYGON (((-81.789317 26.273499, -81.788531 26.273533, -81.78853 26.273506, -81.789082 26.272946, -81.78907 26.272709, -81.788649 26.272593, -81.788393 26.27334, -81.788481 26.273336, -81.788493 26.273572, -81.788301 26.27358, -81.78817 26.273962, -81.788336 26.273955, -81.788339 26.274004, -81.787735 26.274617, -81.78879 26.274782, -81.788395 26.275183, -81.788794 26.275499, -81.789031 26.274803, -81.789388 26.275086, -81.789568 26.274903, -81.789374 26.274749, -81.789582 26.27474, -81.789576 26.274616, -81.789379 26.274625, -81.789363 26.274305, -81.789154 26.274516, -81.789141 26.274266, -81.789498 26.273903, -81.789173 26.273645, -81.789317 26.273499)))",microsoft_us_building_footprints
ms-fl-000892,Microsoft footprint FL #293,FL,,123391.25,30.0153169,-81.8131754,,commercial_industrial_unknown,unknown,"MULTIPOLYGON (((-81.813743 30.014881, -81.813291 30.014882, -81.81329 30.01471, -81.812967 30.014711, -81.812968 30.014886, -81.812617 30.014887, -81.81262 30.015701, -81.812982 30.0157, -81.812983 30.016021, -81.81307 30.016021, -81.81307 30.015985, -81.813322 30.015984, -81.813321 30.015696, -81.813745 30.015695, -81.813743 30.014881)))",microsoft_us_building_footprints
ms-fl-000893,Microsoft footprint FL #294,FL,,245931.92,30.1995969,-81.8246554,,commercial_industrial_unknown,unknown,"MULTIPOLYGON (((-81.82294 30.199246, -81.82296 30.199705, -81.823221 30.199696, -81.823226 30.199806, -81.8236 30.199794, -81.823604 30.199888, -81.823692 30.199885, -81.823687 30.199769, -81.823748 30.199767, -81.823746 30.19973, -81.824033 30.199721, -81.824021 30.199442, -81.824267 30.199434, -81.824291 30.199989, -81.824505 30.199982, -81.824507 30.20002, -81.824611 30.200017, -81.824618 30.200165, -81.825735 30.200129, -81.825729 30.200011, -81.825893 30.200006, -81.825883 30.199786, -81.826044 30.199781, -81.826035 30.199574, -81.825894 30.199579, -81.825878 30.199207, -81.825797 30.19921, -81.825795 30.199168, -81.82552 30.199177, -81.82552 30.199163, -81.82294 30.199246)))",microsoft_us_building_footprints
ms-fl-000894,Microsoft footprint FL #295,FL,,138261.28,30.1055551,-81.8300737,,commercial_industrial_unknown,unknown,"MULTIPOLYGON (((-81.830488 30.104898, -81.830219 30.104904, -81.830215 30.104791, -81.829752 30.104802, -81.829756 30.104906, -81.829707 30.104907, -81.829712 30.10506, -81.829535 30.105064, -81.829541 30.105259, -81.829715 30.105255, -81.829716 30.105301, -81.829661 30.105303, -81.829671 30.105616, -81.829716 30.105615, -81.829717 30.105645, -81.829664 30.105646, -81.829671 30.105899, -81.829722 30.105898, -81.82974 30.106475, -81.829861 30.106472, -81.829855 30.10628, -81.830359 30.106268, -81.830356 30.106173, -81.830527 30.106169, -81.830488 30.104898)))",microsoft_us_building_footprints
ms-fl-000895,Microsoft footprint FL #296,FL,,113373.52,26.4042869,-81.8080542,,commercial_industrial_unknown,unknown,"MULTIPOLYGON (((-81.807304 26.403906, -81.807492 26.404783, -81.808172 26.404666, -81.808171 26.40466, -81.808874 26.404538, -81.808864 26.40449, -81.808942 26.404476, -81.80887 26.404141, -81.808792 26.404129, -81.808782 26.404084, -81.80856 26.403964, -81.808411 26.404184, -81.808647 26.40422, -81.808626 26.404328, -81.808379 26.40429, -81.808353 26.404172, -81.808051 26.404224, -81.808039 26.404171, -81.807982 26.40418, -81.808004 26.404282, -81.807707 26.404334, -81.807731 26.404446, -81.807676 26.404455, -81.807605 26.404121, -81.808315 26.403998, -81.808351 26.404004, -81.808431 26.403884, -81.808255 26.403788, -81.808236 26.403816, -81.808154 26.403804, -81.808144 26.403761, -81.807304 26.403906)))",microsoft_us_building_footprints
ms-fl-000896,Microsoft footprint FL #297,FL,,111555.38,27.2252904,-81.8332906,,commercial_industrial_unknown,unknown,"MULTIPOLYGON (((-81.832893 27.225897, -81.833539 27.2259, -81.83354 27.225817, -81.833679 27.225817, -81.833682 27.225333, -81.8338 27.225334, -81.8338 27.225224, -81.83368 27.225223, -81.833682 27.22475, -81.83354 27.224749, -81.83354 27.224669, -81.833033 27.224667, -81.833033 27.224748, -81.832899 27.224748, -81.832893 27.225897)))",microsoft_us_building_footprints
ms-fl-000897,Microsoft footprint FL #298,FL,,141070.04,26.5852381,-81.8750213,,commercial_industrial_unknown,unknown,"MULTIPOLYGON (((-81.87559 26.585749, -81.875577 26.584695, -81.874532 26.584705, -81.874534 26.584828, -81.874456 26.584829, -81.874468 26.58579, -81.875229 26.585782, -81.875228 26.58568, -81.875341 26.585679, -81.875342 26.585751, -81.87559 26.585749)))",microsoft_us_building_footprints
ms-fl-000898,Microsoft footprint FL #299,FL,,199511.69,26.6795063,-81.8985115,,commercial_industrial_unknown,unknown,"MULTIPOLYGON (((-81.897667 26.678995, -81.897664 26.679916, -81.898013 26.679917, -81.898013 26.680059, -81.898876 26.680061, -81.898877 26.679917, -81.899303 26.679918, -81.899303 26.679877, -81.899542 26.679878, -81.899543 26.679703, -81.899307 26.679703, -81.899308 26.679386, -81.899495 26.679387, -81.899496 26.679233, -81.899265 26.679233, -81.899265 26.679204, -81.899206 26.679204, -81.899207 26.678999, -81.897667 26.678995)))",microsoft_us_building_footprints
ms-fl-000899,Microsoft footprint FL #300,FL,,164445.27,26.6705159,-81.9395350,,commercial_industrial_unknown,unknown,"MULTIPOLYGON (((-81.938738 26.670868, -81.93934 26.67086, -81.939342 26.670985, -81.939374 26.670984, -81.939375 26.671051, -81.940068 26.671042, -81.940065 26.670861, -81.940459 26.670856, -81.940456 26.670646, -81.940197 26.67065, -81.940193 26.670378, -81.94032 26.670376, -81.940317 26.670186, -81.940446 26.670184, -81.940444 26.670088, -81.939624 26.670099, -81.939624 26.67013, -81.939557 26.670131, -81.939556 26.670094, -81.93946 26.670095, -81.93946 26.670087, -81.939092 26.670091, -81.939093 26.670131, -81.938988 26.670132, -81.938986 26.669971, -81.938723 26.669974, -81.938738 26.670868)))",microsoft_us_building_footprints
ms-ny-000900,Microsoft footprint NY #1,NY,,151503.41,40.9940502,-72.5177148,,commercial_industrial_unknown,unknown,"MULTIPOLYGON (((-72.517262 40.993093, -72.517445 40.994739, -72.517222 40.994753, -72.517241 40.99493, -72.517497 40.994914, -72.517537 40.995278, -72.518004 40.995248, -72.517894 40.994263, -72.518208 40.994243, -72.518074 40.993041, -72.517262 40.993093)))",microsoft_us_building_footprints
ms-ny-000901,Microsoft footprint NY #2,NY,,102028.0,40.9272395,-72.7049770,,commercial_industrial_unknown,unknown,"MULTIPOLYGON (((-72.704169 40.92668, -72.704701 40.927449, -72.704609 40.927485, -72.70466 40.92756, -72.704779 40.927513, -72.704948 40.927757, -72.705118 40.92769, -72.705237 40.927863, -72.705197 40.927879, -72.705258 40.927967, -72.705696 40.927793, -72.705702 40.927801, -72.705811 40.927758, -72.705738 40.927653, -72.705734 40.927655, -72.705457 40.927254, -72.705404 40.927275, -72.705296 40.927119, -72.7053 40.927117, -72.705197 40.926967, -72.705151 40.926986, -72.705101 40.926914, -72.705117 40.926908, -72.70504 40.926796, -72.705005 40.92681, -72.704969 40.926757, -72.704874 40.926795, -72.70466 40.926486, -72.704169 40.92668)))",microsoft_us_building_footprints
ms-ny-000902,Microsoft footprint NY #3,NY,,955378.31,40.8645803,-72.8735759,,commercial_industrial_unknown,unknown,"MULTIPOLYGON (((-72.871556 40.865063, -72.871726 40.865097, -72.872777 40.865795, -72.872524 40.865832, -72.872448 40.866048, -72.873584 40.866275, -72.873733 40.86585, -72.874384 40.86598, -72.874355 40.865863, -72.874684 40.86558, -72.875037 40.865815, -72.875522 40.865397, -72.87589 40.865471, -72.87614 40.865256, -72.87557 40.865337, -72.875242 40.864025, -72.875804 40.863945, -72.874835 40.8633, -72.873919 40.863431, -72.874048 40.863321, -72.873661 40.863243, -72.873366 40.863285, -72.873476 40.862973, -72.872405 40.863126, -72.872068 40.86357, -72.87175 40.863616, -72.87181 40.863856, -72.872006 40.863895, -72.871849 40.864344, -72.871631 40.864199, -72.87135 40.864239, -72.871556 40.865063)))",microsoft_us_building_footprints
ms-ny-000903,Microsoft footprint NY #4,NY,,192983.86,40.8445673,-73.0120551,,commercial_industrial_unknown,unknown,"MULTIPOLYGON (((-73.012544 40.844393, -73.012328 40.844495, -73.012274 40.844363, -73.011867 40.844458, -73.011914 40.844573, -73.011713 40.844619, -73.011501 40.844096, -73.011135 40.844181, -73.011046 40.844547, -73.010975 40.844563, -73.010943 40.844697, -73.010775 40.844736, -73.011026 40.845355, -73.011184 40.845318, -73.011263 40.845515, -73.011815 40.845387, -73.011586 40.844823, -73.011947 40.84474, -73.012012 40.844901, -73.012375 40.844817, -73.012307 40.844648, -73.012762 40.844542, -73.013023 40.844858, -73.01326 40.844745, -73.012967 40.844391, -73.013123 40.844317, -73.013405 40.844658, -73.013631 40.844551, -73.012968 40.843752, -73.012818 40.843823, -73.012661 40.843633, -73.012305 40.843802, -73.012544 40.844393)))",microsoft_us_building_footprints
ms-ny-000904,Microsoft footprint NY #5,NY,,122054.6,40.7753122,-73.0658092,,commercial_industrial_unknown,unknown,"MULTIPOLYGON (((-73.06569 40.775776, -73.066446 40.775691, -73.066437 40.775644, -73.066577 40.775628, -73.0665 40.775232, -73.066552 40.775226, -73.066536 40.775141, -73.066461 40.775149, -73.066393 40.774802, -73.065042 40.774953, -73.065217 40.775846, -73.065625 40.7758, -73.065576 40.77555, -73.065645 40.775543, -73.06569 40.775776)))",microsoft_us_building_footprints
ms-ny-000905,Microsoft footprint NY #6,NY,,124906.3,40.7910614,-73.1409029,,commercial_industrial_unknown,unknown,"MULTIPOLYGON (((-73.140324 40.790536, -73.140349 40.79075, -73.140291 40.790754, -73.140386 40.791554, -73.140564 40.791542, -73.140578 40.79166, -73.141486 40.791598, -73.141469 40.791463, -73.141503 40.791461, -73.141384 40.790464, -73.140324 40.790536)))",microsoft_us_building_footprints
ms-ny-000906,Microsoft footprint NY #7,NY,,185328.88,40.7946609,-73.1428532,,commercial_industrial_unknown,unknown,"MULTIPOLYGON (((-73.143466 40.795512, -73.143425 40.795176, -73.143444 40.795174, -73.143312 40.794081, -73.143254 40.794085, -73.143212 40.793737, -73.142669 40.793774, -73.142658 40.793684, -73.142461 40.793697, -73.142472 40.79379, -73.142398 40.793795, -73.142411 40.793902, -73.14235 40.793906, -73.142345 40.793866, -73.142241 40.793873, -73.142447 40.795583, -73.143466 40.795512)))",microsoft_us_building_footprints
ms-ny-000907,Microsoft footprint NY #8,NY,,100317.6,40.8041547,-73.2037354,,commercial_industrial_unknown,unknown,"MULTIPOLYGON (((-73.203163 40.803719, -73.203256 40.804606, -73.203438 40.804595, -73.20345 40.804707, -73.203903 40.804679, -73.20389 40.804558, -73.204317 40.804533, -73.204225 40.803655, -73.203163 40.803719)))",microsoft_us_building_footprints
ms-ny-000908,Microsoft footprint NY #9,NY,,145631.18,40.7709686,-73.2006917,,commercial_industrial_unknown,unknown,"MULTIPOLYGON (((-73.199571 40.770722, -73.199675 40.771389, -73.199934 40.771366, -73.199931 40.771347, -73.200074 40.771335, -73.200078 40.771358, -73.202047 40.771182, -73.202034 40.7711, -73.201819 40.771119, -73.201812 40.771074, -73.201767 40.771078, -73.201707 40.770694, -73.201558 40.770708, -73.201552 40.77067, -73.201631 40.770663, -73.201612 40.770539, -73.199571 40.770722)))",microsoft_us_building_footprints
ms-ny-000909,Microsoft footprint NY #10,NY,,125150.79,40.8127010,-73.2409945,,commercial_industrial_unknown,unknown,"MULTIPOLYGON (((-73.24193 40.812452, -73.240204 40.812248, -73.240059 40.81295, -73.241785 40.813154, -73.24193 40.812452)))",microsoft_us_building_footprints
ms-ny-000910,Microsoft footprint NY #11,NY,,349506.49,40.7835590,-73.2858521,,commercial_industrial_unknown,unknown,"MULTIPOLYGON (((-73.284328 40.784125, -73.28736 40.784136, -73.287366 40.783224, -73.287357 40.783223, -73.287358 40.7831, -73.287401 40.783089, -73.287382 40.783046, -73.287323 40.783046, -73.287308 40.783013, -73.287275 40.783013, -73.287275 40.782992, -73.287258 40.782954, -73.28715 40.782982, -73.286957 40.782981, -73.286923 40.78299, -73.286906 40.782952, -73.286779 40.782985, -73.28571 40.782981, -73.28571 40.783028, -73.285611 40.783053, -73.285594 40.783053, -73.285564 40.782987, -73.284408 40.782983, -73.284408 40.783026, -73.284349 40.783041, -73.284335 40.783041, -73.284328 40.784125)))",microsoft_us_building_footprints
ms-ny-000911,Microsoft footprint NY #12,NY,,125532.86,40.8388344,-73.2869832,,commercial_industrial_unknown,unknown,"MULTIPOLYGON (((-73.287806 40.838519, -73.286847 40.838286, -73.286801 40.838396, -73.286711 40.838374, -73.2867 40.838399, -73.286452 40.838339, -73.286155 40.83904, -73.286151 40.839039, -73.286137 40.839072, -73.286333 40.83912, -73.286324 40.839141, -73.286536 40.839192, -73.286523 40.839222, -73.286961 40.839329, -73.286963 40.839323, -73.287175 40.839374, -73.28719 40.839339, -73.287215 40.839345, -73.287203 40.839375, -73.287421 40.839428, -73.287806 40.838519)))",microsoft_us_building_footprints
ms-ny-000912,Microsoft footprint NY #13,NY,,113126.13,40.6869240,-73.3486360,,commercial_industrial_unknown,unknown,"MULTIPOLYGON (((-73.347571 40.686797, -73.34777 40.687378, -73.348317 40.68727, -73.348267 40.687126, -73.348626 40.687055, -73.348668 40.687177, -73.348828 40.687145, -73.348781 40.687008, -73.349047 40.686956, -73.349189 40.68737, -73.349636 40.687282, -73.34935 40.686446, -73.349085 40.686499, -73.349085 40.686499, -73.347571 40.686797)))",microsoft_us_building_footprints
ms-ny-000913,Microsoft footprint NY #14,NY,,134569.08,40.7949456,-73.3688594,,commercial_industrial_unknown,unknown,"MULTIPOLYGON (((-73.368247 40.794304, -73.368225 40.794736, -73.36857 40.794747, -73.368567 40.794805, -73.368404 40.7948, -73.368389 40.795082, -73.368549 40.795086, -73.368546 40.795137, -73.368508 40.795124, -73.368452 40.796202, -73.368586 40.796206, -73.368655 40.796229, -73.368659 40.796222, -73.368661 40.796174, -73.368723 40.796176, -73.368751 40.795639, -73.369042 40.795137, -73.369176 40.795141, -73.36917 40.795268, -73.369473 40.795277, -73.369482 40.795106, -73.369335 40.795102, -73.369358 40.794666, -73.369633 40.794674, -73.369638 40.794586, -73.369686 40.794587, -73.369682 40.794663, -73.369783 40.794666, -73.369788 40.794561, -73.369642 40.794556, -73.369653 40.794346, -73.368247 40.794304)))",microsoft_us_building_footprints
ms-ny-000914,Microsoft footprint NY #15,NY,,139821.15,44.9840924,-73.4262571,,commercial_industrial_unknown,unknown,"MULTIPOLYGON (((-73.425819 44.98472, -73.42581 44.984549, -73.427082 44.984516, -73.427036 44.9836, -73.425461 44.98364, -73.425508 44.984565, -73.425595 44.984563, -73.425603 44.984726, -73.425819 44.98472)))",microsoft_us_building_footprints
ms-ny-000915,Microsoft footprint NY #16,NY,,111345.77,40.7471166,-73.4281372,,commercial_industrial_unknown,unknown,"MULTIPOLYGON (((-73.428981 40.746948, -73.427616 40.746565, -73.427284 40.747242, -73.427322 40.747253, -73.427306 40.747287, -73.427544 40.747353, -73.427558 40.747325, -73.428313 40.747537, -73.428266 40.747631, -73.428601 40.747725, -73.428981 40.746948)))",microsoft_us_building_footprints
ms-ny-000916,Microsoft footprint NY #17,NY,,100878.04,40.7878829,-73.4195983,,commercial_industrial_unknown,unknown,"MULTIPOLYGON (((-73.418678 40.787912, -73.41917 40.788346, -73.419259 40.788352, -73.419312 40.788318, -73.419288 40.788296, -73.419608 40.788088, -73.419733 40.788096, -73.419733 40.788096, -73.419834 40.788102, -73.419828 40.788153, -73.419971 40.788279, -73.419996 40.788263, -73.420045 40.788287, -73.420094 40.788255, -73.420121 40.788278, -73.420476 40.788047, -73.420446 40.78802, -73.420483 40.787976, -73.420462 40.787957, -73.420465 40.787931, -73.419978 40.787502, -73.419926 40.787499, -73.419864 40.78754, -73.419736 40.787478, -73.419705 40.787499, -73.419564 40.787375, -73.419521 40.787354, -73.419071 40.787647, -73.419125 40.787695, -73.419109 40.787715, -73.418992 40.787708, -73.418678 40.787912)))",microsoft_us_building_footprints
ms-ny-000917,Microsoft footprint NY #18,NY,,217256.75,40.7717213,-73.4267631,,commercial_industrial_unknown,unknown,"MULTIPOLYGON (((-73.427729 40.772252, -73.427794 40.771141, -73.42626 40.77109, -73.426231 40.771591, -73.425564 40.771568, -73.425525 40.772237, -73.426189 40.77226, -73.426193 40.772191, -73.426276 40.772193, -73.426275 40.772204, -73.427729 40.772252)))",microsoft_us_building_footprints
ms-ny-000918,Microsoft footprint NY #19,NY,,260875.09,40.7421901,-73.4294172,,commercial_industrial_unknown,unknown,"MULTIPOLYGON (((-73.430201 40.741413, -73.429054 40.741602, -73.429042 40.741559, -73.428834 40.741593, -73.428862 40.74169, -73.428529 40.741745, -73.428511 40.741683, -73.428304 40.741717, -73.428329 40.741803, -73.428267 40.741813, -73.428606 40.742998, -73.429385 40.74287, -73.429387 40.742878, -73.430112 40.742759, -73.430061 40.74258, -73.430281 40.742544, -73.43027 40.742505, -73.430574 40.742455, -73.430491 40.742164, -73.430644 40.742139, -73.430556 40.74183, -73.430331 40.741867, -73.430201 40.741413)))",microsoft_us_building_footprints
ms-ny-000919,Microsoft footprint NY #20,NY,,155225.82,40.7177143,-73.5115816,,commercial_industrial_unknown,unknown,"MULTIPOLYGON (((-73.512194 40.717167, -73.512036 40.717152, -73.512031 40.717181, -73.511905 40.717169, -73.511913 40.717123, -73.511339 40.71707, -73.511371 40.716872, -73.511251 40.716861, -73.511274 40.716722, -73.511139 40.716709, -73.510921 40.718059, -73.510845 40.718052, -73.510833 40.718128, -73.510841 40.718129, -73.510827 40.718214, -73.511372 40.718265, -73.511365 40.718306, -73.511527 40.718321, -73.511535 40.718273, -73.512073 40.718323, -73.512045 40.718495, -73.512148 40.718505, -73.512143 40.718535, -73.512307 40.71855, -73.51231 40.71853, -73.512368 40.718535, -73.512428 40.718169, -73.512038 40.718133, -73.512194 40.717167)))",microsoft_us_building_footprints
ms-ny-000920,Microsoft footprint NY #21,NY,,130827.44,40.8060476,-73.5183669,,commercial_industrial_unknown,unknown,"MULTIPOLYGON (((-73.518553 40.805341, -73.517916 40.805786, -73.517964 40.805826, -73.517872 40.805889, -73.517797 40.805827, -73.517501 40.806034, -73.517645 40.806152, -73.517525 40.806236, -73.517791 40.806454, -73.517753 40.80648, -73.517796 40.806516, -73.51782 40.806498, -73.518135 40.806756, -73.51878 40.806306, -73.518805 40.806327, -73.519302 40.80598, -73.519253 40.805939, -73.519269 40.805928, -73.518553 40.805341)))",microsoft_us_building_footprints
ms-ny-000921,Microsoft footprint NY #22,NY,,161404.53,44.6939125,-73.4933763,,commercial_industrial_unknown,unknown,"MULTIPOLYGON (((-73.494591 44.693444, -73.492432 44.693594, -73.492064 44.693839, -73.49225 44.69398, -73.492254 44.694015, -73.49233 44.69401, -73.492365 44.694268, -73.49253 44.694256, -73.49254 44.69433, -73.492659 44.694322, -73.49268 44.694479, -73.492999 44.694456, -73.492977 44.694296, -73.493297 44.694273, -73.493347 44.694311, -73.494063 44.694261, -73.494094 44.694241, -73.494142 44.694237, -73.494137 44.694201, -73.494679 44.694163, -73.494667 44.694072, -73.494506 44.694083, -73.49448 44.693894, -73.494324 44.693904, -73.494292 44.693669, -73.494619 44.693647, -73.494591 44.693444)))",microsoft_us_building_footprints
ms-ny-000922,Microsoft footprint NY #23,NY,,119112.17,40.8115912,-73.5111911,,commercial_industrial_unknown,unknown,"MULTIPOLYGON (((-73.51059 40.811086, -73.510491 40.811375, -73.510446 40.811367, -73.51043 40.811412, -73.510454 40.811417, -73.510316 40.811822, -73.511792 40.81211, -73.512032 40.811404, -73.511884 40.811376, -73.511916 40.811281, -73.51149 40.811198, -73.51147 40.811257, -73.51059 40.811086)))",microsoft_us_building_footprints
ms-ny-000923,Microsoft footprint NY #24,NY,,113067.93,41.4366604,-73.5733684,,commercial_industrial_unknown,unknown,"MULTIPOLYGON (((-73.574231 41.436771, -73.573862 41.436264, -73.573867 41.436226, -73.573844 41.436194, -73.573797 41.436213, -73.573709 41.436091, -73.573515 41.43617, -73.573495 41.436169, -73.573454 41.436112, -73.572729 41.436408, -73.572703 41.43662, -73.572765 41.436594, -73.572758 41.436649, -73.57271 41.436669, -73.572689 41.436668, -73.572621 41.436695, -73.572614 41.436748, -73.572998 41.437275, -73.574231 41.436771)))",microsoft_us_building_footprints
ms-ny-000924,Microsoft footprint NY #25,NY,,167531.76,40.6559956,-73.5753234,,commercial_industrial_unknown,unknown,"MULTIPOLYGON (((-73.575959 40.656763, -73.575757 40.655713, -73.575702 40.655705, -73.575609 40.655224, -73.575676 40.654976, -73.575672 40.654956, -73.57516 40.654877, -73.575024 40.655381, -73.575049 40.655507, -73.574779 40.655537, -73.574861 40.655962, -73.574838 40.656049, -73.574786 40.656041, -73.574822 40.656231, -73.57475 40.656239, -73.574854 40.656777, -73.574929 40.656789, -73.574968 40.656991, -73.574986 40.656994, -73.575192 40.656971, -73.575153 40.656766, -73.575158 40.656746, -73.575527 40.656705, -73.575547 40.656809, -73.575959 40.656763)))",microsoft_us_building_footprints
ms-ny-000925,Microsoft footprint NY #26,NY,,100004.21,40.6514318,-73.5698500,,commercial_industrial_unknown,unknown,"MULTIPOLYGON (((-73.569146 40.651055, -73.5695 40.651978, -73.570278 40.651806, -73.570288 40.65183, -73.570552 40.651772, -73.570217 40.650899, -73.569992 40.650948, -73.569978 40.650911, -73.569878 40.650933, -73.569898 40.650986, -73.569495 40.651075, -73.569461 40.650985, -73.569146 40.651055)))",microsoft_us_building_footprints
ms-ny-000926,Microsoft footprint NY #27,NY,,100330.73,44.2155757,-73.5955615,,commercial_industrial_unknown,unknown,"MULTIPOLYGON (((-73.595488 44.215005, -73.594682 44.215371, -73.594712 44.215405, -73.594257 44.215611, -73.594294 44.215653, -73.594232 44.215681, -73.59431 44.215769, -73.594689 44.215596, -73.594673 44.215578, -73.594757 44.21554, -73.594976 44.215787, -73.595146 44.21571, -73.595125 44.215686, -73.595193 44.215655, -73.595263 44.215734, -73.595601 44.21558, -73.595686 44.215676, -73.595427 44.215794, -73.595519 44.215898, -73.595691 44.215819, -73.595773 44.215911, -73.595736 44.215928, -73.595922 44.216137, -73.596675 44.215794, -73.596295 44.215365, -73.596144 44.215433, -73.596205 44.215503, -73.595919 44.215634, -73.595798 44.215497, -73.595888 44.215456, -73.595488 44.215005)))",microsoft_us_building_footprints
ms-ny-000927,Microsoft footprint NY #28,NY,,105483.68,40.7105859,-73.6295471,,commercial_industrial_unknown,unknown,"MULTIPOLYGON (((-73.629385 40.709495, -73.628825 40.709609, -73.628894 40.7098, -73.629217 40.709734, -73.629312 40.71, -73.62902 40.710059, -73.629096 40.710271, -73.629158 40.710259, -73.629627 40.711574, -73.630099 40.711477, -73.6301 40.711479, -73.630165 40.711466, -73.629817 40.710488, -73.629899 40.710471, -73.629877 40.710409, -73.629722 40.71044, -73.629385 40.709495)))",microsoft_us_building_footprints
ms-ny-000928,Microsoft footprint NY #29,NY,,231875.11,42.1706434,-73.6005805,,commercial_industrial_unknown,unknown,"MULTIPOLYGON (((-73.59951 42.170165, -73.599759 42.170425, -73.599535 42.170685, -73.599724 42.170883, -73.599078 42.171223, -73.599263 42.171416, -73.599914 42.171073, -73.600159 42.17133, -73.600002 42.171512, -73.600158 42.171676, -73.600953 42.171259, -73.600756 42.171053, -73.600509 42.171183, -73.600241 42.170902, -73.600483 42.170774, -73.600736 42.170894, -73.600983 42.170764, -73.600936 42.17052, -73.601159 42.170403, -73.601443 42.170699, -73.601171 42.170842, -73.601348 42.171027, -73.602219 42.170569, -73.602034 42.170376, -73.601752 42.170525, -73.601466 42.170226, -73.601908 42.169993, -73.60173 42.169806, -73.60122 42.170075, -73.601133 42.169984, -73.599901 42.170115, -73.599746 42.170041, -73.59951 42.170165)))",microsoft_us_building_footprints
ms-ny-000929,Microsoft footprint NY #30,NY,,195472.34,40.7400517,-73.6118705,,commercial_industrial_unknown,unknown,"MULTIPOLYGON (((-73.611053 40.739288, -73.61157 40.740911, -73.611717 40.740884, -73.611733 40.740935, -73.61207 40.740873, -73.612079 40.740899, -73.612051 40.740904, -73.612068 40.74096, -73.612659 40.740852, -73.612626 40.74075, -73.612667 40.740742, -73.61239 40.739873, -73.612353 40.739879, -73.612104 40.739096, -73.611053 40.739288)))",microsoft_us_building_footprints
ms-ny-000930,Microsoft footprint NY #31,NY,,105768.53,43.1293841,-73.6264197,,commercial_industrial_unknown,unknown,"MULTIPOLYGON (((-73.62565 43.128954, -73.625656 43.129299, -73.626418 43.129292, -73.626421 43.129477, -73.625638 43.129484, -73.625644 43.129825, -73.626363 43.129818, -73.626366 43.129972, -73.626492 43.129971, -73.626489 43.129815, -73.627154 43.129808, -73.627148 43.12947, -73.626476 43.129476, -73.626473 43.12929, -73.627234 43.129283, -73.627228 43.128938, -73.62713 43.128939, -73.62713 43.128924, -73.627084 43.128924, -73.627085 43.12894, -73.62565 43.128954)))",microsoft_us_building_footprints
ms-ny-000931,Microsoft footprint NY #32,NY,,133040.39,40.7053212,-73.6290618,,commercial_industrial_unknown,unknown,"MULTIPOLYGON (((-73.628074 40.7052, -73.628398 40.705879, -73.628474 40.705858, -73.628495 40.705903, -73.628607 40.705873, -73.628583 40.705822, -73.628647 40.705805, -73.628709 40.705934, -73.628989 40.705857, -73.628923 40.705721, -73.62953 40.705554, -73.62953 40.705552, -73.629843 40.705467, -73.629821 40.705422, -73.629947 40.705387, -73.629922 40.705335, -73.630128 40.705278, -73.630095 40.705208, -73.630017 40.70523, -73.629927 40.705043, -73.629982 40.705028, -73.62991 40.704877, -73.629777 40.704913, -73.629701 40.704753, -73.628074 40.7052)))",microsoft_us_building_footprints
ms-ny-000932,Microsoft footprint NY #33,NY,,125383.36,40.7417058,-73.6577282,,commercial_industrial_unknown,unknown,"MULTIPOLYGON (((-73.656973 40.741035, -73.657421 40.742125, -73.65739 40.742132, -73.657498 40.742396, -73.657686 40.742352, -73.657738 40.742479, -73.658038 40.742408, -73.658005 40.742327, -73.658059 40.742314, -73.657991 40.742148, -73.658775 40.741962, -73.658719 40.741824, -73.658577 40.741858, -73.658565 40.741828, -73.658535 40.741835, -73.658416 40.741544, -73.657902 40.741665, -73.657584 40.74089, -73.6574 40.740933, -73.657389 40.740906, -73.657093 40.740975, -73.657105 40.741004, -73.656973 40.741035)))",microsoft_us_building_footprints
ms-ny-000933,Microsoft footprint NY #34,NY,,181808.84,42.8185858,-73.6727056,,commercial_industrial_unknown,unknown,"MULTIPOLYGON (((-73.673992 42.818951, -73.674031 42.81816, -73.672922 42.81813, -73.672903 42.818525, -73.672371 42.818511, -73.672393 42.818074, -73.672126 42.818067, -73.672114 42.818311, -73.671329 42.81829, -73.671296 42.818964, -73.67233 42.818992, -73.672336 42.818865, -73.672409 42.818867, -73.672407 42.818909, -73.673992 42.818951)))",microsoft_us_building_footprints
ms-ny-000934,Microsoft footprint NY #35,NY,,191461.6,43.3104357,-73.6606865,,commercial_industrial_unknown,unknown,"MULTIPOLYGON (((-73.661809 43.309927, -73.661654 43.309944, -73.661623 43.310057, -73.66146 43.310075, -73.661335 43.309941, -73.660889 43.309991, -73.660939 43.310227, -73.660841 43.310238, -73.660313 43.309667, -73.661078 43.309779, -73.661014 43.309477, -73.660081 43.309581, -73.660221 43.310243, -73.659657 43.310306, -73.659765 43.310817, -73.660385 43.310747, -73.660182 43.311476, -73.660863 43.311401, -73.660793 43.311072, -73.661138 43.311123, -73.661095 43.310918, -73.660859 43.310944, -73.660796 43.310646, -73.661284 43.310718, -73.661246 43.310538, -73.661523 43.310507, -73.661484 43.310322, -73.661689 43.310222, -73.661762 43.310572, -73.661941 43.310552, -73.661809 43.309927)))",microsoft_us_building_footprints
ms-ny-000935,Microsoft footprint NY #36,NY,,101334.51,40.8425801,-73.6972012,,commercial_industrial_unknown,unknown,"MULTIPOLYGON (((-73.69684 40.841826, -73.696903 40.84335, -73.697562 40.843334, -73.6975 40.841811, -73.69684 40.841826)))",microsoft_us_building_footprints
ms-ny-000936,Microsoft footprint NY #37,NY,,112608.43,43.3339366,-73.6765228,,commercial_industrial_unknown,unknown,"MULTIPOLYGON (((-73.677186 43.334335, -73.677201 43.334128, -73.677381 43.334135, -73.67741 43.333736, -73.677267 43.33373, -73.677275 43.33363, -73.676877 43.333615, -73.676879 43.333585, -73.676577 43.333574, -73.676577 43.333572, -73.675619 43.333535, -73.675612 43.33364, -73.675764 43.333646, -73.675729 43.334135, -73.675856 43.33414, -73.675848 43.334254, -73.676017 43.33426, -73.676007 43.334404, -73.676181 43.33441, -73.676189 43.334296, -73.677186 43.334335)))",microsoft_us_building_footprints
ms-ny-000937,Microsoft footprint NY #38,NY,,101791.56,41.3260011,-73.6944800,,commercial_industrial_unknown,unknown,"MULTIPOLYGON (((-73.694174 41.325915, -73.694265 41.326232, -73.694383 41.326214, -73.694459 41.326481, -73.694351 41.326499, -73.694384 41.326616, -73.694418 41.326611, -73.694435 41.32667, -73.695204 41.326547, -73.695149 41.326351, -73.694882 41.326393, -73.694853 41.326293, -73.694928 41.326281, -73.694912 41.326227, -73.695035 41.326208, -73.694997 41.326071, -73.695058 41.326061, -73.694912 41.325547, -73.694514 41.32561, -73.694474 41.325468, -73.69434 41.325489, -73.694335 41.325472, -73.693897 41.325542, -73.693924 41.325638, -73.693575 41.325694, -73.69365 41.325956, -73.693742 41.325942, -73.693771 41.326044, -73.694007 41.326006, -73.69399 41.325944, -73.694174 41.325915)))",microsoft_us_building_footprints
ms-ny-000938,Microsoft footprint NY #39,NY,,116598.58,44.6663328,-73.7298281,,commercial_industrial_unknown,unknown,"MULTIPOLYGON (((-73.729782 44.665513, -73.729472 44.666179, -73.729537 44.666194, -73.729436 44.666412, -73.729383 44.6664, -73.729048 44.667118, -73.729096 44.66713, -73.72908 44.667164, -73.729187 44.667189, -73.729252 44.66705, -73.729409 44.667087, -73.729474 44.666946, -73.72997 44.667063, -73.730053 44.666884, -73.729998 44.666871, -73.730111 44.666627, -73.730153 44.666637, -73.73048 44.665934, -73.73039 44.665913, -73.730497 44.665682, -73.729782 44.665513)))",microsoft_us_building_footprints
ms-ny-000939,Microsoft footprint NY #40,NY,,102069.69,40.6635665,-73.7240447,,commercial_industrial_unknown,unknown,"MULTIPOLYGON (((-73.723687 40.664241, -73.724564 40.664241, -73.724564 40.663722, -73.724253 40.663722, -73.724253 40.663673, -73.724204 40.663674, -73.724204 40.663283, -73.724327 40.663283, -73.724327 40.663061, -73.724456 40.663061, -73.724456 40.662984, -73.72423 40.662984, -73.72423 40.662756, -73.723686 40.662756, -73.723687 40.664241)))",microsoft_us_building_footprints
ms-ny-000940,Microsoft footprint NY #41,NY,,135251.18,42.7541197,-73.7611895,,commercial_industrial_unknown,unknown,"MULTIPOLYGON (((-73.760995 42.753383, -73.760776 42.754109, -73.760571 42.754076, -73.760362 42.754771, -73.760662 42.754819, -73.760711 42.754657, -73.761316 42.754755, -73.761289 42.754844, -73.761381 42.754859, -73.761422 42.754722, -73.761454 42.754727, -73.761495 42.75459, -73.761571 42.754603, -73.7618 42.753842, -73.76198 42.753871, -73.762044 42.75366, -73.761839 42.753627, -73.76187 42.753525, -73.760995 42.753383)))",microsoft_us_building_footprints
ms-ny-000941,Microsoft footprint NY #42,NY,,117254.42,42.6612631,-73.7678817,,commercial_industrial_unknown,unknown,"MULTIPOLYGON (((-73.76908 42.662009, -73.767156 42.660272, -73.766989 42.660372, -73.767024 42.660495, -73.767113 42.660481, -73.767166 42.66053, -73.76709 42.660611, -73.767108 42.660675, -73.766967 42.660697, -73.766844 42.660614, -73.766964 42.660542, -73.766861 42.660449, -73.766681 42.660556, -73.76759 42.661377, -73.767844 42.661225, -73.767898 42.661274, -73.767653 42.661421, -73.767692 42.661457, -73.76792 42.661421, -73.767973 42.661469, -73.767818 42.661562, -73.767997 42.661724, -73.768001 42.661726, -73.768364 42.662054, -73.768713 42.661845, -73.768819 42.661941, -73.768497 42.662133, -73.768646 42.662269, -73.76908 42.662009)))",microsoft_us_building_footprints
ms-ny-000942,Microsoft footprint NY #43,NY,,251493.96,42.6674204,-73.7461847,,commercial_industrial_unknown,unknown,"MULTIPOLYGON (((-73.747816 42.667667, -73.747604 42.667076, -73.74684 42.667224, -73.746655 42.666708, -73.74538 42.666954, -73.745518 42.66734, -73.74548 42.667347, -73.745415 42.667166, -73.744917 42.667262, -73.744842 42.667053, -73.744781 42.667065, -73.744767 42.667026, -73.74468 42.667043, -73.744672 42.66702, -73.744574 42.667039, -73.744587 42.667075, -73.744466 42.667099, -73.744541 42.66731, -73.744842 42.667252, -73.744858 42.667295, -73.744636 42.667338, -73.744786 42.667759, -73.745391 42.667642, -73.745557 42.668105, -73.747816 42.667667)))",microsoft_us_building_footprints
ms-ny-000943,Microsoft footprint NY #44,NY,,100558.35,40.6595658,-73.7791695,,commercial_industrial_unknown,unknown,"MULTIPOLYGON (((-73.7799 40.659078, -73.77925 40.658831, -73.778439 40.660053, -73.779089 40.660301, -73.7799 40.659078)))",microsoft_us_building_footprints
ms-ny-000944,Microsoft footprint NY #45,NY,,126300.2,42.6551612,-73.7592744,,commercial_industrial_unknown,unknown,"MULTIPOLYGON (((-73.760356 42.655297, -73.758772 42.65447, -73.758715 42.654462, -73.758577 42.654635, -73.75861 42.654652, -73.758571 42.654788, -73.758219 42.655152, -73.75824 42.655171, -73.758222 42.655235, -73.758479 42.655369, -73.758523 42.655323, -73.758567 42.65533, -73.758617 42.6553, -73.75867 42.655309, -73.758836 42.65521, -73.758848 42.655216, -73.758967 42.655235, -73.758986 42.655251, -73.759043 42.65526, -73.759049 42.655241, -73.759152 42.655179, -73.759259 42.655235, -73.759289 42.655263, -73.759241 42.655429, -73.759203 42.655469, -73.759158 42.655625, -73.759328 42.65578, -73.759418 42.655827, -73.759614 42.655624, -73.759898 42.655772, -73.760356 42.655297)))",microsoft_us_building_footprints
ms-ny-000945,Microsoft footprint NY #46,NY,,182811.76,42.9645696,-73.8046164,,commercial_industrial_unknown,unknown,"MULTIPOLYGON (((-73.80514 42.964586, -73.805607 42.964707, -73.805841 42.964225, -73.805216 42.964062, -73.805313 42.963863, -73.805189 42.963831, -73.805152 42.963908, -73.804775 42.96381, -73.804745 42.963874, -73.80475 42.963887, -73.804675 42.963903, -73.804429 42.96441, -73.804002 42.964299, -73.804048 42.964203, -73.803741 42.964123, -73.803646 42.964143, -73.803551 42.964339, -73.803675 42.964371, -73.803476 42.964782, -73.804076 42.964938, -73.803949 42.9652, -73.80472 42.9654, -73.805027 42.964767, -73.805139 42.964744, -73.805176 42.964666, -73.80516 42.964625, -73.805126 42.964616, -73.80514 42.964586)))",microsoft_us_building_footprints
ms-ny-000946,Microsoft footprint NY #47,NY,,259253.74,42.6950072,-73.8262085,,commercial_industrial_unknown,unknown,"MULTIPOLYGON (((-73.82797 42.695424, -73.827254 42.695082, -73.82681 42.695165, -73.82677 42.695161, -73.826769 42.695162, -73.826695 42.69495, -73.826845 42.69478, -73.826704 42.694766, -73.825547 42.694214, -73.825509 42.694105, -73.825282 42.693997, -73.82527 42.693999, -73.824995 42.693972, -73.824743 42.694257, -73.824649 42.694248, -73.824609 42.694468, -73.824685 42.694504, -73.824611 42.694589, -73.824603 42.694629, -73.82472 42.694685, -73.824698 42.694621, -73.824727 42.694615, -73.824759 42.694579, -73.824776 42.694629, -73.824823 42.694634, -73.824884 42.694808, -73.826515 42.695586, -73.826493 42.695705, -73.826966 42.69593, -73.827017 42.695874, -73.827408 42.69606, -73.82797 42.695424)))",microsoft_us_building_footprints
ms-ny-000947,Microsoft footprint NY #48,NY,,103305.11,40.7943764,-73.8087942,,commercial_industrial_unknown,unknown,"MULTIPOLYGON (((-73.808397 40.7953, -73.808938 40.795333, -73.808981 40.794937, -73.808823 40.794927, -73.808852 40.794661, -73.809066 40.794674, -73.809122 40.794149, -73.809196 40.794154, -73.809258 40.793577, -73.808586 40.793536, -73.808397 40.7953)))",microsoft_us_building_footprints
ms-ny-000948,Microsoft footprint NY #49,NY,,383355.93,41.3286317,-73.8076845,,commercial_industrial_unknown,unknown,"MULTIPOLYGON (((-73.809542 41.328753, -73.808166 41.328279, -73.808116 41.328315, -73.806058 41.327605, -73.805952 41.327681, -73.805636 41.327572, -73.805509 41.32778, -73.805795 41.327879, -73.805506 41.328351, -73.805924 41.328495, -73.805966 41.328427, -73.807173 41.328843, -73.807037 41.329066, -73.807249 41.329234, -73.807698 41.329389, -73.807805 41.329313, -73.808011 41.329384, -73.808174 41.329116, -73.808367 41.329182, -73.808312 41.329272, -73.808562 41.329358, -73.808577 41.329334, -73.808623 41.329318, -73.808691 41.329269, -73.808892 41.329427, -73.809504 41.329639, -73.809788 41.329174, -73.809939 41.329067, -73.809542 41.328753)))",microsoft_us_building_footprints
ms-ny-000949,Microsoft footprint NY #50,NY,,130548.47,40.7595215,-73.8287225,,commercial_industrial_unknown,unknown,"MULTIPOLYGON (((-73.829901 40.759589, -73.82971 40.759029, -73.827544 40.759454, -73.827735 40.760014, -73.829901 40.759589)))",microsoft_us_building_footprints
ms-ny-000950,Microsoft footprint NY #51,NY,,108707.57,40.7662068,-73.8318636,,commercial_industrial_unknown,unknown,"MULTIPOLYGON (((-73.831202 40.765625, -73.831639 40.766849, -73.832104 40.766753, -73.832131 40.766829, -73.832556 40.766742, -73.832352 40.766172, -73.832315 40.76618, -73.832299 40.766134, -73.832194 40.766156, -73.832167 40.76608, -73.832292 40.766055, -73.832245 40.765924, -73.831805 40.766014, -73.831777 40.765935, -73.831839 40.765922, -73.831822 40.765875, -73.832184 40.7658, -73.832142 40.765681, -73.832184 40.765672, -73.832169 40.765631, -73.832122 40.76564, -73.832083 40.765533, -73.831641 40.765623, -73.831612 40.765541, -73.831202 40.765625)))",microsoft_us_building_footprints
ms-ny-000951,Microsoft footprint NY #52,NY,,108014.08,41.2903002,-73.8287362,,commercial_industrial_unknown,unknown,"MULTIPOLYGON (((-73.828098 41.290699, -73.829318 41.290801, -73.829348 41.2906, -73.829409 41.290605, -73.829436 41.29042, -73.829391 41.290416, -73.829451 41.290008, -73.829115 41.28998, -73.829105 41.290045, -73.828543 41.289999, -73.828604 41.289589, -73.828266 41.289561, -73.828098 41.290699)))",microsoft_us_building_footprints
ms-ny-000952,Microsoft footprint NY #53,NY,,338919.99,40.7755702,-73.8308091,,commercial_industrial_unknown,unknown,"MULTIPOLYGON (((-73.829547 40.776298, -73.830004 40.776468, -73.830062 40.776423, -73.830972 40.776761, -73.831851 40.775405, -73.832043 40.775426, -73.832095 40.775346, -73.83219 40.775382, -73.832283 40.775238, -73.832065 40.775079, -73.831347 40.774813, -73.831367 40.774712, -73.831227 40.77466, -73.831224 40.77466, -73.831203 40.774692, -73.830796 40.774541, -73.831056 40.77414, -73.830827 40.774054, -73.83026 40.774929, -73.830309 40.774965, -73.830351 40.77498, -73.829986 40.775542, -73.829769 40.775517, -73.829719 40.775499, -73.829675 40.775567, -73.829695 40.775582, -73.82959 40.775665, -73.829577 40.775686, -73.82968 40.775724, -73.829784 40.775732, -73.829872 40.775796, -73.829547 40.776298)))",microsoft_us_building_footprints
ms-ny-000953,Microsoft footprint NY #54,NY,,108404.65,42.7042370,-73.8306857,,commercial_industrial_unknown,unknown,"MULTIPOLYGON (((-73.829824 42.704472, -73.83009 42.704634, -73.830059 42.704662, -73.830494 42.704927, -73.831562 42.703982, -73.830861 42.703554, -73.829824 42.704472)))",microsoft_us_building_footprints
ms-ny-000954,Microsoft footprint NY #55,NY,,100470.91,40.8752033,-73.8616332,,commercial_industrial_unknown,unknown,"MULTIPOLYGON (((-73.862422 40.875005, -73.861541 40.874769, -73.861535 40.874781, -73.861559 40.874788, -73.86149 40.874934, -73.861357 40.874898, -73.861452 40.874696, -73.861204 40.87463, -73.860844 40.875397, -73.862082 40.875729, -73.862422 40.875005)))",microsoft_us_building_footprints
ms-ny-000955,Microsoft footprint NY #56,NY,,136112.69,40.7510313,-73.8452981,,commercial_industrial_unknown,unknown,"MULTIPOLYGON (((-73.845604 40.75049, -73.844854 40.750703, -73.844864 40.750706, -73.8445 40.750809, -73.844558 40.750927, -73.844489 40.750946, -73.844428 40.751088, -73.844457 40.751148, -73.844395 40.751166, -73.844538 40.751455, -73.844587 40.751467, -73.844642 40.751451, -73.844672 40.751512, -73.844866 40.75156, -73.844923 40.751543, -73.844956 40.751551, -73.845203 40.751481, -73.845236 40.751548, -73.845327 40.751522, -73.84535 40.75147, -73.846032 40.751276, -73.846146 40.75101, -73.84622 40.750989, -73.845996 40.750537, -73.845902 40.750563, -73.845604 40.75049)))",microsoft_us_building_footprints
ms-ny-000956,Microsoft footprint NY #57,NY,,102187.6,42.0186045,-73.8699429,,commercial_industrial_unknown,unknown,"MULTIPOLYGON (((-73.870225 42.018641, -73.869861 42.018598, -73.869832 42.018732, -73.86967 42.018713, -73.869654 42.018791, -73.86958 42.018782, -73.869702 42.018214, -73.869442 42.018184, -73.869317 42.018772, -73.868849 42.018717, -73.868754 42.019161, -73.869099 42.019202, -73.869185 42.018801, -73.869273 42.018812, -73.869247 42.018932, -73.86948 42.018959, -73.869487 42.018926, -73.870391 42.019033, -73.870379 42.019085, -73.870431 42.019091, -73.870442 42.019039, -73.870494 42.019045, -73.870519 42.018928, -73.870663 42.018945, -73.870745 42.018559, -73.870452 42.018524, -73.87048 42.018395, -73.87058 42.018407, -73.870733 42.017692, -73.870435 42.017657, -73.870225 42.018641)))",microsoft_us_building_footprints
ms-ny-000957,Microsoft footprint NY #58,NY,,100839.3,42.7016418,-73.8763581,,commercial_industrial_unknown,unknown,"MULTIPOLYGON (((-73.875554 42.701929, -73.875859 42.702079, -73.875796 42.702149, -73.876151 42.702324, -73.876549 42.701887, -73.876643 42.701934, -73.876973 42.701572, -73.877049 42.70161, -73.877237 42.701404, -73.876406 42.700995, -73.875554 42.701929)))",microsoft_us_building_footprints
ms-ny-000958,Microsoft footprint NY #59,NY,,170790.43,42.7061332,-73.8765034,,commercial_industrial_unknown,unknown,"MULTIPOLYGON (((-73.875759 42.705306, -73.875158 42.705925, -73.876052 42.706394, -73.876175 42.706267, -73.876961 42.706679, -73.876945 42.706695, -73.87732 42.706892, -73.87735 42.706861, -73.877425 42.7069, -73.877462 42.706862, -73.87754 42.706903, -73.877576 42.706866, -73.877652 42.706906, -73.87773 42.706826, -73.877817 42.706872, -73.878045 42.706637, -73.877826 42.706522, -73.877785 42.706565, -73.877424 42.706376, -73.877388 42.706414, -73.877163 42.706296, -73.877327 42.706128, -73.875759 42.705306)))",microsoft_us_building_footprints
ms-ny-000959,Microsoft footprint NY #60,NY,,105149.24,40.8348495,-73.8834242,,commercial_industrial_unknown,unknown,"MULTIPOLYGON (((-73.88421 40.834221, -73.883589 40.834046, -73.883417 40.834396, -73.883973 40.834552, -73.883889 40.834587, -73.883859 40.834646, -73.883215 40.834465, -73.882938 40.835028, -73.882927 40.835025, -73.882865 40.83515, -73.882689 40.835101, -73.882623 40.835233, -73.88256 40.835215, -73.882511 40.835313, -73.882765 40.835385, -73.882689 40.835416, -73.882645 40.835505, -73.882982 40.8356, -73.883041 40.835479, -73.883118 40.8355, -73.883262 40.835209, -73.883351 40.835173, -73.883044 40.835086, -73.883065 40.835044, -73.883649 40.835209, -73.883537 40.835255, -73.883525 40.83528, -73.883367 40.835235, -73.883311 40.835348, -73.883613 40.835433, -73.88421 40.834221)))",microsoft_us_building_footprints
ms-ny-000960,Microsoft footprint NY #61,NY,,359182.98,41.7057548,-73.8652367,,commercial_industrial_unknown,unknown,"MULTIPOLYGON (((-73.863656 41.706296, -73.865225 41.706835, -73.865405 41.706543, -73.865691 41.706641, -73.865934 41.706246, -73.866162 41.706325, -73.866195 41.706271, -73.865994 41.706202, -73.866267 41.705758, -73.866497 41.705837, -73.86653 41.705783, -73.866318 41.705711, -73.86642 41.705545, -73.866513 41.705577, -73.86649 41.705615, -73.866669 41.705677, -73.866845 41.705392, -73.866667 41.705331, -73.866627 41.705396, -73.866286 41.705279, -73.866418 41.705066, -73.86504 41.704593, -73.86426 41.705858, -73.863984 41.705763, -73.863656 41.706296)))",microsoft_us_building_footprints
ms-ny-000961,Microsoft footprint NY #62,NY,,107479.44,41.2749395,-73.8689574,,commercial_industrial_unknown,unknown,"MULTIPOLYGON (((-73.867862 41.275107, -73.86822 41.275576, -73.869305 41.275107, -73.869201 41.274971, -73.869803 41.274711, -73.869846 41.274767, -73.869905 41.274742, -73.870008 41.274876, -73.870232 41.27478, -73.869846 41.274275, -73.869592 41.274385, -73.869636 41.274442, -73.868979 41.274726, -73.868901 41.274625, -73.868373 41.274853, -73.868392 41.274878, -73.867862 41.275107)))",microsoft_us_building_footprints
ms-ny-000962,Microsoft footprint NY #63,NY,,164832.64,40.7645428,-73.8931598,,commercial_industrial_unknown,unknown,"MULTIPOLYGON (((-73.894007 40.764988, -73.89396 40.764231, -73.893998 40.76423, -73.893992 40.764146, -73.893952 40.764147, -73.893944 40.76402, -73.893042 40.764051, -73.89304 40.764017, -73.892845 40.764024, -73.892847 40.764064, -73.892307 40.764084, -73.892316 40.764227, -73.892276 40.764229, -73.89228 40.764308, -73.892331 40.764306, -73.892377 40.765054, -73.893006 40.765032, -73.89301 40.765096, -73.893085 40.765093, -73.893087 40.765125, -73.89332 40.765116, -73.893318 40.765084, -73.893387 40.765081, -73.893383 40.76501, -73.894007 40.764988)))",microsoft_us_building_footprints
ms-ny-000963,Microsoft footprint NY #64,NY,,177997.43,42.2187380,-73.8703453,,commercial_industrial_unknown,unknown,"MULTIPOLYGON (((-73.869895 42.21782, -73.870066 42.218415, -73.869758 42.218463, -73.869916 42.219015, -73.86993 42.219012, -73.869995 42.219299, -73.870154 42.219274, -73.870187 42.219389, -73.869825 42.219446, -73.869996 42.220044, -73.870512 42.219963, -73.870543 42.220071, -73.870774 42.220035, -73.870559 42.219784, -73.870779 42.21968, -73.870572 42.219439, -73.870536 42.219314, -73.870384 42.219338, -73.870355 42.219237, -73.870608 42.219198, -73.870551 42.219, -73.870281 42.219043, -73.870257 42.21896, -73.870456 42.218866, -73.870397 42.218661, -73.871043 42.218559, -73.87076 42.217573, -73.870047 42.217685, -73.870077 42.217791, -73.869895 42.21782)))",microsoft_us_building_footprints
ms-ny-000964,Microsoft footprint NY #65,NY,,135032.14,40.7630131,-73.8947680,,commercial_industrial_unknown,unknown,"MULTIPOLYGON (((-73.895291 40.763731, -73.895243 40.763079, -73.895286 40.763077, -73.895268 40.762829, -73.895212 40.762831, -73.895201 40.762681, -73.895247 40.762679, -73.895231 40.762469, -73.895178 40.762471, -73.895167 40.762313, -73.894389 40.762345, -73.894394 40.762406, -73.8942 40.762414, -73.894279 40.763506, -73.894482 40.763497, -73.894495 40.763675, -73.894716 40.763666, -73.894722 40.763755, -73.895291 40.763731)))",microsoft_us_building_footprints
ms-ny-000965,Microsoft footprint NY #66,NY,,152644.57,40.6404159,-73.8984833,,commercial_industrial_unknown,unknown,"MULTIPOLYGON (((-73.898709 40.639623, -73.897392 40.640421, -73.897562 40.640582, -73.897803 40.640436, -73.898038 40.64066, -73.8979 40.640744, -73.898153 40.640984, -73.898048 40.641047, -73.898256 40.641245, -73.898641 40.641012, -73.898611 40.640984, -73.898969 40.640767, -73.898916 40.640717, -73.899293 40.640489, -73.89933 40.640525, -73.899507 40.640418, -73.899063 40.639995, -73.898983 40.640043, -73.898747 40.63982, -73.898826 40.639772, -73.898728 40.639679, -73.898752 40.639664, -73.898709 40.639623)))",microsoft_us_building_footprints
ms-ny-000966,Microsoft footprint NY #67,NY,,116666.12,40.8074390,-73.8745833,,commercial_industrial_unknown,unknown,"MULTIPOLYGON (((-73.875517 40.807037, -73.873532 40.807272, -73.873649 40.807841, -73.875635 40.807606, -73.875517 40.807037)))",microsoft_us_building_footprints
ms-ny-000967,Microsoft footprint NY #68,NY,,182517.67,42.8296184,-73.8764375,,commercial_industrial_unknown,unknown,"MULTIPOLYGON (((-73.876475 42.829956, -73.876809 42.828844, -73.875839 42.828687, -73.875687 42.828765, -73.875781 42.828802, -73.875748 42.828914, -73.875436 42.828863, -73.875376 42.82906, -73.876063 42.829171, -73.876162 42.829275, -73.876161 42.829278, -73.87557 42.829182, -73.875543 42.829272, -73.875679 42.829294, -73.875546 42.829737, -73.875904 42.829795, -73.875876 42.829887, -73.875406 42.829811, -73.87535 42.829996, -73.877396 42.830327, -73.877366 42.830427, -73.877489 42.830446, -73.877448 42.830582, -73.877698 42.830681, -73.877782 42.830399, -73.87796 42.830428, -73.878053 42.830302, -73.877861 42.830226, -73.877954 42.829916, -73.877701 42.829875, -73.877621 42.830141, -73.876475 42.829956)))",microsoft_us_building_footprints
ms-ny-000968,Microsoft footprint NY #69,NY,,145533.45,40.7583772,-73.9036326,,commercial_industrial_unknown,unknown,"MULTIPOLYGON (((-73.904274 40.758979, -73.904098 40.757689, -73.902991 40.757776, -73.903167 40.759065, -73.904274 40.758979)))",microsoft_us_building_footprints
ms-ny-000969,Microsoft footprint NY #70,NY,,177513.18,40.6528676,-73.9039112,,commercial_industrial_unknown,unknown,"MULTIPOLYGON (((-73.905328 40.652382, -73.904853 40.651927, -73.902497 40.653347, -73.902978 40.653806, -73.904381 40.652961, -73.904375 40.652956, -73.905328 40.652382)))",microsoft_us_building_footprints
ms-ny-000970,Microsoft footprint NY #71,NY,,173158.9,40.7177029,-73.9131630,,commercial_industrial_unknown,unknown,"MULTIPOLYGON (((-73.912205 40.716512, -73.913409 40.718943, -73.914121 40.71874, -73.913993 40.718482, -73.913819 40.718532, -73.913736 40.718364, -73.913816 40.718341, -73.913859 40.718429, -73.913939 40.718406, -73.913708 40.717939, -73.913504 40.717997, -73.913479 40.717947, -73.913651 40.717898, -73.913276 40.717143, -73.912943 40.717238, -73.912887 40.717126, -73.913188 40.71704, -73.912994 40.716648, -73.912888 40.716678, -73.91285 40.716601, -73.912941 40.716576, -73.912849 40.716391, -73.912718 40.716429, -73.912748 40.71649, -73.912555 40.716545, -73.91259 40.716614, -73.912414 40.716664, -73.912381 40.716597, -73.912546 40.71655, -73.912487 40.716431, -73.912205 40.716512)))",microsoft_us_building_footprints
ms-ny-000971,Microsoft footprint NY #72,NY,,108052.38,41.7178756,-73.8982573,,commercial_industrial_unknown,unknown,"MULTIPOLYGON (((-73.89796 41.71717, -73.897668 41.718071, -73.897782 41.718092, -73.897727 41.718262, -73.898012 41.718313, -73.897974 41.718431, -73.898597 41.718543, -73.898873 41.71769, -73.898714 41.717661, -73.898741 41.717577, -73.898469 41.717528, -73.89855 41.717276, -73.89796 41.71717)))",microsoft_us_building_footprints
ms-ny-000972,Microsoft footprint NY #73,NY,,100186.05,40.8140785,-73.8979028,,commercial_industrial_unknown,unknown,"MULTIPOLYGON (((-73.898578 40.813364, -73.898546 40.8134, -73.898401 40.813324, -73.898321 40.813412, -73.898375 40.81344, -73.898272 40.813552, -73.898173 40.8135, -73.898133 40.813543, -73.898211 40.813584, -73.89818 40.813618, -73.898039 40.813544, -73.897807 40.813797, -73.897862 40.813826, -73.897783 40.813913, -73.897662 40.813849, -73.897564 40.813955, -73.897673 40.814012, -73.897596 40.814096, -73.897435 40.814012, -73.897009 40.814476, -73.897634 40.814804, -73.898832 40.813497, -73.898578 40.813364)))",microsoft_us_building_footprints
ms-ny-000973,Microsoft footprint NY #74,NY,,154361.6,40.7646759,-73.9204035,,commercial_industrial_unknown,unknown,"MULTIPOLYGON (((-73.921031 40.763322, -73.919213 40.765767, -73.919795 40.766015, -73.921425 40.763823, -73.921234 40.763741, -73.921036 40.764008, -73.921018 40.764, -73.92088 40.764185, -73.920871 40.764181, -73.920801 40.764276, -73.920796 40.764274, -73.920726 40.764368, -73.920719 40.764365, -73.920665 40.764436, -73.920731 40.764464, -73.920577 40.764671, -73.920557 40.764663, -73.919845 40.765621, -73.919705 40.765562, -73.92111 40.763672, -73.920993 40.763622, -73.921075 40.763511, -73.921183 40.763557, -73.921129 40.763629, -73.921552 40.76381, -73.921702 40.763609, -73.921031 40.763322)))",microsoft_us_building_footprints
ms-ny-000974,Microsoft footprint NY #75,NY,,351495.71,40.6492641,-73.9021341,,commercial_industrial_unknown,unknown,"MULTIPOLYGON (((-73.900597 40.649217, -73.901903 40.650457, -73.903055 40.649758, -73.902804 40.64952, -73.903573 40.649053, -73.90257 40.648101, -73.902256 40.648291, -73.902172 40.648212, -73.901974 40.648332, -73.902079 40.648431, -73.901109 40.649019, -73.901037 40.64895, -73.900597 40.649217)))",microsoft_us_building_footprints
ms-ny-000975,Microsoft footprint NY #76,NY,,117921.36,40.7101180,-73.9219597,,commercial_industrial_unknown,unknown,"MULTIPOLYGON (((-73.922792 40.710331, -73.922544 40.709678, -73.922407 40.709707, -73.922306 40.709441, -73.92191 40.709527, -73.92183 40.709616, -73.921995 40.709702, -73.922006 40.709732, -73.921917 40.70983, -73.921698 40.709716, -73.921091 40.710386, -73.921061 40.710392, -73.92104 40.710415, -73.921096 40.710561, -73.921188 40.710541, -73.921237 40.710671, -73.922792 40.710331)))",microsoft_us_building_footprints
ms-ny-000976,Microsoft footprint NY #77,NY,,105009.63,40.7701723,-73.9047075,,commercial_industrial_unknown,unknown,"MULTIPOLYGON (((-73.903606 40.770939, -73.90394 40.771161, -73.905222 40.770055, -73.905042 40.769935, -73.905023 40.76988, -73.905334 40.769612, -73.905389 40.769601, -73.905439 40.769634, -73.905528 40.769557, -73.905598 40.769604, -73.905492 40.769696, -73.90545 40.769668, -73.90535 40.769754, -73.905517 40.769865, -73.905538 40.769861, -73.905612 40.769797, -73.905596 40.76975, -73.905648 40.76974, -73.905853 40.769564, -73.905668 40.769442, -73.905566 40.76953, -73.905519 40.769539, -73.905503 40.76949, -73.905621 40.769388, -73.905344 40.769203, -73.905043 40.769463, -73.905272 40.769615, -73.905215 40.769664, -73.904973 40.769503, -73.904498 40.769914, -73.904665 40.770025, -73.903606 40.770939)))",microsoft_us_building_footprints
ms-ny-000977,Microsoft footprint NY #78,NY,,101755.63,40.6768922,-73.9289114,,commercial_industrial_unknown,unknown,"MULTIPOLYGON (((-73.929896 40.67667, -73.928043 40.676579, -73.928032 40.676711, -73.928005 40.676709, -73.92798 40.676999, -73.927937 40.676997, -73.927927 40.677121, -73.929551 40.677201, -73.929555 40.677152, -73.929766 40.677162, -73.929775 40.677055, -73.929863 40.677059, -73.929872 40.676954, -73.929872 40.676954, -73.929896 40.67667)))",microsoft_us_building_footprints
ms-ny-000978,Microsoft footprint NY #79,NY,,184467.85,40.8240001,-73.9358335,,commercial_industrial_unknown,unknown,"MULTIPOLYGON (((-73.93703 40.823997, -73.935272 40.823297, -73.935267 40.823304, -73.935239 40.823307, -73.935208 40.823353, -73.935091 40.823307, -73.935028 40.823314, -73.93494 40.823279, -73.934922 40.823304, -73.934924 40.82331, -73.934894 40.823314, -73.934869 40.823304, -73.934842 40.823343, -73.934859 40.823426, -73.934765 40.823561, -73.93478 40.823636, -73.934985 40.823717, -73.935002 40.823799, -73.934889 40.823962, -73.934933 40.824175, -73.936175 40.824669, -73.936198 40.824667, -73.936216 40.824641, -73.936393 40.824712, -73.936435 40.824651, -73.936515 40.824683, -73.936571 40.824602, -73.936612 40.824597, -73.93703 40.823997)))",microsoft_us_building_footprints
ms-ny-000979,Microsoft footprint NY #80,NY,,166100.87,42.8200208,-73.9168716,,commercial_industrial_unknown,unknown,"MULTIPOLYGON (((-73.918294 42.81972, -73.91775 42.819722, -73.917655 42.819624, -73.916011 42.819631, -73.916011 42.819616, -73.915976 42.819609, -73.915775 42.819714, -73.915778 42.820041, -73.915845 42.82004, -73.915847 42.820413, -73.915953 42.820413, -73.916044 42.820401, -73.916147 42.820401, -73.916041 42.820456, -73.916041 42.820543, -73.916473 42.820541, -73.916473 42.820485, -73.916796 42.820316, -73.916795 42.820125, -73.916866 42.820125, -73.916868 42.820347, -73.916996 42.820346, -73.916998 42.820608, -73.917142 42.820607, -73.917262 42.820545, -73.91726 42.820312, -73.917393 42.82034, -73.917394 42.82041, -73.917668 42.820409, -73.917666 42.820023, -73.918296 42.820021, -73.918294 42.81972)))",microsoft_us_building_footprints
ms-ny-000980,Microsoft footprint NY #81,NY,,105408.87,40.8105922,-73.9451861,,commercial_industrial_unknown,unknown,"MULTIPOLYGON (((-73.943897 40.8104, -73.946333 40.811307, -73.946448 40.811131, -73.945227 40.810676, -73.945254 40.810635, -73.945112 40.810583, -73.945037 40.810643, -73.944799 40.810554, -73.944875 40.810438, -73.944802 40.810411, -73.944746 40.810497, -73.944617 40.810449, -73.944716 40.810296, -73.944291 40.810352, -73.944153 40.810253, -73.944434 40.810031, -73.944485 40.810253, -73.944529 40.810269, -73.944576 40.810196, -73.944879 40.810309, -73.944822 40.810397, -73.945064 40.810488, -73.945124 40.810395, -73.94532 40.810536, -73.945368 40.810498, -73.945438 40.810524, -73.945359 40.810646, -73.945459 40.810683, -73.945515 40.810639, -73.946213 40.810899, -73.946341 40.810701, -73.944216 40.80991, -73.943897 40.8104)))",microsoft_us_building_footprints
ms-ny-000981,Microsoft footprint NY #82,NY,,108236.05,40.7750780,-73.9462206,,commercial_industrial_unknown,unknown,"MULTIPOLYGON (((-73.945322 40.77444, -73.945011 40.774929, -73.946 40.775289, -73.946119 40.775101, -73.945992 40.775054, -73.94593 40.775152, -73.945814 40.77511, -73.945895 40.774983, -73.945447 40.77482, -73.945502 40.774732, -73.945926 40.774886, -73.945917 40.774902, -73.94617 40.774994, -73.94617 40.774994, -73.947073 40.775322, -73.946989 40.775454, -73.946156 40.775151, -73.946029 40.77535, -73.947088 40.775736, -73.947425 40.775205, -73.945322 40.77444)))",microsoft_us_building_footprints
ms-ny-000982,Microsoft footprint NY #83,NY,,129832.48,40.8181144,-73.9237066,,commercial_industrial_unknown,unknown,"MULTIPOLYGON (((-73.924804 40.818041, -73.922822 40.817585, -73.922643 40.818031, -73.922685 40.818041, -73.922629 40.818178, -73.923052 40.818275, -73.923062 40.818249, -73.923136 40.818266, -73.923121 40.818304, -73.923656 40.818427, -73.923647 40.818449, -73.924497 40.818644, -73.924538 40.818542, -73.924597 40.818556, -73.924804 40.818041)))",microsoft_us_building_footprints
ms-ny-000983,Microsoft footprint NY #84,NY,,102384.58,40.7035778,-73.9524512,,commercial_industrial_unknown,unknown,"MULTIPOLYGON (((-73.951478 40.703833, -73.951928 40.704263, -73.952802 40.703738, -73.952706 40.703647, -73.953193 40.703354, -73.953238 40.703396, -73.953481 40.703249, -73.953075 40.702862, -73.95282 40.703015, -73.952877 40.703069, -73.952664 40.703197, -73.952596 40.703132, -73.952432 40.70323, -73.952507 40.703301, -73.952394 40.703369, -73.952338 40.703315, -73.951478 40.703833)))",microsoft_us_building_footprints
ms-ny-000984,Microsoft footprint NY #85,NY,,404352.14,40.7647799,-73.9536304,,commercial_industrial_unknown,unknown,"MULTIPOLYGON (((-73.951947 40.765128, -73.953711 40.765841, -73.953799 40.765716, -73.953889 40.765753, -73.953794 40.765887, -73.954157 40.766034, -73.954497 40.765552, -73.953913 40.765315, -73.954014 40.765171, -73.954598 40.765408, -73.954683 40.765287, -73.954502 40.765214, -73.954635 40.765024, -73.954829 40.765103, -73.955396 40.764298, -73.955039 40.764154, -73.95482 40.764465, -73.95443 40.764307, -73.954374 40.764386, -73.954129 40.764288, -73.954151 40.764188, -73.953891 40.764084, -73.953871 40.764179, -73.953848 40.764176, -73.953711 40.764121, -73.954004 40.763705, -73.953311 40.763425, -73.95251 40.764561, -73.953337 40.764896, -73.953314 40.765004, -73.953174 40.764986, -73.952297 40.764632, -73.951947 40.765128)))",microsoft_us_building_footprints
ms-ny-000985,Microsoft footprint NY #86,NY,,100861.73,40.8032135,-73.9316000,,commercial_industrial_unknown,unknown,"MULTIPOLYGON (((-73.930935 40.802669, -73.930622 40.803165, -73.932265 40.803758, -73.932578 40.803262, -73.930935 40.802669)))",microsoft_us_building_footprints
ms-ny-000986,Microsoft footprint NY #87,NY,,114972.68,40.7421923,-73.9364514,,commercial_industrial_unknown,unknown,"MULTIPOLYGON (((-73.936235 40.741367, -73.93596 40.742937, -73.936159 40.742957, -73.936159 40.742959, -73.936259 40.742969, -73.936249 40.743025, -73.936324 40.743033, -73.936333 40.742981, -73.936668 40.743014, -73.936944 40.741438, -73.936235 40.741367)))",microsoft_us_building_footprints
ms-ny-000987,Microsoft footprint NY #88,NY,,129490.37,40.7629372,-73.9611119,,commercial_industrial_unknown,unknown,"MULTIPOLYGON (((-73.962319 40.763089, -73.960254 40.7623, -73.960073 40.762572, -73.960026 40.762554, -73.95988 40.762772, -73.961992 40.76358, -73.962319 40.763089)))",microsoft_us_building_footprints
ms-ny-000988,Microsoft footprint NY #89,NY,,116303.87,40.8156132,-73.9413667,,commercial_industrial_unknown,unknown,"MULTIPOLYGON (((-73.940196 40.815472, -73.941405 40.815923, -73.941536 40.815722, -73.94147 40.815698, -73.941503 40.815647, -73.941608 40.815655, -73.941915 40.815769, -73.941875 40.81583, -73.941807 40.815825, -73.941616 40.815754, -73.941462 40.815991, -73.942189 40.816262, -73.942325 40.816052, -73.942008 40.815934, -73.942009 40.815925, -73.942027 40.815896, -73.94212 40.815931, -73.942154 40.81588, -73.942239 40.815911, -73.942235 40.815941, -73.942463 40.816027, -73.942617 40.815791, -73.94113 40.815236, -73.941028 40.815392, -73.94112 40.815427, -73.941085 40.815479, -73.940952 40.81547, -73.940787 40.815408, -73.940845 40.81532, -73.940989 40.815374, -73.941115 40.815181, -73.940528 40.814962, -73.940196 40.815472)))",microsoft_us_building_footprints
ms-ny-000989,Microsoft footprint NY #90,NY,,135598.83,40.7323663,-73.9457090,,commercial_industrial_unknown,unknown,"MULTIPOLYGON (((-73.944692 40.732173, -73.944779 40.732787, -73.945063 40.732764, -73.945093 40.732972, -73.945357 40.732951, -73.94532 40.732693, -73.945421 40.732685, -73.945434 40.732776, -73.945576 40.732765, -73.945551 40.732591, -73.945837 40.732568, -73.945845 40.732622, -73.945621 40.73264, -73.945632 40.732716, -73.946106 40.732677, -73.94612 40.732773, -73.946574 40.732736, -73.946509 40.732283, -73.946568 40.732279, -73.946552 40.732168, -73.946459 40.732176, -73.946384 40.731647, -73.946196 40.731663, -73.946202 40.731704, -73.946138 40.731709, -73.946152 40.73181, -73.945726 40.731845, -73.945771 40.732163, -73.945236 40.732206, -73.945225 40.73213, -73.944692 40.732173)))",microsoft_us_building_footprints
ms-ny-000990,Microsoft footprint NY #91,NY,,170018.65,40.7393890,-73.9473945,,commercial_industrial_unknown,unknown,"MULTIPOLYGON (((-73.946424 40.738792, -73.946205 40.739598, -73.946876 40.739703, -73.946871 40.739724, -73.947245 40.739782, -73.947314 40.739531, -73.947792 40.739606, -73.947714 40.739892, -73.948455 40.740008, -73.948653 40.739283, -73.947563 40.739112, -73.9476 40.738976, -73.946424 40.738792)))",microsoft_us_building_footprints
ms-ny-000991,Microsoft footprint NY #92,NY,,132882.12,40.7796270,-73.9489215,,commercial_industrial_unknown,unknown,"MULTIPOLYGON (((-73.948023 40.778988, -73.947702 40.779493, -73.94982 40.780266, -73.950141 40.779761, -73.948023 40.778988)))",microsoft_us_building_footprints
ms-ny-000992,Microsoft footprint NY #93,NY,,117909.16,40.7656976,-73.9560330,,commercial_industrial_unknown,unknown,"MULTIPOLYGON (((-73.954893 40.765569, -73.956511 40.766194, -73.95654 40.76615, -73.956587 40.766168, -73.956606 40.76614, -73.956918 40.766261, -73.957196 40.765848, -73.955239 40.765091, -73.955092 40.76531, -73.955115 40.765318, -73.955078 40.765372, -73.955037 40.765356, -73.954893 40.765569)))",microsoft_us_building_footprints
ms-ny-000993,Microsoft footprint NY #94,NY,,156583.83,41.5148490,-73.9631236,,commercial_industrial_unknown,unknown,"MULTIPOLYGON (((-73.963737 41.514564, -73.963938 41.513962, -73.963906 41.513894, -73.963787 41.513871, -73.963667 41.513903, -73.963542 41.514276, -73.963093 41.514288, -73.963104 41.514543, -73.962745 41.514475, -73.962315 41.514981, -73.962246 41.514968, -73.962204 41.515017, -73.962123 41.515001, -73.962103 41.515059, -73.962009 41.515061, -73.961933 41.515287, -73.962222 41.515425, -73.962186 41.515533, -73.962726 41.515635, -73.962881 41.515171, -73.962849 41.515102, -73.962931 41.514857, -73.963029 41.514831, -73.963265 41.515331, -73.963716 41.515212, -73.963649 41.515069, -73.963736 41.515046, -73.963563 41.514762, -73.964364 41.514912, -73.964422 41.514844, -73.964415 41.514691, -73.963737 41.514564)))",microsoft_us_building_footprints
ms-ny-000994,Microsoft footprint NY #95,NY,,131232.02,40.7403845,-73.9878630,,commercial_industrial_unknown,unknown,"MULTIPOLYGON (((-73.986576 40.740186, -73.988968 40.741084, -73.989199 40.740731, -73.988953 40.740639, -73.988875 40.740758, -73.988693 40.74069, -73.988853 40.740446, -73.987476 40.739929, -73.987344 40.74013, -73.987112 40.740043, -73.987286 40.739776, -73.986931 40.739642, -73.986576 40.740186)))",microsoft_us_building_footprints
ms-ny-000995,Microsoft footprint NY #96,NY,,123506.96,40.7607075,-73.9890726,,commercial_industrial_unknown,unknown,"MULTIPOLYGON (((-73.987671 40.760458, -73.990253 40.761446, -73.990566 40.760978, -73.989419 40.760539, -73.989334 40.760667, -73.989709 40.76081, -73.989672 40.760865, -73.990002 40.760992, -73.989968 40.761043, -73.990159 40.761116, -73.990056 40.761271, -73.989979 40.761242, -73.990052 40.761132, -73.989249 40.760824, -73.989227 40.760857, -73.989156 40.760829, -73.989194 40.760773, -73.988864 40.760646, -73.989054 40.760361, -73.988605 40.76019, -73.988513 40.760327, -73.988697 40.760398, -73.988628 40.7605, -73.988643 40.760506, -73.988604 40.760565, -73.988216 40.760417, -73.988258 40.760354, -73.988341 40.760385, -73.988511 40.760129, -73.988017 40.75994, -73.987671 40.760458)))",microsoft_us_building_footprints
ms-ny-000996,Microsoft footprint NY #97,NY,,157675.32,40.6909043,-73.9780059,,commercial_industrial_unknown,unknown,"MULTIPOLYGON (((-73.977362 40.691188, -73.978025 40.691148, -73.978066 40.691534, -73.977782 40.691551, -73.977755 40.691638, -73.977804 40.691805, -73.978772 40.691747, -73.97872 40.691249, -73.978083 40.691287, -73.978068 40.691146, -73.978243 40.691178, -73.978691 40.691151, -73.978667 40.690924, -73.978384 40.690941, -73.978323 40.69061, -73.978597 40.690659, -73.978529 40.690012, -73.97834 40.690024, -73.978352 40.690138, -73.978237 40.690145, -73.978257 40.690329, -73.978387 40.690321, -73.978409 40.690533, -73.978164 40.690548, -73.978151 40.69042, -73.97774 40.690445, -73.977695 40.69001, -73.977242 40.690038, -73.977362 40.691188)))",microsoft_us_building_footprints
ms-ny-000997,Microsoft footprint NY #98,NY,,191070.55,40.5922903,-73.9978121,,commercial_industrial_unknown,unknown,"MULTIPOLYGON (((-73.996124 40.592635, -73.996667 40.592995, -73.996532 40.593112, -73.996576 40.593171, -73.998563 40.592335, -73.998451 40.592182, -73.998524 40.592151, -73.998599 40.592254, -73.998996 40.592087, -73.999011 40.591944, -73.998879 40.592, -73.998814 40.591957, -73.998899 40.591921, -73.998874 40.59192, -73.99892 40.59188, -73.999082 40.59189, -73.999042 40.591925, -73.99904 40.591938, -73.999148 40.591945, -73.999144 40.591985, -73.999605 40.591791, -73.999618 40.591675, -73.999558 40.5917, -73.99938 40.591457, -73.999531 40.591394, -73.999375 40.591384, -73.998279 40.591845, -73.99848 40.59212, -73.998394 40.592156, -73.998305 40.592097, -73.998256 40.592118, -73.998044 40.591827, -73.996124 40.592635)))",microsoft_us_building_footprints
ms-ny-000998,Microsoft footprint NY #99,NY,,148840.42,40.7413675,-73.9994976,,commercial_industrial_unknown,unknown,"MULTIPOLYGON (((-73.998341 40.740663, -73.998049 40.741123, -74.000655 40.742072, -74.000946 40.741612, -73.998341 40.740663)))",microsoft_us_building_footprints
ms-ny-000999,Microsoft footprint NY #100,NY,,109413.57,40.7187495,-74.0036910,,commercial_industrial_unknown,unknown,"MULTIPOLYGON (((-74.003054 40.718168, -74.002697 40.718693, -74.004328 40.719331, -74.004685 40.718806, -74.003054 40.718168)))",microsoft_us_building_footprints
ms-ny-001000,Microsoft footprint NY #101,NY,,188097.09,40.7519519,-73.9841044,,commercial_industrial_unknown,unknown,"MULTIPOLYGON (((-73.98547 40.752735, -73.985777 40.752228, -73.982738 40.751169, -73.982431 40.751675, -73.98547 40.752735)))",microsoft_us_building_footprints
ms-ny-001001,Microsoft footprint NY #102,NY,,290238.86,42.7800519,-73.9842369,,commercial_industrial_unknown,unknown,"MULTIPOLYGON (((-73.986723 42.77909, -73.981868 42.780383, -73.981922 42.780493, -73.981796 42.780526, -73.981778 42.780489, -73.98171 42.780508, -73.981956 42.781006, -73.982923 42.780749, -73.98293 42.780763, -73.983537 42.780602, -73.983505 42.780537, -73.98467 42.780227, -73.984675 42.780238, -73.984821 42.780199, -73.984803 42.780162, -73.985405 42.780002, -73.985415 42.780022, -73.986024 42.77986, -73.985995 42.779801, -73.986949 42.779547, -73.986723 42.77909)))",microsoft_us_building_footprints
ms-ny-001002,Microsoft footprint NY #103,NY,,273779.26,42.7824384,-73.9849748,,commercial_industrial_unknown,unknown,"MULTIPOLYGON (((-73.988177 42.781799, -73.988011 42.781434, -73.982901 42.782684, -73.982929 42.782746, -73.982821 42.782773, -73.98286 42.782859, -73.982135 42.783036, -73.98232 42.783444, -73.983478 42.78316, -73.983496 42.783201, -73.983565 42.783184, -73.983512 42.783067, -73.985419 42.782601, -73.985429 42.782623, -73.9855 42.782605, -73.985438 42.782469, -73.988177 42.781799)))",microsoft_us_building_footprints
ms-ny-001003,Microsoft footprint NY #104,NY,,161762.74,40.7719076,-73.9921062,,commercial_industrial_unknown,unknown,"MULTIPOLYGON (((-73.990968 40.771182, -73.990648 40.771683, -73.993245 40.772633, -73.993565 40.772133, -73.990968 40.771182)))",microsoft_us_building_footprints
ms-ny-001004,Microsoft footprint NY #105,NY,,173134.85,40.7383054,-73.9940364,,commercial_industrial_unknown,unknown,"MULTIPOLYGON (((-73.992379 40.737956, -73.995382 40.739107, -73.995687 40.738651, -73.992712 40.737511, -73.992633 40.737629, -73.992605 40.737618, -73.992379 40.737956)))",microsoft_us_building_footprints
ms-ny-001005,Microsoft footprint NY #106,NY,,139580.01,40.7419546,-73.9954525,,commercial_industrial_unknown,unknown,"MULTIPOLYGON (((-73.994207 40.741721, -73.99439 40.741426, -73.99464 40.741515, -73.994411 40.741885, -73.996528 40.742638, -73.99678 40.742231, -73.99663 40.742178, -73.996602 40.742223, -73.996556 40.742207, -73.996631 40.742085, -73.994215 40.741226, -73.993963 40.741634, -73.994207 40.741721)))",microsoft_us_building_footprints
ms-ny-001006,Microsoft footprint NY #107,NY,,124969.85,40.6693575,-73.9945212,,commercial_industrial_unknown,unknown,"MULTIPOLYGON (((-73.995722 40.669584, -73.994539 40.669072, -73.994489 40.669139, -73.994453 40.669165, -73.994366 40.66928, -73.994146 40.669184, -73.99434 40.668926, -73.993598 40.668605, -73.993556 40.668636, -73.993414 40.668824, -73.993502 40.668862, -73.993448 40.668933, -73.993498 40.668955, -73.993367 40.669129, -73.993524 40.669197, -73.993616 40.669076, -73.993795 40.669154, -73.993825 40.669178, -73.993801 40.669195, -73.993773 40.669174, -73.993728 40.669154, -73.993717 40.669162, -73.99362 40.66912, -73.993541 40.669225, -73.99417 40.669498, -73.994194 40.669465, -73.994212 40.669473, -73.994273 40.669429, -73.99431 40.669458, -73.994228 40.669566, -73.995364 40.670059, -73.995722 40.669584)))",microsoft_us_building_footprints
ms-ny-001007,Microsoft footprint NY #108,NY,,144386.98,40.7499268,-73.9968327,,commercial_industrial_unknown,unknown,"MULTIPOLYGON (((-73.995811 40.74922, -73.995486 40.74973, -73.997833 40.750586, -73.997813 40.750617, -73.998034 40.750698, -73.998124 40.750558, -73.997724 40.750412, -73.997763 40.750351, -73.997522 40.750263, -73.997573 40.750184, -73.997807 40.75027, -73.997792 40.750293, -73.997918 40.750339, -73.997961 40.750271, -73.998096 40.75032, -73.998023 40.750436, -73.998221 40.750508, -73.998382 40.750255, -73.997158 40.749808, -73.997196 40.74975, -73.996762 40.749592, -73.996775 40.749572, -73.995811 40.74922)))",microsoft_us_building_footprints
ms-ny-001008,Microsoft footprint NY #109,NY,,133078.98,40.6505881,-74.0171484,,commercial_industrial_unknown,unknown,"MULTIPOLYGON (((-74.018386 40.650973, -74.016378 40.64981, -74.015951 40.650234, -74.017882 40.651353, -74.017983 40.651252, -74.017928 40.65122, -74.018021 40.651128, -74.018153 40.651205, -74.018386 40.650973)))",microsoft_us_building_footprints
ms-ny-001009,Microsoft footprint NY #110,NY,,131768.02,40.7209549,-74.0110678,,commercial_industrial_unknown,unknown,"MULTIPOLYGON (((-74.010213 40.721353, -74.011552 40.721483, -74.011543 40.721535, -74.011577 40.721538, -74.011588 40.721472, -74.011641 40.721477, -74.011642 40.721469, -74.011684 40.721473, -74.011784 40.720885, -74.011618 40.720869, -74.011675 40.720528, -74.011588 40.72052, -74.011597 40.720467, -74.011478 40.720455, -74.011487 40.720405, -74.011471 40.720404, -74.011478 40.720364, -74.010779 40.720296, -74.01076 40.720404, -74.010816 40.720409, -74.010809 40.720451, -74.010758 40.720446, -74.010701 40.720784, -74.010759 40.72079, -74.01075 40.720844, -74.010721 40.720841, -74.01072 40.720849, -74.010305 40.720809, -74.010213 40.721353)))",microsoft_us_building_footprints
ms-ny-001010,Microsoft footprint NY #111,NY,,201812.74,40.6562318,-74.0140827,,commercial_industrial_unknown,unknown,"MULTIPOLYGON (((-74.012987 40.656558, -74.013113 40.656629, -74.013111 40.656663, -74.013274 40.656755, -74.013281 40.656773, -74.013295 40.656759, -74.01447 40.657427, -74.014692 40.657202, -74.014671 40.65715, -74.014672 40.657142, -74.0147 40.657159, -74.014705 40.657053, -74.01467 40.657053, -74.014672 40.657015, -74.014708 40.657007, -74.01471 40.656973, -74.014235 40.656703, -74.014206 40.656733, -74.014134 40.656731, -74.014111 40.656671, -74.014091 40.656671, -74.014083 40.656652, -74.014061 40.656652, -74.014063 40.656606, -74.014041 40.656593, -74.014112 40.656521, -74.01404 40.65648, -74.015115 40.65539, -74.014512 40.655048, -74.014467 40.655058, -74.012987 40.656558)))",microsoft_us_building_footprints
ms-ny-001011,Microsoft footprint NY #112,NY,,126635.61,40.7068293,-74.0130467,,commercial_industrial_unknown,unknown,"MULTIPOLYGON (((-74.013279 40.705927, -74.012726 40.706845, -74.012569 40.70679, -74.012165 40.707461, -74.012871 40.707705, -74.013245 40.707084, -74.013282 40.707097, -74.013532 40.706681, -74.013485 40.706664, -74.013555 40.706547, -74.013626 40.706572, -74.013696 40.706456, -74.013763 40.706479, -74.013954 40.706161, -74.013279 40.705927)))",microsoft_us_building_footprints
ms-ny-001012,Microsoft footprint NY #113,NY,,124810.89,40.6498443,-74.0143868,,commercial_industrial_unknown,unknown,"MULTIPOLYGON (((-74.013587 40.649035, -74.013161 40.64947, -74.013344 40.649573, -74.013465 40.649449, -74.013572 40.64951, -74.013677 40.649403, -74.013722 40.649461, -74.013615 40.64957, -74.013545 40.64955, -74.013412 40.649609, -74.013798 40.649826, -74.014002 40.649618, -74.014059 40.64965, -74.013841 40.649873, -74.014184 40.650067, -74.014298 40.649951, -74.014368 40.650041, -74.014446 40.650063, -74.01437 40.65014, -74.014314 40.650124, -74.01433 40.650091, -74.01437 40.650102, -74.014332 40.650053, -74.014287 40.650073, -74.014307 40.650084, -74.014258 40.650135, -74.01516 40.650644, -74.015589 40.650207, -74.014897 40.649816, -74.014688 40.65003, -74.014465 40.649904, -74.0147 40.649664, -74.013587 40.649035)))",microsoft_us_building_footprints
ms-ny-001013,Microsoft footprint NY #114,NY,,213968.28,43.0233975,-74.0344146,,commercial_industrial_unknown,unknown,"MULTIPOLYGON (((-74.034713 43.022574, -74.033009 43.023009, -74.033057 43.0237, -74.033865 43.02367, -74.033853 43.023492, -74.033988 43.023487, -74.033999 43.023646, -74.034227 43.023638, -74.034181 43.022959, -74.034497 43.022947, -74.034515 43.023215, -74.034325 43.023222, -74.034335 43.023374, -74.034797 43.023498, -74.034817 43.023792, -74.034372 43.023672, -74.034247 43.023921, -74.034518 43.023994, -74.034873 43.02398, -74.034889 43.024203, -74.035508 43.024045, -74.035428 43.024205, -74.035834 43.02419, -74.035781 43.023418, -74.035439 43.02343, -74.035473 43.023923, -74.035261 43.023931, -74.035185 43.022814, -74.034904 43.022824, -74.034936 43.023286, -74.034763 43.023292, -74.034713 43.022574)))",microsoft_us_building_footprints
ms-ny-001014,Microsoft footprint NY #115,NY,,150611.69,41.1693717,-74.0388849,,commercial_industrial_unknown,unknown,"MULTIPOLYGON (((-74.039437 41.170164, -74.039064 41.170335, -74.039063 41.170389, -74.038582 41.170384, -74.038756 41.1706, -74.039024 41.170602, -74.039027 41.170459, -74.039581 41.170205, -74.039897 41.169776, -74.039901 41.16951, -74.039952 41.169511, -74.039959 41.16915, -74.039724 41.169147, -74.039613 41.169011, -74.039676 41.168926, -74.039267 41.168756, -74.039084 41.168529, -74.037797 41.169117, -74.037848 41.169138, -74.03777 41.169174, -74.037717 41.169109, -74.037712 41.169386, -74.037552 41.169459, -74.038113 41.170155, -74.038198 41.170038, -74.037925 41.169699, -74.038018 41.1697, -74.038022 41.16945, -74.038785 41.169102, -74.039349 41.169107, -74.03961 41.169431, -74.039448 41.169505, -74.039437 41.170164)))",microsoft_us_building_footprints
ms-ny-001015,Microsoft footprint NY #116,NY,,124177.02,41.1299193,-74.0585361,,commercial_industrial_unknown,unknown,"MULTIPOLYGON (((-74.059191 41.13051, -74.059178 41.129597, -74.059066 41.129598, -74.059066 41.129642, -74.058723 41.129645, -74.058723 41.129596, -74.058611 41.129597, -74.05861 41.12952, -74.058719 41.129519, -74.058716 41.129297, -74.057911 41.129303, -74.057914 41.129526, -74.058036 41.129525, -74.058037 41.129573, -74.057947 41.129574, -74.057958 41.130411, -74.058253 41.130409, -74.058253 41.130361, -74.058322 41.130361, -74.058322 41.130337, -74.058641 41.130334, -74.058644 41.130515, -74.059191 41.13051)))",microsoft_us_building_footprints
ms-ny-001016,Microsoft footprint NY #117,NY,,143087.0,40.6442043,-74.0721904,,commercial_industrial_unknown,unknown,"MULTIPOLYGON (((-74.072221 40.644167, -74.072331 40.644308, -74.071296 40.644773, -74.07142 40.644931, -74.071516 40.644888, -74.071523 40.644889, -74.07247 40.644464, -74.072461 40.644451, -74.072881 40.644526, -74.07259 40.644769, -74.072892 40.644978, -74.073005 40.644611, -74.073504 40.644699, -74.073535 40.644598, -74.072938 40.644185, -74.072864 40.644172, -74.072751 40.644028, -74.072648 40.643979, -74.072489 40.643486, -74.072292 40.643574, -74.072396 40.643708, -74.072149 40.643819, -74.072057 40.643534, -74.070761 40.643774, -74.070822 40.643962, -74.072003 40.643743, -74.07205 40.643887, -74.071037 40.644341, -74.071111 40.644401, -74.07112 40.644371, -74.072221 40.644167)))",microsoft_us_building_footprints
ms-ny-001017,Microsoft footprint NY #118,NY,,139765.47,41.4442835,-74.0725716,,commercial_industrial_unknown,unknown,"MULTIPOLYGON (((-74.072629 41.444666, -74.072765 41.445199, -74.072939 41.445175, -74.072915 41.445083, -74.073003 41.445071, -74.073009 41.445092, -74.073259 41.445056, -74.073275 41.44502, -74.07331 41.445015, -74.073177 41.444495, -74.073069 41.44451, -74.07306 41.444473, -74.073012 41.444461, -74.073047 41.444377, -74.072837 41.444327, -74.072814 41.444235, -74.07307 41.444199, -74.072906 41.443559, -74.072678 41.443591, -74.072671 41.443562, -74.072327 41.443612, -74.072343 41.443676, -74.072123 41.443707, -74.072083 41.443685, -74.071791 41.443727, -74.071878 41.44407, -74.071782 41.444047, -74.071749 41.444126, -74.071976 41.44418, -74.072119 41.444739, -74.072629 41.444666)))",microsoft_us_building_footprints
ms-ny-001018,Microsoft footprint NY #119,NY,,160313.69,41.1165203,-74.1200461,,commercial_industrial_unknown,unknown,"MULTIPOLYGON (((-74.120708 41.115933, -74.119257 41.116036, -74.119361 41.116871, -74.119179 41.116884, -74.119184 41.11692, -74.119104 41.116926, -74.119145 41.11726, -74.119377 41.117244, -74.11937 41.11719, -74.119415 41.117187, -74.119392 41.116996, -74.120561 41.116914, -74.120567 41.116957, -74.121079 41.11692, -74.121037 41.116587, -74.120791 41.116604, -74.120708 41.115933)))",microsoft_us_building_footprints
ms-ny-001019,Microsoft footprint NY #120,NY,,871529.46,41.1167628,-74.1251039,,commercial_industrial_unknown,unknown,"MULTIPOLYGON (((-74.1272 41.117757, -74.126943 41.115605, -74.125134 41.115728, -74.125101 41.115454, -74.124738 41.115479, -74.124779 41.115824, -74.12457 41.115839, -74.1245 41.11581, -74.124496 41.115777, -74.124472 41.115779, -74.124419 41.115757, -74.124416 41.115731, -74.124284 41.115677, -74.124276 41.115678, -74.123972 41.115554, -74.123079 41.115614, -74.123366 41.118017, -74.1272 41.117757)))",microsoft_us_building_footprints
ms-ny-001020,Microsoft footprint NY #121,NY,,144937.71,41.3126138,-74.1324682,,commercial_industrial_unknown,unknown,"MULTIPOLYGON (((-74.13355 41.312338, -74.132903 41.311865, -74.132562 41.312128, -74.132431 41.312032, -74.132328 41.312112, -74.132357 41.312133, -74.131938 41.312455, -74.131971 41.31248, -74.131668 41.312713, -74.131716 41.312748, -74.131661 41.312791, -74.131726 41.312838, -74.131434 41.313063, -74.131893 41.3134, -74.131956 41.313352, -74.13199 41.313377, -74.132178 41.313232, -74.132154 41.313213, -74.13232 41.313085, -74.13236 41.313115, -74.132549 41.312969, -74.132519 41.312947, -74.132602 41.312883, -74.132725 41.312973, -74.13355 41.312338)))",microsoft_us_building_footprints
ms-ny-001021,Microsoft footprint NY #122,NY,,120085.18,44.8476263,-74.1574301,,commercial_industrial_unknown,unknown,"MULTIPOLYGON (((-74.15875 44.847832, -74.158702 44.847489, -74.157169 44.847598, -74.157145 44.847429, -74.158377 44.847341, -74.158349 44.847147, -74.157008 44.847242, -74.157017 44.847307, -74.156778 44.847324, -74.15676 44.847194, -74.156538 44.84721, -74.156583 44.847531, -74.156785 44.847517, -74.156779 44.84747, -74.157027 44.847453, -74.157052 44.847627, -74.156388 44.847674, -74.156399 44.847748, -74.156054 44.847773, -74.156069 44.847875, -74.156032 44.847877, -74.156052 44.848024, -74.15875 44.847832)))",microsoft_us_building_footprints
ms-ny-001022,Microsoft footprint NY #123,NY,,147481.93,40.5287223,-74.2326083,,commercial_industrial_unknown,unknown,"MULTIPOLYGON (((-74.233152 40.528179, -74.232022 40.528123, -74.232006 40.528314, -74.231958 40.528311, -74.231903 40.528948, -74.231935 40.52895, -74.231919 40.529141, -74.231994 40.529145, -74.231987 40.529229, -74.233277 40.529293, -74.233344 40.528506, -74.233162 40.528497, -74.23317 40.528403, -74.233133 40.528401, -74.233152 40.528179)))",microsoft_us_building_footprints
ms-ny-001023,Microsoft footprint NY #124,NY,,195405.46,44.8460092,-74.3078401,,commercial_industrial_unknown,unknown,"MULTIPOLYGON (((-74.306057 44.845439, -74.306068 44.845571, -74.306025 44.845573, -74.306066 44.846062, -74.306146 44.846059, -74.306149 44.846095, -74.307213 44.84605, -74.307212 44.846036, -74.308714 44.845973, -74.308801 44.847007, -74.309496 44.846978, -74.309469 44.846656, -74.309563 44.846652, -74.309539 44.846375, -74.309269 44.846387, -74.309227 44.845884, -74.30885 44.8459, -74.308828 44.845641, -74.308302 44.845663, -74.3083 44.845638, -74.308161 44.845644, -74.308165 44.845699, -74.30804 44.845705, -74.308043 44.845743, -74.30757 44.845763, -74.307537 44.845376, -74.306057 44.845439)))",microsoft_us_building_footprints
ms-ny-001024,Microsoft footprint NY #125,NY,,114080.44,41.3837526,-74.3518172,,commercial_industrial_unknown,unknown,"MULTIPOLYGON (((-74.352288 41.383602, -74.352147 41.383048, -74.351604 41.383126, -74.351716 41.383568, -74.35171 41.383572, -74.351572 41.383592, -74.351301 41.383324, -74.351384 41.383277, -74.351248 41.383143, -74.350941 41.383318, -74.350787 41.383166, -74.350727 41.3832, -74.350711 41.383208, -74.350696 41.383217, -74.351877 41.384383, -74.351898 41.384371, -74.352105 41.384576, -74.352775 41.384194, -74.352457 41.38388, -74.352151 41.384055, -74.352253 41.384156, -74.352166 41.384205, -74.351662 41.383707, -74.351784 41.38369, -74.351822 41.383728, -74.352091 41.383689, -74.352076 41.383633, -74.352288 41.383602)))",microsoft_us_building_footprints
ms-ny-001025,Microsoft footprint NY #126,NY,,106719.61,41.6745069,-74.6488434,,commercial_industrial_unknown,unknown,"MULTIPOLYGON (((-74.649685 41.674567, -74.648755 41.673302, -74.648468 41.67342, -74.649128 41.674317, -74.649191 41.674594, -74.648773 41.674766, -74.648754 41.674683, -74.648717 41.674742, -74.648727 41.674785, -74.648612 41.674773, -74.648667 41.674684, -74.64827 41.674549, -74.648262 41.674562, -74.648364 41.674701, -74.648221 41.674759, -74.648155 41.674868, -74.648081 41.674767, -74.648052 41.674927, -74.648042 41.674944, -74.64805 41.674983, -74.648119 41.675077, -74.647774 41.67512, -74.648002 41.675429, -74.648255 41.675015, -74.648431 41.674878, -74.648519 41.675269, -74.649384 41.674914, -74.649442 41.674598, -74.649685 41.674567)))",microsoft_us_building_footprints
ms-ny-001026,Microsoft footprint NY #127,NY,,131274.18,41.4188747,-74.6291912,,commercial_industrial_unknown,unknown,"MULTIPOLYGON (((-74.629616 41.419253, -74.629676 41.418992, -74.629856 41.419015, -74.629967 41.41853, -74.629616 41.418484, -74.629594 41.418429, -74.629339 41.418275, -74.62928 41.418331, -74.629406 41.418502, -74.62897 41.418446, -74.629195 41.418353, -74.629229 41.418204, -74.62906 41.418102, -74.629036 41.418203, -74.628718 41.418162, -74.628606 41.418649, -74.628597 41.418648, -74.628527 41.418953, -74.628687 41.418973, -74.628622 41.41926, -74.629019 41.419311, -74.628944 41.419638, -74.629496 41.419709, -74.629581 41.419342, -74.629473 41.41934, -74.629317 41.419405, -74.629371 41.419169, -74.629193 41.419146, -74.629339 41.419086, -74.629616 41.419253)))",microsoft_us_building_footprints
ms-ny-001027,Microsoft footprint NY #128,NY,,124656.38,41.3508354,-74.6838050,,commercial_industrial_unknown,unknown,"MULTIPOLYGON (((-74.684036 41.350302, -74.685039 41.350296, -74.685036 41.350011, -74.684865 41.350011, -74.684866 41.350098, -74.684029 41.350102, -74.68403 41.350253, -74.683631 41.350256, -74.683632 41.350368, -74.683323 41.35037, -74.683325 41.350593, -74.683215 41.350594, -74.683216 41.350646, -74.683253 41.350646, -74.683255 41.350765, -74.68333 41.350765, -74.683331 41.350861, -74.683215 41.350862, -74.683218 41.351208, -74.6831 41.351209, -74.683102 41.351346, -74.683222 41.351345, -74.683225 41.351589, -74.68375 41.351586, -74.683751 41.351622, -74.683896 41.351621, -74.683895 41.351583, -74.684048 41.351582, -74.684036 41.350302)))",microsoft_us_building_footprints
ms-ny-001028,Microsoft footprint NY #129,NY,,119530.66,41.6687543,-74.7145006,,commercial_industrial_unknown,unknown,"MULTIPOLYGON (((-74.715273 41.668562, -74.714927 41.668197, -74.714898 41.668205, -74.714847 41.66815, -74.714683 41.668194, -74.714737 41.668306, -74.713793 41.66856, -74.713803 41.668699, -74.713744 41.668702, -74.713728 41.668667, -74.713569 41.66871, -74.713652 41.668883, -74.713602 41.66891, -74.713604 41.668946, -74.713621 41.668937, -74.713652 41.668936, -74.713787 41.669216, -74.713817 41.669215, -74.713855 41.669293, -74.713967 41.669263, -74.713962 41.669202, -74.713997 41.6692, -74.713999 41.669231, -74.714084 41.669228, -74.714372 41.66915, -74.714406 41.669186, -74.715167 41.668982, -74.715134 41.668913, -74.715399 41.668773, -74.715348 41.668668, -74.71559 41.66854, -74.715563 41.668484, -74.715273 41.668562)))",microsoft_us_building_footprints
ms-ny-001029,Microsoft footprint NY #130,NY,,136073.58,41.7975253,-74.7381079,,commercial_industrial_unknown,unknown,"MULTIPOLYGON (((-74.738315 41.797474, -74.738249 41.797087, -74.737838 41.797126, -74.737787 41.797165, -74.737774 41.797155, -74.737728 41.797245, -74.737763 41.797304, -74.737964 41.797285, -74.737749 41.797701, -74.737716 41.797644, -74.737756 41.79764, -74.737751 41.79761, -74.737706 41.797643, -74.737691 41.79756, -74.737623 41.797582, -74.737704 41.797426, -74.737566 41.797192, -74.737561 41.797193, -74.737559 41.797195, -74.736889 41.797258, -74.736959 41.797668, -74.73726 41.797639, -74.737329 41.798044, -74.737867 41.797994, -74.739318 41.797521, -74.739697 41.797239, -74.73953 41.797115, -74.739395 41.797216, -74.739309 41.797152, -74.739157 41.797202, -74.739134 41.797162, -74.738315 41.797474)))",microsoft_us_building_footprints
ms-ny-001030,Microsoft footprint NY #131,NY,,144102.22,42.2718028,-74.9140415,,commercial_industrial_unknown,unknown,"MULTIPOLYGON (((-74.91485 42.271586, -74.914267 42.271508, -74.914254 42.271528, -74.914165 42.271516, -74.91423 42.271249, -74.914163 42.271225, -74.914171 42.271192, -74.913712 42.27113, -74.913732 42.271048, -74.913537 42.271022, -74.913504 42.271073, -74.913404 42.271059, -74.913349 42.271285, -74.913517 42.271344, -74.913467 42.271421, -74.913304 42.271399, -74.913312 42.271387, -74.913277 42.271382, -74.913173 42.27181, -74.913246 42.271836, -74.91335 42.27185, -74.913425 42.271733, -74.913529 42.271747, -74.913443 42.272099, -74.914357 42.272221, -74.914324 42.272356, -74.914067 42.272321, -74.914001 42.272592, -74.914328 42.272636, -74.914348 42.272605, -74.914593 42.272638, -74.91485 42.271586)))",microsoft_us_building_footprints
ms-ny-001031,Microsoft footprint NY #132,NY,,136053.7,43.0388448,-74.9637869,,commercial_industrial_unknown,unknown,"MULTIPOLYGON (((-74.962702 43.038218, -74.962695 43.038988, -74.962808 43.039067, -74.963059 43.038877, -74.962964 43.03881, -74.96303 43.03876, -74.963652 43.038763, -74.963755 43.038835, -74.963743 43.038844, -74.963959 43.038997, -74.963843 43.039085, -74.963678 43.039046, -74.963491 43.039045, -74.963467 43.039097, -74.963908 43.039407, -74.96502 43.039413, -74.96502 43.039357, -74.965122 43.039357, -74.965026 43.03929, -74.965337 43.039054, -74.965001 43.039052, -74.964857 43.039161, -74.964799 43.039161, -74.9648 43.0391, -74.96443 43.039098, -74.964432 43.038902, -74.964622 43.038757, -74.964316 43.038756, -74.963644 43.038283, -74.963576 43.038283, -74.963575 43.038442, -74.96326 43.03822, -74.962702 43.038218)))",microsoft_us_building_footprints
ms-ny-001032,Microsoft footprint NY #133,NY,,115471.46,43.2222407,-75.4057978,,commercial_industrial_unknown,unknown,"MULTIPOLYGON (((-75.404991 43.221916, -75.405002 43.222608, -75.406659 43.222593, -75.406647 43.221896, -75.405054 43.22191, -75.405052 43.221808, -75.404812 43.22181, -75.404812 43.221798, -75.404738 43.221799, -75.40474 43.221918, -75.404991 43.221916)))",microsoft_us_building_footprints
ms-ny-001033,Microsoft footprint NY #134,NY,,114014.89,43.2181347,-75.4644864,,commercial_industrial_unknown,unknown,"MULTIPOLYGON (((-75.465669 43.218184, -75.463985 43.217486, -75.463823 43.217693, -75.464365 43.217918, -75.464274 43.218034, -75.464292 43.218085, -75.464091 43.218224, -75.464041 43.218185, -75.464176 43.218012, -75.46366 43.217798, -75.463579 43.217901, -75.463559 43.217893, -75.463492 43.217978, -75.463749 43.218085, -75.463536 43.218358, -75.464167 43.21862, -75.464281 43.218475, -75.464245 43.218378, -75.464637 43.218302, -75.464842 43.218161, -75.465102 43.218362, -75.465084 43.218385, -75.464842 43.218284, -75.46475 43.218401, -75.464948 43.218483, -75.464915 43.218526, -75.46471 43.218441, -75.46465 43.218518, -75.464838 43.218596, -75.464736 43.218726, -75.464826 43.218763, -75.465669 43.218184)))",microsoft_us_building_footprints
ms-ny-001034,Microsoft footprint NY #135,NY,,163588.12,43.7998341,-75.4983464,,commercial_industrial_unknown,unknown,"MULTIPOLYGON (((-75.499406 43.800293, -75.498862 43.799248, -75.498027 43.799475, -75.49788 43.799193, -75.497207 43.799376, -75.497546 43.800027, -75.497462 43.80005, -75.497502 43.800126, -75.49756 43.800126, -75.497572 43.80015, -75.4979 43.800062, -75.497905 43.800062, -75.498005 43.800253, -75.498047 43.800253, -75.498253 43.799959, -75.498356 43.800157, -75.498269 43.80018, -75.498269 43.800196, -75.498345 43.800341, -75.498345 43.800369, -75.498392 43.800369, -75.498535 43.800642, -75.498671 43.800605, -75.49863 43.800525, -75.49863 43.800504, -75.499406 43.800293)))",microsoft_us_building_footprints
ms-ny-001035,Microsoft footprint NY #136,NY,,302257.77,42.0994031,-75.8253228,,commercial_industrial_unknown,unknown,"MULTIPOLYGON (((-75.825751 42.099255, -75.826382 42.098644, -75.826185 42.098531, -75.82608 42.098633, -75.826095 42.098539, -75.82605 42.098513, -75.825914 42.098501, -75.8256 42.098322, -75.825552 42.098318, -75.8253 42.098562, -75.825093 42.098445, -75.825021 42.098438, -75.824063 42.099366, -75.824009 42.099361, -75.823977 42.099343, -75.823623 42.099686, -75.824584 42.100232, -75.824685 42.100242, -75.825504 42.099448, -75.826778 42.100172, -75.826689 42.100696, -75.827011 42.100726, -75.827107 42.100158, -75.827359 42.100181, -75.82738 42.100161, -75.827406 42.100007, -75.826975 42.099967, -75.826002 42.099415, -75.826037 42.099418, -75.825751 42.099255)))",microsoft_us_building_footprints
ms-ny-001036,Microsoft footprint NY #137,NY,,116996.52,43.9958070,-75.9387988,,commercial_industrial_unknown,unknown,"MULTIPOLYGON (((-75.937775 43.995872, -75.938261 43.996437, -75.939823 43.995742, -75.939336 43.995177, -75.937775 43.995872)))",microsoft_us_building_footprints
ms-ny-001037,Microsoft footprint NY #138,NY,,126055.64,43.9696970,-75.9622952,,commercial_industrial_unknown,unknown,"MULTIPOLYGON (((-75.963084 43.969269, -75.96236 43.969226, -75.962354 43.969272, -75.962216 43.969264, -75.96221 43.969315, -75.96181 43.969292, -75.961809 43.969299, -75.961532 43.969283, -75.961448 43.970012, -75.961512 43.970016, -75.961506 43.970075, -75.961729 43.970088, -75.961732 43.970069, -75.962495 43.970114, -75.962489 43.970164, -75.962642 43.970173, -75.962638 43.97021, -75.962875 43.970224, -75.962881 43.970176, -75.962979 43.970182, -75.963084 43.969269)))",microsoft_us_building_footprints
ms-ny-001038,Microsoft footprint NY #139,NY,,156782.43,43.8117483,-76.0291624,,commercial_industrial_unknown,unknown,"MULTIPOLYGON (((-76.028819 43.812395, -76.029811 43.812433, -76.02976 43.812302, -76.02973 43.812234, -76.029664 43.812066, -76.029405 43.812056, -76.029429 43.811728, -76.029811 43.811743, -76.029848 43.811218, -76.029663 43.811056, -76.029667 43.811, -76.029536 43.810995, -76.029547 43.810836, -76.029421 43.810831, -76.029412 43.810955, -76.029224 43.810948, -76.029237 43.810764, -76.029106 43.810759, -76.029094 43.81093, -76.028777 43.810918, -76.028765 43.811083, -76.02893 43.811089, -76.028917 43.81126, -76.028654 43.81125, -76.028628 43.811609, -76.028857 43.811618, -76.028847 43.811747, -76.028644 43.811739, -76.028555 43.812972, -76.028777 43.81298, -76.028819 43.812395)))",microsoft_us_building_footprints
ms-ny-001039,Microsoft footprint NY #140,NY,,157729.79,43.0915386,-76.0603763,,commercial_industrial_unknown,unknown,"MULTIPOLYGON (((-76.059909 43.092346, -76.06093 43.092317, -76.060843 43.090731, -76.059823 43.09076, -76.059909 43.092346)))",microsoft_us_building_footprints
ms-ny-001040,Microsoft footprint NY #141,NY,,117964.31,43.0603579,-76.0636401,,commercial_industrial_unknown,unknown,"MULTIPOLYGON (((-76.063078 43.059791, -76.063174 43.060968, -76.06423 43.060922, -76.064213 43.060715, -76.064184 43.060716, -76.064176 43.060621, -76.064138 43.060622, -76.064103 43.060183, -76.064209 43.060178, -76.064189 43.059922, -76.064075 43.059927, -76.064061 43.059749, -76.063078 43.059791)))",microsoft_us_building_footprints
ms-ny-001041,Microsoft footprint NY #142,NY,,103274.42,43.0125347,-76.1156592,,commercial_industrial_unknown,unknown,"MULTIPOLYGON (((-76.114734 43.012258, -76.114689 43.012702, -76.114981 43.012718, -76.114942 43.013103, -76.115202 43.013117, -76.11523 43.012838, -76.115092 43.01283, -76.115096 43.012785, -76.115067 43.012784, -76.115072 43.012731, -76.116216 43.012794, -76.116219 43.012765, -76.116258 43.012767, -76.116252 43.012829, -76.116809 43.01286, -76.116824 43.012853, -76.11685 43.012854, -76.116908 43.012826, -76.116813 43.012603, -76.116279 43.012574, -76.116271 43.012654, -76.116235 43.012652, -76.116266 43.012351, -76.115816 43.012327, -76.11582 43.012293, -76.11622 43.012104, -76.116017 43.011873, -76.115637 43.012052, -76.115814 43.012253, -76.115694 43.012309, -76.115253 43.012285, -76.115252 43.012286, -76.114734 43.012258)))",microsoft_us_building_footprints
ms-ny-001042,Microsoft footprint NY #143,NY,,210940.28,42.0948516,-76.0922271,,commercial_industrial_unknown,unknown,"MULTIPOLYGON (((-76.0909 42.095309, -76.091546 42.09559, -76.091658 42.0956, -76.091787 42.095436, -76.091835 42.095471, -76.091777 42.095544, -76.092061 42.095667, -76.09211 42.095605, -76.092254 42.095668, -76.09259 42.095241, -76.092715 42.095252, -76.0928 42.095145, -76.09277 42.095122, -76.093374 42.094354, -76.093337 42.094326, -76.093316 42.094324, -76.093338 42.094189, -76.093112 42.094091, -76.093204 42.093974, -76.09287 42.093829, -76.092803 42.093914, -76.092884 42.093975, -76.092859 42.094007, -76.092664 42.094149, -76.092283 42.094115, -76.091688 42.09487, -76.091782 42.094941, -76.091769 42.094958, -76.091276 42.094744, -76.090981 42.09512, -76.091024 42.095152, -76.0909 42.095309)))",microsoft_us_building_footprints
ms-ny-001043,Microsoft footprint NY #144,NY,,166093.09,43.5544508,-76.0929071,,commercial_industrial_unknown,unknown,"MULTIPOLYGON (((-76.091576 43.554355, -76.093829 43.55517, -76.094164 43.554683, -76.093899 43.554587, -76.094005 43.554434, -76.0936 43.554287, -76.093632 43.55424, -76.093523 43.5542, -76.093505 43.554226, -76.092893 43.554005, -76.092803 43.554135, -76.092563 43.554048, -76.092631 43.553949, -76.092155 43.553777, -76.092103 43.553853, -76.091958 43.553801, -76.091576 43.554355)))",microsoft_us_building_footprints
ms-ny-001044,Microsoft footprint NY #145,NY,,102700.31,43.0577753,-76.1188428,,commercial_industrial_unknown,unknown,"MULTIPOLYGON (((-76.117634 43.057863, -76.118192 43.05792, -76.118182 43.057971, -76.118243 43.057978, -76.118236 43.058014, -76.118305 43.058021, -76.118296 43.058065, -76.118599 43.058096, -76.118633 43.057917, -76.118996 43.057954, -76.118963 43.05813, -76.119204 43.058154, -76.119299 43.057995, -76.119847 43.05805, -76.119853 43.058019, -76.119957 43.05803, -76.120075 43.05783, -76.120023 43.057814, -76.120035 43.057754, -76.119932 43.057743, -76.119947 43.057664, -76.118984 43.057567, -76.11901 43.057431, -76.11851 43.05738, -76.118478 43.057545, -76.1183 43.057527, -76.118288 43.057588, -76.118004 43.057559, -76.118008 43.057534, -76.117954 43.057529, -76.117935 43.05756, -76.117696 43.057536, -76.117634 43.057863)))",microsoft_us_building_footprints
ms-ny-001045,Microsoft footprint NY #146,NY,,125041.94,43.5523637,-76.1239678,,commercial_industrial_unknown,unknown,"MULTIPOLYGON (((-76.123052 43.552638, -76.124174 43.552654, -76.124172 43.552743, -76.124223 43.55276, -76.124269 43.552837, -76.124164 43.552835, -76.12416 43.552978, -76.124087 43.552977, -76.124085 43.553051, -76.12405 43.55305, -76.124043 43.553315, -76.12457 43.553322, -76.124577 43.553052, -76.124474 43.55305, -76.124484 43.552646, -76.124262 43.552643, -76.124272 43.552249, -76.124463 43.552314, -76.124483 43.552314, -76.124503 43.551553, -76.123953 43.551546, -76.123948 43.551746, -76.124048 43.551747, -76.124045 43.551884, -76.123554 43.551877, -76.123546 43.552183, -76.123213 43.552179, -76.123212 43.552238, -76.123063 43.552236, -76.123052 43.552638)))",microsoft_us_building_footprints
ms-ny-001046,Microsoft footprint NY #147,NY,,115430.86,43.0241487,-76.1264355,,commercial_industrial_unknown,unknown,"MULTIPOLYGON (((-76.126902 43.023438, -76.126436 43.023638, -76.126233 43.023385, -76.125993 43.023488, -76.125683 43.024075, -76.125819 43.024636, -76.126143 43.024594, -76.126103 43.024431, -76.126875 43.024964, -76.127456 43.024716, -76.12751 43.024267, -76.127154 43.024021, -76.127158 43.024074, -76.127246 43.024185, -76.127145 43.024228, -76.127222 43.024544, -76.127192 43.024557, -76.127254 43.024561, -76.127174 43.024598, -76.127074 43.024641, -76.12712 43.024673, -76.127107 43.024786, -76.126965 43.024841, -76.126627 43.024608, -76.126504 43.0246, -76.126496 43.024666, -76.126388 43.024531, -76.126902 43.023438)))",microsoft_us_building_footprints
ms-ny-001047,Microsoft footprint NY #148,NY,,186925.3,43.0612231,-76.2015803,,commercial_industrial_unknown,unknown,"MULTIPOLYGON (((-76.202174 43.060667, -76.201264 43.060664, -76.201265 43.060593, -76.200608 43.060591, -76.200604 43.061122, -76.200757 43.061034, -76.200853 43.061124, -76.200844 43.061129, -76.201047 43.061171, -76.201047 43.061097, -76.201135 43.061179, -76.200993 43.061178, -76.200941 43.061208, -76.201175 43.061257, -76.201174 43.061317, -76.201093 43.061526, -76.201017 43.061455, -76.200961 43.061487, -76.20099 43.061411, -76.200897 43.061465, -76.200896 43.061553, -76.20082 43.06175, -76.20082 43.061783, -76.200702 43.061783, -76.200616 43.061703, -76.200598 43.061713, -76.200523 43.061848, -76.202251 43.061854, -76.202569 43.061034, -76.202174 43.060667)))",microsoft_us_building_footprints
ms-ny-001048,Microsoft footprint NY #149,NY,,169895.62,43.0710659,-76.2086821,,commercial_industrial_unknown,unknown,"MULTIPOLYGON (((-76.208722 43.070996, -76.208773 43.070944, -76.208837 43.070927, -76.208838 43.07093, -76.209242 43.070149, -76.20865 43.069834, -76.208228 43.07065, -76.207471 43.071408, -76.207664 43.071356, -76.207517 43.071641, -76.208272 43.071435, -76.209005 43.071825, -76.208923 43.071907, -76.20954 43.072077, -76.210129 43.071916, -76.20938 43.071518, -76.209262 43.071636, -76.208926 43.071497, -76.208188 43.071104, -76.20857 43.071083, -76.208605 43.071151, -76.208702 43.071053, -76.208715 43.071172, -76.208793 43.071094, -76.208844 43.071091, -76.208863 43.071072, -76.208722 43.070996)))",microsoft_us_building_footprints
ms-ny-001049,Microsoft footprint NY #150,NY,,499894.11,43.1096987,-76.2573219,,commercial_industrial_unknown,unknown,"MULTIPOLYGON (((-76.256909 43.108729, -76.257192 43.108453, -76.256684 43.108175, -76.256431 43.108421, -76.256402 43.108405, -76.25607 43.108728, -76.256086 43.108736, -76.255971 43.108848, -76.255905 43.108812, -76.255818 43.108897, -76.255571 43.108762, -76.255262 43.109063, -76.255237 43.109049, -76.255111 43.109172, -76.255382 43.109321, -76.255461 43.109244, -76.255554 43.109295, -76.255409 43.109436, -76.258464 43.11111, -76.258993 43.110596, -76.259243 43.110733, -76.259472 43.110511, -76.259239 43.110383, -76.259411 43.110216, -76.259223 43.110113, -76.259217 43.110118, -76.258575 43.109766, -76.258657 43.109687, -76.256909 43.108729)))",microsoft_us_building_footprints
ms-ny-001050,Microsoft footprint NY #151,NY,,241875.09,43.3534627,-76.4260593,,commercial_industrial_unknown,unknown,"MULTIPOLYGON (((-76.425807 43.354432, -76.425253 43.354464, -76.425274 43.354658, -76.425689 43.354784, -76.425714 43.355014, -76.425921 43.355003, -76.425894 43.354752, -76.426005 43.354745, -76.425937 43.354863, -76.426553 43.354828, -76.426605 43.354737, -76.426696 43.354803, -76.426677 43.354634, -76.426436 43.354561, -76.426623 43.354427, -76.426544 43.353707, -76.426499 43.353709, -76.426334 43.3522, -76.426361 43.352198, -76.426312 43.35175, -76.42564 43.351789, -76.425749 43.352785, -76.42565 43.352791, -76.42564 43.352697, -76.425563 43.352661, -76.425504 43.352665, -76.425532 43.352926, -76.425687 43.352917, -76.425733 43.353339, -76.425691 43.353369, -76.425807 43.354432)))",microsoft_us_building_footprints
ms-ny-001051,Microsoft footprint NY #152,NY,,159760.24,43.3081507,-76.4218476,,commercial_industrial_unknown,unknown,"MULTIPOLYGON (((-76.422378 43.307971, -76.422273 43.307797, -76.422379 43.307764, -76.422237 43.307528, -76.422282 43.307513, -76.422112 43.30723, -76.42193 43.307288, -76.421907 43.307503, -76.421014 43.307452, -76.421124 43.307634, -76.420964 43.307685, -76.421003 43.307749, -76.420863 43.307793, -76.421286 43.308496, -76.421826 43.308324, -76.42198 43.30858, -76.422076 43.308549, -76.422117 43.308616, -76.421672 43.308758, -76.421657 43.308901, -76.421741 43.308906, -76.421779 43.308969, -76.422304 43.308802, -76.422601 43.309297, -76.422887 43.309206, -76.422571 43.30868, -76.422679 43.308646, -76.422532 43.308402, -76.422381 43.308393, -76.422231 43.308441, -76.421988 43.308036, -76.422145 43.308045, -76.422378 43.307971)))",microsoft_us_building_footprints
ms-ny-001052,Microsoft footprint NY #153,NY,,687716.38,42.4836954,-76.4910481,,commercial_industrial_unknown,unknown,"MULTIPOLYGON (((-76.491878 42.485668, -76.491817 42.484633, -76.492323 42.484617, -76.492382 42.484439, -76.492358 42.484029, -76.49229 42.484031, -76.492239 42.483001, -76.491743 42.483017, -76.491706 42.482377, -76.491377 42.482388, -76.491343 42.481821, -76.490749 42.48184, -76.490758 42.482004, -76.490559 42.482011, -76.490548 42.481835, -76.489444 42.48187, -76.489455 42.482052, -76.489357 42.482055, -76.489373 42.482322, -76.489827 42.482307, -76.489834 42.482425, -76.490002 42.48242, -76.490049 42.483208, -76.490272 42.483248, -76.490296 42.483643, -76.490098 42.48372, -76.490157 42.484724, -76.490561 42.484711, -76.490625 42.485791, -76.4917 42.485756, -76.491728 42.485673, -76.491878 42.485668)))",microsoft_us_building_footprints
ms-ny-001053,Microsoft footprint NY #154,NY,,118425.5,42.5936663,-76.5184880,,commercial_industrial_unknown,unknown,"MULTIPOLYGON (((-76.518241 42.593997, -76.518245 42.594018, -76.518174 42.594043, -76.518216 42.594109, -76.518091 42.594122, -76.518153 42.594442, -76.519186 42.594333, -76.519118 42.593985, -76.518571 42.594043, -76.518551 42.593936, -76.519037 42.593885, -76.518974 42.593562, -76.518289 42.593634, -76.518238 42.593652, -76.518216 42.593541, -76.518561 42.593505, -76.518552 42.593462, -76.518487 42.593469, -76.518456 42.593311, -76.518114 42.593431, -76.518088 42.593296, -76.51885 42.593216, -76.518761 42.592759, -76.518068 42.592832, -76.518089 42.592941, -76.518014 42.592968, -76.518089 42.593083, -76.517945 42.593098, -76.51806 42.593687, -76.518041 42.593694, -76.517976 42.593701, -76.518038 42.594018, -76.518241 42.593997)))",microsoft_us_building_footprints
ms-ny-001054,Microsoft footprint NY #155,NY,,216352.1,42.9251497,-76.5418007,,commercial_industrial_unknown,unknown,"MULTIPOLYGON (((-76.54099 42.924218, -76.541011 42.925309, -76.541162 42.925307, -76.541169 42.925651, -76.541027 42.925652, -76.541029 42.925737, -76.541261 42.925734, -76.54126 42.925694, -76.54136 42.925693, -76.541362 42.925785, -76.541487 42.925784, -76.541484 42.925638, -76.541412 42.925639, -76.541404 42.925248, -76.541319 42.925248, -76.541314 42.924979, -76.541431 42.924978, -76.541435 42.925177, -76.541633 42.925174, -76.54165 42.926037, -76.54175 42.926036, -76.541751 42.926128, -76.542593 42.92612, -76.542569 42.924892, -76.542095 42.924897, -76.542081 42.924206, -76.54099 42.924218)))",microsoft_us_building_footprints
ms-ny-001055,Microsoft footprint NY #156,NY,,167989.08,41.9999503,-76.5429970,,commercial_industrial_unknown,unknown,"MULTIPOLYGON (((-76.544052 42.000301, -76.543978 41.999474, -76.543882 41.999478, -76.543875 41.999397, -76.542537 41.999463, -76.542566 41.999794, -76.542695 41.999788, -76.542696 41.9998, -76.542736 41.999798, -76.542749 41.999948, -76.541761 41.999997, -76.541755 41.999933, -76.541638 41.999939, -76.541624 41.999788, -76.541448 41.999797, -76.541482 42.00018, -76.541685 42.00017, -76.541673 42.000033, -76.54178 42.000028, -76.541806 42.000326, -76.541755 42.000328, -76.541763 42.000409, -76.541816 42.000407, -76.541816 42.000411, -76.544052 42.000301)))",microsoft_us_building_footprints
ms-ny-001056,Microsoft footprint NY #157,NY,,442771.35,42.9464934,-76.5939702,,commercial_industrial_unknown,unknown,"MULTIPOLYGON (((-76.594936 42.945372, -76.593037 42.945446, -76.593068 42.945865, -76.592831 42.945875, -76.592851 42.946148, -76.59224 42.946391, -76.592405 42.946614, -76.592411 42.946614, -76.59272 42.94649, -76.592758 42.946541, -76.592763 42.946607, -76.592813 42.946605, -76.592889 42.946574, -76.59293 42.946573, -76.592944 42.946591, -76.592952 42.946704, -76.593072 42.9467, -76.593105 42.946709, -76.593107 42.946734, -76.593157 42.946732, -76.593224 42.947649, -76.595097 42.947576, -76.594936 42.945372)))",microsoft_us_building_footprints
ms-ny-001057,Microsoft footprint NY #158,NY,,155906.22,42.2824090,-76.6942090,,commercial_industrial_unknown,unknown,"MULTIPOLYGON (((-76.693279 42.282264, -76.693753 42.282554, -76.694018 42.282316, -76.694328 42.282507, -76.694236 42.282589, -76.694191 42.282562, -76.694101 42.282643, -76.694125 42.282672, -76.69403 42.282757, -76.693901 42.282678, -76.693732 42.282829, -76.693746 42.282845, -76.693801 42.282879, -76.693828 42.282911, -76.693464 42.283237, -76.693832 42.283462, -76.694654 42.282726, -76.694631 42.282698, -76.69511 42.282271, -76.695192 42.282322, -76.695339 42.282191, -76.694808 42.281866, -76.694684 42.281977, -76.694573 42.281909, -76.694399 42.282064, -76.694361 42.282082, -76.694327 42.282041, -76.694297 42.282023, -76.694504 42.281839, -76.694059 42.281567, -76.693279 42.282264)))",microsoft_us_building_footprints
ms-ny-001058,Microsoft footprint NY #159,NY,,144606.7,42.1763181,-76.8240198,,commercial_industrial_unknown,unknown,"MULTIPOLYGON (((-76.823454 42.175867, -76.823787 42.176722, -76.823957 42.176838, -76.823892 42.17689, -76.823983 42.177123, -76.82403 42.177113, -76.824138 42.177389, -76.824198 42.177376, -76.824268 42.17732, -76.824459 42.17745, -76.82453 42.177392, -76.824554 42.177452, -76.824653 42.177431, -76.824701 42.177464, -76.824754 42.177422, -76.824779 42.177416, -76.823872 42.175085, -76.823804 42.17514, -76.823793 42.175142, -76.823684 42.17523, -76.823323 42.175307, -76.823254 42.175363, -76.823303 42.175488, -76.823484 42.175611, -76.823537 42.175748, -76.823672 42.175719, -76.823686 42.175755, -76.823755 42.175802, -76.823454 42.175867)))",microsoft_us_building_footprints
ms-ny-001059,Microsoft footprint NY #160,NY,,189118.84,42.4068605,-76.8875725,,commercial_industrial_unknown,unknown,"MULTIPOLYGON (((-76.886862 42.405912, -76.88695 42.406944, -76.887228 42.406931, -76.887254 42.407235, -76.887188 42.407238, -76.887223 42.407652, -76.887306 42.407648, -76.887313 42.407737, -76.887429 42.407865, -76.887631 42.407855, -76.887621 42.407743, -76.887771 42.407736, -76.88776 42.407604, -76.887859 42.407599, -76.887897 42.408045, -76.888099 42.408036, -76.888056 42.407521, -76.88809 42.407504, -76.888081 42.407401, -76.888185 42.407396, -76.888161 42.40712, -76.888264 42.407115, -76.888214 42.406531, -76.887994 42.406541, -76.887968 42.406236, -76.88803 42.406234, -76.888027 42.406201, -76.88795 42.406205, -76.887942 42.406102, -76.887559 42.40612, -76.887431 42.40598, -76.887423 42.405886, -76.886862 42.405912)))",microsoft_us_building_footprints
ms-ny-001060,Microsoft footprint NY #161,NY,,105127.81,42.1564939,-77.1050287,,commercial_industrial_unknown,unknown,"MULTIPOLYGON (((-77.105733 42.15649, -77.105812 42.156568, -77.105925 42.156505, -77.10573 42.156311, -77.105837 42.156252, -77.105521 42.155939, -77.105591 42.1559, -77.105553 42.155862, -77.105648 42.155809, -77.105608 42.15577, -77.105155 42.15602, -77.105132 42.155997, -77.104914 42.156118, -77.104972 42.156176, -77.104158 42.156626, -77.104243 42.156711, -77.104137 42.156769, -77.10445 42.157079, -77.104574 42.157011, -77.104652 42.157089, -77.105733 42.15649)))",microsoft_us_building_footprints
ms-ny-001061,Microsoft footprint NY #162,NY,,129317.73,42.4059456,-77.2322861,,commercial_industrial_unknown,unknown,"MULTIPOLYGON (((-77.233887 42.405505, -77.231726 42.405825, -77.231715 42.405782, -77.231083 42.405875, -77.231117 42.405999, -77.23049 42.406092, -77.230501 42.406133, -77.230589 42.40612, -77.230686 42.406476, -77.231008 42.406428, -77.231019 42.406468, -77.231246 42.406435, -77.231199 42.406263, -77.232612 42.406054, -77.232589 42.40597, -77.232966 42.405915, -77.232999 42.406034, -77.234293 42.405843, -77.23426 42.405721, -77.233958 42.405766, -77.233887 42.405505)))",microsoft_us_building_footprints
ms-ny-001062,Microsoft footprint NY #163,NY,,186799.41,43.0583489,-77.2462227,,commercial_industrial_unknown,unknown,"MULTIPOLYGON (((-77.245542 43.05833, -77.245559 43.059056, -77.24684 43.059007, -77.247216 43.058903, -77.247119 43.058716, -77.246627 43.058853, -77.246615 43.058328, -77.246714 43.058327, -77.246715 43.058376, -77.247166 43.05837, -77.247146 43.057545, -77.246682 43.057551, -77.246688 43.057769, -77.246583 43.05777, -77.246585 43.057858, -77.246306 43.057861, -77.246311 43.058061, -77.246107 43.058064, -77.24603 43.058098, -77.245858 43.058074, -77.245856 43.058004, -77.245778 43.058005, -77.245773 43.057764, -77.245116 43.057947, -77.245092 43.05798, -77.24493 43.057982, -77.244933 43.05812, -77.245169 43.058212, -77.245232 43.058333, -77.245542 43.05833)))",microsoft_us_building_footprints
ms-ny-001063,Microsoft footprint NY #164,NY,,219417.38,43.1027917,-77.4089027,,commercial_industrial_unknown,unknown,"MULTIPOLYGON (((-77.408209 43.103763, -77.408469 43.103761, -77.40847 43.103824, -77.409151 43.103818, -77.409151 43.103753, -77.409191 43.103753, -77.409192 43.10382, -77.409251 43.103819, -77.409252 43.103894, -77.409413 43.103892, -77.409402 43.103138, -77.409635 43.103136, -77.409629 43.102749, -77.409565 43.102749, -77.409563 43.102659, -77.409628 43.102659, -77.409624 43.102436, -77.409388 43.102438, -77.409377 43.101684, -77.409224 43.101685, -77.409153 43.101824, -77.409116 43.101825, -77.409115 43.10176, -77.408431 43.101766, -77.408432 43.101832, -77.408178 43.101834, -77.408188 43.102518, -77.40884 43.102512, -77.408848 43.103056, -77.408844 43.103057, -77.40869 43.103016, -77.4082 43.103156, -77.408209 43.103763)))",microsoft_us_building_footprints
ms-ny-001064,Microsoft footprint NY #165,NY,,230577.35,43.2101140,-77.4654864,,commercial_industrial_unknown,unknown,"MULTIPOLYGON (((-77.466505 43.210368, -77.465269 43.210361, -77.465275 43.209813, -77.465802 43.209816, -77.465813 43.208829, -77.465556 43.208827, -77.465556 43.208773, -77.465041 43.20877, -77.465041 43.208822, -77.464915 43.208822, -77.464907 43.209523, -77.464832 43.209523, -77.46483 43.209686, -77.46486 43.209686, -77.464852 43.210358, -77.464893 43.210358, -77.464887 43.210874, -77.464825 43.210874, -77.464824 43.211056, -77.464885 43.211056, -77.464885 43.211083, -77.46492 43.211084, -77.464919 43.211166, -77.465268 43.211168, -77.465268 43.211088, -77.466497 43.211095, -77.466505 43.210368)))",microsoft_us_building_footprints
ms-ny-001065,Microsoft footprint NY #166,NY,,110304.14,43.1213372,-77.5007989,,commercial_industrial_unknown,unknown,"MULTIPOLYGON (((-77.501256 43.12078, -77.50104 43.120777, -77.501046 43.120511, -77.50085 43.120509, -77.50085 43.120492, -77.500793 43.120491, -77.500792 43.120507, -77.500542 43.120504, -77.500518 43.121622, -77.500471 43.121621, -77.50047 43.121654, -77.500065 43.12165, -77.500059 43.121957, -77.501231 43.12197, -77.501256 43.12078)))",microsoft_us_building_footprints
ms-ny-001066,Microsoft footprint NY #167,NY,,105880.63,43.1235706,-77.5661291,,commercial_industrial_unknown,unknown,"MULTIPOLYGON (((-77.566851 43.12309, -77.566051 43.122888, -77.565867 43.123276, -77.565879 43.123279, -77.565817 43.12341, -77.565816 43.123467, -77.56587 43.123468, -77.56587 43.123434, -77.565972 43.123435, -77.565928 43.123518, -77.56551 43.123413, -77.565408 43.12363, -77.565473 43.123647, -77.565472 43.123674, -77.56571 43.123734, -77.565687 43.123783, -77.565687 43.123795, -77.56562 43.123936, -77.565471 43.123899, -77.5654 43.124049, -77.566031 43.124207, -77.566049 43.12417, -77.566279 43.124228, -77.566575 43.1236, -77.566621 43.123601, -77.566648 43.123543, -77.566649 43.123519, -77.566851 43.12309)))",microsoft_us_building_footprints
ms-ny-001067,Microsoft footprint NY #168,NY,,447214.07,43.1923199,-77.5863042,,commercial_industrial_unknown,unknown,"MULTIPOLYGON (((-77.588449 43.192228, -77.586718 43.191715, -77.587013 43.191186, -77.587832 43.191102, -77.587704 43.190886, -77.586367 43.191306, -77.586155 43.191463, -77.585332 43.191574, -77.58534 43.191616, -77.584978 43.191355, -77.584966 43.191377, -77.585045 43.191788, -77.584604 43.191658, -77.584827 43.192035, -77.5852 43.192303, -77.585185 43.19322, -77.585806 43.193667, -77.586728 43.192985, -77.586954 43.193148, -77.587564 43.192956, -77.587115 43.192633, -77.587365 43.192449, -77.588044 43.19265, -77.587966 43.192246, -77.588331 43.192354, -77.588267 43.192247, -77.588449 43.192228)))",microsoft_us_building_footprints
ms-ny-001068,Microsoft footprint NY #169,NY,,274425.73,43.1588797,-77.5753282,,commercial_industrial_unknown,unknown,"MULTIPOLYGON (((-77.573796 43.159002, -77.576034 43.159261, -77.576011 43.159368, -77.575779 43.159341, -77.575619 43.160076, -77.576077 43.160129, -77.576156 43.159763, -77.576667 43.159823, -77.576679 43.159767, -77.57652 43.159749, -77.576554 43.159595, -77.576046 43.159537, -77.576108 43.159255, -77.576853 43.159341, -77.57682 43.159294, -77.57675 43.15932, -77.576704 43.159255, -77.576779 43.159227, -77.57685 43.159132, -77.576611 43.159037, -77.576674 43.158953, -77.57666 43.158931, -77.576667 43.158898, -77.576712 43.158855, -77.576753 43.1588, -77.576596 43.158737, -77.576604 43.158703, -77.576031 43.158637, -77.576095 43.158341, -77.573993 43.158097, -77.573796 43.159002)))",microsoft_us_building_footprints
ms-ny-001069,Microsoft footprint NY #170,NY,,197931.59,43.2019854,-77.5753848,,commercial_industrial_unknown,unknown,"MULTIPOLYGON (((-77.576269 43.202108, -77.576226 43.200986, -77.575977 43.200991, -77.575977 43.201, -77.575601 43.201008, -77.575599 43.200972, -77.575495 43.200974, -77.575496 43.201012, -77.575409 43.201014, -77.575417 43.201211, -77.575364 43.201212, -77.575367 43.201271, -77.575427 43.20127, -77.575437 43.201543, -77.574881 43.201554, -77.574885 43.201657, -77.574565 43.201663, -77.57461 43.202839, -77.574895 43.202833, -77.574911 43.203259, -77.575486 43.203247, -77.57547 43.20281, -77.575152 43.202817, -77.575129 43.202217, -77.575334 43.202213, -77.575332 43.202165, -77.575384 43.202164, -77.575383 43.202126, -77.576269 43.202108)))",microsoft_us_building_footprints
ms-ny-001070,Microsoft footprint NY #171,NY,,171539.22,43.1778367,-77.6711348,,commercial_industrial_unknown,unknown,"MULTIPOLYGON (((-77.67036 43.177132, -77.67036 43.177333, -77.670296 43.177333, -77.670296 43.177443, -77.670361 43.177443, -77.670361 43.177751, -77.670804 43.17775, -77.670804 43.178249, -77.670927 43.178334, -77.670927 43.178293, -77.67106 43.17819, -77.67106 43.178313, -77.670999 43.17836, -77.670546 43.17836, -77.670546 43.178588, -77.670458 43.178588, -77.670458 43.178717, -77.671056 43.178717, -77.671056 43.178673, -77.671819 43.178672, -77.671819 43.178521, -77.671865 43.178552, -77.671865 43.178351, -77.671432 43.178351, -77.671432 43.177754, -77.671884 43.177754, -77.671883 43.177585, -77.671964 43.177523, -77.671964 43.177476, -77.671886 43.177423, -77.671886 43.177132, -77.67036 43.177132)))",microsoft_us_building_footprints
ms-ny-001071,Microsoft footprint NY #172,NY,,151085.37,43.0844363,-77.6741483,,commercial_industrial_unknown,unknown,"MULTIPOLYGON (((-77.674599 43.084147, -77.674596 43.084259, -77.675004 43.084263, -77.675303 43.084132, -77.675309 43.083818, -77.674982 43.083814, -77.674983 43.083763, -77.673607 43.08375, -77.673604 43.083916, -77.673619 43.083909, -77.673618 43.083935, -77.673344 43.083932, -77.67334 43.08411, -77.67341 43.084196, -77.67365 43.084091, -77.673636 43.084828, -77.673747 43.084963, -77.673634 43.084962, -77.673632 43.085084, -77.673455 43.085082, -77.673454 43.085133, -77.673654 43.085135, -77.673644 43.085651, -77.673877 43.085653, -77.673865 43.085659, -77.674135 43.085661, -77.674162 43.084188, -77.674315 43.08419, -77.674314 43.084271, -77.674599 43.084147)))",microsoft_us_building_footprints
ms-ny-001072,Microsoft footprint NY #173,NY,,105288.99,43.1137502,-77.6639785,,commercial_industrial_unknown,unknown,"MULTIPOLYGON (((-77.664304 43.11317, -77.66319 43.113586, -77.66324 43.113658, -77.66314 43.113695, -77.663506 43.114218, -77.663864 43.114085, -77.663976 43.114245, -77.664005 43.114233, -77.664065 43.114319, -77.664261 43.114246, -77.664188 43.114142, -77.66482 43.113906, -77.664304 43.11317)))",microsoft_us_building_footprints
ms-ny-001073,Microsoft footprint NY #174,NY,,132119.81,43.1354953,-77.7246159,,commercial_industrial_unknown,unknown,"MULTIPOLYGON (((-77.723817 43.135547, -77.725345 43.136236, -77.725454 43.136107, -77.725301 43.136038, -77.725416 43.135902, -77.72535 43.135872, -77.725621 43.135552, -77.725268 43.135393, -77.725298 43.135357, -77.725242 43.135331, -77.725233 43.135342, -77.724155 43.134856, -77.723988 43.135054, -77.723744 43.134944, -77.723504 43.135226, -77.723928 43.135417, -77.723817 43.135547)))",microsoft_us_building_footprints
ms-ny-001074,Microsoft footprint NY #175,NY,,355585.46,42.9234850,-77.7493549,,commercial_industrial_unknown,unknown,"MULTIPOLYGON (((-77.751092 42.922834, -77.749475 42.922828, -77.749472 42.923195, -77.746339 42.923184, -77.74634 42.923103, -77.746166 42.923103, -77.746164 42.923333, -77.746196 42.923333, -77.746196 42.923384, -77.746657 42.923385, -77.746657 42.92336, -77.746714 42.92336, -77.746714 42.923333, -77.746762 42.923333, -77.746761 42.923498, -77.746836 42.923498, -77.746834 42.92383, -77.747435 42.923832, -77.747436 42.923618, -77.749188 42.923624, -77.749188 42.923552, -77.749475 42.923553, -77.749471 42.92422, -77.751083 42.924226, -77.751092 42.922834)))",microsoft_us_building_footprints
ms-ny-001075,Microsoft footprint NY #176,NY,,103828.94,42.5783318,-77.9406059,,commercial_industrial_unknown,unknown,"MULTIPOLYGON (((-77.939938 42.577839, -77.939917 42.578212, -77.93993 42.578212, -77.939922 42.57834, -77.940242 42.578349, -77.94021 42.578928, -77.940431 42.578935, -77.940439 42.578796, -77.940951 42.578812, -77.940941 42.578984, -77.941164 42.578991, -77.941178 42.578732, -77.941032 42.578728, -77.941047 42.578475, -77.941157 42.578478, -77.94118 42.578066, -77.94124 42.578068, -77.941251 42.577865, -77.941206 42.577863, -77.941208 42.577824, -77.941081 42.57782, -77.941079 42.577848, -77.940949 42.577844, -77.940937 42.578063, -77.940741 42.578057, -77.940749 42.577921, -77.94069 42.577919, -77.940693 42.577862, -77.939938 42.577839)))",microsoft_us_building_footprints
ms-ny-001076,Microsoft footprint NY #177,NY,,105513.24,42.8599899,-77.9505428,,commercial_industrial_unknown,unknown,"MULTIPOLYGON (((-77.950412 42.860075, -77.94967 42.860055, -77.949649 42.860452, -77.950346 42.860471, -77.950344 42.860508, -77.951279 42.860534, -77.951301 42.860096, -77.950752 42.860081, -77.950817 42.8588, -77.950544 42.858792, -77.95051 42.859448, -77.950444 42.859446, -77.950412 42.860075)))",microsoft_us_building_footprints
ms-ny-001077,Microsoft footprint NY #178,NY,,218574.63,42.9956943,-78.1579161,,commercial_industrial_unknown,unknown,"MULTIPOLYGON (((-78.158699 42.995719, -78.159443 42.995707, -78.159429 42.995231, -78.159276 42.995233, -78.159275 42.9952, -78.159041 42.995204, -78.159042 42.995245, -78.156727 42.995281, -78.156742 42.995796, -78.156521 42.995799, -78.156531 42.996135, -78.156754 42.996132, -78.156756 42.996179, -78.158257 42.996155, -78.15826 42.996261, -78.158715 42.996253, -78.158699 42.995719)))",microsoft_us_building_footprints
ms-ny-001078,Microsoft footprint NY #179,NY,,150941.61,43.0204356,-78.1976013,,commercial_industrial_unknown,unknown,"MULTIPOLYGON (((-78.198763 43.020771, -78.198761 43.020104, -78.196393 43.020107, -78.196394 43.020443, -78.19649 43.020442, -78.196491 43.020774, -78.198763 43.020771)))",microsoft_us_building_footprints
ms-ny-001079,Microsoft footprint NY #180,NY,,171936.29,42.5255484,-78.4708238,,commercial_industrial_unknown,unknown,"MULTIPOLYGON (((-78.470335 42.524702, -78.470351 42.525101, -78.470416 42.525099, -78.470427 42.525375, -78.470493 42.525373, -78.470496 42.525455, -78.46991 42.525468, -78.469916 42.5256, -78.47005 42.525597, -78.470062 42.525895, -78.469944 42.525897, -78.469949 42.526016, -78.470646 42.526, -78.470649 42.526078, -78.47057 42.52608, -78.470576 42.526234, -78.470456 42.526237, -78.470462 42.526388, -78.47107 42.526374, -78.471055 42.526014, -78.471677 42.526, -78.471651 42.525354, -78.47114 42.525366, -78.471131 42.525154, -78.471182 42.525153, -78.471163 42.524683, -78.470335 42.524702)))",microsoft_us_building_footprints
ms-ny-001080,Microsoft footprint NY #181,NY,,131578.63,42.9716245,-78.6572883,,commercial_industrial_unknown,unknown,"MULTIPOLYGON (((-78.658164 42.971161, -78.656819 42.971165, -78.65682 42.971463, -78.656771 42.971463, -78.656771 42.97155, -78.656371 42.971551, -78.656374 42.972076, -78.656555 42.972076, -78.656555 42.972111, -78.65687 42.97211, -78.656871 42.972155, -78.656939 42.972154, -78.656939 42.97211, -78.657422 42.972109, -78.657421 42.971873, -78.658167 42.971871, -78.658164 42.971161)))",microsoft_us_building_footprints
ms-ny-001081,Microsoft footprint NY #182,NY,,142835.26,43.1365498,-78.6945233,,commercial_industrial_unknown,unknown,"MULTIPOLYGON (((-78.694937 43.135336, -78.694366 43.135333, -78.694361 43.135877, -78.694238 43.135876, -78.694237 43.135987, -78.694518 43.135988, -78.694512 43.136596, -78.694083 43.136594, -78.694082 43.136674, -78.694042 43.136674, -78.694041 43.136826, -78.693885 43.136826, -78.693879 43.137449, -78.694889 43.137454, -78.694894 43.136978, -78.694906 43.136978, -78.694909 43.136596, -78.694925 43.136596, -78.694937 43.135336)))",microsoft_us_building_footprints
ms-ny-001082,Microsoft footprint NY #183,NY,,142192.23,42.9324604,-78.7225980,,commercial_industrial_unknown,unknown,"MULTIPOLYGON (((-78.723653 42.932692, -78.723294 42.931583, -78.722734 42.93168, -78.722757 42.931752, -78.722858 42.931734, -78.722884 42.931812, -78.722805 42.931826, -78.722898 42.931936, -78.722927 42.931931, -78.723094 42.932448, -78.722968 42.93247, -78.722938 42.932378, -78.722605 42.932436, -78.722561 42.9323, -78.722289 42.932347, -78.722272 42.932296, -78.722097 42.932327, -78.722084 42.932288, -78.721971 42.932307, -78.72198 42.932334, -78.721811 42.932451, -78.721722 42.932176, -78.721452 42.932223, -78.721621 42.932747, -78.721768 42.932721, -78.721856 42.932825, -78.721925 42.932813, -78.721948 42.932883, -78.721058 42.933037, -78.72109 42.933137, -78.723653 42.932692)))",microsoft_us_building_footprints
ms-ny-001083,Microsoft footprint NY #184,NY,,139219.63,42.8424417,-78.7267661,,commercial_industrial_unknown,unknown,"MULTIPOLYGON (((-78.724564 42.842597, -78.727533 42.842595, -78.727533 42.842801, -78.727906 42.842979, -78.727906 42.842854, -78.728096 42.842854, -78.728096 42.842616, -78.728289 42.842616, -78.728289 42.842066, -78.727428 42.842066, -78.727428 42.842184, -78.727328 42.842137, -78.727159 42.842328, -78.727116 42.842308, -78.72693 42.842411, -78.726885 42.84239, -78.726876 42.842399, -78.726827 42.842352, -78.726704 42.842352, -78.726644 42.842419, -78.726482 42.842341, -78.726398 42.842436, -78.726398 42.842346, -78.725197 42.842347, -78.725166 42.842364, -78.725133 42.842333, -78.725058 42.842374, -78.724827 42.84215, -78.724756 42.84219, -78.724563 42.842098, -78.724564 42.842597)))",microsoft_us_building_footprints
ms-ny-001084,Microsoft footprint NY #185,NY,,115579.79,42.9934514,-78.6990063,,commercial_industrial_unknown,unknown,"MULTIPOLYGON (((-78.698626 42.992765, -78.698613 42.993159, -78.69858 42.993159, -78.698571 42.993421, -78.698551 42.993442, -78.698529 42.994102, -78.698579 42.994129, -78.699338 42.994142, -78.699341 42.99406, -78.699299 42.99406, -78.699303 42.993947, -78.699498 42.99395, -78.699501 42.993873, -78.699375 42.993805, -78.699474 42.993708, -78.699478 42.993572, -78.699436 42.993572, -78.699444 42.993309, -78.699474 42.993309, -78.699476 42.993223, -78.699388 42.993222, -78.699392 42.993109, -78.699531 42.992971, -78.699475 42.992941, -78.699476 42.992903, -78.699551 42.992829, -78.699552 42.992781, -78.698626 42.992765)))",microsoft_us_building_footprints
ms-ny-001085,Microsoft footprint NY #186,NY,,118751.7,42.9419152,-78.7417064,,commercial_industrial_unknown,unknown,"MULTIPOLYGON (((-78.742805 42.941626, -78.740595 42.941654, -78.740609 42.942205, -78.742818 42.942176, -78.742805 42.941626)))",microsoft_us_building_footprints
ms-ny-001086,Microsoft footprint NY #187,NY,,174150.62,42.9054675,-78.7636935,,commercial_industrial_unknown,unknown,"MULTIPOLYGON (((-78.764996 42.905161, -78.764515 42.905157, -78.764516 42.905049, -78.764198 42.905047, -78.764197 42.905167, -78.763971 42.905165, -78.763971 42.905206, -78.763373 42.905202, -78.763374 42.905078, -78.762589 42.905072, -78.762587 42.905176, -78.762337 42.905174, -78.762328 42.905728, -78.762511 42.905729, -78.76251 42.905784, -78.763233 42.90579, -78.763233 42.905753, -78.763852 42.905757, -78.76385 42.90583, -78.764006 42.905831, -78.764006 42.905862, -78.764506 42.905866, -78.764506 42.905843, -78.765061 42.905847, -78.765061 42.905819, -78.764986 42.905818, -78.764996 42.905161)))",microsoft_us_building_footprints
ms-ny-001087,Microsoft footprint NY #188,NY,,187429.34,42.9112934,-78.7564680,,commercial_industrial_unknown,unknown,"MULTIPOLYGON (((-78.756458 42.911103, -78.755927 42.911106, -78.755931 42.911468, -78.754874 42.911474, -78.754845 42.911519, -78.754847 42.911747, -78.755919 42.911741, -78.755924 42.912209, -78.756179 42.912208, -78.756175 42.91183, -78.757422 42.911823, -78.757576 42.911586, -78.75719 42.911588, -78.757189 42.911456, -78.757092 42.911456, -78.757093 42.911585, -78.756801 42.911587, -78.756798 42.911288, -78.757503 42.911284, -78.757498 42.910797, -78.756782 42.910801, -78.756951 42.910542, -78.75695 42.910454, -78.756899 42.910454, -78.756911 42.910436, -78.756846 42.910414, -78.75685 42.910408, -78.756847 42.910153, -78.756448 42.910156, -78.756458 42.911103)))",microsoft_us_building_footprints
ms-ny-001088,Microsoft footprint NY #189,NY,,330745.5,42.8985200,-78.7749095,,commercial_industrial_unknown,unknown,"MULTIPOLYGON (((-78.775813 42.897384, -78.774125 42.897336, -78.774082 42.898137, -78.774408 42.898146, -78.774384 42.898577, -78.774485 42.89858, -78.774478 42.898721, -78.77433 42.898717, -78.774321 42.898882, -78.774474 42.898887, -78.77447 42.898971, -78.774105 42.898961, -78.774079 42.899454, -78.774387 42.899463, -78.774393 42.899353, -78.774496 42.899356, -78.774365 42.899491, -78.77442 42.899492, -78.774418 42.899523, -78.774073 42.899513, -78.774057 42.899819, -78.77426 42.899825, -78.774267 42.899705, -78.774805 42.899721, -78.774801 42.899797, -78.774895 42.8998, -78.774896 42.899783, -78.774966 42.899712, -78.774981 42.89972, -78.775556 42.899736, -78.77567 42.897616, -78.7758 42.897619, -78.775813 42.897384)))",microsoft_us_building_footprints
ms-ny-001089,Microsoft footprint NY #190,NY,,134113.53,42.8729577,-78.8289405,,commercial_industrial_unknown,unknown,"MULTIPOLYGON (((-78.828057 42.87322, -78.829438 42.873616, -78.829644 42.873231, -78.829656 42.873234, -78.829658 42.872662, -78.82945 42.872602, -78.829505 42.872499, -78.829377 42.872462, -78.829335 42.872541, -78.829197 42.872501, -78.829083 42.872641, -78.829001 42.872688, -78.829 42.872732, -78.82895 42.872761, -78.82909 42.8725, -78.829026 42.87244, -78.829025 42.872586, -78.828919 42.872586, -78.828834 42.872745, -78.828784 42.872731, -78.828756 42.872704, -78.828767 42.872698, -78.82893 42.872392, -78.828744 42.872217, -78.829005 42.872292, -78.829005 42.872274, -78.828632 42.872145, -78.828057 42.87322)))",microsoft_us_building_footprints
ms-ny-001090,Microsoft footprint NY #191,NY,,152749.48,42.8832659,-78.8044832,,commercial_industrial_unknown,unknown,"MULTIPOLYGON (((-78.805108 42.883908, -78.805037 42.882583, -78.803867 42.882617, -78.803923 42.883675, -78.803867 42.883676, -78.803878 42.88388, -78.803942 42.883878, -78.803945 42.883941, -78.805108 42.883908)))",microsoft_us_building_footprints
ms-ny-001091,Microsoft footprint NY #192,NY,,368630.4,42.9187509,-78.8202579,,commercial_industrial_unknown,unknown,"MULTIPOLYGON (((-78.819846 42.919042, -78.819573 42.919043, -78.819572 42.918936, -78.819494 42.918937, -78.819495 42.919041, -78.819195 42.919043, -78.819194 42.918935, -78.819111 42.918935, -78.819112 42.919041, -78.818553 42.919044, -78.818561 42.919792, -78.820319 42.919782, -78.820315 42.919404, -78.820963 42.9194, -78.821339 42.919416, -78.821312 42.916811, -78.820989 42.916813, -78.820996 42.917467, -78.821158 42.917466, -78.821159 42.917605, -78.8205 42.917609, -78.820508 42.918422, -78.820332 42.918376, -78.820274 42.91843, -78.82013 42.91843, -78.820121 42.917607, -78.819837 42.917609, -78.819849 42.918752, -78.819656 42.918753, -78.819657 42.91883, -78.819844 42.918879, -78.819846 42.919042)))",microsoft_us_building_footprints
ms-ny-001092,Microsoft footprint NY #193,NY,,192242.73,43.0647527,-78.8331527,,commercial_industrial_unknown,unknown,"MULTIPOLYGON (((-78.833387 43.065112, -78.834472 43.065174, -78.834501 43.064909, -78.834533 43.064911, -78.834588 43.064393, -78.834407 43.064383, -78.83439 43.06454, -78.834326 43.064537, -78.834341 43.064398, -78.833885 43.064372, -78.83387 43.064509, -78.833374 43.064481, -78.83338 43.064428, -78.831647 43.064329, -78.831614 43.064641, -78.831758 43.064649, -78.831741 43.064803, -78.832104 43.064824, -78.832071 43.065131, -78.83295 43.065181, -78.833164 43.065138, -78.833137 43.065065, -78.833224 43.065048, -78.833315 43.065053, -78.833382 43.06504, -78.833392 43.065067, -78.833387 43.065112)))",microsoft_us_building_footprints
ms-ny-001093,Microsoft footprint NY #194,NY,,115432.19,43.0024056,-78.8829213,,commercial_industrial_unknown,unknown,"MULTIPOLYGON (((-78.88347 43.001673, -78.883142 43.001638, -78.883126 43.001723, -78.883115 43.001722, -78.88311 43.00175, -78.882879 43.001725, -78.88289 43.001667, -78.882688 43.001645, -78.882646 43.001856, -78.88246 43.001836, -78.882446 43.001908, -78.88263 43.001927, -78.882566 43.00225, -78.882487 43.002241, -78.882478 43.002289, -78.882549 43.002297, -78.882518 43.002454, -78.882453 43.002448, -78.882443 43.002501, -78.882505 43.002508, -78.882483 43.002619, -78.882438 43.002615, -78.882417 43.00272, -78.882454 43.002724, -78.882382 43.003091, -78.883174 43.003175, -78.88347 43.001673)))",microsoft_us_building_footprints
ms-ny-001094,Microsoft footprint NY #195,NY,,222177.82,42.7431622,-78.8717171,,commercial_industrial_unknown,unknown,"MULTIPOLYGON (((-78.870921 42.742928, -78.871034 42.743064, -78.870651 42.743235, -78.870546 42.743109, -78.870342 42.7432, -78.870735 42.743675, -78.870933 42.743586, -78.87098 42.743643, -78.870891 42.743683, -78.87125 42.744116, -78.871443 42.74403, -78.871343 42.74391, -78.87212 42.743562, -78.872191 42.743648, -78.872654 42.743441, -78.872518 42.743277, -78.872947 42.743085, -78.872417 42.742446, -78.872454 42.742429, -78.8724 42.742363, -78.872308 42.742405, -78.872217 42.742295, -78.872028 42.742379, -78.871985 42.742328, -78.871833 42.742395, -78.871817 42.742375, -78.871646 42.742452, -78.871697 42.742514, -78.871608 42.742554, -78.871648 42.742602, -78.870921 42.742928)))",microsoft_us_building_footprints
ms-ny-001095,Microsoft footprint NY #196,NY,,139850.15,42.9668166,-78.9006327,,commercial_industrial_unknown,unknown,"MULTIPOLYGON (((-78.901555 42.966938, -78.900752 42.966348, -78.900793 42.966318, -78.900862 42.966369, -78.901138 42.966167, -78.900848 42.965954, -78.899677 42.966808, -78.900114 42.967129, -78.900088 42.967148, -78.900676 42.96758, -78.901555 42.966938)))",microsoft_us_building_footprints
ms-ny-001096,Microsoft footprint NY #197,NY,,148232.13,42.9940786,-78.9031842,,commercial_industrial_unknown,unknown,"MULTIPOLYGON (((-78.902374 42.993374, -78.9024 42.994638, -78.902724 42.99471, -78.90401 42.994697, -78.904003 42.994355, -78.904244 42.994353, -78.904239 42.994107, -78.904006 42.99411, -78.903903 42.994054, -78.903906 42.994191, -78.903434 42.994197, -78.903434 42.99418, -78.903466 42.99415, -78.903465 42.994116, -78.903364 42.994215, -78.902707 42.994222, -78.902697 42.993719, -78.90296 42.99365, -78.902971 42.993673, -78.903341 42.993577, -78.903343 42.993665, -78.90335 42.993669, -78.903406 42.993664, -78.903844 42.993551, -78.903778 42.993615, -78.90376 42.993659, -78.90422 42.993539, -78.904131 42.993355, -78.902374 42.993374)))",microsoft_us_building_footprints
ms-ny-001097,Microsoft footprint NY #198,NY,,153072.7,42.9822309,-78.9341731,,commercial_industrial_unknown,unknown,"MULTIPOLYGON (((-78.935104 42.982637, -78.934889 42.981597, -78.93469 42.981619, -78.934657 42.981458, -78.934447 42.981481, -78.934482 42.98165, -78.93428 42.981673, -78.934385 42.982179, -78.934334 42.982185, -78.934356 42.982205, -78.93432 42.982226, -78.934286 42.982194, -78.934239 42.981968, -78.934236 42.981968, -78.934221 42.981893, -78.934205 42.981895, -78.934194 42.981839, -78.934115 42.981848, -78.934122 42.981884, -78.933139 42.981993, -78.933163 42.982108, -78.933037 42.982122, -78.933071 42.982287, -78.933214 42.982271, -78.933317 42.982768, -78.933963 42.982697, -78.933912 42.982451, -78.934122 42.982428, -78.934186 42.982739, -78.935104 42.982637)))",microsoft_us_building_footprints
ms-ny-001098,Microsoft footprint NY #199,NY,,141218.49,43.1054795,-79.0001091,,commercial_industrial_unknown,unknown,"MULTIPOLYGON (((-79.0008 43.105944, -79.000813 43.105096, -79.001152 43.105099, -79.001154 43.10499, -78.999464 43.104975, -78.999458 43.105409, -78.999345 43.105408, -78.999337 43.10591, -78.999356 43.105911, -78.999354 43.106005, -78.999451 43.106006, -78.999451 43.106005, -79.000213 43.106012, -79.000214 43.105939, -79.0008 43.105944)))",microsoft_us_building_footprints
ms-ny-001099,Microsoft footprint NY #200,NY,,157642.34,42.5584472,-79.1257973,,commercial_industrial_unknown,unknown,"MULTIPOLYGON (((-79.125904 42.558228, -79.125694 42.557682, -79.125359 42.557752, -79.125514 42.558156, -79.125031 42.558257, -79.125088 42.558406, -79.124331 42.558563, -79.124413 42.558779, -79.12492 42.558673, -79.12495 42.55875, -79.124838 42.558773, -79.124928 42.559009, -79.125117 42.55897, -79.125067 42.559084, -79.125716 42.558715, -79.125695 42.558657, -79.125812 42.558722, -79.125872 42.558662, -79.125921 42.558789, -79.125997 42.558774, -79.125954 42.558664, -79.126219 42.558609, -79.126295 42.558806, -79.126442 42.558841, -79.126686 42.55879, -79.12666 42.558723, -79.127096 42.558633, -79.12692 42.558174, -79.126789 42.558201, -79.126721 42.558022, -79.125972 42.558178, -79.125955 42.558217, -79.125904 42.558228)))",microsoft_us_building_footprints
ms-ny-001100,Microsoft footprint NY #201,NY,,414657.3,42.4856692,-79.3251754,,commercial_industrial_unknown,unknown,"MULTIPOLYGON (((-79.328276 42.485684, -79.328228 42.485455, -79.327749 42.485201, -79.326093 42.485389, -79.326015 42.485018, -79.325261 42.485103, -79.325243 42.485018, -79.325213 42.485002, -79.325208 42.485012, -79.325149 42.485019, -79.32513 42.484924, -79.324841 42.484957, -79.324867 42.485079, -79.324136 42.485162, -79.324176 42.485355, -79.324171 42.485366, -79.323465 42.485446, -79.323437 42.485432, -79.323281 42.485449, -79.323293 42.485507, -79.323206 42.485483, -79.323185 42.485526, -79.323101 42.485535, -79.322751 42.486227, -79.322795 42.486437, -79.324257 42.486271, -79.324259 42.48628, -79.324864 42.486211, -79.324836 42.486074, -79.328276 42.485684)))",microsoft_us_building_footprints
ms-ny-001101,Microsoft footprint NY #202,NY,,126122.15,40.9135361,-72.6684109,,commercial_industrial_unknown,unknown,"MULTIPOLYGON (((-72.668486 40.913435, -72.667789 40.913068, -72.667596 40.913278, -72.66777 40.91337, -72.667478 40.913686, -72.667473 40.913684, -72.6673 40.913871, -72.667688 40.914075, -72.66744 40.914344, -72.667656 40.914458, -72.667926 40.914164, -72.667721 40.914057, -72.667778 40.913994, -72.6677 40.913953, -72.667884 40.913753, -72.667918 40.913771, -72.667945 40.913741, -72.667909 40.913722, -72.668049 40.913571, -72.668972 40.914056, -72.669415 40.913575, -72.669115 40.913417, -72.668881 40.913672, -72.668681 40.913567, -72.668982 40.91324, -72.669104 40.913304, -72.669409 40.912973, -72.668945 40.91273, -72.66865 40.913051, -72.668778 40.913118, -72.668486 40.913435)))",microsoft_us_building_footprints
ms-ny-001102,Microsoft footprint NY #203,NY,,123269.01,40.7845785,-73.0033035,,commercial_industrial_unknown,unknown,"MULTIPOLYGON (((-73.004129 40.784085, -73.003978 40.784094, -73.003982 40.784134, -73.001919 40.784258, -73.001941 40.784468, -73.002292 40.784447, -73.00229 40.784428, -73.002463 40.784327, -73.002497 40.784653, -73.002708 40.78464, -73.002691 40.784478, -73.002648 40.78448, -73.002642 40.784427, -73.002949 40.784408, -73.002964 40.784548, -73.002945 40.784549, -73.003012 40.785188, -73.003705 40.785146, -73.003677 40.784884, -73.00376 40.784879, -73.003764 40.784917, -73.004393 40.784879, -73.004372 40.784682, -73.004063 40.7847, -73.004006 40.784645, -73.004013 40.784707, -73.003648 40.784729, -73.003609 40.784361, -73.003972 40.784339, -73.003996 40.784573, -73.003974 40.784586, -73.00418 40.784573, -73.004129 40.784085)))",microsoft_us_building_footprints
ms-ny-001103,Microsoft footprint NY #204,NY,,270054.96,40.8639316,-72.9262930,,commercial_industrial_unknown,unknown,"MULTIPOLYGON (((-72.926141 40.863625, -72.925825 40.863932, -72.926127 40.864351, -72.92545 40.865009, -72.926054 40.86513, -72.925902 40.865279, -72.926149 40.865424, -72.926596 40.86499, -72.926287 40.864819, -72.926267 40.864792, -72.926755 40.864889, -72.926904 40.864745, -72.926427 40.864464, -72.92662 40.864277, -72.92702 40.864512, -72.927173 40.864363, -72.927094 40.864254, -72.927406 40.864125, -72.927533 40.863764, -72.927033 40.863469, -72.92689 40.863271, -72.926578 40.863574, -72.92638 40.863534, -72.926326 40.863459, -72.926547 40.863244, -72.925752 40.862776, -72.925848 40.862682, -72.925642 40.862561, -72.924872 40.862878, -72.926141 40.863625)))",microsoft_us_building_footprints
ms-ny-001104,Microsoft footprint NY #205,NY,,186942.77,40.7769073,-73.0694683,,commercial_industrial_unknown,unknown,"MULTIPOLYGON (((-73.068646 40.777267, -73.069765 40.777793, -73.070467 40.776937, -73.070165 40.776795, -73.070213 40.776737, -73.07025 40.776754, -73.07037 40.776607, -73.069873 40.776373, -73.069768 40.776501, -73.069731 40.776484, -73.0697 40.776522, -73.069214 40.776293, -73.069279 40.776214, -73.068771 40.775975, -73.068489 40.776319, -73.068596 40.77637, -73.068531 40.776449, -73.069098 40.776716, -73.068646 40.777267)))",microsoft_us_building_footprints
ms-ny-001105,Microsoft footprint NY #206,NY,,143485.63,40.7815003,-73.0413964,,commercial_industrial_unknown,unknown,"MULTIPOLYGON (((-73.042063 40.782076, -73.042035 40.781036, -73.041957 40.781037, -73.041953 40.780886, -73.04166 40.78089, -73.041664 40.781034, -73.041621 40.781035, -73.04162 40.780989, -73.040943 40.781, -73.040944 40.78104, -73.040576 40.781045, -73.040577 40.781111, -73.040714 40.781109, -73.040717 40.781216, -73.040638 40.781217, -73.040642 40.781383, -73.040716 40.781381, -73.04072 40.781518, -73.040556 40.781521, -73.040563 40.781758, -73.040785 40.781755, -73.040789 40.781873, -73.041156 40.781867, -73.041162 40.78209, -73.042063 40.782076)))",microsoft_us_building_footprints
ms-ny-001106,Microsoft footprint NY #207,NY,,156620.4,40.9392030,-73.0543090,,commercial_industrial_unknown,unknown,"MULTIPOLYGON (((-73.053386 40.938941, -73.053688 40.939037, -73.053794 40.939491, -73.053989 40.939465, -73.054011 40.939557, -73.053594 40.939613, -73.053688 40.940013, -73.054263 40.939936, -73.054328 40.940035, -73.054698 40.939894, -73.054611 40.93952, -73.054526 40.939552, -73.054472 40.93947, -73.05457 40.939457, -73.054501 40.939435, -73.05464 40.939184, -73.054778 40.939166, -73.054764 40.939107, -73.055215 40.93925, -73.055277 40.939138, -73.055118 40.939087, -73.055187 40.938963, -73.055073 40.938927, -73.055019 40.939024, -73.054919 40.938992, -73.055096 40.938674, -73.054905 40.938387, -73.054579 40.93843, -73.054493 40.938586, -73.054082 40.93864, -73.053942 40.938891, -73.053493 40.938748, -73.053386 40.938941)))",microsoft_us_building_footprints
ms-ny-001107,Microsoft footprint NY #208,NY,,285976.5,40.7705283,-73.0639640,,commercial_industrial_unknown,unknown,"MULTIPOLYGON (((-73.065785 40.770055, -73.064456 40.7701, -73.06446 40.770161, -73.064338 40.770165, -73.064337 40.770143, -73.063729 40.770164, -73.06373 40.770178, -73.062901 40.770207, -73.062905 40.770265, -73.062799 40.770269, -73.062792 40.770151, -73.062329 40.770167, -73.062331 40.770204, -73.062235 40.770207, -73.062239 40.770282, -73.062081 40.770288, -73.062114 40.770825, -73.062329 40.770817, -73.062344 40.771073, -73.062868 40.771055, -73.06286 40.770923, -73.062964 40.770919, -73.062966 40.770941, -73.063531 40.770921, -73.063533 40.770941, -73.063676 40.770936, -73.063674 40.770908, -73.065832 40.770834, -73.065785 40.770055)))",microsoft_us_building_footprints
ms-ny-001108,Microsoft footprint NY #209,NY,,128710.7,40.7784540,-73.0929303,,commercial_industrial_unknown,unknown,"MULTIPOLYGON (((-73.091454 40.778228, -73.091453 40.778756, -73.091775 40.778757, -73.091775 40.778636, -73.094107 40.778638, -73.094107 40.778758, -73.094535 40.778759, -73.094285 40.778231, -73.093741 40.77823, -73.093725 40.778234, -73.091454 40.778228)))",microsoft_us_building_footprints
ms-ny-001109,Microsoft footprint NY #210,NY,,206318.13,40.7844930,-73.1048370,,commercial_industrial_unknown,unknown,"MULTIPOLYGON (((-73.103289 40.784583, -73.105529 40.785013, -73.105592 40.784825, -73.106453 40.78499, -73.106631 40.784461, -73.106284 40.784394, -73.106277 40.784415, -73.106149 40.784391, -73.106161 40.784355, -73.105803 40.784287, -73.105749 40.784447, -73.105099 40.784322, -73.105093 40.784339, -73.104981 40.784318, -73.104994 40.784279, -73.104355 40.784156, -73.104419 40.783966, -73.104067 40.783898, -73.10406 40.783919, -73.103933 40.783895, -73.103944 40.783861, -73.103577 40.78379, -73.103465 40.784124, -73.103489 40.784128, -73.103457 40.784223, -73.103413 40.784215, -73.103289 40.784583)))",microsoft_us_building_footprints
ms-ny-001110,Microsoft footprint NY #211,NY,,139071.12,40.8047913,-73.2201942,,commercial_industrial_unknown,unknown,"MULTIPOLYGON (((-73.221157 40.804316, -73.219546 40.804377, -73.219555 40.804508, -73.219445 40.804513, -73.219453 40.80463, -73.219378 40.804633, -73.219392 40.804841, -73.219424 40.804839, -73.219428 40.804891, -73.219398 40.804892, -73.219408 40.805049, -73.219392 40.80505, -73.219395 40.805095, -73.219417 40.805094, -73.219426 40.805226, -73.219613 40.805219, -73.21962 40.805324, -73.220733 40.805282, -73.220695 40.804711, -73.220914 40.804703, -73.220917 40.804735, -73.221184 40.804725, -73.221157 40.804316)))",microsoft_us_building_footprints
ms-ny-001111,Microsoft footprint NY #212,NY,,192346.05,40.7567461,-73.3552286,,commercial_industrial_unknown,unknown,"MULTIPOLYGON (((-73.356109 40.757358, -73.355792 40.756389, -73.355837 40.75638, -73.355751 40.756118, -73.355719 40.756124, -73.355701 40.75607, -73.355193 40.756166, -73.355112 40.755917, -73.354321 40.756066, -73.354472 40.756528, -73.354594 40.756506, -73.354681 40.756772, -73.354562 40.756795, -73.354732 40.757313, -73.354901 40.757282, -73.355003 40.757593, -73.355644 40.757473, -73.355635 40.757446, -73.356109 40.757358)))",microsoft_us_building_footprints
ms-ny-001112,Microsoft footprint NY #213,NY,,168942.79,40.7746937,-73.2904523,,commercial_industrial_unknown,unknown,"MULTIPOLYGON (((-73.291688 40.774207, -73.289183 40.774209, -73.289184 40.774629, -73.289342 40.774629, -73.289342 40.774527, -73.291531 40.774525, -73.291531 40.774862, -73.289342 40.774864, -73.289342 40.774771, -73.289184 40.774772, -73.289185 40.775181, -73.29169 40.775179, -73.291688 40.774207)))",microsoft_us_building_footprints
ms-ny-001113,Microsoft footprint NY #214,NY,,124281.6,40.8597950,-73.3905246,,commercial_industrial_unknown,unknown,"MULTIPOLYGON (((-73.39157 40.8598, -73.391482 40.859615, -73.391386 40.859641, -73.391195 40.859239, -73.389552 40.859685, -73.389851 40.860313, -73.389924 40.860293, -73.38995 40.860348, -73.391073 40.860043, -73.391027 40.859947, -73.39157 40.8598)))",microsoft_us_building_footprints
ms-ny-001114,Microsoft footprint NY #215,NY,,122447.3,40.7834225,-73.4195758,,commercial_industrial_unknown,unknown,"MULTIPOLYGON (((-73.420043 40.783378, -73.420615 40.783041, -73.420828 40.782592, -73.420126 40.782623, -73.41991 40.78308, -73.419936 40.783421, -73.419726 40.783545, -73.419686 40.783547, -73.419682 40.7835, -73.419197 40.783522, -73.419174 40.78322, -73.418892 40.783233, -73.418915 40.783531, -73.418367 40.783555, -73.418421 40.784254, -73.418808 40.784237, -73.418786 40.783948, -73.418809 40.783935, -73.419245 40.783916, -73.419222 40.783618, -73.419587 40.783602, -73.419669 40.783682, -73.41972 40.783574, -73.419732 40.783573, -73.419708 40.78355, -73.419753 40.783548, -73.419763 40.783675, -73.419871 40.78367, -73.419894 40.783692, -73.420566 40.783662, -73.420555 40.783517, -73.420043 40.783378)))",microsoft_us_building_footprints
ms-ny-001115,Microsoft footprint NY #216,NY,,151029.19,40.7294099,-73.4275560,,commercial_industrial_unknown,unknown,"MULTIPOLYGON (((-73.426733 40.73014, -73.427323 40.730381, -73.427521 40.730103, -73.427616 40.730142, -73.427757 40.729944, -73.427844 40.72998, -73.428395 40.729205, -73.428329 40.729177, -73.428343 40.729157, -73.42773 40.728907, -73.427962 40.72858, -73.427435 40.728365, -73.427157 40.728755, -73.427026 40.728701, -73.426929 40.728838, -73.42744 40.729046, -73.427386 40.729122, -73.427501 40.729169, -73.427089 40.729748, -73.427028 40.729724, -73.426733 40.73014)))",microsoft_us_building_footprints
ms-ny-001116,Microsoft footprint NY #217,NY,,162530.65,44.5828253,-73.5342403,,commercial_industrial_unknown,unknown,"MULTIPOLYGON (((-73.535419 44.582565, -73.535251 44.582541, -73.535266 44.58249, -73.534955 44.582444, -73.534968 44.582399, -73.534822 44.582378, -73.534763 44.582579, -73.534562 44.582549, -73.534576 44.582504, -73.534486 44.58249, -73.534502 44.582435, -73.533484 44.582285, -73.533473 44.582319, -73.533337 44.582299, -73.533093 44.583136, -73.533353 44.583174, -73.533393 44.583037, -73.5341 44.583142, -73.534063 44.583268, -73.534089 44.583272, -73.534059 44.583373, -73.534265 44.583403, -73.534243 44.583478, -73.534603 44.583532, -73.53473 44.583096, -73.535226 44.583169, -73.535381 44.58264, -73.535396 44.582642, -73.535419 44.582565)))",microsoft_us_building_footprints
ms-ny-001117,Microsoft footprint NY #218,NY,,110564.31,44.6849711,-73.4769355,,commercial_industrial_unknown,unknown,"MULTIPOLYGON (((-73.477766 44.685118, -73.477698 44.684448, -73.477498 44.684459, -73.47749 44.684375, -73.477297 44.684385, -73.477306 44.68447, -73.477249 44.684473, -73.477231 44.684467, -73.477223 44.684389, -73.477031 44.684399, -73.47704 44.684493, -73.476987 44.684496, -73.477006 44.68469, -73.476553 44.684713, -73.476571 44.684893, -73.476096 44.684917, -73.476103 44.684986, -73.476007 44.68499, -73.476054 44.685459, -73.476165 44.685453, -73.476216 44.68547, -73.476551 44.685453, -73.47657 44.685423, -73.476903 44.685406, -73.47694 44.685347, -73.477203 44.685334, -73.477193 44.685236, -73.477294 44.685231, -73.477285 44.685143, -73.477766 44.685118)))",microsoft_us_building_footprints
ms-ny-001118,Microsoft footprint NY #219,NY,,196483.75,40.7663621,-73.5291215,,commercial_industrial_unknown,unknown,"MULTIPOLYGON (((-73.530626 40.765716, -73.527603 40.76633, -73.527784 40.766841, -73.527822 40.766842, -73.527858 40.766942, -73.527939 40.766945, -73.527979 40.767059, -73.528566 40.766939, -73.528683 40.767013, -73.528918 40.766965, -73.528882 40.766893, -73.528953 40.766879, -73.528956 40.766839, -73.528789 40.766733, -73.528721 40.76673, -73.528694 40.766653, -73.529158 40.766559, -73.529127 40.766472, -73.529327 40.766431, -73.529352 40.766448, -73.529327 40.76647, -73.529434 40.766538, -73.529458 40.766606, -73.529931 40.76651, -73.529821 40.7662, -73.529856 40.766169, -73.529897 40.766285, -73.530166 40.766231, -73.530423 40.766394, -73.530767 40.766407, -73.530784 40.766162, -73.530626 40.765716)))",microsoft_us_building_footprints
ms-ny-001119,Microsoft footprint NY #220,NY,,205242.22,40.8381361,-73.6312516,,commercial_industrial_unknown,unknown,"MULTIPOLYGON (((-73.632282 40.837498, -73.631803 40.837645, -73.631713 40.837476, -73.63128 40.837609, -73.631382 40.837801, -73.631329 40.837817, -73.631212 40.837598, -73.631077 40.837639, -73.631103 40.837688, -73.63048 40.837879, -73.630418 40.837762, -73.629741 40.83797, -73.629936 40.838334, -73.630578 40.838137, -73.630685 40.838336, -73.6304 40.838423, -73.63052 40.838646, -73.630847 40.838546, -73.630916 40.838675, -73.630624 40.838765, -73.63074 40.838982, -73.631215 40.838836, -73.631062 40.838553, -73.631359 40.838462, -73.631579 40.838873, -73.632169 40.838692, -73.63205 40.838471, -73.631624 40.838602, -73.631498 40.838367, -73.632571 40.838037, -73.632282 40.837498)))",microsoft_us_building_footprints
ms-ny-001120,Microsoft footprint NY #221,NY,,119297.7,43.1058032,-73.5815566,,commercial_industrial_unknown,unknown,"MULTIPOLYGON (((-73.582084 43.106524, -73.582045 43.106309, -73.582049 43.106302, -73.582124 43.106295, -73.582048 43.105881, -73.581933 43.105892, -73.581835 43.105357, -73.581998 43.105341, -73.581966 43.105163, -73.581938 43.105155, -73.58179 43.105169, -73.581744 43.104922, -73.581656 43.104895, -73.581653 43.104876, -73.581509 43.104833, -73.581415 43.104999, -73.581454 43.105212, -73.580998 43.105256, -73.581033 43.105447, -73.581534 43.105398, -73.581561 43.105546, -73.5809 43.105611, -73.580972 43.106004, -73.581018 43.106018, -73.581022 43.106043, -73.581099 43.106036, -73.581165 43.106056, -73.581233 43.106422, -73.581524 43.106394, -73.581558 43.106575, -73.582084 43.106524)))",microsoft_us_building_footprints
ms-ny-001121,Microsoft footprint NY #222,NY,,741489.19,40.7447445,-73.5948066,,commercial_industrial_unknown,unknown,"MULTIPOLYGON (((-73.596011 40.745782, -73.596031 40.745849, -73.596283 40.745805, -73.596298 40.74581, -73.596652 40.745747, -73.59639 40.744899, -73.596315 40.74487, -73.595958 40.744933, -73.595951 40.744912, -73.595909 40.744896, -73.595932 40.744969, -73.595564 40.745034, -73.595524 40.744903, -73.59621 40.744782, -73.596244 40.744731, -73.596407 40.744702, -73.595982 40.743324, -73.595094 40.743481, -73.595074 40.743416, -73.593999 40.743607, -73.594122 40.744007, -73.593963 40.744035, -73.59394 40.744026, -73.593823 40.743646, -73.592947 40.743801, -73.593642 40.746055, -73.593906 40.746155, -73.596011 40.745782)))",microsoft_us_building_footprints
ms-ny-001122,Microsoft footprint NY #223,NY,,208321.02,40.6543754,-73.6021492,,commercial_industrial_unknown,unknown,"MULTIPOLYGON (((-73.601504 40.65526, -73.602652 40.655328, -73.602676 40.655091, -73.602599 40.655087, -73.602637 40.654718, -73.602621 40.654717, -73.602627 40.654651, -73.602697 40.654655, -73.602703 40.654598, -73.602768 40.654602, -73.602807 40.65422, -73.602758 40.654217, -73.60278 40.653997, -73.60296 40.654008, -73.602974 40.653871, -73.602804 40.653861, -73.602815 40.653756, -73.602538 40.65374, -73.602527 40.653852, -73.602321 40.65384, -73.602334 40.653713, -73.602411 40.653717, -73.602453 40.653302, -73.602192 40.653286, -73.602181 40.653394, -73.601699 40.653366, -73.601504 40.65526)))",microsoft_us_building_footprints
ms-ny-001123,Microsoft footprint NY #224,NY,,325977.54,40.7254687,-73.6063248,,commercial_industrial_unknown,unknown,"MULTIPOLYGON (((-73.607434 40.726298, -73.60676 40.724338, -73.605233 40.724639, -73.605227 40.724622, -73.605138 40.72464, -73.605183 40.724771, -73.605265 40.724755, -73.605888 40.726567, -73.60576 40.726592, -73.605774 40.726634, -73.605948 40.7266, -73.605945 40.726592, -73.607434 40.726298)))",microsoft_us_building_footprints
ms-ny-001124,Microsoft footprint NY #225,NY,,214322.01,42.9025158,-73.6994523,,commercial_industrial_unknown,unknown,"MULTIPOLYGON (((-73.698312 42.902002, -73.698399 42.902904, -73.698662 42.902891, -73.698729 42.902709, -73.698917 42.902699, -73.698972 42.903274, -73.699255 42.90326, -73.699237 42.90307, -73.699541 42.903054, -73.699559 42.903234, -73.699943 42.903214, -73.69991 42.902879, -73.700945 42.902825, -73.700962 42.902779, -73.701066 42.902774, -73.701046 42.902571, -73.700994 42.902561, -73.700984 42.90246, -73.700835 42.902431, -73.700824 42.902317, -73.700738 42.90223, -73.700364 42.902427, -73.700338 42.902497, -73.700077 42.902511, -73.700064 42.902376, -73.699569 42.902402, -73.699496 42.90165, -73.698944 42.901679, -73.698972 42.901965, -73.698481 42.901991, -73.698477 42.901958, -73.698386 42.901963, -73.698312 42.902002)))",microsoft_us_building_footprints
ms-ny-001125,Microsoft footprint NY #226,NY,,149614.31,41.0987934,-73.7214183,,commercial_industrial_unknown,unknown,"MULTIPOLYGON (((-73.720315 41.098822, -73.720812 41.099526, -73.721475 41.099261, -73.721439 41.09921, -73.721441 41.099193, -73.721409 41.099191, -73.721417 41.099097, -73.721432 41.099118, -73.721437 41.099055, -73.721437 41.099055, -73.721441 41.099013, -73.721521 41.099017, -73.721526 41.098962, -73.721578 41.098965, -73.721612 41.099013, -73.72178 41.099022, -73.72181 41.099065, -73.72253 41.098777, -73.722032 41.098072, -73.721465 41.098299, -73.721456 41.098395, -73.721127 41.098527, -73.721115 41.098511, -73.721094 41.09851, -73.720315 41.098822)))",microsoft_us_building_footprints
ms-ny-001126,Microsoft footprint NY #227,NY,,117683.03,43.0997022,-73.7363266,,commercial_industrial_unknown,unknown,"MULTIPOLYGON (((-73.735457 43.099397, -73.735573 43.100163, -73.73597 43.100131, -73.735961 43.100075, -73.736829 43.100005, -73.736838 43.100064, -73.737205 43.100034, -73.737083 43.099231, -73.736908 43.099246, -73.736922 43.09934, -73.736709 43.099358, -73.7367 43.099297, -73.735457 43.099397)))",microsoft_us_building_footprints
ms-ny-001127,Microsoft footprint NY #228,NY,,290503.19,42.7360819,-73.7477707,,commercial_industrial_unknown,unknown,"MULTIPOLYGON (((-73.748247 42.735935, -73.748999 42.736211, -73.749327 42.735728, -73.748549 42.735657, -73.748656 42.735023, -73.748321 42.734901, -73.747904 42.735516, -73.748032 42.735562, -73.748 42.735754, -73.747814 42.735686, -73.747829 42.735599, -73.7475 42.735569, -73.747399 42.735043, -73.747511 42.735032, -73.747531 42.734909, -73.746944 42.734855, -73.746872 42.73528, -73.747194 42.735309, -73.74704 42.736221, -73.747182 42.736234, -73.747166 42.736329, -73.74689 42.736304, -73.746742 42.737177, -73.747498 42.737099, -73.747988 42.737278, -73.748016 42.737116, -73.748099 42.737107, -73.748204 42.736486, -73.748046 42.736472, -73.748061 42.736384, -73.748173 42.736373, -73.748247 42.735935)))",microsoft_us_building_footprints
ms-ny-001128,Microsoft footprint NY #229,NY,,118516.18,41.0633379,-73.7126629,,commercial_industrial_unknown,unknown,"MULTIPOLYGON (((-73.711488 41.063417, -73.713865 41.063772, -73.713906 41.063616, -73.713818 41.063603, -73.713897 41.063307, -73.713016 41.063175, -73.713033 41.063114, -73.712958 41.063103, -73.712947 41.063143, -73.712756 41.063115, -73.712765 41.063082, -73.712638 41.063063, -73.712627 41.063106, -73.712264 41.063051, -73.712288 41.06296, -73.711634 41.062862, -73.711488 41.063417)))",microsoft_us_building_footprints
ms-ny-001129,Microsoft footprint NY #230,NY,,203521.56,41.0298564,-73.7691078,,commercial_industrial_unknown,unknown,"MULTIPOLYGON (((-73.768924 41.030521, -73.768746 41.029808, -73.769024 41.029679, -73.769423 41.029623, -73.769665 41.02992, -73.769877 41.029821, -73.769938 41.029896, -73.770225 41.029855, -73.770247 41.029881, -73.770648 41.029696, -73.770635 41.029647, -73.770671 41.029642, -73.770633 41.02949, -73.770554 41.029526, -73.770526 41.029492, -73.770516 41.029453, -73.770543 41.029441, -73.770414 41.028922, -73.770199 41.028952, -73.770167 41.028913, -73.768429 41.029718, -73.768465 41.029864, -73.767933 41.029939, -73.767777 41.030011, -73.767815 41.030162, -73.767719 41.030176, -73.767828 41.030613, -73.767424 41.0308, -73.767457 41.030933, -73.768131 41.030838, -73.768082 41.03064, -73.768924 41.030521)))",microsoft_us_building_footprints
ms-ny-001130,Microsoft footprint NY #231,NY,,132535.97,41.1932848,-73.7938608,,commercial_industrial_unknown,unknown,"MULTIPOLYGON (((-73.79494 41.193165, -73.794132 41.192592, -73.793628 41.192996, -73.793718 41.19306, -73.793585 41.193166, -73.793332 41.192986, -73.792795 41.193415, -73.793597 41.193983, -73.794131 41.193556, -73.793867 41.193369, -73.793997 41.193265, -73.79443 41.193572, -73.79494 41.193165)))",microsoft_us_building_footprints
ms-ny-001131,Microsoft footprint NY #232,NY,,163770.04,40.6771304,-73.7576300,,commercial_industrial_unknown,unknown,"MULTIPOLYGON (((-73.756705 40.676931, -73.757301 40.677854, -73.75756 40.677758, -73.757594 40.677772, -73.758169 40.677559, -73.758187 40.677566, -73.75823 40.677634, -73.758479 40.677541, -73.758413 40.677439, -73.758574 40.67738, -73.758031 40.676539, -73.75792 40.676492, -73.757875 40.676508, -73.757837 40.676502, -73.757781 40.676479, -73.757798 40.676415, -73.75783 40.676371, -73.757775 40.676363, -73.757755 40.676332, -73.757505 40.676425, -73.757583 40.676546, -73.757579 40.676564, -73.757103 40.676741, -73.7571 40.67674, -73.757125 40.676648, -73.757029 40.676633, -73.75698 40.676701, -73.756878 40.676685, -73.756851 40.676789, -73.756781 40.676778, -73.756761 40.676855, -73.756705 40.676931)))",microsoft_us_building_footprints
ms-ny-001132,Microsoft footprint NY #233,NY,,124410.41,41.1108772,-73.7671894,,commercial_industrial_unknown,unknown,"MULTIPOLYGON (((-73.766425 41.110373, -73.766687 41.111894, -73.767075 41.111856, -73.767014 41.1115, -73.767036 41.111498, -73.766969 41.111113, -73.767658 41.111045, -73.767691 41.11124, -73.768065 41.111203, -73.768011 41.11089, -73.767852 41.110906, -73.767818 41.110707, -73.767921 41.110697, -73.767915 41.110664, -73.767918 41.110664, -73.767859 41.11032, -73.767991 41.110307, -73.767944 41.11004, -73.767309 41.110102, -73.767358 41.110388, -73.767503 41.110374, -73.767596 41.110912, -73.76755 41.110916, -73.76754 41.110864, -73.766846 41.110932, -73.766786 41.110585, -73.767019 41.110562, -73.766977 41.110319, -73.766425 41.110373)))",microsoft_us_building_footprints
ms-ny-001133,Microsoft footprint NY #234,NY,,404323.98,42.8579021,-73.7788063,,commercial_industrial_unknown,unknown,"MULTIPOLYGON (((-73.780284 42.858781, -73.780251 42.858186, -73.780353 42.858183, -73.780347 42.85807, -73.780424 42.85805, -73.780407 42.857734, -73.780332 42.857736, -73.780325 42.857612, -73.779508 42.857636, -73.779514 42.857748, -73.779412 42.857751, -73.779407 42.857654, -73.77903 42.857294, -73.778801 42.8573, -73.778672 42.857177, -73.778982 42.857003, -73.778303 42.856355, -73.777496 42.856809, -73.777546 42.856911, -73.777397 42.856995, -73.778005 42.857575, -73.77813 42.857542, -73.778135 42.857542, -73.778137 42.857581, -73.778663 42.858083, -73.778456 42.858089, -73.778303 42.858175, -73.778318 42.858449, -73.777065 42.858485, -73.777086 42.858874, -73.780284 42.858781)))",microsoft_us_building_footprints
ms-ny-001134,Microsoft footprint NY #235,NY,,182519.35,42.2400625,-73.7839003,,commercial_industrial_unknown,unknown,"MULTIPOLYGON (((-73.782956 42.240495, -73.784572 42.240736, -73.784865 42.239664, -73.783746 42.239496, -73.783771 42.239407, -73.783273 42.239333, -73.782956 42.240495)))",microsoft_us_building_footprints
ms-ny-001135,Microsoft footprint NY #236,NY,,344036.14,40.6427776,-73.7910891,,commercial_industrial_unknown,unknown,"MULTIPOLYGON (((-73.790874 40.642655, -73.79014 40.642129, -73.789825 40.642048, -73.789505 40.642305, -73.789679 40.64243, -73.789397 40.642656, -73.79046 40.643419, -73.790616 40.643987, -73.79113 40.643906, -73.791182 40.644095, -73.791602 40.644202, -73.791542 40.643985, -73.791635 40.64397, -73.791803 40.644014, -73.791846 40.644169, -73.792131 40.644124, -73.792116 40.644067, -73.791923 40.644098, -73.791848 40.643823, -73.791578 40.643865, -73.791643 40.643814, -73.791567 40.643794, -73.791549 40.643835, -73.791448 40.643467, -73.791732 40.643422, -73.791797 40.643274, -73.791395 40.642762, -73.79319 40.641322, -73.792834 40.641378, -73.792942 40.641136, -73.792472 40.641211, -73.792359 40.641463, -73.790874 40.642655)))",microsoft_us_building_footprints
ms-ny-001136,Microsoft footprint NY #237,NY,,135851.68,40.8614136,-73.8327098,,commercial_industrial_unknown,unknown,"MULTIPOLYGON (((-73.833567 40.86102, -73.832131 40.860992, -73.832124 40.861192, -73.831725 40.861184, -73.831716 40.861464, -73.831784 40.861465, -73.831775 40.861729, -73.832188 40.861737, -73.832186 40.86178, -73.8331 40.861798, -73.833097 40.861905, -73.83337 40.861911, -73.833375 40.861767, -73.833541 40.86177, -73.833567 40.86102)))",microsoft_us_building_footprints
ms-ny-001137,Microsoft footprint NY #238,NY,,189155.74,40.7526853,-73.8346447,,commercial_industrial_unknown,unknown,"MULTIPOLYGON (((-73.836086 40.752932, -73.835874 40.752154, -73.834445 40.752378, -73.834487 40.752534, -73.834335 40.752558, -73.834299 40.752424, -73.834063 40.752461, -73.834032 40.752621, -73.833782 40.75266, -73.833774 40.752652, -73.833736 40.752513, -73.833252 40.752589, -73.833069 40.752432, -73.832642 40.752499, -73.832685 40.752656, -73.832883 40.752678, -73.832874 40.752726, -73.832721 40.75275, -73.832795 40.753021, -73.83328 40.752946, -73.833483 40.752809, -73.833474 40.752777, -73.834091 40.752846, -73.834209 40.752827, -73.834233 40.752915, -73.834506 40.753149, -73.834677 40.753122, -73.834655 40.753237, -73.834656 40.753238, -73.834699 40.753231, -73.834715 40.753146, -73.836086 40.752932)))",microsoft_us_building_footprints
ms-ny-001138,Microsoft footprint NY #239,NY,,134602.09,44.8940407,-73.8432785,,commercial_industrial_unknown,unknown,"MULTIPOLYGON (((-73.844125 44.89431, -73.84388 44.893312, -73.843835 44.893317, -73.84379 44.893137, -73.843689 44.893149, -73.843706 44.893221, -73.843571 44.893238, -73.843616 44.89342, -73.843585 44.893424, -73.843601 44.893491, -73.843479 44.893506, -73.843462 44.893437, -73.843417 44.893443, -73.843372 44.893257, -73.843268 44.893269, -73.843286 44.893343, -73.84315 44.89336, -73.843196 44.893546, -73.843162 44.89355, -73.84323 44.893825, -73.843347 44.893811, -73.843369 44.893901, -73.842942 44.893954, -73.84293 44.893904, -73.842339 44.893977, -73.842529 44.89475, -73.843167 44.894671, -73.843109 44.894436, -73.844125 44.89431)))",microsoft_us_building_footprints
ms-ny-001139,Microsoft footprint NY #240,NY,,166986.65,40.8090396,-73.8734104,,commercial_industrial_unknown,unknown,"MULTIPOLYGON (((-73.874289 40.809379, -73.874068 40.808347, -73.873089 40.808467, -73.873141 40.808712, -73.873097 40.808717, -73.873076 40.808691, -73.872998 40.808701, -73.873017 40.808789, -73.872979 40.808806, -73.872734 40.808836, -73.87267 40.80854, -73.872385 40.808575, -73.872451 40.808881, -73.872649 40.808856, -73.87268 40.809001, -73.872698 40.808993, -73.872875 40.809823, -73.873005 40.809988, -73.873287 40.809853, -73.873214 40.809511, -73.874289 40.809379)))",microsoft_us_building_footprints
ms-ny-001140,Microsoft footprint NY #241,NY,,186374.84,41.5383508,-73.8232890,,commercial_industrial_unknown,unknown,"MULTIPOLYGON (((-73.822044 41.538125, -73.8222 41.538495, -73.822498 41.538425, -73.822552 41.538427, -73.822582 41.538498, -73.822741 41.538461, -73.822826 41.538662, -73.82279 41.538661, -73.822393 41.538755, -73.82261 41.539267, -73.823051 41.539163, -73.822869 41.538718, -73.823584 41.538549, -73.823728 41.538888, -73.82457 41.538689, -73.824429 41.538355, -73.82383 41.538497, -73.823807 41.538442, -73.823923 41.538414, -73.82385 41.538243, -73.824162 41.538169, -73.823873 41.537485, -73.823513 41.53757, -73.82362 41.537823, -73.823619 41.53784, -73.823439 41.537831, -73.823425 41.537798, -73.822044 41.538125)))",microsoft_us_building_footprints
ms-ny-001141,Microsoft footprint NY #242,NY,,135308.5,40.7711648,-73.9199525,,commercial_industrial_unknown,unknown,"MULTIPOLYGON (((-73.918919 40.771066, -73.919689 40.771585, -73.919729 40.771469, -73.919872 40.771498, -73.919711 40.771635, -73.920126 40.771914, -73.920274 40.771788, -73.920234 40.771762, -73.920244 40.771733, -73.920306 40.771681, -73.920332 40.771686, -73.920785 40.7713, -73.920831 40.771309, -73.920886 40.771262, -73.920834 40.771226, -73.920655 40.771191, -73.920436 40.771377, -73.920251 40.771253, -73.920347 40.770976, -73.920585 40.771023, -73.920568 40.771072, -73.920719 40.771102, -73.920735 40.771089, -73.920882 40.771188, -73.920906 40.771119, -73.921075 40.771152, -73.921141 40.770958, -73.919814 40.770696, -73.919824 40.770688, -73.919605 40.770645, -73.91962 40.770601, -73.919494 40.770576, -73.918919 40.771066)))",microsoft_us_building_footprints
ms-ny-001142,Microsoft footprint NY #243,NY,,138445.31,40.8659577,-73.9212692,,commercial_industrial_unknown,unknown,"MULTIPOLYGON (((-73.920245 40.865867, -73.920663 40.866595, -73.922328 40.866049, -73.922186 40.865801, -73.921861 40.865908, -73.921954 40.866071, -73.921894 40.866077, -73.921878 40.865995, -73.921818 40.865889, -73.921451 40.86593, -73.921509 40.865849, -73.921715 40.865781, -73.921686 40.865634, -73.921697 40.865619, -73.921731 40.865678, -73.921754 40.865704, -73.921809 40.865799, -73.921842 40.865821, -73.921853 40.86588, -73.922157 40.86578, -73.922133 40.865739, -73.921993 40.865754, -73.92199 40.86574, -73.922095 40.865705, -73.921856 40.865289, -73.921035 40.865558, -73.921063 40.865705, -73.920732 40.865741, -73.920586 40.865789, -73.92054 40.86577, -73.920245 40.865867)))",microsoft_us_building_footprints
ms-ny-001143,Microsoft footprint NY #244,NY,,113524.65,40.7232394,-73.9194819,,commercial_industrial_unknown,unknown,"MULTIPOLYGON (((-73.920248 40.723028, -73.920086 40.722998, -73.920094 40.722973, -73.919935 40.722944, -73.919965 40.722847, -73.919497 40.722761, -73.919472 40.722839, -73.919326 40.722813, -73.919322 40.722827, -73.918869 40.722744, -73.918715 40.723226, -73.918939 40.723267, -73.918849 40.723548, -73.919181 40.723608, -73.91914 40.723739, -73.919325 40.723773, -73.919359 40.723666, -73.919711 40.723731, -73.919725 40.723687, -73.92002 40.723741, -73.920248 40.723028)))",microsoft_us_building_footprints
ms-ny-001144,Microsoft footprint NY #245,NY,,113457.59,40.7621442,-73.9213903,,commercial_industrial_unknown,unknown,"MULTIPOLYGON (((-73.920939 40.76271, -73.921999 40.761185, -73.921744 40.761083, -73.920528 40.762832, -73.921132 40.763074, -73.921947 40.761902, -73.922017 40.761913, -73.922136 40.761741, -73.922067 40.761714, -73.922084 40.76169, -73.922168 40.761723, -73.922269 40.761577, -73.922263 40.761574, -73.922306 40.761513, -73.922141 40.761447, -73.922054 40.761572, -73.921935 40.761525, -73.921896 40.761582, -73.921848 40.7616, -73.921318 40.762362, -73.921264 40.762356, -73.921105 40.762585, -73.921123 40.762603, -73.920939 40.76271)))",microsoft_us_building_footprints
ms-ny-001145,Microsoft footprint NY #246,NY,,110725.61,40.7051150,-73.9225810,,commercial_industrial_unknown,unknown,"MULTIPOLYGON (((-73.923644 40.70439, -73.92308 40.7041, -73.922921 40.704279, -73.922953 40.704295, -73.923039 40.704316, -73.923466 40.704536, -73.923409 40.704599, -73.923237 40.704558, -73.922958 40.70487, -73.922758 40.704767, -73.923069 40.70442, -73.92287 40.704318, -73.92286 40.704315, -73.922503 40.704715, -73.922784 40.704859, -73.922778 40.704873, -73.92259 40.705084, -73.922282 40.704926, -73.92215 40.705074, -73.922116 40.705155, -73.922051 40.705139, -73.921779 40.705444, -73.921979 40.705546, -73.922245 40.705249, -73.92235 40.705303, -73.92202 40.705672, -73.921703 40.705509, -73.921565 40.705663, -73.921558 40.705679, -73.922198 40.706007, -73.923644 40.70439)))",microsoft_us_building_footprints
ms-ny-001146,Microsoft footprint NY #247,NY,,138033.45,40.8066856,-73.9438947,,commercial_industrial_unknown,unknown,"MULTIPOLYGON (((-73.942502 40.806421, -73.945375 40.807536, -73.945692 40.807069, -73.945387 40.806951, -73.945284 40.807104, -73.945328 40.807121, -73.945266 40.807213, -73.944776 40.807022, -73.944756 40.807051, -73.944655 40.807012, -73.944633 40.807044, -73.944562 40.807017, -73.944587 40.80698, -73.944509 40.806949, -73.944486 40.806982, -73.944428 40.806959, -73.944459 40.806914, -73.944166 40.8068, -73.944175 40.806785, -73.944044 40.806734, -73.944094 40.806659, -73.944181 40.806693, -73.944318 40.806492, -73.943956 40.806352, -73.943775 40.806621, -73.943653 40.806573, -73.943847 40.806287, -73.942853 40.805902, -73.942502 40.806421)))",microsoft_us_building_footprints
ms-ny-001147,Microsoft footprint NY #248,NY,,105797.03,40.7283756,-73.9453971,,commercial_industrial_unknown,unknown,"MULTIPOLYGON (((-73.944957 40.727568, -73.94519 40.729261, -73.945925 40.729203, -73.945887 40.728928, -73.945522 40.728957, -73.945477 40.728626, -73.94582 40.728598, -73.945739 40.728008, -73.945642 40.728016, -73.945649 40.728064, -73.945488 40.728077, -73.945465 40.727906, -73.945355 40.727915, -73.945348 40.727864, -73.945699 40.727836, -73.945655 40.727513, -73.944957 40.727568)))",microsoft_us_building_footprints
ms-ny-001148,Microsoft footprint NY #249,NY,,288622.21,40.7597530,-73.9455526,,commercial_industrial_unknown,unknown,"MULTIPOLYGON (((-73.947022 40.758839, -73.946249 40.758561, -73.946116 40.758591, -73.945738 40.759194, -73.945725 40.759193, -73.945614 40.759307, -73.945532 40.759277, -73.945463 40.759388, -73.945582 40.759399, -73.945537 40.75947, -73.945034 40.759289, -73.944655 40.759892, -73.944677 40.759914, -73.944656 40.759926, -73.944988 40.760046, -73.944754 40.760179, -73.944526 40.759949, -73.944464 40.760049, -73.944269 40.760031, -73.943907 40.760606, -73.943949 40.760712, -73.944225 40.760811, -73.944317 40.760665, -73.944446 40.760989, -73.944701 40.760582, -73.945116 40.76062, -73.94517 40.760278, -73.945251 40.760232, -73.945802 40.760431, -73.946175 40.76022, -73.946181 40.760178, -73.947022 40.758839)))",microsoft_us_building_footprints
ms-ny-001149,Microsoft footprint NY #250,NY,,105210.7,40.7114482,-73.9500338,,commercial_industrial_unknown,unknown,"MULTIPOLYGON (((-73.951004 40.711095, -73.949018 40.711253, -73.949059 40.711549, -73.949147 40.711542, -73.949156 40.711606, -73.94908 40.711612, -73.949108 40.711815, -73.94922 40.711806, -73.94921 40.711736, -73.949372 40.711723, -73.949379 40.711776, -73.951088 40.71164, -73.951051 40.711377, -73.950607 40.711412, -73.950588 40.711279, -73.950663 40.711273, -73.950671 40.711333, -73.950752 40.711327, -73.950749 40.711305, -73.950848 40.711297, -73.950837 40.711217, -73.950912 40.711211, -73.950933 40.711365, -73.951041 40.711357, -73.951004 40.711095)))",microsoft_us_building_footprints
ms-ny-001150,Microsoft footprint NY #251,NY,,283073.35,40.7911408,-73.8770629,,commercial_industrial_unknown,unknown,"MULTIPOLYGON (((-73.878248 40.791706, -73.877494 40.79082, -73.878262 40.790157, -73.877281 40.790084, -73.877138 40.791181, -73.876698 40.790889, -73.876724 40.790841, -73.877021 40.790931, -73.877115 40.79085, -73.876881 40.790694, -73.877198 40.790421, -73.876434 40.790599, -73.876434 40.790471, -73.876379 40.790337, -73.87611 40.7904, -73.876008 40.79015, -73.875899 40.790175, -73.875857 40.7905, -73.875476 40.790589, -73.875512 40.790679, -73.875811 40.790701, -73.875896 40.790911, -73.876089 40.790866, -73.87595 40.790525, -73.876245 40.790721, -73.876074 40.791045, -73.876399 40.791143, -73.876325 40.791713, -73.877134 40.79225, -73.878248 40.791706)))",microsoft_us_building_footprints
ms-ny-001151,Microsoft footprint NY #252,NY,,125068.27,40.7728174,-73.9568998,,commercial_industrial_unknown,unknown,"MULTIPOLYGON (((-73.955751 40.772693, -73.957711 40.773445, -73.958048 40.772941, -73.956088 40.77219, -73.955751 40.772693)))",microsoft_us_building_footprints
ms-ny-001152,Microsoft footprint NY #253,NY,,104028.25,40.7657900,-73.9620740,,commercial_industrial_unknown,unknown,"MULTIPOLYGON (((-73.963184 40.765903, -73.961532 40.765302, -73.961535 40.765297, -73.961219 40.765182, -73.961169 40.765261, -73.961195 40.765271, -73.961018 40.76555, -73.961275 40.765643, -73.961189 40.765779, -73.962541 40.76627, -73.962661 40.76608, -73.961787 40.765763, -73.96184 40.765678, -73.962712 40.765995, -73.962731 40.765966, -73.962784 40.765985, -73.962569 40.766323, -73.962852 40.766426, -73.963184 40.765903)))",microsoft_us_building_footprints
ms-ny-001153,Microsoft footprint NY #254,NY,,303447.72,40.8788455,-73.8874075,,commercial_industrial_unknown,unknown,"MULTIPOLYGON (((-73.887513 40.879602, -73.888915 40.878356, -73.888604 40.87776, -73.888409 40.878093, -73.888302 40.878057, -73.888314 40.877544, -73.887991 40.877831, -73.887759 40.877754, -73.887676 40.877828, -73.887838 40.877933, -73.887229 40.878114, -73.887422 40.878239, -73.886534 40.879027, -73.886001 40.878849, -73.886112 40.879063, -73.885822 40.879149, -73.88582 40.879213, -73.885973 40.879167, -73.886019 40.879257, -73.885865 40.879303, -73.885943 40.879452, -73.885917 40.87946, -73.886119 40.879527, -73.885943 40.879683, -73.885931 40.880204, -73.886642 40.879992, -73.886429 40.879584, -73.886464 40.879452, -73.886468 40.879253, -73.887513 40.879602)))",microsoft_us_building_footprints
ms-ny-001154,Microsoft footprint NY #255,NY,,112673.57,40.8039167,-73.9649896,,commercial_industrial_unknown,unknown,"MULTIPOLYGON (((-73.963863 40.803234, -73.963601 40.803651, -73.963948 40.803777, -73.96406 40.803599, -73.96414 40.803521, -73.964256 40.803568, -73.964502 40.803657, -73.964593 40.803712, -73.964879 40.803815, -73.964881 40.803812, -73.966142 40.804267, -73.965912 40.804401, -73.965915 40.804338, -73.964776 40.803926, -73.964804 40.803883, -73.964458 40.803758, -73.964469 40.80374, -73.964131 40.803618, -73.964008 40.803813, -73.964188 40.803878, -73.964185 40.803933, -73.964568 40.803945, -73.964561 40.804061, -73.966096 40.804615, -73.96639 40.804147, -73.963863 40.803234)))",microsoft_us_building_footprints
ms-ny-001155,Microsoft footprint NY #256,NY,,111131.39,40.7115058,-73.8929089,,commercial_industrial_unknown,unknown,"MULTIPOLYGON (((-73.893075 40.710789, -73.893042 40.710788, -73.892759 40.71086, -73.892755 40.710917, -73.891987 40.710888, -73.892008 40.710933, -73.892373 40.711066, -73.892375 40.711071, -73.892445 40.711096, -73.892463 40.711136, -73.892484 40.711104, -73.892516 40.711096, -73.892592 40.710975, -73.892658 40.710999, -73.892645 40.711207, -73.892393 40.711197, -73.892368 40.711236, -73.89238 40.711261, -73.892332 40.711336, -73.892327 40.711404, -73.892545 40.711413, -73.892524 40.711738, -73.892436 40.711877, -73.892435 40.711889, -73.892544 40.711929, -73.892789 40.711938, -73.892661 40.71214, -73.892664 40.712147, -73.893522 40.712179, -73.893325 40.711741, -73.893483 40.7117, -73.893075 40.710789)))",microsoft_us_building_footprints
ms-ny-001156,Microsoft footprint NY #257,NY,,155020.83,40.7631893,-73.9755920,,commercial_industrial_unknown,unknown,"MULTIPOLYGON (((-73.974515 40.762485, -73.974195 40.762989, -73.976706 40.763904, -73.976827 40.763713, -73.976769 40.763692, -73.976968 40.763378, -73.974515 40.762485)))",microsoft_us_building_footprints
ms-ny-001157,Microsoft footprint NY #258,NY,,144727.83,40.7694902,-73.9863936,,commercial_industrial_unknown,unknown,"MULTIPOLYGON (((-73.985284 40.768785, -73.985014 40.769209, -73.985938 40.769547, -73.985879 40.76964, -73.987373 40.770186, -73.987703 40.76967, -73.985284 40.768785)))",microsoft_us_building_footprints
ms-ny-001158,Microsoft footprint NY #259,NY,,217071.76,40.7195117,-73.9096483,,commercial_industrial_unknown,unknown,"MULTIPOLYGON (((-73.911349 40.719768, -73.910674 40.719009, -73.909269 40.719064, -73.909288 40.71934, -73.909145 40.719346, -73.909136 40.719335, -73.909118 40.719072, -73.908334 40.719103, -73.908368 40.71959, -73.908409 40.719637, -73.90861 40.719629, -73.908606 40.719572, -73.908661 40.719633, -73.909298 40.719608, -73.909306 40.719725, -73.90902 40.719736, -73.909022 40.71976, -73.908374 40.719786, -73.908406 40.720251, -73.908976 40.720228, -73.90896 40.719989, -73.909142 40.719982, -73.909139 40.719952, -73.909246 40.719947, -73.909163 40.719854, -73.911349 40.719768)))",microsoft_us_building_footprints
ms-ny-001159,Microsoft footprint NY #260,NY,,159750.57,40.7693610,-73.9902460,,commercial_industrial_unknown,unknown,"MULTIPOLYGON (((-73.989094 40.76865, -73.988787 40.769148, -73.991398 40.770072, -73.991705 40.769574, -73.989094 40.76865)))",microsoft_us_building_footprints
ms-ny-001160,Microsoft footprint NY #261,NY,,116286.22,40.7414513,-73.9146564,,commercial_industrial_unknown,unknown,"MULTIPOLYGON (((-73.915291 40.740774, -73.91482 40.740713, -73.914727 40.741124, -73.914887 40.741145, -73.914802 40.74152, -73.914608 40.741495, -73.91462 40.741441, -73.914602 40.741438, -73.914653 40.741212, -73.914651 40.741212, -73.914771 40.740681, -73.914424 40.740636, -73.914342 40.741001, -73.914297 40.740995, -73.914054 40.742069, -73.914072 40.742071, -73.91401 40.742348, -73.914277 40.742382, -73.914442 40.741655, -73.914877 40.741712, -73.914713 40.742432, -73.91491 40.742458, -73.915291 40.740774)))",microsoft_us_building_footprints
ms-ny-001161,Microsoft footprint NY #262,NY,,111710.03,40.7141719,-73.9180433,,commercial_industrial_unknown,unknown,"MULTIPOLYGON (((-73.917742 40.713743, -73.917714 40.713792, -73.917705 40.713908, -73.917659 40.713988, -73.917669 40.713994, -73.917717 40.71401, -73.917713 40.714057, -73.917691 40.714056, -73.917401 40.713962, -73.917016 40.714627, -73.917404 40.714752, -73.917462 40.714703, -73.917667 40.714338, -73.917903 40.71435, -73.9179 40.714385, -73.917908 40.714391, -73.918065 40.714399, -73.918068 40.714363, -73.918104 40.714365, -73.918078 40.714665, -73.918146 40.714711, -73.919185 40.713839, -73.919186 40.713836, -73.919105 40.71381, -73.917742 40.713743)))",microsoft_us_building_footprints
ms-ny-001162,Microsoft footprint NY #263,NY,,122367.73,42.8428274,-73.9928695,,commercial_industrial_unknown,unknown,"MULTIPOLYGON (((-73.992043 42.842215, -73.991849 42.842527, -73.991726 42.842486, -73.991607 42.842678, -73.992998 42.843141, -73.992963 42.843198, -73.993028 42.84322, -73.99303 42.843216, -73.993746 42.843455, -73.994043 42.842975, -73.993856 42.842913, -73.993915 42.842819, -73.993839 42.842793, -73.993798 42.842858, -73.993004 42.842594, -73.992957 42.84267, -73.992892 42.842648, -73.992969 42.842523, -73.992043 42.842215)))",microsoft_us_building_footprints
ms-ny-001163,Microsoft footprint NY #264,NY,,100963.83,41.9709963,-73.9940422,,commercial_industrial_unknown,unknown,"MULTIPOLYGON (((-73.993565 41.971547, -73.994476 41.971564, -73.994516 41.970383, -73.994414 41.970381, -73.994412 41.970452, -73.993602 41.970437, -73.993565 41.971547)))",microsoft_us_building_footprints
ms-ny-001164,Microsoft footprint NY #265,NY,,147184.92,40.7562726,-73.9924620,,commercial_industrial_unknown,unknown,"MULTIPOLYGON (((-73.993827 40.756501, -73.99125 40.755504, -73.990942 40.755961, -73.991499 40.756177, -73.991573 40.756067, -73.991331 40.755973, -73.991446 40.755803, -73.991612 40.755867, -73.99158 40.755914, -73.991901 40.756038, -73.991716 40.756313, -73.993491 40.757, -73.993827 40.756501)))",microsoft_us_building_footprints
ms-ny-001165,Microsoft footprint NY #266,NY,,129596.08,40.7623143,-73.9987812,,commercial_industrial_unknown,unknown,"MULTIPOLYGON (((-73.99757 40.762163, -73.999576 40.762927, -73.999976 40.762619, -73.999939 40.762593, -74.000014 40.76248, -73.997895 40.761673, -73.99757 40.762163)))",microsoft_us_building_footprints
ms-ny-001166,Microsoft footprint NY #267,NY,,137993.54,40.7598520,-73.9971488,,commercial_industrial_unknown,unknown,"MULTIPOLYGON (((-73.998605 40.76013, -73.996029 40.759142, -73.995719 40.759607, -73.997055 40.760119, -73.997202 40.759899, -73.997768 40.760116, -73.997719 40.760189, -73.997796 40.760219, -73.997666 40.760413, -73.998262 40.760642, -73.998605 40.76013)))",microsoft_us_building_footprints
ms-ny-001167,Microsoft footprint NY #268,NY,,110045.06,40.7430707,-73.9277497,,commercial_industrial_unknown,unknown,"MULTIPOLYGON (((-73.928227 40.742323, -73.927523 40.742253, -73.927327 40.743389, -73.927588 40.743415, -73.927602 40.743333, -73.927676 40.74334, -73.927623 40.743648, -73.92755 40.743641, -73.927537 40.743717, -73.927441 40.743707, -73.927475 40.743507, -73.927288 40.743489, -73.92723 40.743825, -73.927498 40.743852, -73.927488 40.743907, -73.927946 40.743952, -73.928227 40.742323)))",microsoft_us_building_footprints
ms-ny-001168,Microsoft footprint NY #269,NY,,148983.54,40.8501621,-73.9372878,,commercial_industrial_unknown,unknown,"MULTIPOLYGON (((-73.936502 40.849657, -73.936023 40.850086, -73.936006 40.850136, -73.936266 40.850302, -73.938227 40.850688, -73.938251 40.850619, -73.938271 40.850601, -73.938318 40.850464, -73.938325 40.850466, -73.938372 40.850329, -73.938389 40.850318, -73.938483 40.850046, -73.936502 40.849657)))",microsoft_us_building_footprints
ms-ny-001169,Microsoft footprint NY #270,NY,,108963.62,40.7368809,-73.9405683,,commercial_industrial_unknown,unknown,"MULTIPOLYGON (((-73.939766 40.736621, -73.940252 40.737464, -73.940874 40.737258, -73.940845 40.737209, -73.941579 40.737005, -73.941568 40.736986, -73.940817 40.736495, -73.940804 40.736472, -73.940599 40.736338, -73.940543 40.736357, -73.940513 40.736358, -73.940023 40.73652, -73.939993 40.736546, -73.939766 40.736621)))",microsoft_us_building_footprints
ms-ny-001170,Microsoft footprint NY #271,NY,,131508.04,42.7853929,-73.9416919,,commercial_industrial_unknown,unknown,"MULTIPOLYGON (((-73.940963 42.784917, -73.941232 42.785959, -73.941509 42.785921, -73.941566 42.78614, -73.941762 42.786113, -73.941724 42.785968, -73.941786 42.785959, -73.941764 42.78587, -73.941941 42.785846, -73.941971 42.785964, -73.942436 42.785899, -73.942409 42.785795, -73.942348 42.785804, -73.942237 42.785372, -73.942305 42.785363, -73.942147 42.784752, -73.940963 42.784917)))",microsoft_us_building_footprints
ms-ny-001171,Microsoft footprint NY #272,NY,,483938.69,40.6522900,-74.0154044,,commercial_industrial_unknown,unknown,"MULTIPOLYGON (((-74.013627 40.652524, -74.015652 40.653642, -74.016538 40.652719, -74.014824 40.651772, -74.014891 40.651702, -74.016647 40.652672, -74.017223 40.652072, -74.015157 40.650931, -74.013627 40.652524)))",microsoft_us_building_footprints
ms-ny-001172,Microsoft footprint NY #273,NY,,139244.41,40.6500486,-74.0177428,,commercial_industrial_unknown,unknown,"MULTIPOLYGON (((-74.016515 40.649693, -74.018541 40.650841, -74.018971 40.650405, -74.016945 40.649256, -74.016515 40.649693)))",microsoft_us_building_footprints
ms-ny-001173,Microsoft footprint NY #274,NY,,109295.07,40.7734890,-73.9503541,,commercial_industrial_unknown,unknown,"MULTIPOLYGON (((-73.951519 40.773643, -73.949585 40.772889, -73.949291 40.773322, -73.949539 40.773419, -73.949488 40.773494, -73.94959 40.773533, -73.949599 40.773519, -73.950605 40.773911, -73.950758 40.773685, -73.950709 40.773666, -73.950744 40.773615, -73.950879 40.773668, -73.950906 40.773628, -73.951146 40.773721, -73.951006 40.773926, -73.950922 40.773894, -73.95083 40.77403, -73.951167 40.774162, -73.951519 40.773643)))",microsoft_us_building_footprints
ms-ny-001174,Microsoft footprint NY #275,NY,,125637.6,40.7773647,-73.9536186,,commercial_industrial_unknown,unknown,"MULTIPOLYGON (((-73.952457 40.777224, -73.95326 40.777507, -73.953224 40.777565, -73.954419 40.777986, -73.954748 40.77745, -73.952751 40.776746, -73.952457 40.777224)))",microsoft_us_building_footprints
ms-ny-001175,Microsoft footprint NY #276,NY,,219603.06,41.0491626,-73.9539671,,commercial_industrial_unknown,unknown,"MULTIPOLYGON (((-73.953525 41.049477, -73.953331 41.049944, -73.953707 41.049922, -73.953675 41.049611, -73.953878 41.049599, -73.95396 41.050418, -73.954245 41.050402, -73.954207 41.050017, -73.954399 41.050006, -73.954435 41.05037, -73.954737 41.050353, -73.954656 41.049551, -73.954467 41.049507, -73.954398 41.048821, -73.954547 41.048462, -73.954524 41.048229, -73.954481 41.048232, -73.954466 41.048083, -73.954209 41.048098, -73.954144 41.048255, -73.954068 41.048259, -73.954093 41.048507, -73.953708 41.048529, -73.953575 41.048075, -73.95318 41.048098, -73.9532 41.048289, -73.952999 41.048242, -73.95304 41.048648, -73.953424 41.048739, -73.953525 41.049477)))",microsoft_us_building_footprints
ms-ny-001176,Microsoft footprint NY #277,NY,,120619.51,40.7702919,-73.9587941,,commercial_industrial_unknown,unknown,"MULTIPOLYGON (((-73.957924 40.769664, -73.957626 40.770134, -73.957727 40.77017, -73.957811 40.770159, -73.957899 40.770021, -73.957939 40.770016, -73.958039 40.770052, -73.958073 40.769998, -73.958137 40.76999, -73.958417 40.770092, -73.958433 40.770163, -73.958357 40.770173, -73.958332 40.770164, -73.958303 40.770168, -73.958059 40.770079, -73.958012 40.770086, -73.957943 40.770061, -73.957911 40.770065, -73.957795 40.770249, -73.959592 40.770901, -73.959917 40.770387, -73.957924 40.769664)))",microsoft_us_building_footprints
ms-ny-001177,Microsoft footprint NY #278,NY,,144640.59,41.3911704,-73.9581759,,commercial_industrial_unknown,unknown,"MULTIPOLYGON (((-73.958186 41.391169, -73.957689 41.391166, -73.957687 41.391356, -73.957636 41.391356, -73.957637 41.391294, -73.956359 41.391285, -73.956356 41.391523, -73.957749 41.391533, -73.957808 41.391563, -73.957788 41.391618, -73.957969 41.391711, -73.957998 41.39168, -73.958143 41.391677, -73.958354 41.391446, -73.958349 41.391783, -73.958599 41.391785, -73.958604 41.391343, -73.958645 41.391299, -73.959195 41.391302, -73.959199 41.390939, -73.959315 41.390812, -73.958957 41.390628, -73.958744 41.390583, -73.958744 41.390517, -73.958324 41.390371, -73.958323 41.39043, -73.958261 41.390429, -73.958253 41.391096, -73.958186 41.391169)))",microsoft_us_building_footprints
ms-ny-001178,Microsoft footprint NY #279,NY,,235174.74,41.1029374,-74.0204979,,commercial_industrial_unknown,unknown,"MULTIPOLYGON (((-74.021934 41.102576, -74.02052 41.102531, -74.020528 41.102393, -74.020252 41.102384, -74.020243 41.102542, -74.019642 41.102523, -74.019632 41.102494, -74.019361 41.102486, -74.019359 41.102536, -74.01921 41.102531, -74.019207 41.102576, -74.019004 41.102569, -74.019 41.10264, -74.019143 41.102645, -74.019129 41.102896, -74.018886 41.102888, -74.018876 41.103064, -74.019189 41.103074, -74.019211 41.103138, -74.01929 41.10314, -74.019279 41.103329, -74.020652 41.103373, -74.020661 41.103399, -74.021385 41.103422, -74.021388 41.103372, -74.021555 41.103377, -74.021557 41.103338, -74.021604 41.10334, -74.021729 41.103315, -74.021731 41.103279, -74.021894 41.103284, -74.021934 41.102576)))",microsoft_us_building_footprints
ms-ny-001179,Microsoft footprint NY #280,NY,,119729.19,40.7569157,-73.9684933,,commercial_industrial_unknown,unknown,"MULTIPOLYGON (((-73.967355 40.756816, -73.969127 40.757448, -73.969166 40.757385, -73.969383 40.757463, -73.969652 40.75703, -73.967664 40.756321, -73.967355 40.756816)))",microsoft_us_building_footprints
ms-ny-001180,Microsoft footprint NY #281,NY,,115330.82,40.7314781,-73.9839953,,commercial_industrial_unknown,unknown,"MULTIPOLYGON (((-73.98314 40.730835, -73.982824 40.73133, -73.983921 40.731732, -73.984053 40.731526, -73.983933 40.731483, -73.983889 40.731551, -73.983798 40.731518, -73.983861 40.731419, -73.983704 40.731361, -73.98358 40.731424, -73.983535 40.731407, -73.983575 40.731343, -73.983499 40.731315, -73.983522 40.73128, -73.984384 40.731596, -73.984301 40.731725, -73.984234 40.731701, -73.984194 40.731721, -73.984142 40.731701, -73.984195 40.731618, -73.984109 40.731587, -73.983968 40.731808, -73.984894 40.732148, -73.985214 40.731646, -73.984755 40.731478, -73.984623 40.731685, -73.984655 40.731721, -73.984632 40.731712, -73.984622 40.731727, -73.984374 40.731636, -73.984554 40.731354, -73.98314 40.730835)))",microsoft_us_building_footprints
ms-ny-001181,Microsoft footprint NY #282,NY,,131260.0,42.8382508,-73.9835356,,commercial_industrial_unknown,unknown,"MULTIPOLYGON (((-73.984729 42.838345, -73.982688 42.837622, -73.982337 42.838154, -73.984385 42.83888, -73.984646 42.838483, -73.98464 42.838481, -73.984729 42.838345)))",microsoft_us_building_footprints
ms-ny-001182,Microsoft footprint NY #283,NY,,105800.8,40.7542849,-73.9857859,,commercial_industrial_unknown,unknown,"MULTIPOLYGON (((-73.986688 40.754315, -73.985135 40.753704, -73.984806 40.754198, -73.984803 40.75421, -73.986493 40.75488, -73.986567 40.754773, -73.986688 40.754315)))",microsoft_us_building_footprints
ms-ny-001183,Microsoft footprint NY #284,NY,,138498.5,40.7613353,-73.9886505,,commercial_industrial_unknown,unknown,"MULTIPOLYGON (((-73.988672 40.761363, -73.988544 40.761315, -73.988741 40.761015, -73.987559 40.760569, -73.987239 40.761053, -73.987646 40.761207, -73.987695 40.761193, -73.987707 40.761217, -73.98769 40.761242, -73.987858 40.761305, -73.988 40.76109, -73.987863 40.761038, -73.987798 40.760909, -73.988224 40.76107, -73.987999 40.761411, -73.989789 40.762087, -73.990105 40.761608, -73.989544 40.761396, -73.98941 40.7616, -73.989636 40.761686, -73.989609 40.761727, -73.98906 40.76152, -73.989142 40.761396, -73.989223 40.761427, -73.989322 40.761278, -73.988957 40.76114, -73.988886 40.761247, -73.988855 40.761186, -73.988772 40.761211, -73.988672 40.761363)))",microsoft_us_building_footprints
ms-ny-001184,Microsoft footprint NY #285,NY,,120441.98,41.2143627,-73.9883575,,commercial_industrial_unknown,unknown,"MULTIPOLYGON (((-73.990227 41.214145, -73.989781 41.2141, -73.989763 41.214196, -73.989646 41.214184, -73.989634 41.214127, -73.988576 41.21402, -73.988558 41.213942, -73.988253 41.213911, -73.988274 41.213791, -73.988161 41.21378, -73.988139 41.213902, -73.987899 41.213877, -73.987862 41.214085, -73.987935 41.21441, -73.987158 41.214331, -73.987108 41.214607, -73.987508 41.214647, -73.987559 41.214878, -73.987531 41.215034, -73.987865 41.215068, -73.987946 41.214617, -73.988119 41.214635, -73.988146 41.214754, -73.988362 41.214726, -73.988433 41.214734, -73.988531 41.214191, -73.988782 41.214216, -73.988742 41.214439, -73.988932 41.214459, -73.988971 41.21424, -73.990188 41.214363, -73.990227 41.214145)))",microsoft_us_building_footprints
ms-ny-001185,Microsoft footprint NY #286,NY,,106950.42,40.7386822,-73.9931108,,commercial_industrial_unknown,unknown,"MULTIPOLYGON (((-73.994191 40.738809, -73.992936 40.738339, -73.992769 40.738595, -73.992698 40.738569, -73.992723 40.73853, -73.992677 40.738513, -73.992845 40.738255, -73.992311 40.738055, -73.992007 40.738521, -73.992591 40.73874, -73.992629 40.738682, -73.992678 40.738701, -73.992627 40.738778, -73.992938 40.738894, -73.992922 40.73892, -73.993883 40.73928, -73.994191 40.738809)))",microsoft_us_building_footprints
ms-ny-001186,Microsoft footprint NY #287,NY,,160650.77,40.7431456,-73.9944812,,commercial_industrial_unknown,unknown,"MULTIPOLYGON (((-73.995936 40.743401, -73.993357 40.742401, -73.993027 40.742891, -73.995606 40.74389, -73.995936 40.743401)))",microsoft_us_building_footprints
ms-ny-001187,Microsoft footprint NY #288,NY,,278115.16,40.7471734,-73.9952324,,commercial_industrial_unknown,unknown,"MULTIPOLYGON (((-73.996571 40.747675, -73.996905 40.747163, -73.994935 40.746425, -73.994871 40.746523, -73.994699 40.746458, -73.994792 40.746315, -73.99433 40.746142, -73.993595 40.747268, -73.994396 40.747568, -73.994427 40.74752, -73.994338 40.747487, -73.994381 40.747422, -73.99555 40.74786, -73.995435 40.748036, -73.996087 40.74828, -73.996376 40.747838, -73.996007 40.7477, -73.995952 40.747785, -73.9957 40.747691, -73.995786 40.74756, -73.994582 40.747109, -73.994571 40.747109, -73.99456 40.747105, -73.994558 40.747029, -73.99421 40.746899, -73.994326 40.746721, -73.994345 40.746721, -73.995516 40.747159, -73.995518 40.74726, -73.996571 40.747675)))",microsoft_us_building_footprints
ms-ny-001188,Microsoft footprint NY #289,NY,,102401.97,40.7132492,-73.9960167,,commercial_industrial_unknown,unknown,"MULTIPOLYGON (((-73.997178 40.713394, -73.997116 40.712899, -73.995622 40.713006, -73.995652 40.713249, -73.996285 40.713204, -73.996291 40.713252, -73.995565 40.713304, -73.99556 40.713261, -73.995477 40.713267, -73.995484 40.713324, -73.995025 40.713357, -73.99499 40.713079, -73.994612 40.713106, -73.994637 40.713303, -73.99487 40.713287, -73.994879 40.713357, -73.994598 40.713377, -73.994623 40.713577, -73.997178 40.713394)))",microsoft_us_building_footprints
ms-ny-001189,Microsoft footprint NY #290,NY,,280003.11,40.7515435,-73.9958995,,commercial_industrial_unknown,unknown,"MULTIPOLYGON (((-73.997401 40.751497, -73.994971 40.750648, -73.994398 40.75159, -73.996828 40.752439, -73.997401 40.751497)))",microsoft_us_building_footprints
ms-ny-001190,Microsoft footprint NY #291,NY,,132207.03,40.6344004,-74.1791975,,commercial_industrial_unknown,unknown,"MULTIPOLYGON (((-74.178467 40.634848, -74.179683 40.63514, -74.179691 40.633772, -74.17902 40.633606, -74.178922 40.633833, -74.178825 40.63381, -74.178797 40.633878, -74.178877 40.633898, -74.178467 40.634848)))",microsoft_us_building_footprints
ms-ny-001191,Microsoft footprint NY #292,NY,,139155.53,41.4248201,-74.1730968,,commercial_industrial_unknown,unknown,"MULTIPOLYGON (((-74.172969 41.424907, -74.172372 41.42521, -74.172741 41.425446, -74.172885 41.425373, -74.172924 41.425399, -74.172628 41.425659, -74.172734 41.425727, -74.172774 41.425707, -74.172866 41.425766, -74.173321 41.425366, -74.173105 41.425247, -74.173231 41.425136, -74.173277 41.425113, -74.173375 41.425222, -74.173455 41.425273, -74.17365 41.425102, -74.173868 41.425241, -74.174236 41.424917, -74.174028 41.424785, -74.173979 41.42481, -74.173931 41.424779, -74.173722 41.424885, -74.173376 41.424663, -74.173567 41.424495, -74.172652 41.42391, -74.172319 41.424203, -74.172573 41.424484, -74.172585 41.424492, -74.172512 41.424557, -74.172886 41.424796, -74.172848 41.42483, -74.172969 41.424907)))",microsoft_us_building_footprints
ms-ny-001192,Microsoft footprint NY #293,NY,,774205.89,41.5175092,-74.2021617,,commercial_industrial_unknown,unknown,"MULTIPOLYGON (((-74.200463 41.518589, -74.202825 41.518664, -74.202802 41.519085, -74.203558 41.519109, -74.2037 41.516603, -74.204093 41.516616, -74.20411 41.516325, -74.20358 41.516308, -74.203578 41.516339, -74.200595 41.516245, -74.200463 41.518589)))",microsoft_us_building_footprints
ms-ny-001193,Microsoft footprint NY #294,NY,,883953.25,41.3498697,-74.2928632,,commercial_industrial_unknown,unknown,"MULTIPOLYGON (((-74.290518 41.350519, -74.292869 41.351705, -74.293876 41.350582, -74.293962 41.350626, -74.294019 41.350562, -74.294229 41.350668, -74.294695 41.350148, -74.29447 41.350035, -74.295159 41.349266, -74.29344 41.348398, -74.29353 41.348298, -74.29316 41.348111, -74.293113 41.348164, -74.292779 41.347995, -74.290518 41.350519)))",microsoft_us_building_footprints
ms-ny-001194,Microsoft footprint NY #295,NY,,131268.04,41.4488066,-74.5894892,,commercial_industrial_unknown,unknown,"MULTIPOLYGON (((-74.590419 41.44853, -74.590129 41.448345, -74.590095 41.448374, -74.589976 41.448372, -74.590077 41.448282, -74.589701 41.448042, -74.589421 41.448148, -74.589312 41.447986, -74.589025 41.448239, -74.589387 41.448469, -74.589151 41.448677, -74.589145 41.44887, -74.588894 41.448965, -74.588843 41.448964, -74.588674 41.449113, -74.589137 41.449407, -74.588658 41.449589, -74.588788 41.449678, -74.588846 41.449715, -74.588786 41.449768, -74.589131 41.449988, -74.589206 41.449922, -74.589049 41.449822, -74.589199 41.44969, -74.589106 41.449631, -74.589288 41.449471, -74.589197 41.449414, -74.589758 41.44892, -74.589939 41.449035, -74.590416 41.448614, -74.590419 41.44853)))",microsoft_us_building_footprints
